ID,prsn_injry_sev_id,prsn_age,prsn_ethnicity_id,mode_desc,mode_id,Crash ID,Crash Time Stamp (US/Central),Crash timestamp,CRIS crash ID,Is deleted,Is primary person,Is temporary record,Person ethnicity,Person Sex ID,Person Sex Label,Unit ID
"73,423",4,31.0,0.0,Motorcycle,3,"27,398",2015 Dec 31 11:52:00 AM,2015 Dec 31 05:52:00 PM,"14,842,016",False,True,False,UNKNOWN,1.0,MALE,"54,696"
"73,455",1,30.0,2.0,Large passenger vehicle,2,"27,418",2016 Jan 01 07:37:00 AM,2016 Jan 01 01:37:00 PM,"14,842,081",False,True,False,HISPANIC,2.0,FEMALE,"54,729"
"73,463",1,55.0,1.0,Passenger car,1,"27,423",2016 Jan 01 09:08:00 AM,2016 Jan 01 03:08:00 PM,"14,842,086",False,True,False,WHITE,1.0,MALE,"54,737"
"73,859",1,24.0,1.0,Passenger car,1,"27,626",2016 Jan 01 01:22:00 AM,2016 Jan 01 07:22:00 AM,"14,848,769",False,True,False,WHITE,1.0,MALE,"55,149"
"74,127",1,32.0,1.0,Motorcycle,3,"27,767",2016 Jan 05 06:02:00 PM,2016 Jan 06 12:02:00 AM,"14,850,788",False,True,False,WHITE,1.0,MALE,"55,434"
"74,563",1,31.0,1.0,Bicycle,5,"27,994",2015 Dec 31 12:31:00 PM,2015 Dec 31 06:31:00 PM,"14,859,694",False,True,False,WHITE,1.0,MALE,"55,887"
"74,603",1,63.0,1.0,Bicycle,5,"28,016",2016 Jan 12 08:37:00 AM,2016 Jan 12 02:37:00 PM,"14,859,731",False,True,False,WHITE,1.0,MALE,"55,931"
"74,629",1,43.0,1.0,Passenger car,1,"28,028",2016 Jan 12 12:46:00 PM,2016 Jan 12 06:46:00 PM,"14,859,748",False,True,False,WHITE,1.0,MALE,"55,957"
"74,654",1,33.0,2.0,Passenger car,1,"28,039",2016 Jan 12 04:48:00 PM,2016 Jan 12 10:48:00 PM,"14,859,771",False,True,False,HISPANIC,2.0,FEMALE,"55,983"
"74,827",4,23.0,1.0,Pedestrian,7,"28,136",2016 Jan 14 02:46:00 PM,2016 Jan 14 08:46:00 PM,"14,863,141",False,True,False,WHITE,2.0,FEMALE,"56,171"
"74,997",1,40.0,2.0,Passenger car,1,"28,237",2016 Jan 01 05:13:00 AM,2016 Jan 01 11:13:00 AM,"14,867,740",False,True,False,HISPANIC,1.0,MALE,"56,360"
"74,998",1,28.0,2.0,Passenger car,1,"28,238",2016 Jan 03 09:36:00 PM,2016 Jan 04 03:36:00 AM,"14,867,741",False,True,False,HISPANIC,2.0,FEMALE,"56,361"
"74,999",1,24.0,2.0,Large passenger vehicle,2,"28,238",2016 Jan 03 09:36:00 PM,2016 Jan 04 03:36:00 AM,"14,867,741",False,True,False,HISPANIC,2.0,FEMALE,"56,362"
"75,024",1,24.0,1.0,Passenger car,1,"28,251",2016 Jan 09 12:13:00 AM,2016 Jan 09 06:13:00 AM,"14,867,759",False,True,False,WHITE,1.0,MALE,"56,387"
"75,273",1,54.0,5.0,Large passenger vehicle,2,"28,364",2016 Jan 15 02:09:00 PM,2016 Jan 15 08:09:00 PM,"14,868,063",False,True,False,OTHER,1.0,MALE,"56,646"
"75,274",1,68.0,1.0,Large passenger vehicle,2,"28,364",2016 Jan 15 02:09:00 PM,2016 Jan 15 08:09:00 PM,"14,868,063",False,True,False,WHITE,1.0,MALE,"56,647"
"75,336",1,22.0,2.0,Passenger car,1,"28,395",2016 Jan 17 12:42:00 AM,2016 Jan 17 06:42:00 AM,"14,868,137",False,True,False,HISPANIC,1.0,MALE,"56,713"
"75,352",1,60.0,3.0,Motorcycle,3,"28,404",2016 Jan 17 01:39:00 PM,2016 Jan 17 07:39:00 PM,"14,868,146",False,True,False,BLACK,1.0,MALE,"56,729"
"75,359",1,57.0,1.0,Passenger car,1,"28,408",2016 Jan 17 02:28:00 PM,2016 Jan 17 08:28:00 PM,"14,868,150",False,True,False,WHITE,1.0,MALE,"56,737"
"75,613",1,37.0,2.0,Motorcycle,3,"28,547",2016 Jan 20 06:36:00 PM,2016 Jan 21 12:36:00 AM,"14,872,559",False,True,False,HISPANIC,1.0,MALE,"57,008"
"75,641",4,22.0,1.0,Pedestrian,7,"28,562",2016 Jan 06 11:13:00 PM,2016 Jan 07 05:13:00 AM,"14,872,983",False,True,False,WHITE,2.0,FEMALE,"57,037"
"75,867",1,37.0,1.0,Motorcycle,3,"28,674",2016 Jan 17 07:49:00 PM,2016 Jan 18 01:49:00 AM,"14,875,432",False,True,False,WHITE,1.0,MALE,"57,272"
"75,941",1,21.0,2.0,Passenger car,1,"28,716",2016 Jan 19 06:44:00 PM,2016 Jan 20 12:44:00 AM,"14,875,505",False,True,False,HISPANIC,1.0,MALE,"57,351"
"76,225",1,81.0,1.0,Passenger car,1,"28,864",2016 Jan 15 01:55:00 PM,2016 Jan 15 07:55:00 PM,"14,878,658",False,True,False,WHITE,2.0,FEMALE,"57,656"
"76,517",1,57.0,1.0,Motorcycle,3,"29,014",2016 Jan 03 06:57:00 PM,2016 Jan 04 12:57:00 AM,"14,882,452",False,True,False,WHITE,1.0,MALE,"57,963"
"76,583",1,34.0,1.0,Passenger car,1,"29,045",2016 Jan 20 06:39:00 PM,2016 Jan 21 12:39:00 AM,"14,882,513",False,True,False,WHITE,2.0,FEMALE,"58,033"
"76,629",1,38.0,2.0,Motorcycle,3,"29,068",2016 Jan 21 04:56:00 PM,2016 Jan 21 10:56:00 PM,"14,882,550",False,True,False,HISPANIC,1.0,MALE,"58,081"
"76,642",4,40.0,2.0,Passenger car,1,"29,073",2016 Jan 22 11:29:00 PM,2016 Jan 23 05:29:00 AM,"14,882,557",False,True,False,HISPANIC,1.0,MALE,"58,094"
"76,693",1,39.0,1.0,Passenger car,1,"29,102",2016 Jan 25 02:31:00 PM,2016 Jan 25 08:31:00 PM,"14,882,615",False,True,False,WHITE,1.0,MALE,"58,151"
"76,739",1,32.0,1.0,Large passenger vehicle,2,"29,124",2016 Jan 26 02:01:00 PM,2016 Jan 26 08:01:00 PM,"14,882,668",False,True,False,WHITE,1.0,MALE,"58,201"
"76,776",1,33.0,1.0,Passenger car,1,"29,144",2016 Jan 27 08:43:00 AM,2016 Jan 27 02:43:00 PM,"14,883,012",False,True,False,WHITE,1.0,MALE,"58,241"
"77,236",1,33.0,4.0,Large passenger vehicle,2,"29,391",2016 Jan 29 01:25:00 PM,2016 Jan 29 07:25:00 PM,"14,889,928",False,True,False,ASIAN,2.0,FEMALE,"58,737"
"77,237",1,30.0,2.0,Passenger car,1,"29,391",2016 Jan 29 01:25:00 PM,2016 Jan 29 07:25:00 PM,"14,889,928",False,True,False,HISPANIC,1.0,MALE,"58,738"
"77,258",1,22.0,2.0,Motorcycle,3,"29,402",2016 Jan 29 08:03:00 PM,2016 Jan 30 02:03:00 AM,"14,889,969",False,True,False,HISPANIC,1.0,MALE,"58,759"
"77,290",1,47.0,1.0,Motorcycle,3,"29,416",2016 Jan 30 12:09:00 PM,2016 Jan 30 06:09:00 PM,"14,889,983",False,True,False,WHITE,1.0,MALE,"58,792"
"77,312",4,65.0,1.0,Pedestrian,7,"29,428",2016 Jan 30 08:01:00 PM,2016 Jan 31 02:01:00 AM,"14,890,040",False,True,False,WHITE,1.0,MALE,"58,814"
"77,812",1,31.0,1.0,Motorcycle,3,"29,699",2016 Feb 02 12:45:00 PM,2016 Feb 02 06:45:00 PM,"14,896,423",False,True,False,WHITE,1.0,MALE,"59,363"
"77,848",1,49.0,1.0,Passenger car,1,"29,716",2016 Jan 15 02:00:00 PM,2016 Jan 15 08:00:00 PM,"14,896,484",False,True,False,WHITE,1.0,MALE,"59,400"
"77,923",1,70.0,1.0,Pedestrian,7,"29,750",2016 Feb 02 06:33:00 PM,2016 Feb 03 12:33:00 AM,"14,896,585",False,True,False,WHITE,2.0,FEMALE,"59,476"
"77,981",1,13.0,1.0,Bicycle,5,"29,778",2016 Feb 03 05:24:00 PM,2016 Feb 03 11:24:00 PM,"14,896,709",False,True,False,WHITE,1.0,MALE,"59,537"
"78,544",1,66.0,1.0,Motor vehicle – other,4,"30,064",2016 Feb 06 01:42:00 PM,2016 Feb 06 07:42:00 PM,"14,902,761",False,True,False,WHITE,1.0,MALE,"60,122"
"78,554",1,23.0,1.0,Passenger car,1,"30,070",2016 Feb 06 05:06:00 PM,2016 Feb 06 11:06:00 PM,"14,902,773",False,True,False,WHITE,2.0,FEMALE,"60,138"
"78,626",1,32.0,2.0,Passenger car,1,"30,108",2016 Jan 31 09:16:00 PM,2016 Feb 01 03:16:00 AM,"14,903,543",False,True,False,HISPANIC,1.0,MALE,"60,218"
"78,768",1,60.0,2.0,Large passenger vehicle,2,"30,180",2016 Feb 08 02:05:00 PM,2016 Feb 08 08:05:00 PM,"14,905,560",False,True,False,HISPANIC,1.0,MALE,"60,371"
"78,789",1,42.0,1.0,Motorcycle,3,"30,189",2016 Feb 08 07:56:00 PM,2016 Feb 09 01:56:00 AM,"14,905,572",False,True,False,WHITE,1.0,MALE,"60,392"
"78,970",1,21.0,1.0,Pedestrian,7,"30,280",2016 Jan 21 09:23:00 AM,2016 Jan 21 03:23:00 PM,"14,907,778",False,True,False,WHITE,2.0,FEMALE,"60,584"
"79,146",1,71.0,1.0,Pedestrian,7,"30,369",2016 Jan 29 07:13:00 PM,2016 Jan 30 01:13:00 AM,"14,909,270",False,True,False,WHITE,2.0,FEMALE,"60,765"
"79,243",1,52.0,2.0,Pedestrian,7,"30,420",2016 Feb 10 12:55:00 AM,2016 Feb 10 06:55:00 AM,"14,909,388",False,True,False,HISPANIC,1.0,MALE,"60,869"
"79,495",1,34.0,1.0,Large passenger vehicle,2,"30,546",2016 Feb 11 04:58:00 PM,2016 Feb 11 10:58:00 PM,"14,911,297",False,True,False,WHITE,2.0,FEMALE,"61,134"
"79,792",1,11.0,1.0,Bicycle,5,"30,707",2016 Feb 11 04:31:00 PM,2016 Feb 11 10:31:00 PM,"14,917,566",False,True,False,WHITE,1.0,MALE,"61,461"
"79,846",1,43.0,3.0,Passenger car,1,"30,733",2016 Feb 12 09:15:00 PM,2016 Feb 13 03:15:00 AM,"14,917,630",False,True,False,BLACK,1.0,MALE,"61,517"
"79,847",1,49.0,1.0,Large passenger vehicle,2,"30,733",2016 Feb 12 09:15:00 PM,2016 Feb 13 03:15:00 AM,"14,917,630",False,True,False,WHITE,1.0,MALE,"61,518"
"79,876",1,35.0,1.0,Passenger car,1,"30,749",2016 Feb 13 05:53:00 PM,2016 Feb 13 11:53:00 PM,"14,917,660",False,True,False,WHITE,2.0,FEMALE,"61,552"
"79,909",4,36.0,2.0,Motorcycle,3,"30,765",2016 Feb 14 02:22:00 AM,2016 Feb 14 08:22:00 AM,"14,917,702",False,True,False,HISPANIC,1.0,MALE,"61,585"
"79,951",1,21.0,1.0,Motorcycle,3,"30,788",2016 Feb 14 09:53:00 PM,2016 Feb 15 03:53:00 AM,"14,917,757",False,True,False,WHITE,2.0,FEMALE,"61,630"
"79,985",1,67.0,1.0,Pedestrian,7,"30,808",2016 Feb 15 08:16:00 PM,2016 Feb 16 02:16:00 AM,"14,917,803",False,True,False,WHITE,2.0,FEMALE,"61,669"
"80,097",1,29.0,1.0,Large passenger vehicle,2,"30,869",2016 Feb 09 11:36:00 PM,2016 Feb 10 05:36:00 AM,"14,919,699",False,True,False,WHITE,1.0,MALE,"61,790"
"80,146",1,70.0,1.0,Passenger car,1,"30,895",2016 Feb 16 05:57:00 PM,2016 Feb 16 11:57:00 PM,"14,919,757",False,True,False,WHITE,1.0,MALE,"61,840"
"80,185",1,,1.0,Bicycle,5,"30,911",2016 Feb 16 07:54:00 AM,2016 Feb 16 01:54:00 PM,"14,920,143",False,True,False,WHITE,2.0,FEMALE,"61,883"
"80,339",1,69.0,1.0,Passenger car,1,"30,990",2016 Feb 16 12:25:00 PM,2016 Feb 16 06:25:00 PM,"14,922,092",False,True,False,WHITE,1.0,MALE,"62,049"
"80,552",1,42.0,3.0,Motor vehicle – other,4,"31,097",2016 Feb 18 02:57:00 AM,2016 Feb 18 08:57:00 AM,"14,923,518",False,True,False,BLACK,1.0,MALE,"62,272"
"80,586",1,72.0,1.0,Passenger car,1,"31,113",2016 Feb 19 11:07:00 AM,2016 Feb 19 05:07:00 PM,"14,923,730",False,True,False,WHITE,1.0,MALE,"62,311"
"80,619",1,22.0,1.0,Passenger car,1,"31,129",2016 Feb 12 02:41:00 AM,2016 Feb 12 08:41:00 AM,"14,923,952",False,True,False,WHITE,1.0,MALE,"62,347"
"80,878",1,34.0,2.0,Passenger car,1,"31,265",2016 Feb 19 05:24:00 PM,2016 Feb 19 11:24:00 PM,"14,927,446",False,True,False,HISPANIC,1.0,MALE,"62,624"
"80,886",4,64.0,2.0,Pedestrian,7,"31,269",2016 Feb 19 09:15:00 PM,2016 Feb 20 03:15:00 AM,"14,927,450",False,True,False,HISPANIC,1.0,MALE,"62,632"
"80,899",1,40.0,1.0,Motorcycle,3,"31,277",2016 Feb 20 10:47:00 PM,2016 Feb 21 04:47:00 AM,"14,927,458",False,True,False,WHITE,1.0,MALE,"62,647"
"80,947",1,60.0,1.0,Large passenger vehicle,2,"31,303",2016 Feb 19 01:03:00 PM,2016 Feb 19 07:03:00 PM,"14,927,542",False,True,False,WHITE,2.0,FEMALE,"62,699"
"80,971",1,60.0,1.0,Motorcycle,3,"31,312",2016 Feb 13 05:04:00 PM,2016 Feb 13 11:04:00 PM,"14,927,584",False,True,False,WHITE,1.0,MALE,"62,723"
"81,152",1,46.0,1.0,Motorcycle,3,"31,413",2016 Feb 17 04:00:00 PM,2016 Feb 17 10:00:00 PM,"14,930,298",False,True,False,WHITE,1.0,MALE,"62,916"
"81,180",1,43.0,1.0,Motorcycle,3,"31,426",2016 Feb 13 10:15:00 PM,2016 Feb 14 04:15:00 AM,"14,930,521",False,True,False,WHITE,1.0,MALE,"62,944"
"81,266",1,56.0,1.0,Motorcycle,3,"31,466",2016 Feb 20 07:33:00 PM,2016 Feb 21 01:33:00 AM,"14,930,790",False,True,False,WHITE,1.0,MALE,"63,036"
"81,482",4,34.0,1.0,Motorcycle,3,"31,584",2016 Feb 18 01:14:00 PM,2016 Feb 18 07:14:00 PM,"14,932,694",False,True,False,WHITE,1.0,MALE,"63,263"
"81,561",4,27.0,2.0,Pedestrian,7,"31,629",2016 Feb 14 07:05:00 PM,2016 Feb 15 01:05:00 AM,"14,935,137",False,True,False,HISPANIC,2.0,FEMALE,"63,347"
"81,709",1,23.0,1.0,Motorcycle,3,"31,707",2016 Feb 15 07:23:00 PM,2016 Feb 16 01:23:00 AM,"14,937,416",False,True,False,WHITE,1.0,MALE,"63,502"
"81,862",1,38.0,1.0,Passenger car,1,"31,790",2016 Feb 22 05:53:00 PM,2016 Feb 22 11:53:00 PM,"14,940,144",False,True,False,WHITE,2.0,FEMALE,"63,663"
"81,981",1,47.0,1.0,Passenger car,1,"31,852",2016 Feb 21 12:44:00 PM,2016 Feb 21 06:44:00 PM,"14,941,778",False,True,False,WHITE,1.0,MALE,"63,793"
"82,026",1,41.0,1.0,Large passenger vehicle,2,"31,876",2016 Feb 26 08:52:00 AM,2016 Feb 26 02:52:00 PM,"14,941,850",False,True,False,WHITE,1.0,MALE,"63,839"
"82,064",1,37.0,1.0,Pedestrian,7,"31,895",2016 Feb 27 03:39:00 AM,2016 Feb 27 09:39:00 AM,"14,941,906",False,True,False,WHITE,1.0,MALE,"63,879"
"82,129",1,21.0,2.0,Motorcycle,3,"31,928",2016 Feb 28 10:58:00 AM,2016 Feb 28 04:58:00 PM,"14,941,994",False,True,False,HISPANIC,1.0,MALE,"63,946"
"82,150",1,37.0,3.0,Motorcycle,3,"31,938",2016 Feb 28 04:58:00 PM,2016 Feb 28 10:58:00 PM,"14,942,006",False,True,False,BLACK,1.0,MALE,"63,967"
"82,230",1,21.0,2.0,Bicycle,5,"31,981",2016 Feb 27 10:48:00 PM,2016 Feb 28 04:48:00 AM,"14,942,958",False,True,False,HISPANIC,1.0,MALE,"64,055"
"82,241",1,77.0,4.0,Passenger car,1,"31,988",2016 Feb 29 04:31:00 PM,2016 Feb 29 10:31:00 PM,"14,942,966",False,True,False,ASIAN,2.0,FEMALE,"64,067"
"82,490",1,22.0,1.0,Bicycle,5,"32,106",2016 Mar 01 06:26:00 AM,2016 Mar 01 12:26:00 PM,"14,945,144",False,True,False,WHITE,1.0,MALE,"64,327"
"82,590",1,41.0,3.0,Passenger car,1,"32,158",2016 Feb 22 05:13:00 PM,2016 Feb 22 11:13:00 PM,"14,945,480",False,True,False,BLACK,2.0,FEMALE,"64,432"
"82,788",1,54.0,2.0,Large passenger vehicle,2,"32,261",2016 Mar 02 05:50:00 PM,2016 Mar 02 11:50:00 PM,"14,948,001",False,True,False,HISPANIC,1.0,MALE,"64,638"
"83,081",1,64.0,1.0,Motor vehicle – other,4,"32,413",2016 Feb 18 03:40:00 PM,2016 Feb 18 09:40:00 PM,"14,951,010",False,True,False,WHITE,1.0,MALE,"64,952"
"83,083",1,50.0,3.0,Passenger car,1,"32,414",2016 Feb 20 04:38:00 PM,2016 Feb 20 10:38:00 PM,"14,951,011",False,True,False,BLACK,2.0,FEMALE,"64,954"
"83,099",1,53.0,3.0,Passenger car,1,"32,422",2016 Mar 01 04:48:00 PM,2016 Mar 01 10:48:00 PM,"14,951,020",False,True,False,BLACK,2.0,FEMALE,"64,971"
"83,397",1,29.0,2.0,Passenger car,1,"32,583",2016 Mar 02 10:30:00 PM,2016 Mar 03 04:30:00 AM,"14,956,346",False,True,False,HISPANIC,2.0,FEMALE,"65,289"
"83,398",1,17.0,2.0,Passenger car,1,"32,583",2016 Mar 02 10:30:00 PM,2016 Mar 03 04:30:00 AM,"14,956,346",False,True,False,HISPANIC,2.0,FEMALE,"65,290"
"83,492",1,53.0,3.0,Passenger car,1,"32,631",2016 Mar 07 05:34:00 PM,2016 Mar 07 11:34:00 PM,"14,956,658",False,True,False,BLACK,1.0,MALE,"65,392"
"83,683",4,72.0,1.0,Passenger car,1,"32,733",2016 Mar 08 10:48:00 AM,2016 Mar 08 04:48:00 PM,"14,958,801",False,True,False,WHITE,2.0,FEMALE,"65,597"
"84,060",1,56.0,1.0,Motorcycle,3,"32,935",2016 Mar 03 10:18:00 PM,2016 Mar 04 04:18:00 AM,"14,963,473",False,True,False,WHITE,1.0,MALE,"65,997"
"84,062",1,65.0,1.0,Pedestrian,7,"32,936",2016 Mar 04 07:33:00 PM,2016 Mar 05 01:33:00 AM,"14,963,475",False,True,False,WHITE,1.0,MALE,"66,000"
"84,238",1,52.0,3.0,Large passenger vehicle,2,"33,032",2016 Mar 08 04:50:00 PM,2016 Mar 08 10:50:00 PM,"14,966,211",False,True,False,BLACK,1.0,MALE,"66,189"
"84,239",1,64.0,1.0,Large passenger vehicle,2,"33,032",2016 Mar 08 04:50:00 PM,2016 Mar 08 10:50:00 PM,"14,966,211",False,True,False,WHITE,2.0,FEMALE,"66,190"
"84,319",1,23.0,1.0,Pedestrian,7,"33,077",2016 Mar 03 04:46:00 PM,2016 Mar 03 10:46:00 PM,"14,967,884",False,True,False,WHITE,1.0,MALE,"66,274"
"84,410",4,72.0,1.0,Pedestrian,7,"33,125",2016 Mar 11 05:12:00 AM,2016 Mar 11 11:12:00 AM,"14,967,978",False,True,False,WHITE,1.0,MALE,"66,368"
"84,648",1,19.0,3.0,Passenger car,1,"33,251",2016 Mar 05 09:47:00 PM,2016 Mar 06 03:47:00 AM,"14,970,260",False,True,False,BLACK,2.0,FEMALE,"66,624"
"84,704",1,32.0,1.0,Pedestrian,7,"33,279",2016 Mar 14 04:27:00 AM,2016 Mar 14 09:27:00 AM,"14,970,301",False,True,False,WHITE,1.0,MALE,"66,682"
"84,713",1,45.0,1.0,Bicycle,5,"33,284",2016 Mar 15 05:30:00 AM,2016 Mar 15 10:30:00 AM,"14,970,306",False,True,False,WHITE,1.0,MALE,"66,692"
"84,826",4,28.0,1.0,Motorcycle,3,"33,345",2016 Feb 26 09:47:00 AM,2016 Feb 26 03:47:00 PM,"14,971,766",False,True,False,WHITE,1.0,MALE,"66,812"
"85,075",1,21.0,1.0,Motorcycle,3,"33,483",2016 Mar 12 12:47:00 AM,2016 Mar 12 06:47:00 AM,"14,976,156",False,True,False,WHITE,1.0,MALE,"67,082"
"85,115",1,36.0,4.0,Pedestrian,7,"33,504",2016 Mar 14 01:01:00 PM,2016 Mar 14 06:01:00 PM,"14,976,223",False,True,False,ASIAN,2.0,FEMALE,"67,123"
"85,516",1,26.0,5.0,Large passenger vehicle,2,"33,718",2016 Mar 18 01:33:00 PM,2016 Mar 18 06:33:00 PM,"14,979,670",False,True,False,OTHER,1.0,MALE,"67,554"
"85,577",1,8.0,1.0,Pedestrian,7,"33,748",2016 Mar 19 03:08:00 PM,2016 Mar 19 08:08:00 PM,"14,979,722",False,True,False,WHITE,1.0,MALE,"67,616"
"85,599",1,37.0,3.0,Motorcycle,3,"33,758",2016 Mar 19 05:48:00 PM,2016 Mar 19 10:48:00 PM,"14,979,776",False,True,False,BLACK,1.0,MALE,"67,639"
"85,794",1,,1.0,Passenger car,1,"33,862",2016 Mar 03 07:45:00 PM,2016 Mar 04 01:45:00 AM,"14,983,007",False,True,False,WHITE,1.0,MALE,"67,842"
"85,815",4,17.0,1.0,Large passenger vehicle,2,"33,875",2016 Mar 16 12:07:00 AM,2016 Mar 16 05:07:00 AM,"14,983,024",False,True,False,WHITE,1.0,MALE,"67,863"
"86,053",1,27.0,1.0,Pedestrian,7,"34,003",2016 Mar 20 04:29:00 PM,2016 Mar 20 09:29:00 PM,"14,985,202",False,True,False,WHITE,1.0,MALE,"68,122"
"86,283",1,51.0,2.0,Motorcycle,3,"34,117",2016 Mar 24 06:11:00 AM,2016 Mar 24 11:11:00 AM,"14,987,609",False,True,False,HISPANIC,1.0,MALE,"68,365"
"86,292",1,24.0,1.0,Passenger car,1,"34,121",2016 Mar 24 08:14:00 AM,2016 Mar 24 01:14:00 PM,"14,987,616",False,True,False,WHITE,2.0,FEMALE,"68,375"
"86,685",1,20.0,1.0,Passenger car,1,"34,327",2016 Mar 25 08:34:00 AM,2016 Mar 25 01:34:00 PM,"14,993,488",False,True,False,WHITE,2.0,FEMALE,"68,780"
"86,751",1,43.0,1.0,Pedestrian,7,"34,360",2016 Mar 26 12:32:00 PM,2016 Mar 26 05:32:00 PM,"14,993,585",False,True,False,WHITE,2.0,FEMALE,"68,849"
"86,761",1,35.0,3.0,Passenger car,1,"34,366",2016 Mar 26 01:26:00 AM,2016 Mar 26 06:26:00 AM,"14,993,591",False,True,False,BLACK,1.0,MALE,"68,859"
"86,779",1,48.0,1.0,Motorcycle,3,"34,377",2016 Mar 27 05:37:00 AM,2016 Mar 27 10:37:00 AM,"14,993,608",False,True,False,WHITE,2.0,FEMALE,"68,878"
"87,048",4,30.0,2.0,Pedestrian,7,"34,522",2016 Mar 18 09:12:00 PM,2016 Mar 19 02:12:00 AM,"14,998,130",False,True,False,HISPANIC,1.0,MALE,"69,174"
"87,116",1,16.0,1.0,Pedestrian,7,"34,557",2016 Mar 28 04:30:00 PM,2016 Mar 28 09:30:00 PM,"14,998,222",False,True,False,WHITE,1.0,MALE,"69,250"
"87,366",1,31.0,0.0,Passenger car,1,"34,687",2016 Mar 31 02:01:00 AM,2016 Mar 31 07:01:00 AM,"15,000,234",False,True,False,UNKNOWN,1.0,MALE,"69,515"
"87,367",1,18.0,1.0,Passenger car,1,"34,687",2016 Mar 31 02:01:00 AM,2016 Mar 31 07:01:00 AM,"15,000,234",False,True,False,WHITE,2.0,FEMALE,"69,516"
"87,506",1,25.0,3.0,Passenger car,1,"34,764",2016 Mar 25 07:58:00 PM,2016 Mar 26 12:58:00 AM,"15,002,750",False,True,False,BLACK,2.0,FEMALE,"69,664"
"87,800",1,42.0,1.0,Passenger car,1,"34,921",2016 Mar 10 11:49:00 AM,2016 Mar 10 05:49:00 PM,"15,006,734",False,True,False,WHITE,2.0,FEMALE,"69,980"
"88,195",1,24.0,2.0,Pedestrian,7,"35,128",2016 Mar 26 01:18:00 AM,2016 Mar 26 06:18:00 AM,"15,010,691",False,True,False,HISPANIC,2.0,FEMALE,"70,399"
"88,196",1,30.0,2.0,Pedestrian,7,"35,128",2016 Mar 26 01:18:00 AM,2016 Mar 26 06:18:00 AM,"15,010,691",False,True,False,HISPANIC,2.0,FEMALE,"70,400"
"88,218",4,38.0,1.0,Motorcycle,3,"35,140",2016 Apr 01 01:29:00 PM,2016 Apr 01 06:29:00 PM,"15,010,703",False,True,False,WHITE,1.0,MALE,"70,423"
"88,323",1,35.0,1.0,Passenger car,1,"35,190",2016 Apr 05 12:33:00 AM,2016 Apr 05 05:33:00 AM,"15,010,845",False,True,False,WHITE,1.0,MALE,"70,529"
"88,604",4,83.0,1.0,Passenger car,1,"35,341",2016 Mar 24 08:13:00 AM,2016 Mar 24 01:13:00 PM,"15,015,700",False,True,False,WHITE,2.0,FEMALE,"70,839"
"88,611",1,28.0,1.0,Bicycle,5,"35,344",2016 Mar 29 10:04:00 PM,2016 Mar 30 03:04:00 AM,"15,015,703",False,True,False,WHITE,2.0,FEMALE,"70,846"
"88,625",1,34.0,1.0,Motorcycle,3,"35,354",2016 Apr 04 11:05:00 AM,2016 Apr 04 04:05:00 PM,"15,015,715",False,True,False,WHITE,1.0,MALE,"70,861"
"88,843",1,21.0,1.0,Passenger car,1,"35,462",2016 Apr 07 07:30:00 PM,2016 Apr 08 12:30:00 AM,"15,017,259",False,True,False,WHITE,2.0,FEMALE,"71,086"
"88,851",1,35.0,1.0,Pedestrian,7,"35,465",2016 Apr 07 08:59:00 PM,2016 Apr 08 01:59:00 AM,"15,017,294",False,True,False,WHITE,1.0,MALE,"71,094"
"88,859",4,17.0,5.0,Motorcycle,3,"35,469",2016 Apr 07 06:47:00 PM,2016 Apr 07 11:47:00 PM,"15,017,298",False,True,False,OTHER,1.0,MALE,"71,102"
"89,304",1,25.0,1.0,Passenger car,1,"35,710",2016 Apr 08 09:04:00 AM,2016 Apr 08 02:04:00 PM,"15,024,934",False,True,False,WHITE,2.0,FEMALE,"71,575"
"89,380",1,60.0,4.0,Passenger car,1,"35,746",2016 Apr 08 01:34:00 PM,2016 Apr 08 06:34:00 PM,"15,025,011",False,True,False,ASIAN,1.0,MALE,"71,654"
"89,451",1,48.0,3.0,Bicycle,5,"35,781",2016 Apr 05 04:44:00 PM,2016 Apr 05 09:44:00 PM,"15,025,115",False,True,False,BLACK,1.0,MALE,"71,729"
"89,663",1,64.0,1.0,Motorcycle,3,"35,900",2016 Apr 08 02:43:00 PM,2016 Apr 08 07:43:00 PM,"15,028,175",False,True,False,WHITE,1.0,MALE,"71,953"
"89,674",1,31.0,1.0,Motorcycle,3,"35,905",2016 Apr 10 05:06:00 PM,2016 Apr 10 10:06:00 PM,"15,028,180",False,True,False,WHITE,1.0,MALE,"71,965"
"89,683",1,62.0,2.0,Passenger car,1,"35,910",2016 Apr 11 07:07:00 PM,2016 Apr 12 12:07:00 AM,"15,028,185",False,True,False,HISPANIC,1.0,MALE,"71,975"
"89,746",1,63.0,1.0,Large passenger vehicle,2,"35,943",2016 Apr 12 05:46:00 PM,2016 Apr 12 10:46:00 PM,"15,028,281",False,True,False,WHITE,1.0,MALE,"72,041"
"90,007",1,59.0,2.0,Passenger car,1,"36,087",2016 Apr 08 12:29:00 PM,2016 Apr 08 05:29:00 PM,"15,032,541",False,True,False,HISPANIC,1.0,MALE,"72,324"
"90,014",1,38.0,1.0,Passenger car,1,"36,092",2016 Apr 09 08:00:00 PM,2016 Apr 10 01:00:00 AM,"15,032,549",False,True,False,WHITE,1.0,MALE,"72,332"
"90,044",1,44.0,1.0,Passenger car,1,"36,109",2016 Apr 13 02:20:00 PM,2016 Apr 13 07:20:00 PM,"15,032,616",False,True,False,WHITE,2.0,FEMALE,"72,365"
"90,072",1,35.0,3.0,Passenger car,1,"36,123",2016 Apr 14 06:15:00 AM,2016 Apr 14 11:15:00 AM,"15,032,631",False,True,False,BLACK,2.0,FEMALE,"72,393"
"90,105",1,56.0,3.0,Passenger car,1,"36,139",2016 Apr 14 07:57:00 AM,2016 Apr 14 12:57:00 PM,"15,032,670",False,True,False,BLACK,1.0,MALE,"72,426"
"90,138",1,25.0,3.0,Passenger car,1,"36,158",2016 Apr 14 07:24:00 PM,2016 Apr 15 12:24:00 AM,"15,032,689",False,True,False,BLACK,2.0,FEMALE,"72,460"
"90,404",1,69.0,1.0,Pedestrian,7,"36,304",2016 Apr 15 02:46:00 PM,2016 Apr 15 07:46:00 PM,"15,036,498",False,True,False,WHITE,2.0,FEMALE,"72,750"
"90,448",1,61.0,1.0,Passenger car,1,"36,326",2016 Apr 15 07:08:00 PM,2016 Apr 16 12:08:00 AM,"15,036,554",False,True,False,WHITE,2.0,FEMALE,"72,795"
"90,721",1,26.0,1.0,Passenger car,1,"36,474",2016 Apr 13 08:39:00 PM,2016 Apr 14 01:39:00 AM,"15,039,512",False,True,False,WHITE,1.0,MALE,"73,079"
"91,019",1,31.0,3.0,Passenger car,1,"36,628",2016 Apr 16 12:49:00 AM,2016 Apr 16 05:49:00 AM,"15,043,437",False,True,False,BLACK,2.0,FEMALE,"73,385"
"91,034",4,57.0,1.0,Motorcycle,3,"36,635",2016 Apr 19 01:03:00 PM,2016 Apr 19 06:03:00 PM,"15,043,473",False,True,False,WHITE,1.0,MALE,"73,400"
"91,233",1,17.0,2.0,Passenger car,1,"36,741",2016 Apr 14 04:43:00 AM,2016 Apr 14 09:43:00 AM,"15,045,351",False,True,False,HISPANIC,1.0,MALE,"73,609"
"91,240",1,29.0,1.0,Passenger car,1,"36,745",2016 Apr 12 12:03:00 AM,2016 Apr 12 05:03:00 AM,"15,045,375",False,True,False,WHITE,1.0,MALE,"73,616"
"91,468",1,24.0,1.0,Pedestrian,7,"36,868",2016 Apr 18 06:30:00 PM,2016 Apr 18 11:30:00 PM,"15,049,402",False,True,False,WHITE,2.0,FEMALE,"73,866"
"91,588",1,22.0,1.0,Passenger car,1,"36,930",2016 Apr 21 04:23:00 PM,2016 Apr 21 09:23:00 PM,"15,049,958",False,True,False,WHITE,2.0,FEMALE,"73,993"
"91,681",1,41.0,2.0,Motorcycle,3,"36,980",2016 Apr 23 05:11:00 PM,2016 Apr 23 10:11:00 PM,"15,050,039",False,True,False,HISPANIC,1.0,MALE,"74,095"
"91,688",4,31.0,1.0,Motorcycle,3,"36,985",2016 Apr 23 06:14:00 PM,2016 Apr 23 11:14:00 PM,"15,050,044",False,True,False,WHITE,1.0,MALE,"74,102"
"92,019",1,21.0,2.0,Passenger car,1,"37,158",2016 Mar 20 03:16:00 PM,2016 Mar 20 08:16:00 PM,"15,053,927",False,True,False,HISPANIC,1.0,MALE,"74,449"
"92,724",1,27.0,2.0,Passenger car,1,"37,530",2016 Apr 30 10:09:00 PM,2016 May 01 03:09:00 AM,"15,072,740",False,True,False,HISPANIC,1.0,MALE,"75,194"
"92,751",4,26.0,2.0,Pedestrian,7,"37,542",2016 May 01 03:20:00 AM,2016 May 01 08:20:00 AM,"15,072,753",False,True,False,HISPANIC,1.0,MALE,"75,223"
"92,794",1,27.0,1.0,Large passenger vehicle,2,"37,565",2016 May 02 11:16:00 AM,2016 May 02 04:16:00 PM,"15,072,787",False,True,False,WHITE,2.0,FEMALE,"75,269"
"92,872",1,40.0,1.0,Pedestrian,7,"37,609",2016 May 03 06:36:00 AM,2016 May 03 11:36:00 AM,"15,077,949",False,True,False,WHITE,2.0,FEMALE,"75,358"
"93,104",1,16.0,1.0,Pedestrian,7,"37,739",2016 Apr 11 03:36:00 PM,2016 Apr 11 08:36:00 PM,"15,080,124",False,True,False,WHITE,1.0,MALE,"75,611"
"93,129",1,19.0,1.0,Passenger car,1,"37,752",2016 Apr 23 03:54:00 PM,2016 Apr 23 08:54:00 PM,"15,080,164",False,True,False,WHITE,2.0,FEMALE,"75,636"
"93,508",1,53.0,1.0,Passenger car,1,"37,953",2016 May 04 06:40:00 PM,2016 May 04 11:40:00 PM,"15,085,005",False,True,False,WHITE,2.0,FEMALE,"76,039"
"93,601",4,63.0,1.0,Pedestrian,7,"37,997",2016 Apr 22 06:20:00 AM,2016 Apr 22 11:20:00 AM,"15,085,198",False,True,False,WHITE,1.0,MALE,"76,132"
"93,688",1,26.0,2.0,Passenger car,1,"38,047",2016 May 06 02:38:00 AM,2016 May 06 07:38:00 AM,"15,087,559",False,True,False,HISPANIC,2.0,FEMALE,"76,229"
"93,810",1,41.0,3.0,Large passenger vehicle,2,"38,112",2016 May 06 11:59:00 PM,2016 May 07 04:59:00 AM,"15,088,781",False,True,False,BLACK,1.0,MALE,"76,358"
"94,478",1,36.0,2.0,Passenger car,1,"38,464",2016 Apr 20 07:01:00 AM,2016 Apr 20 12:01:00 PM,"15,097,933",False,True,False,HISPANIC,1.0,MALE,"77,076"
"94,502",4,20.0,2.0,Large passenger vehicle,2,"38,478",2016 May 06 11:18:00 PM,2016 May 07 04:18:00 AM,"15,097,947",False,True,False,HISPANIC,1.0,MALE,"77,106"
"94,544",1,35.0,1.0,Pedestrian,7,"38,499",2016 May 11 08:40:00 PM,2016 May 12 01:40:00 AM,"15,098,011",False,True,False,WHITE,1.0,MALE,"77,151"
"94,579",1,16.0,2.0,Pedestrian,7,"38,518",2016 May 12 09:47:00 AM,2016 May 12 02:47:00 PM,"15,098,045",False,True,False,HISPANIC,2.0,FEMALE,"77,189"
"95,209",1,54.0,3.0,Passenger car,1,"38,851",2016 May 16 11:29:00 AM,2016 May 16 04:29:00 PM,"15,105,148",False,True,False,BLACK,2.0,FEMALE,"77,873"
"95,230",1,56.0,1.0,Passenger car,1,"38,860",2016 May 16 03:17:00 PM,2016 May 16 08:17:00 PM,"15,105,230",False,True,False,WHITE,1.0,MALE,"77,895"
"95,301",1,21.0,2.0,Large passenger vehicle,2,"38,894",2016 May 06 04:35:00 PM,2016 May 06 09:35:00 PM,"15,105,946",False,True,False,HISPANIC,1.0,MALE,"77,969"
"95,365",4,5.0,2.0,Pedestrian,7,"38,929",2016 May 13 02:17:00 PM,2016 May 13 07:17:00 PM,"15,106,839",False,True,False,HISPANIC,1.0,MALE,"78,034"
"95,670",1,18.0,1.0,Bicycle,5,"39,090",2016 May 08 09:13:00 PM,2016 May 09 02:13:00 AM,"15,111,398",False,True,False,WHITE,1.0,MALE,"78,367"
"95,684",1,49.0,1.0,Large passenger vehicle,2,"39,097",2016 May 13 08:30:00 AM,2016 May 13 01:30:00 PM,"15,111,405",False,True,False,WHITE,2.0,FEMALE,"78,381"
"95,709",1,14.0,2.0,Pedestrian,7,"39,108",2016 May 16 06:42:00 PM,2016 May 16 11:42:00 PM,"15,111,417",False,True,False,HISPANIC,2.0,FEMALE,"78,408"
"95,729",1,62.0,1.0,Passenger car,1,"39,119",2016 May 18 07:46:00 AM,2016 May 18 12:46:00 PM,"15,111,443",False,True,False,WHITE,2.0,FEMALE,"78,430"
"95,757",1,37.0,2.0,Passenger car,1,"39,133",2016 May 18 04:20:00 PM,2016 May 18 09:20:00 PM,"15,111,457",False,True,False,HISPANIC,2.0,FEMALE,"78,458"
"95,782",1,20.0,1.0,Motorcycle,3,"39,144",2016 May 18 01:47:00 PM,2016 May 18 06:47:00 PM,"15,111,489",False,True,False,WHITE,1.0,MALE,"78,483"
"95,867",1,28.0,2.0,Passenger car,1,"39,191",2016 May 20 02:23:00 AM,2016 May 20 07:23:00 AM,"15,111,553",False,True,False,HISPANIC,2.0,FEMALE,"78,571"
"95,868",1,23.0,4.0,Motorcycle,3,"39,192",2016 May 20 12:22:00 AM,2016 May 20 05:22:00 AM,"15,111,554",False,True,False,ASIAN,1.0,MALE,"78,572"
"96,077",4,29.0,2.0,Passenger car,1,"39,307",2016 May 20 08:35:00 PM,2016 May 21 01:35:00 AM,"15,114,891",False,True,False,HISPANIC,1.0,MALE,"78,801"
"96,117",1,56.0,1.0,Motorcycle,3,"39,327",2016 May 21 06:00:00 PM,2016 May 21 11:00:00 PM,"15,114,986",False,True,False,WHITE,1.0,MALE,"78,842"
"96,309",1,15.0,2.0,Passenger car,1,"39,436",2016 May 23 12:31:00 PM,2016 May 23 05:31:00 PM,"15,117,707",False,True,False,HISPANIC,1.0,MALE,"79,044"
"96,336",1,37.0,2.0,Motorcycle,3,"39,449",2016 May 23 04:59:00 PM,2016 May 23 09:59:00 PM,"15,117,741",False,True,False,HISPANIC,1.0,MALE,"79,071"
"96,361",1,27.0,1.0,Large passenger vehicle,2,"39,462",2016 May 23 05:21:00 PM,2016 May 23 10:21:00 PM,"15,117,791",False,True,False,WHITE,2.0,FEMALE,"79,098"
"96,454",1,37.0,2.0,Large passenger vehicle,2,"39,516",2016 May 08 12:01:00 AM,2016 May 08 05:01:00 AM,"15,119,393",False,True,False,HISPANIC,1.0,MALE,"79,201"
"96,961",1,29.0,1.0,Motorcycle,3,"39,799",2016 May 20 08:48:00 PM,2016 May 21 01:48:00 AM,"15,128,670",False,True,False,WHITE,1.0,MALE,"79,754"
"97,052",1,46.0,2.0,Large passenger vehicle,2,"39,841",2016 May 22 11:28:00 PM,2016 May 23 04:28:00 AM,"15,129,053",False,True,False,HISPANIC,1.0,MALE,"79,849"
"97,088",4,56.0,1.0,Pedestrian,7,"39,859",2016 May 25 11:22:00 PM,2016 May 26 04:22:00 AM,"15,129,119",False,True,False,WHITE,1.0,MALE,"79,886"
"97,123",1,40.0,1.0,Motorcycle,3,"39,878",2016 May 26 07:32:00 PM,2016 May 27 12:32:00 AM,"15,129,179",False,True,False,WHITE,1.0,MALE,"79,925"
"97,143",1,26.0,1.0,Passenger car,1,"39,888",2016 May 26 02:32:00 PM,2016 May 26 07:32:00 PM,"15,129,190",False,True,False,WHITE,1.0,MALE,"79,945"
"97,304",1,29.0,2.0,Motorcycle,3,"39,975",2016 May 30 03:46:00 PM,2016 May 30 08:46:00 PM,"15,129,443",False,True,False,HISPANIC,1.0,MALE,"80,112"
"97,325",1,50.0,3.0,Passenger car,1,"39,986",2016 May 30 09:00:00 PM,2016 May 31 02:00:00 AM,"15,129,471",False,True,False,BLACK,2.0,FEMALE,"80,135"
"97,461",1,25.0,1.0,Bicycle,5,"40,060",2016 May 23 03:49:00 PM,2016 May 23 08:49:00 PM,"15,131,435",False,True,False,WHITE,1.0,MALE,"80,278"
"97,656",1,30.0,3.0,Motorcycle,3,"40,166",2016 Apr 04 04:10:00 PM,2016 Apr 04 09:10:00 PM,"15,133,486",False,True,False,BLACK,1.0,MALE,"80,478"
"97,685",1,13.0,5.0,Passenger car,1,"40,182",2016 May 31 10:16:00 AM,2016 May 31 03:16:00 PM,"15,133,503",False,True,False,OTHER,1.0,MALE,"80,509"
"98,076",1,23.0,1.0,Large passenger vehicle,2,"40,389",2016 May 17 01:36:00 AM,2016 May 17 06:36:00 AM,"15,140,138",False,True,False,WHITE,2.0,FEMALE,"80,918"
"98,082",1,52.0,1.0,Passenger car,1,"40,392",2016 May 27 03:45:00 PM,2016 May 27 08:45:00 PM,"15,140,143",False,True,False,WHITE,2.0,FEMALE,"80,924"
"98,198",1,28.0,2.0,Passenger car,1,"40,452",2016 Jun 03 02:23:00 AM,2016 Jun 03 07:23:00 AM,"15,140,357",False,True,False,HISPANIC,2.0,FEMALE,"81,048"
"98,375",1,51.0,2.0,Passenger car,1,"40,540",2016 Jun 06 06:31:00 AM,2016 Jun 06 11:31:00 AM,"15,140,623",False,True,False,HISPANIC,2.0,FEMALE,"81,236"
"98,459",1,29.0,2.0,Motorcycle,3,"40,588",2016 Jun 06 01:57:00 AM,2016 Jun 06 06:57:00 AM,"15,143,043",False,True,False,HISPANIC,1.0,MALE,"81,332"
"98,504",1,36.0,1.0,Passenger car,1,"40,612",2016 May 22 08:56:00 PM,2016 May 23 01:56:00 AM,"15,143,262",False,True,False,WHITE,1.0,MALE,"81,378"
"98,505",1,23.0,2.0,Passenger car,1,"40,612",2016 May 22 08:56:00 PM,2016 May 23 01:56:00 AM,"15,143,262",False,True,False,HISPANIC,1.0,MALE,"81,379"
"98,697",1,53.0,2.0,Passenger car,1,"40,713",2016 Jun 07 01:20:00 PM,2016 Jun 07 06:20:00 PM,"15,145,584",False,True,False,HISPANIC,2.0,FEMALE,"81,588"
"98,737",1,40.0,3.0,Passenger car,1,"40,733",2016 Mar 03 09:13:00 PM,2016 Mar 04 03:13:00 AM,"15,146,029",False,True,False,BLACK,2.0,FEMALE,"81,634"
"99,297",1,30.0,1.0,Motorcycle,3,"41,037",2016 Jun 03 12:06:00 AM,2016 Jun 03 05:06:00 AM,"15,153,588",False,True,False,WHITE,1.0,MALE,"82,235"
"99,304",1,26.0,1.0,Passenger car,1,"41,042",2016 Jun 05 12:14:00 AM,2016 Jun 05 05:14:00 AM,"15,153,593",False,True,False,WHITE,1.0,MALE,"82,243"
"99,332",1,68.0,1.0,Large passenger vehicle,2,"41,058",2016 Jun 10 10:38:00 AM,2016 Jun 10 03:38:00 PM,"15,153,640",False,True,False,WHITE,1.0,MALE,"82,272"
"99,634",1,27.0,2.0,Motorcycle,3,"41,221",2016 Jun 13 09:30:00 PM,2016 Jun 14 02:30:00 AM,"15,157,142",False,True,False,HISPANIC,1.0,MALE,"82,594"
"99,649",1,39.0,1.0,Large passenger vehicle,2,"41,230",2016 Jun 14 06:15:00 AM,2016 Jun 14 11:15:00 AM,"15,157,174",False,True,False,WHITE,2.0,FEMALE,"82,609"
"99,738",4,3.0,2.0,Pedestrian,7,"41,280",2016 May 22 05:05:00 PM,2016 May 22 10:05:00 PM,"15,159,136",False,True,False,HISPANIC,1.0,MALE,"82,706"
"99,750",1,28.0,1.0,Motorcycle,3,"41,285",2016 Jun 12 12:33:00 AM,2016 Jun 12 05:33:00 AM,"15,159,145",False,True,False,WHITE,1.0,MALE,"82,718"
"99,784",1,52.0,1.0,Large passenger vehicle,2,"41,303",2016 Jun 14 01:22:00 PM,2016 Jun 14 06:22:00 PM,"15,159,181",False,True,False,WHITE,1.0,MALE,"82,756"
"99,841",4,33.0,2.0,Passenger car,1,"41,330",2016 Jun 12 01:53:00 AM,2016 Jun 12 06:53:00 AM,"15,160,155",False,True,False,HISPANIC,2.0,FEMALE,"82,815"
"100,556",1,51.0,1.0,Large passenger vehicle,2,"41,704",2016 Jun 11 03:46:00 PM,2016 Jun 11 08:46:00 PM,"15,169,194",False,True,False,WHITE,2.0,FEMALE,"83,580"
"100,743",1,37.0,4.0,Passenger car,1,"41,803",2016 Jun 18 02:36:00 AM,2016 Jun 18 07:36:00 AM,"15,171,003",False,True,False,ASIAN,1.0,MALE,"83,781"
"100,767",1,35.0,1.0,Motorcycle,3,"41,815",2016 Jun 18 04:30:00 PM,2016 Jun 18 09:30:00 PM,"15,171,051",False,True,False,WHITE,1.0,MALE,"83,806"
"100,795",1,58.0,2.0,Passenger car,1,"41,829",2016 Jun 18 07:26:00 PM,2016 Jun 19 12:26:00 AM,"15,171,070",False,True,False,HISPANIC,1.0,MALE,"83,835"
"100,822",1,23.0,2.0,Passenger car,1,"41,845",2016 Jun 19 05:03:00 PM,2016 Jun 19 10:03:00 PM,"15,171,115",False,True,False,HISPANIC,1.0,MALE,"83,864"
"100,845",1,17.0,1.0,Large passenger vehicle,2,"41,857",2016 Jun 20 01:55:00 AM,2016 Jun 20 06:55:00 AM,"15,171,127",False,True,False,WHITE,2.0,FEMALE,"83,887"
"100,851",1,69.0,1.0,Passenger car,1,"41,861",2016 Jun 20 08:47:00 AM,2016 Jun 20 01:47:00 PM,"15,171,154",False,True,False,WHITE,2.0,FEMALE,"83,893"
"100,902",1,48.0,1.0,Bicycle,5,"41,885",2016 Jun 20 10:10:00 PM,2016 Jun 21 03:10:00 AM,"15,171,191",False,True,False,WHITE,1.0,MALE,"83,948"
"101,131",1,19.0,1.0,Motorcycle,3,"42,007",2016 Jun 23 06:33:00 AM,2016 Jun 23 11:33:00 AM,"15,172,891",False,True,False,WHITE,1.0,MALE,"84,189"
"101,369",1,39.0,1.0,Bicycle,5,"42,130",2016 Apr 11 05:42:00 PM,2016 Apr 11 10:42:00 PM,"15,175,108",False,True,False,WHITE,2.0,FEMALE,"84,440"
"101,540",1,54.0,1.0,Motorcycle,3,"42,221",2016 Jun 20 11:59:00 PM,2016 Jun 21 04:59:00 AM,"15,178,387",False,True,False,WHITE,1.0,MALE,"84,624"
"101,554",1,16.0,2.0,Large passenger vehicle,2,"42,230",2016 Jun 24 05:47:00 AM,2016 Jun 24 10:47:00 AM,"15,178,411",False,True,False,HISPANIC,1.0,MALE,"84,639"
"101,555",1,42.0,2.0,Passenger car,1,"42,230",2016 Jun 24 05:47:00 AM,2016 Jun 24 10:47:00 AM,"15,178,411",False,True,False,HISPANIC,1.0,MALE,"84,640"
"101,562",1,34.0,1.0,Passenger car,1,"42,234",2016 Jun 24 10:40:00 AM,2016 Jun 24 03:40:00 PM,"15,178,415",False,True,False,WHITE,2.0,FEMALE,"84,647"
"101,563",1,38.0,3.0,Passenger car,1,"42,235",2016 Jun 24 11:54:00 AM,2016 Jun 24 04:54:00 PM,"15,178,416",False,True,False,BLACK,2.0,FEMALE,"84,648"
"101,606",1,21.0,1.0,Motorcycle,3,"42,256",2016 Jun 25 01:14:00 AM,2016 Jun 25 06:14:00 AM,"15,178,487",False,True,False,WHITE,2.0,FEMALE,"84,692"
"101,845",4,14.0,1.0,Pedestrian,7,"42,386",2016 Jun 07 10:14:00 PM,2016 Jun 08 03:14:00 AM,"15,181,271",False,True,False,WHITE,1.0,MALE,"84,947"
"102,017",1,23.0,2.0,Passenger car,1,"42,480",2016 Jun 20 02:06:00 AM,2016 Jun 20 07:06:00 AM,"15,184,558",False,True,False,HISPANIC,1.0,MALE,"85,135"
"102,019",1,19.0,2.0,Motorcycle,3,"42,481",2016 Jun 20 12:16:00 PM,2016 Jun 20 05:16:00 PM,"15,184,559",False,True,False,HISPANIC,1.0,MALE,"85,138"
"102,053",1,28.0,1.0,Motorcycle,3,"42,499",2016 Jun 26 12:57:00 AM,2016 Jun 26 05:57:00 AM,"15,184,643",False,True,False,WHITE,1.0,MALE,"85,174"
"102,130",1,20.0,1.0,Pedestrian,7,"42,533",2016 Jun 27 02:05:00 PM,2016 Jun 27 07:05:00 PM,"15,184,752",False,True,False,WHITE,1.0,MALE,"85,256"
"102,188",1,59.0,2.0,Large passenger vehicle,2,"42,561",2016 Jun 30 09:32:00 AM,2016 Jun 30 02:32:00 PM,"15,185,218",False,True,False,HISPANIC,1.0,MALE,"85,315"
"102,222",1,57.0,1.0,Passenger car,1,"42,580",2016 Jun 29 03:35:00 AM,2016 Jun 29 08:35:00 AM,"15,185,293",False,True,False,WHITE,2.0,FEMALE,"85,351"
"102,242",1,50.0,1.0,Large passenger vehicle,2,"42,593",2016 Jun 29 07:45:00 PM,2016 Jun 30 12:45:00 AM,"15,185,307",False,True,False,WHITE,1.0,MALE,"85,374"
"102,386",1,30.0,1.0,Pedestrian,7,"42,666",2016 Jun 28 08:00:00 AM,2016 Jun 28 01:00:00 PM,"15,187,327",False,True,False,WHITE,1.0,MALE,"85,524"
"102,390",1,51.0,3.0,Passenger car,1,"42,668",2016 Jun 28 01:11:00 PM,2016 Jun 28 06:11:00 PM,"15,187,329",False,True,False,BLACK,2.0,FEMALE,"85,528"
"102,488",1,61.0,3.0,Large passenger vehicle,2,"42,718",2016 Jun 19 05:19:00 PM,2016 Jun 19 10:19:00 PM,"15,187,862",False,True,False,BLACK,1.0,MALE,"85,634"
"102,761",1,34.0,1.0,Passenger car,1,"42,864",2016 Jul 01 04:41:00 PM,2016 Jul 01 09:41:00 PM,"15,191,119",False,True,False,WHITE,2.0,FEMALE,"85,929"
"102,769",1,27.0,1.0,Motorcycle,3,"42,866",2016 Jul 01 07:25:00 PM,2016 Jul 02 12:25:00 AM,"15,191,121",False,True,False,WHITE,2.0,FEMALE,"85,937"
"102,833",1,62.0,1.0,Motorcycle,3,"42,900",2016 Jul 02 06:33:00 PM,2016 Jul 02 11:33:00 PM,"15,191,189",False,True,False,WHITE,1.0,MALE,"86,008"
"103,511",1,40.0,1.0,Passenger car,1,"43,249",2016 Jul 08 05:01:00 AM,2016 Jul 08 10:01:00 AM,"15,198,138",False,True,False,WHITE,1.0,MALE,"86,739"
"103,512",1,14.0,2.0,Passenger car,1,"43,249",2016 Jul 08 05:01:00 AM,2016 Jul 08 10:01:00 AM,"15,198,138",False,True,False,HISPANIC,1.0,MALE,"86,740"
"103,833",1,26.0,2.0,Large passenger vehicle,2,"43,417",2016 Jul 08 08:52:00 PM,2016 Jul 09 01:52:00 AM,"15,202,112",False,True,False,HISPANIC,2.0,FEMALE,"87,082"
"103,844",1,35.0,1.0,Bicycle,5,"43,423",2016 Jul 08 07:49:00 PM,2016 Jul 09 12:49:00 AM,"15,202,119",False,True,False,WHITE,2.0,FEMALE,"87,093"
"103,857",4,40.0,1.0,Pedestrian,7,"43,430",2016 Jul 09 05:50:00 AM,2016 Jul 09 10:50:00 AM,"15,202,128",False,True,False,WHITE,1.0,MALE,"87,107"
"103,893",4,18.0,1.0,Passenger car,1,"43,449",2016 Jul 10 06:40:00 AM,2016 Jul 10 11:40:00 AM,"15,202,181",False,True,False,WHITE,1.0,MALE,"87,148"
"103,924",4,26.0,1.0,Bicycle,5,"43,465",2016 Jul 10 11:40:00 PM,2016 Jul 11 04:40:00 AM,"15,202,234",False,True,False,WHITE,1.0,MALE,"87,180"
"104,084",1,43.0,1.0,Passenger car,1,"43,551",2016 Jul 03 06:42:00 PM,2016 Jul 03 11:42:00 PM,"15,205,011",False,True,False,WHITE,1.0,MALE,"87,352"
"104,288",1,24.0,2.0,Large passenger vehicle,2,"43,660",2016 Jul 12 08:50:00 PM,2016 Jul 13 01:50:00 AM,"15,206,727",False,True,False,HISPANIC,2.0,FEMALE,"87,561"
"104,436",1,31.0,1.0,Passenger car,1,"43,739",2016 Jul 11 07:23:00 PM,2016 Jul 12 12:23:00 AM,"15,208,642",False,True,False,WHITE,1.0,MALE,"87,719"
"104,493",1,35.0,1.0,Bicycle,5,"43,771",2016 Jul 04 10:34:00 PM,2016 Jul 05 03:34:00 AM,"15,210,162",False,True,False,WHITE,1.0,MALE,"87,783"
"104,983",1,57.0,3.0,Passenger car,1,"44,042",2016 Jun 04 01:37:00 AM,2016 Jun 04 06:37:00 AM,"15,217,010",False,True,False,BLACK,1.0,MALE,"88,311"
"105,012",1,26.0,1.0,Passenger car,1,"44,056",2016 Jul 16 03:38:00 PM,2016 Jul 16 08:38:00 PM,"15,217,025",False,True,False,WHITE,2.0,FEMALE,"88,342"
"105,044",1,63.0,1.0,Large passenger vehicle,2,"44,070",2016 Jul 18 03:05:00 PM,2016 Jul 18 08:05:00 PM,"15,217,426",False,True,False,WHITE,1.0,MALE,"88,376"
"105,047",1,44.0,1.0,Passenger car,1,"44,072",2016 Jul 18 03:38:00 PM,2016 Jul 18 08:38:00 PM,"15,217,428",False,True,False,WHITE,2.0,FEMALE,"88,381"
"105,069",1,26.0,1.0,Motorcycle,3,"44,084",2016 Jul 19 11:20:00 PM,2016 Jul 20 04:20:00 AM,"15,217,442",False,True,False,WHITE,2.0,FEMALE,"88,405"
"105,209",1,17.0,0.0,Pedestrian,7,"44,156",2016 Jul 19 09:52:00 PM,2016 Jul 20 02:52:00 AM,"15,218,288",False,True,False,UNKNOWN,1.0,MALE,"88,558"
"105,737",1,57.0,2.0,Large passenger vehicle,2,"44,430",2016 Jul 01 04:05:00 PM,2016 Jul 01 09:05:00 PM,"15,225,996",False,True,False,HISPANIC,2.0,FEMALE,"89,129"
"105,763",1,26.0,1.0,Passenger car,1,"44,443",2016 Jul 17 02:45:00 AM,2016 Jul 17 07:45:00 AM,"15,226,017",False,True,False,WHITE,1.0,MALE,"89,157"
"105,882",1,22.0,1.0,Pedestrian,7,"44,502",2016 Jun 30 02:19:00 AM,2016 Jun 30 07:19:00 AM,"15,226,179",False,True,False,WHITE,2.0,FEMALE,"89,285"
"105,887",1,23.0,1.0,Motorcycle,3,"44,505",2016 Jul 08 07:40:00 PM,2016 Jul 09 12:40:00 AM,"15,226,183",False,True,False,WHITE,1.0,MALE,"89,292"
"105,898",1,61.0,3.0,Passenger car,1,"44,511",2016 Jul 21 03:04:00 PM,2016 Jul 21 08:04:00 PM,"15,226,189",False,True,False,BLACK,1.0,MALE,"89,304"
"105,899",1,34.0,4.0,Passenger car,1,"44,511",2016 Jul 21 03:04:00 PM,2016 Jul 21 08:04:00 PM,"15,226,189",False,True,False,ASIAN,1.0,MALE,"89,305"
"105,955",1,19.0,3.0,Passenger car,1,"44,540",2016 Jul 22 06:47:00 PM,2016 Jul 22 11:47:00 PM,"15,226,269",False,True,False,BLACK,1.0,MALE,"89,363"
"106,049",4,39.0,1.0,Large passenger vehicle,2,"44,588",2016 Jul 24 02:25:00 AM,2016 Jul 24 07:25:00 AM,"15,226,370",False,True,False,WHITE,1.0,MALE,"89,461"
"106,054",1,19.0,2.0,Passenger car,1,"44,591",2016 Jul 24 06:27:00 AM,2016 Jul 24 11:27:00 AM,"15,226,373",False,True,False,HISPANIC,1.0,MALE,"89,466"
"106,198",1,36.0,3.0,Large passenger vehicle,2,"44,666",2016 Jul 13 10:25:00 AM,2016 Jul 13 03:25:00 PM,"15,228,423",False,True,False,BLACK,2.0,FEMALE,"89,615"
"106,227",1,26.0,2.0,Large passenger vehicle,2,"44,677",2016 Jul 20 12:30:00 PM,2016 Jul 20 05:30:00 PM,"15,228,434",False,True,False,HISPANIC,2.0,FEMALE,"89,645"
"106,395",4,63.0,1.0,Pedestrian,7,"44,767",2016 Jul 03 10:29:00 PM,2016 Jul 04 03:29:00 AM,"15,230,188",False,True,False,WHITE,1.0,MALE,"89,826"
"106,853",1,31.0,1.0,Motorcycle,3,"45,014",2016 Jul 28 11:54:00 AM,2016 Jul 28 04:54:00 PM,"15,234,690",False,True,False,WHITE,1.0,MALE,"90,327"
"106,896",1,37.0,3.0,Pedestrian,7,"45,034",2016 Jul 28 10:13:00 PM,2016 Jul 29 03:13:00 AM,"15,234,741",False,True,False,BLACK,1.0,MALE,"90,372"
"106,921",4,31.0,1.0,Passenger car,1,"45,048",2016 Jul 20 05:10:00 PM,2016 Jul 20 10:10:00 PM,"15,234,997",False,True,False,WHITE,2.0,FEMALE,"90,398"
"107,053",1,24.0,1.0,Motorcycle,3,"45,120",2016 Jul 30 07:32:00 PM,2016 Jul 31 12:32:00 AM,"15,237,848",False,True,False,WHITE,1.0,MALE,"90,542"
"107,128",1,44.0,1.0,Passenger car,1,"45,162",2016 Jul 29 02:29:00 PM,2016 Jul 29 07:29:00 PM,"15,238,399",False,True,False,WHITE,1.0,MALE,"90,621"
"107,328",1,18.0,2.0,Passenger car,1,"45,270",2016 Jul 28 02:11:00 AM,2016 Jul 28 07:11:00 AM,"15,240,370",False,True,False,HISPANIC,2.0,FEMALE,"90,845"
"107,344",1,45.0,3.0,Large passenger vehicle,2,"45,276",2016 Jul 30 07:15:00 AM,2016 Jul 30 12:15:00 PM,"15,240,377",False,True,False,BLACK,1.0,MALE,"90,861"
"107,673",1,18.0,1.0,Bicycle,5,"45,446",2016 Aug 03 02:41:00 PM,2016 Aug 03 07:41:00 PM,"15,243,040",False,True,False,WHITE,1.0,MALE,"91,212"
"107,733",4,22.0,1.0,Passenger car,1,"45,483",2016 Jun 26 03:54:00 AM,2016 Jun 26 08:54:00 AM,"15,244,970",False,True,False,WHITE,2.0,FEMALE,"91,279"
"108,513",1,38.0,1.0,Large passenger vehicle,2,"45,908",2016 Aug 03 12:29:00 PM,2016 Aug 03 05:29:00 PM,"15,259,788",False,True,False,WHITE,1.0,MALE,"92,133"
"108,888",1,18.0,2.0,Passenger car,1,"46,094",2016 Aug 07 09:20:00 PM,2016 Aug 08 02:20:00 AM,"15,260,256",False,True,False,HISPANIC,1.0,MALE,"92,526"
"109,068",1,39.0,1.0,Large passenger vehicle,2,"46,183",2016 Aug 10 09:02:00 AM,2016 Aug 10 02:02:00 PM,"15,260,392",False,True,False,WHITE,1.0,MALE,"92,713"
"109,433",1,44.0,4.0,Passenger car,1,"46,370",2016 Aug 13 06:11:00 PM,2016 Aug 13 11:11:00 PM,"15,263,986",False,True,False,ASIAN,2.0,FEMALE,"93,097"
"109,920",1,19.0,2.0,Passenger car,1,"46,645",2016 Aug 11 12:45:00 AM,2016 Aug 11 05:45:00 AM,"15,268,835",False,True,False,HISPANIC,1.0,MALE,"93,616"
"109,930",4,34.0,0.0,Pedestrian,7,"46,649",2016 Aug 13 02:07:00 AM,2016 Aug 13 07:07:00 AM,"15,268,839",False,True,False,UNKNOWN,1.0,MALE,"93,627"
"110,100",1,59.0,3.0,Bicycle,5,"46,736",2016 Apr 28 02:15:00 PM,2016 Apr 28 07:15:00 PM,"15,270,971",False,True,False,BLACK,1.0,MALE,"93,811"
"110,263",4,33.0,2.0,Passenger car,1,"46,824",2016 Aug 09 04:31:00 PM,2016 Aug 09 09:31:00 PM,"15,272,912",False,True,False,HISPANIC,2.0,FEMALE,"93,983"
"110,363",1,42.0,1.0,Motorcycle,3,"46,880",2016 Aug 21 07:06:00 PM,2016 Aug 22 12:06:00 AM,"15,275,565",False,True,False,WHITE,1.0,MALE,"94,089"
"110,502",1,29.0,1.0,Passenger car,1,"46,957",2016 Aug 15 12:16:00 AM,2016 Aug 15 05:16:00 AM,"15,277,373",False,True,False,WHITE,1.0,MALE,"94,242"
"110,617",1,62.0,3.0,Passenger car,1,"47,016",2016 Aug 19 11:00:00 AM,2016 Aug 19 04:00:00 PM,"15,277,565",False,True,False,BLACK,2.0,FEMALE,"94,369"
"110,708",4,58.0,1.0,Pedestrian,7,"47,061",2016 Aug 20 11:07:00 PM,2016 Aug 21 04:07:00 AM,"15,277,674",False,True,False,WHITE,1.0,MALE,"94,464"
"110,755",1,37.0,2.0,Passenger car,1,"47,089",2016 Aug 22 06:20:00 AM,2016 Aug 22 11:20:00 AM,"15,277,748",False,True,False,HISPANIC,1.0,MALE,"94,512"
"110,910",1,42.0,2.0,Large passenger vehicle,2,"47,186",2016 Aug 17 12:55:00 PM,2016 Aug 17 05:55:00 PM,"15,281,500",False,True,False,HISPANIC,2.0,FEMALE,"94,682"
"110,911",1,28.0,2.0,Passenger car,1,"47,186",2016 Aug 17 12:55:00 PM,2016 Aug 17 05:55:00 PM,"15,281,500",False,True,False,HISPANIC,2.0,FEMALE,"94,683"
"110,932",1,25.0,1.0,Motorcycle,3,"47,197",2016 Aug 21 05:24:00 PM,2016 Aug 21 10:24:00 PM,"15,281,555",False,True,False,WHITE,1.0,MALE,"94,705"
"110,954",1,21.0,3.0,Passenger car,1,"47,210",2016 Aug 22 09:45:00 PM,2016 Aug 23 02:45:00 AM,"15,281,568",False,True,False,BLACK,2.0,FEMALE,"94,728"
"111,003",1,25.0,2.0,Motorcycle,3,"47,236",2016 Aug 23 04:50:00 PM,2016 Aug 23 09:50:00 PM,"15,281,609",False,True,False,HISPANIC,1.0,MALE,"94,779"
"111,017",1,46.0,2.0,Passenger car,1,"47,243",2016 Aug 23 06:46:00 PM,2016 Aug 23 11:46:00 PM,"15,281,621",False,True,False,HISPANIC,2.0,FEMALE,"94,794"
"111,126",1,19.0,2.0,Bicycle,5,"47,302",2016 Aug 24 04:28:00 PM,2016 Aug 24 09:28:00 PM,"15,283,494",False,True,False,HISPANIC,1.0,MALE,"94,913"
"111,154",1,35.0,1.0,Motorcycle,3,"47,318",2016 Aug 24 02:42:00 PM,2016 Aug 24 07:42:00 PM,"15,283,532",False,True,False,WHITE,2.0,FEMALE,"94,941"
"111,287",1,39.0,1.0,Pedestrian,7,"47,391",2016 Aug 25 07:39:00 AM,2016 Aug 25 12:39:00 PM,"15,285,508",False,True,False,WHITE,2.0,FEMALE,"95,086"
"111,304",1,64.0,1.0,Bicycle,5,"47,400",2016 Aug 25 06:30:00 PM,2016 Aug 25 11:30:00 PM,"15,285,522",False,True,False,WHITE,1.0,MALE,"95,104"
"111,617",1,40.0,1.0,Bicycle,5,"47,554",2016 Aug 18 09:00:00 AM,2016 Aug 18 02:00:00 PM,"15,288,615",False,True,False,WHITE,1.0,MALE,"95,427"
"111,702",1,28.0,2.0,Motorcycle,3,"47,600",2016 Aug 27 11:30:00 PM,2016 Aug 28 04:30:00 AM,"15,288,717",False,True,False,HISPANIC,1.0,MALE,"95,522"
"111,730",1,22.0,2.0,Passenger car,1,"47,615",2016 Aug 27 05:10:00 AM,2016 Aug 27 10:10:00 AM,"15,288,735",False,True,False,HISPANIC,2.0,FEMALE,"95,552"
"111,735",1,24.0,2.0,Passenger car,1,"47,618",2016 Aug 27 08:00:00 PM,2016 Aug 28 01:00:00 AM,"15,288,738",False,True,False,HISPANIC,2.0,FEMALE,"95,557"
"111,745",1,68.0,3.0,Pedestrian,7,"47,623",2016 Aug 27 10:24:00 PM,2016 Aug 28 03:24:00 AM,"15,288,778",False,True,False,BLACK,1.0,MALE,"95,569"
"111,865",1,27.0,1.0,Bicycle,5,"47,684",2016 Jun 28 09:37:00 PM,2016 Jun 29 02:37:00 AM,"15,291,281",False,True,False,WHITE,1.0,MALE,"95,695"
"111,933",1,78.0,3.0,Passenger car,1,"47,722",2016 Aug 26 03:15:00 PM,2016 Aug 26 08:15:00 PM,"15,291,860",False,True,False,BLACK,2.0,FEMALE,"95,765"
"112,156",1,45.0,3.0,Large passenger vehicle,2,"47,841",2016 Aug 30 01:01:00 PM,2016 Aug 30 06:01:00 PM,"15,293,908",False,True,False,BLACK,1.0,MALE,"96,013"
"112,300",1,17.0,4.0,Pedestrian,7,"47,917",2016 Aug 30 05:00:00 PM,2016 Aug 30 10:00:00 PM,"15,295,756",False,True,False,ASIAN,1.0,MALE,"96,164"
"112,500",1,45.0,1.0,Large passenger vehicle,2,"48,023",2016 Sep 01 08:47:00 AM,2016 Sep 01 01:47:00 PM,"15,298,031",False,True,False,WHITE,2.0,FEMALE,"96,382"
"112,506",4,46.0,3.0,Motorcycle,3,"48,026",2016 Sep 01 11:14:00 AM,2016 Sep 01 04:14:00 PM,"15,298,035",False,True,False,BLACK,1.0,MALE,"96,388"
"112,947",1,28.0,2.0,Large passenger vehicle,2,"48,260",2016 Aug 28 05:00:00 PM,2016 Aug 28 10:00:00 PM,"15,304,901",False,True,False,HISPANIC,1.0,MALE,"96,862"
"113,020",1,34.0,1.0,Large passenger vehicle,2,"48,296",2016 Sep 02 05:52:00 PM,2016 Sep 02 10:52:00 PM,"15,304,966",False,True,False,WHITE,1.0,MALE,"96,940"
"113,237",1,34.0,3.0,Pedestrian,7,"48,410",2016 Sep 06 09:12:00 PM,2016 Sep 07 02:12:00 AM,"15,305,544",False,True,False,BLACK,1.0,MALE,"97,172"
"113,323",1,30.0,1.0,Motorcycle,3,"48,456",2016 Sep 05 02:25:00 PM,2016 Sep 05 07:25:00 PM,"15,306,733",False,True,False,WHITE,1.0,MALE,"97,262"
"113,448",1,27.0,1.0,Passenger car,1,"48,518",2016 Aug 31 08:41:00 AM,2016 Aug 31 01:41:00 PM,"15,309,134",False,True,False,WHITE,2.0,FEMALE,"97,394"
"113,492",1,57.0,1.0,Motorcycle,3,"48,540",2016 Sep 07 05:47:00 AM,2016 Sep 07 10:47:00 AM,"15,309,291",False,True,False,WHITE,1.0,MALE,"97,438"
"113,616",1,57.0,1.0,Large passenger vehicle,2,"48,601",2016 Sep 08 01:45:00 PM,2016 Sep 08 06:45:00 PM,"15,309,482",False,True,False,WHITE,1.0,MALE,"97,568"
"113,800",1,57.0,2.0,Passenger car,1,"48,706",2016 Sep 07 04:20:00 PM,2016 Sep 07 09:20:00 PM,"15,313,007",False,True,False,HISPANIC,2.0,FEMALE,"97,775"
"113,833",1,48.0,1.0,Passenger car,1,"48,725",2016 Sep 09 03:28:00 PM,2016 Sep 09 08:28:00 PM,"15,313,104",False,True,False,WHITE,1.0,MALE,"97,809"
"113,892",1,31.0,1.0,Passenger car,1,"48,753",2016 Sep 10 12:41:00 AM,2016 Sep 10 05:41:00 AM,"15,313,171",False,True,False,WHITE,2.0,FEMALE,"97,869"
"113,921",1,67.0,1.0,Motorcycle,3,"48,769",2016 Sep 10 06:09:00 PM,2016 Sep 10 11:09:00 PM,"15,313,216",False,True,False,WHITE,1.0,MALE,"97,900"
"113,937",1,46.0,2.0,Large passenger vehicle,2,"48,778",2016 Sep 10 08:25:00 PM,2016 Sep 11 01:25:00 AM,"15,313,228",False,True,False,HISPANIC,2.0,FEMALE,"97,917"
"114,039",1,27.0,1.0,Pedestrian,7,"48,830",2016 Sep 12 12:15:00 AM,2016 Sep 12 05:15:00 AM,"15,314,253",False,True,False,WHITE,2.0,FEMALE,"98,026"
"114,160",1,22.0,4.0,Motorcycle,3,"48,891",2016 Sep 11 12:01:00 AM,2016 Sep 11 05:01:00 AM,"15,316,524",False,True,False,ASIAN,2.0,FEMALE,"98,155"
"114,196",1,9.0,1.0,Pedestrian,7,"48,909",2016 Sep 12 05:31:00 PM,2016 Sep 12 10:31:00 PM,"15,316,565",False,True,False,WHITE,1.0,MALE,"98,193"
"114,216",1,,2.0,Pedestrian,7,"48,918",2016 Sep 13 02:20:00 AM,2016 Sep 13 07:20:00 AM,"15,316,574",False,True,False,HISPANIC,1.0,MALE,"98,215"
"114,491",1,54.0,0.0,Motorcycle,3,"49,058",2016 Sep 09 04:00:00 PM,2016 Sep 09 09:00:00 PM,"15,320,404",False,True,False,UNKNOWN,1.0,MALE,"98,504"
"114,497",4,19.0,2.0,Passenger car,1,"49,062",2016 Sep 10 03:58:00 PM,2016 Sep 10 08:58:00 PM,"15,320,408",False,True,False,HISPANIC,1.0,MALE,"98,510"
"114,968",1,26.0,1.0,Passenger car,1,"49,310",2016 Sep 15 04:20:00 PM,2016 Sep 15 09:20:00 PM,"15,326,229",False,True,False,WHITE,1.0,MALE,"99,020"
"115,078",1,61.0,1.0,Large passenger vehicle,2,"49,365",2016 Sep 17 05:20:00 PM,2016 Sep 17 10:20:00 PM,"15,326,471",False,True,False,WHITE,1.0,MALE,"99,137"
"115,453",4,29.0,1.0,Motorcycle,3,"49,569",2016 Aug 30 08:33:00 PM,2016 Aug 31 01:33:00 AM,"15,331,070",False,True,False,WHITE,1.0,MALE,"99,541"
"115,480",4,44.0,1.0,Passenger car,1,"49,582",2016 Sep 10 06:24:00 AM,2016 Sep 10 11:24:00 AM,"15,331,090",False,True,False,WHITE,1.0,MALE,"99,568"
"115,481",1,55.0,1.0,Large passenger vehicle,2,"49,582",2016 Sep 10 06:24:00 AM,2016 Sep 10 11:24:00 AM,"15,331,090",False,True,False,WHITE,1.0,MALE,"99,569"
"115,546",1,30.0,2.0,Passenger car,1,"49,616",2016 Sep 20 08:26:00 AM,2016 Sep 20 01:26:00 PM,"15,331,214",False,True,False,HISPANIC,2.0,FEMALE,"99,636"
"115,821",1,29.0,1.0,Motorcycle,3,"49,756",2016 Sep 20 02:50:00 AM,2016 Sep 20 07:50:00 AM,"15,332,964",False,True,False,WHITE,1.0,MALE,"99,933"
"116,153",4,38.0,2.0,Large passenger vehicle,2,"49,930",2016 Aug 19 08:24:00 PM,2016 Aug 20 01:24:00 AM,"15,339,720",False,True,False,HISPANIC,1.0,MALE,"100,281"
"116,167",1,32.0,1.0,Motorcycle,3,"49,939",2016 Sep 17 04:10:00 AM,2016 Sep 17 09:10:00 AM,"15,339,729",False,True,False,WHITE,1.0,MALE,"100,296"
"116,379",1,24.0,1.0,Passenger car,1,"50,045",2016 Sep 24 07:08:00 PM,2016 Sep 25 12:08:00 AM,"15,340,140",False,True,False,WHITE,1.0,MALE,"100,515"
"116,455",1,40.0,1.0,Passenger car,1,"50,092",2016 Sep 26 11:28:00 AM,2016 Sep 26 04:28:00 PM,"15,340,306",False,True,False,WHITE,2.0,FEMALE,"100,597"
"116,666",1,47.0,3.0,Passenger car,1,"50,203",2016 Sep 26 09:25:00 PM,2016 Sep 27 02:25:00 AM,"15,342,836",False,True,False,BLACK,1.0,MALE,"100,822"
"116,799",1,27.0,1.0,Bicycle,5,"50,271",2016 Sep 11 08:47:00 PM,2016 Sep 12 01:47:00 AM,"15,344,138",False,True,False,WHITE,1.0,MALE,"100,963"
"117,101",1,59.0,1.0,Passenger car,1,"50,424",2016 Sep 29 01:53:00 PM,2016 Sep 29 06:53:00 PM,"15,346,993",False,True,False,WHITE,2.0,FEMALE,"101,291"
"117,469",1,40.0,3.0,Passenger car,1,"50,623",2016 Oct 01 12:34:00 PM,2016 Oct 01 05:34:00 PM,"15,353,069",False,True,False,BLACK,2.0,FEMALE,"101,681"
"117,638",1,19.0,2.0,Large passenger vehicle,2,"50,711",2016 Oct 02 04:47:00 AM,2016 Oct 02 09:47:00 AM,"15,353,418",False,True,False,HISPANIC,1.0,MALE,"101,855"
"117,798",1,52.0,3.0,Passenger car,1,"50,795",2016 Sep 19 08:03:00 PM,2016 Sep 20 01:03:00 AM,"15,355,509",False,True,False,BLACK,2.0,FEMALE,"102,023"
"117,799",1,50.0,3.0,Large passenger vehicle,2,"50,795",2016 Sep 19 08:03:00 PM,2016 Sep 20 01:03:00 AM,"15,355,509",False,True,False,BLACK,2.0,FEMALE,"102,024"
"118,074",1,42.0,3.0,Passenger car,1,"50,939",2016 Oct 03 05:27:00 PM,2016 Oct 03 10:27:00 PM,"15,359,355",False,True,False,BLACK,1.0,MALE,"102,311"
"118,085",1,49.0,1.0,Motorcycle,3,"50,943",2016 Oct 03 08:42:00 PM,2016 Oct 04 01:42:00 AM,"15,359,359",False,True,False,WHITE,1.0,MALE,"102,322"
"118,094",1,27.0,1.0,Motorcycle,3,"50,946",2016 Oct 03 07:45:00 PM,2016 Oct 04 12:45:00 AM,"15,359,362",False,True,False,WHITE,1.0,MALE,"102,331"
"118,126",1,27.0,1.0,Passenger car,1,"50,963",2016 Oct 04 06:39:00 AM,2016 Oct 04 11:39:00 AM,"15,359,435",False,True,False,WHITE,1.0,MALE,"102,364"
"118,145",1,44.0,1.0,Bicycle,5,"50,973",2016 Oct 04 06:12:00 PM,2016 Oct 04 11:12:00 PM,"15,359,445",False,True,False,WHITE,1.0,MALE,"102,384"
"118,150",1,29.0,1.0,Large passenger vehicle,2,"50,975",2016 Oct 04 05:41:00 PM,2016 Oct 04 10:41:00 PM,"15,359,447",False,True,False,WHITE,1.0,MALE,"102,389"
"118,192",1,33.0,1.0,Bicycle,5,"50,995",2016 Oct 05 06:35:00 AM,2016 Oct 05 11:35:00 AM,"15,359,492",False,True,False,WHITE,1.0,MALE,"102,434"
"118,339",1,47.0,3.0,Large passenger vehicle,2,"51,073",2016 Oct 05 02:54:00 PM,2016 Oct 05 07:54:00 PM,"15,361,231",False,True,False,BLACK,1.0,MALE,"102,592"
"118,340",1,47.0,3.0,Other/Unknown,9,"51,073",2016 Oct 05 02:54:00 PM,2016 Oct 05 07:54:00 PM,"15,361,231",False,True,False,BLACK,1.0,MALE,"102,593"
"118,477",1,22.0,4.0,Motorcycle,3,"51,140",2016 Sep 30 01:09:00 PM,2016 Sep 30 06:09:00 PM,"15,361,926",False,True,False,ASIAN,1.0,MALE,"102,733"
"118,798",1,50.0,2.0,Large passenger vehicle,2,"51,305",2016 Oct 09 02:13:00 AM,2016 Oct 09 07:13:00 AM,"15,365,857",False,True,False,HISPANIC,2.0,FEMALE,"103,072"
"118,813",1,34.0,3.0,Passenger car,1,"51,312",2016 Oct 09 07:02:00 AM,2016 Oct 09 12:02:00 PM,"15,365,890",False,True,False,BLACK,1.0,MALE,"103,087"
"118,977",4,32.0,0.0,Motorcycle,3,"51,406",2016 Sep 28 02:15:00 AM,2016 Sep 28 07:15:00 AM,"15,368,162",False,True,False,UNKNOWN,1.0,MALE,"103,264"
"119,021",1,68.0,1.0,Large passenger vehicle,2,"51,427",2016 Oct 06 05:21:00 AM,2016 Oct 06 10:21:00 AM,"15,368,331",False,True,False,WHITE,2.0,FEMALE,"103,308"
"119,052",1,55.0,2.0,Passenger car,1,"51,444",2016 Oct 09 09:50:00 AM,2016 Oct 09 02:50:00 PM,"15,368,348",False,True,False,HISPANIC,1.0,MALE,"103,342"
"119,428",4,34.0,2.0,Passenger car,1,"51,628",2016 Oct 02 12:19:00 AM,2016 Oct 02 05:19:00 AM,"15,371,948",False,True,False,HISPANIC,1.0,MALE,"103,738"
"119,437",1,48.0,1.0,Large passenger vehicle,2,"51,633",2016 Oct 06 10:20:00 AM,2016 Oct 06 03:20:00 PM,"15,372,092",False,True,False,WHITE,1.0,MALE,"103,748"
"119,481",1,17.0,2.0,Large passenger vehicle,2,"51,656",2016 Oct 12 08:21:00 AM,2016 Oct 12 01:21:00 PM,"15,372,115",False,True,False,HISPANIC,1.0,MALE,"103,796"
"119,558",4,,2.0,Large passenger vehicle,2,"51,693",2016 Oct 12 11:53:00 PM,2016 Oct 13 04:53:00 AM,"15,372,459",False,True,False,HISPANIC,1.0,MALE,"103,880"
"119,850",1,21.0,1.0,Motorcycle,3,"51,852",2016 Oct 13 02:54:00 PM,2016 Oct 13 07:54:00 PM,"15,378,830",False,True,False,WHITE,1.0,MALE,"104,193"
"120,020",1,38.0,2.0,Motorcycle,3,"51,939",2016 Oct 11 07:34:00 PM,2016 Oct 12 12:34:00 AM,"15,381,626",False,True,False,HISPANIC,1.0,MALE,"104,376"
"120,033",1,53.0,1.0,Passenger car,1,"51,947",2016 Oct 12 03:29:00 PM,2016 Oct 12 08:29:00 PM,"15,381,635",False,True,False,WHITE,2.0,FEMALE,"104,391"
"120,185",1,32.0,1.0,Pedestrian,7,"52,026",2016 Oct 16 04:01:00 PM,2016 Oct 16 09:01:00 PM,"15,381,827",False,True,False,WHITE,1.0,MALE,"104,552"
"120,221",4,53.0,1.0,Pedestrian,7,"52,049",2016 Sep 18 09:55:00 PM,2016 Sep 19 02:55:00 AM,"15,382,117",False,True,False,WHITE,1.0,MALE,"104,589"
"120,233",1,57.0,1.0,Bicycle,5,"52,055",2016 Oct 16 09:26:00 AM,2016 Oct 16 02:26:00 PM,"15,382,127",False,True,False,WHITE,2.0,FEMALE,"104,601"
"120,260",1,53.0,1.0,Motorcycle,3,"52,069",2016 Oct 16 03:33:00 PM,2016 Oct 16 08:33:00 PM,"15,382,154",False,True,False,WHITE,1.0,MALE,"104,628"
"120,266",1,52.0,3.0,Passenger car,1,"52,072",2016 Sep 15 05:47:00 PM,2016 Sep 15 10:47:00 PM,"15,382,182",False,True,False,BLACK,2.0,FEMALE,"104,634"
"120,311",4,66.0,1.0,Large passenger vehicle,2,"52,093",2016 Oct 13 08:39:00 AM,2016 Oct 13 01:39:00 PM,"15,382,205",False,True,False,WHITE,1.0,MALE,"104,681"
"121,142",1,19.0,2.0,Large passenger vehicle,2,"52,517",2016 Sep 18 04:52:00 AM,2016 Sep 18 09:52:00 AM,"15,391,887",False,True,False,HISPANIC,1.0,MALE,"105,560"
"121,442",1,38.0,2.0,Passenger car,1,"52,672",2016 Oct 25 02:18:00 PM,2016 Oct 25 07:18:00 PM,"15,396,251",False,True,False,HISPANIC,1.0,MALE,"105,874"
"121,471",1,33.0,1.0,Motorcycle,3,"52,685",2016 Oct 25 02:18:00 PM,2016 Oct 25 07:18:00 PM,"15,396,264",False,True,False,WHITE,1.0,MALE,"105,903"
"121,510",1,29.0,3.0,Passenger car,1,"52,706",2016 Mar 17 12:31:00 AM,2016 Mar 17 05:31:00 AM,"15,396,712",False,True,False,BLACK,1.0,MALE,"105,944"
"121,685",1,21.0,1.0,Pedestrian,7,"52,794",2016 Oct 16 06:43:00 PM,2016 Oct 16 11:43:00 PM,"15,396,951",False,True,False,WHITE,1.0,MALE,"106,136"
"121,712",4,20.0,2.0,Passenger car,1,"52,807",2016 Oct 19 02:23:00 AM,2016 Oct 19 07:23:00 AM,"15,397,011",False,True,False,HISPANIC,2.0,FEMALE,"106,163"
"121,893",1,25.0,1.0,Bicycle,5,"52,892",2016 Oct 21 07:50:00 PM,2016 Oct 22 12:50:00 AM,"15,397,208",False,True,False,WHITE,1.0,MALE,"106,350"
"122,290",4,21.0,1.0,Passenger car,1,"53,105",2016 Oct 26 03:20:00 AM,2016 Oct 26 08:20:00 AM,"15,400,832",False,True,False,WHITE,1.0,MALE,"106,775"
"122,301",4,22.0,1.0,Passenger car,1,"53,111",2016 Oct 26 12:07:00 PM,2016 Oct 26 05:07:00 PM,"15,400,838",False,True,False,WHITE,1.0,MALE,"106,786"
"122,302",1,49.0,1.0,Passenger car,1,"53,111",2016 Oct 26 12:07:00 PM,2016 Oct 26 05:07:00 PM,"15,400,838",False,True,False,WHITE,2.0,FEMALE,"106,787"
"122,318",1,59.0,1.0,Pedestrian,7,"53,119",2016 Oct 26 04:15:00 PM,2016 Oct 26 09:15:00 PM,"15,400,846",False,True,False,WHITE,1.0,MALE,"106,803"
"123,335",1,48.0,3.0,Large passenger vehicle,2,"53,657",2016 Nov 01 04:51:00 AM,2016 Nov 01 09:51:00 AM,"15,411,897",False,True,False,BLACK,1.0,MALE,"107,888"
"123,401",1,19.0,1.0,Motorcycle,3,"53,686",2016 Nov 01 06:55:00 PM,2016 Nov 01 11:55:00 PM,"15,411,953",False,True,False,WHITE,1.0,MALE,"107,960"
"123,408",1,23.0,1.0,Motorcycle,3,"53,690",2016 Nov 01 05:55:00 PM,2016 Nov 01 10:55:00 PM,"15,411,957",False,True,False,WHITE,1.0,MALE,"107,967"
"123,476",1,72.0,1.0,Passenger car,1,"53,728",2016 Nov 03 06:59:00 AM,2016 Nov 03 11:59:00 AM,"15,412,021",False,True,False,WHITE,2.0,FEMALE,"108,040"
"123,546",1,43.0,3.0,Large passenger vehicle,2,"53,762",2016 Nov 03 08:05:00 AM,2016 Nov 03 01:05:00 PM,"15,412,571",False,True,False,BLACK,1.0,MALE,"108,112"
"123,684",4,32.0,1.0,Motorcycle,3,"53,833",2016 Sep 19 05:47:00 PM,2016 Sep 19 10:47:00 PM,"15,414,221",False,True,False,WHITE,2.0,FEMALE,"108,257"
"123,685",4,33.0,1.0,Passenger car,1,"53,834",2016 Oct 15 03:27:00 AM,2016 Oct 15 08:27:00 AM,"15,414,222",False,True,False,WHITE,1.0,MALE,"108,258"
"124,132",4,34.0,1.0,Bicycle,5,"54,073",2016 Nov 05 07:20:00 AM,2016 Nov 05 12:20:00 PM,"15,418,213",False,True,False,WHITE,1.0,MALE,"108,728"
"124,601",1,34.0,,Passenger car,1,"54,325",2016 Nov 07 09:58:00 PM,2016 Nov 08 03:58:00 AM,"15,426,268",False,True,False,,1.0,MALE,"109,230"
"124,620",1,27.0,2.0,Passenger car,1,"54,333",2016 Nov 08 10:56:00 AM,2016 Nov 08 04:56:00 PM,"15,426,277",False,True,False,HISPANIC,1.0,MALE,"109,249"
"124,681",1,62.0,2.0,Pedestrian,7,"54,364",2016 Nov 08 08:58:00 PM,2016 Nov 09 02:58:00 AM,"15,426,340",False,True,False,HISPANIC,1.0,MALE,"109,315"
"124,691",4,53.0,5.0,Pedestrian,7,"54,368",2016 Nov 08 06:56:00 PM,2016 Nov 09 12:56:00 AM,"15,426,345",False,True,False,OTHER,1.0,MALE,"109,325"
"125,120",1,48.0,1.0,Passenger car,1,"54,606",2016 Nov 06 07:30:00 PM,2016 Nov 07 01:30:00 AM,"15,432,168",False,True,False,WHITE,1.0,MALE,"109,783"
"125,128",1,21.0,2.0,Large passenger vehicle,2,"54,611",2016 Nov 07 02:23:00 AM,2016 Nov 07 08:23:00 AM,"15,432,187",False,True,False,HISPANIC,2.0,FEMALE,"109,791"
"125,207",1,51.0,1.0,Passenger car,1,"54,653",2016 Nov 11 10:00:00 AM,2016 Nov 11 04:00:00 PM,"15,432,326",False,True,False,WHITE,1.0,MALE,"109,876"
"125,233",1,49.0,1.0,Passenger car,1,"54,665",2016 Nov 11 03:40:00 PM,2016 Nov 11 09:40:00 PM,"15,432,356",False,True,False,WHITE,1.0,MALE,"109,903"
"125,253",4,63.0,1.0,Motorcycle,3,"54,674",2016 Nov 11 07:33:00 PM,2016 Nov 12 01:33:00 AM,"15,432,418",False,True,False,WHITE,1.0,MALE,"109,923"
"125,581",1,33.0,2.0,Passenger car,1,"54,834",2016 Nov 12 03:32:00 PM,2016 Nov 12 09:32:00 PM,"15,435,354",False,True,False,HISPANIC,2.0,FEMALE,"110,265"
"125,953",1,25.0,2.0,Pedestrian,7,"55,032",2016 Nov 16 11:45:00 PM,2016 Nov 17 05:45:00 AM,"15,441,585",False,True,False,HISPANIC,1.0,MALE,"110,658"
"126,209",1,25.0,3.0,Passenger car,1,"55,167",2016 Nov 17 11:29:00 AM,2016 Nov 17 05:29:00 PM,"15,446,019",False,True,False,BLACK,2.0,FEMALE,"110,930"
"126,221",1,29.0,3.0,Passenger car,1,"55,174",2016 Oct 19 05:25:00 AM,2016 Oct 19 10:25:00 AM,"15,446,072",False,True,False,BLACK,2.0,FEMALE,"110,943"
"126,240",1,38.0,3.0,Bicycle,5,"55,184",2016 Nov 08 06:58:00 PM,2016 Nov 09 12:58:00 AM,"15,446,082",False,True,False,BLACK,2.0,FEMALE,"110,962"
"126,242",1,38.0,2.0,Large passenger vehicle,2,"55,185",2016 Nov 08 03:05:00 PM,2016 Nov 08 09:05:00 PM,"15,446,083",False,True,False,HISPANIC,1.0,MALE,"110,964"
"126,327",1,51.0,0.0,Passenger car,1,"55,233",2016 Nov 14 04:49:00 PM,2016 Nov 14 10:49:00 PM,"15,446,244",False,True,False,UNKNOWN,1.0,MALE,"111,063"
"126,374",1,29.0,1.0,Pedestrian,7,"55,257",2016 Nov 15 05:10:00 PM,2016 Nov 15 11:10:00 PM,"15,446,326",False,True,False,WHITE,1.0,MALE,"111,111"
"126,420",1,27.0,2.0,Large passenger vehicle,2,"55,276",2016 Nov 16 02:27:00 AM,2016 Nov 16 08:27:00 AM,"15,446,346",False,True,False,HISPANIC,1.0,MALE,"111,159"
"126,422",4,61.0,3.0,Pedestrian,7,"55,277",2016 Nov 16 05:51:00 AM,2016 Nov 16 11:51:00 AM,"15,446,399",False,True,False,BLACK,1.0,MALE,"111,161"
"126,555",1,32.0,1.0,Passenger car,1,"55,341",2016 Nov 18 11:29:00 PM,2016 Nov 19 05:29:00 AM,"15,446,528",False,True,False,WHITE,1.0,MALE,"111,300"
"126,607",1,18.0,2.0,Large passenger vehicle,2,"55,370",2016 Nov 19 02:30:00 AM,2016 Nov 19 08:30:00 AM,"15,446,605",False,True,False,HISPANIC,1.0,MALE,"111,357"
"126,674",1,29.0,2.0,Large passenger vehicle,2,"55,406",2016 Nov 20 12:32:00 AM,2016 Nov 20 06:32:00 AM,"15,446,702",False,True,False,HISPANIC,1.0,MALE,"111,430"
"126,857",1,22.0,1.0,Motorcycle,3,"55,506",2016 Nov 21 01:57:00 PM,2016 Nov 21 07:57:00 PM,"15,448,831",False,True,False,WHITE,1.0,MALE,"111,635"
"126,870",1,19.0,2.0,Passenger car,1,"55,512",2016 Nov 21 07:02:00 PM,2016 Nov 22 01:02:00 AM,"15,448,838",False,True,False,HISPANIC,2.0,FEMALE,"111,648"
"127,383",1,31.0,1.0,Bicycle,5,"55,788",2016 Nov 19 11:19:00 AM,2016 Nov 19 05:19:00 PM,"15,456,998",False,True,False,WHITE,1.0,MALE,"112,187"
"127,445",4,39.0,1.0,Motorcycle,3,"55,821",2016 Nov 11 08:25:00 PM,2016 Nov 12 02:25:00 AM,"15,457,782",False,True,False,WHITE,1.0,MALE,"112,250"
"127,665",4,40.0,1.0,Pedestrian,7,"55,941",2016 Nov 24 06:37:00 PM,2016 Nov 25 12:37:00 AM,"15,461,739",False,True,False,WHITE,2.0,FEMALE,"112,486"
"127,800",1,75.0,2.0,Large passenger vehicle,2,"56,007",2016 Nov 29 05:00:00 AM,2016 Nov 29 11:00:00 AM,"15,461,931",False,True,False,HISPANIC,1.0,MALE,"112,627"
"127,888",1,49.0,2.0,Large passenger vehicle,2,"56,052",2016 Nov 23 07:53:00 PM,2016 Nov 24 01:53:00 AM,"15,462,316",False,True,False,HISPANIC,2.0,FEMALE,"112,722"
"127,891",1,28.0,2.0,Passenger car,1,"56,054",2016 Nov 24 01:11:00 PM,2016 Nov 24 07:11:00 PM,"15,462,318",False,True,False,HISPANIC,1.0,MALE,"112,727"
"128,171",1,23.0,2.0,Large passenger vehicle,2,"56,196",2016 Nov 24 11:24:00 PM,2016 Nov 25 05:24:00 AM,"15,464,553",False,True,False,HISPANIC,1.0,MALE,"113,027"
"128,178",4,22.0,1.0,Passenger car,1,"56,201",2016 Nov 25 05:18:00 PM,2016 Nov 25 11:18:00 PM,"15,464,558",False,True,False,WHITE,1.0,MALE,"113,034"
"128,224",1,34.0,2.0,Large passenger vehicle,2,"56,228",2016 Nov 27 03:57:00 PM,2016 Nov 27 09:57:00 PM,"15,464,599",False,True,False,HISPANIC,2.0,FEMALE,"113,086"
"128,225",1,33.0,2.0,Motorcycle,3,"56,229",2016 Nov 27 05:01:00 PM,2016 Nov 27 11:01:00 PM,"15,464,600",False,True,False,HISPANIC,1.0,MALE,"113,087"
"129,040",4,69.0,3.0,Pedestrian,7,"56,679",2016 Nov 29 05:53:00 PM,2016 Nov 29 11:53:00 PM,"15,474,023",False,True,False,BLACK,1.0,MALE,"113,955"
"129,219",1,20.0,2.0,Pedestrian,7,"56,773",2016 Dec 05 06:20:00 PM,2016 Dec 06 12:20:00 AM,"15,476,362",False,True,False,HISPANIC,1.0,MALE,"114,142"
"129,254",1,36.0,1.0,Motorcycle,3,"56,789",2016 Nov 25 01:31:00 AM,2016 Nov 25 07:31:00 AM,"15,476,412",False,True,False,WHITE,1.0,MALE,"114,178"
"129,266",1,64.0,1.0,Passenger car,1,"56,796",2016 Dec 01 12:56:00 PM,2016 Dec 01 06:56:00 PM,"15,476,419",False,True,False,WHITE,2.0,FEMALE,"114,190"
"129,363",1,25.0,3.0,Pedestrian,7,"56,846",2016 Dec 05 12:33:00 PM,2016 Dec 05 06:33:00 PM,"15,476,522",False,True,False,BLACK,1.0,MALE,"114,290"
"129,696",1,79.0,1.0,Passenger car,1,"57,037",2016 Dec 05 02:14:00 PM,2016 Dec 05 08:14:00 PM,"15,480,340",False,True,False,WHITE,2.0,FEMALE,"114,645"
"129,752",4,31.0,2.0,Large passenger vehicle,2,"57,064",2016 Dec 07 08:22:00 AM,2016 Dec 07 02:22:00 PM,"15,480,638",False,True,False,HISPANIC,1.0,MALE,"114,704"
"129,799",1,21.0,2.0,Passenger car,1,"57,087",2016 Dec 05 03:35:00 PM,2016 Dec 05 09:35:00 PM,"15,480,680",False,True,False,HISPANIC,2.0,FEMALE,"114,754"
"129,826",1,23.0,3.0,Passenger car,1,"57,102",2016 Dec 07 09:20:00 PM,2016 Dec 08 03:20:00 AM,"15,480,704",False,True,False,BLACK,1.0,MALE,"114,784"
"129,840",1,21.0,2.0,Large passenger vehicle,2,"57,110",2016 Dec 08 12:23:00 AM,2016 Dec 08 06:23:00 AM,"15,480,713",False,True,False,HISPANIC,1.0,MALE,"114,802"
"129,875",1,47.0,1.0,Passenger car,1,"57,129",2016 Dec 08 04:43:00 PM,2016 Dec 08 10:43:00 PM,"15,480,742",False,True,False,WHITE,1.0,MALE,"114,841"
"129,877",1,25.0,1.0,Passenger car,1,"57,130",2016 Dec 08 06:00:00 PM,2016 Dec 09 12:00:00 AM,"15,480,743",False,True,False,WHITE,2.0,FEMALE,"114,843"
"130,110",1,69.0,1.0,Passenger car,1,"57,260",2016 Dec 10 08:28:00 PM,2016 Dec 11 02:28:00 AM,"15,483,755",False,True,False,WHITE,1.0,MALE,"115,086"
"130,314",4,38.0,1.0,Pedestrian,7,"57,367",2016 Nov 23 03:36:00 AM,2016 Nov 23 09:36:00 AM,"15,484,728",False,True,False,WHITE,2.0,FEMALE,"115,300"
"130,673",1,50.0,1.0,Motorcycle,3,"57,551",2016 Dec 10 05:52:00 PM,2016 Dec 10 11:52:00 PM,"15,489,478",False,True,False,WHITE,1.0,MALE,"115,675"
"130,729",1,26.0,1.0,Motorcycle,3,"57,579",2016 Dec 12 10:39:00 PM,2016 Dec 13 04:39:00 AM,"15,489,515",False,True,False,WHITE,1.0,MALE,"115,731"
"130,759",1,26.0,3.0,Large passenger vehicle,2,"57,591",2016 Dec 13 11:18:00 AM,2016 Dec 13 05:18:00 PM,"15,489,527",False,True,False,BLACK,2.0,FEMALE,"115,762"
"130,857",1,29.0,1.0,Pedestrian,7,"57,640",2016 Dec 14 10:00:00 AM,2016 Dec 14 04:00:00 PM,"15,489,627",False,True,False,WHITE,1.0,MALE,"115,863"
"130,994",1,33.0,1.0,Passenger car,1,"57,719",2016 Dec 13 11:57:00 AM,2016 Dec 13 05:57:00 PM,"15,491,412",False,True,False,WHITE,2.0,FEMALE,"116,004"
"131,222",1,30.0,1.0,Pedestrian,7,"57,839",2016 Dec 15 06:00:00 PM,2016 Dec 16 12:00:00 AM,"15,493,394",False,True,False,WHITE,1.0,MALE,"116,255"
"131,250",1,23.0,1.0,Passenger car,1,"57,853",2016 Dec 15 01:51:00 PM,2016 Dec 15 07:51:00 PM,"15,493,408",False,True,False,WHITE,1.0,MALE,"116,286"
"131,489",1,61.0,1.0,Motorcycle,3,"57,979",2016 Dec 17 03:06:00 PM,2016 Dec 17 09:06:00 PM,"15,497,298",False,True,False,WHITE,1.0,MALE,"116,538"
"131,552",1,25.0,3.0,Bicycle,5,"58,015",2016 Dec 19 09:29:00 PM,2016 Dec 20 03:29:00 AM,"15,498,904",False,True,False,BLACK,1.0,MALE,"116,609"
"131,586",4,49.0,1.0,Pedestrian,7,"58,034",2016 Nov 29 12:39:00 PM,2016 Nov 29 06:39:00 PM,"15,498,966",False,True,False,WHITE,1.0,MALE,"116,646"
"131,697",1,54.0,2.0,Bicycle,5,"58,096",2016 Dec 16 07:35:00 PM,2016 Dec 17 01:35:00 AM,"15,499,141",False,True,False,HISPANIC,1.0,MALE,"116,766"
"131,890",1,66.0,1.0,Passenger car,1,"58,202",2016 Dec 07 09:40:00 PM,2016 Dec 08 03:40:00 AM,"15,499,633",False,True,False,WHITE,2.0,FEMALE,"116,974"
"132,062",1,58.0,2.0,Bicycle,5,"58,293",2016 Dec 03 06:00:00 PM,2016 Dec 04 12:00:00 AM,"15,502,616",False,True,False,HISPANIC,1.0,MALE,"117,156"
"132,081",1,27.0,2.0,Passenger car,1,"58,304",2016 Dec 14 07:41:00 PM,2016 Dec 15 01:41:00 AM,"15,502,628",False,True,False,HISPANIC,1.0,MALE,"117,177"
"132,158",4,36.0,1.0,Passenger car,1,"58,342",2016 Dec 21 05:47:00 AM,2016 Dec 21 11:47:00 AM,"15,502,734",False,True,False,WHITE,1.0,MALE,"117,261"
"132,169",4,53.0,1.0,Pedestrian,7,"58,347",2016 Dec 21 04:13:00 PM,2016 Dec 21 10:13:00 PM,"15,502,739",False,True,False,WHITE,1.0,MALE,"117,273"
"132,526",1,27.0,,Large passenger vehicle,2,"58,549",2016 Dec 18 10:35:00 PM,2016 Dec 19 04:35:00 AM,"15,508,891",False,True,False,,1.0,MALE,"117,647"
"132,619",1,50.0,2.0,Large passenger vehicle,2,"58,595",2016 Dec 22 03:03:00 PM,2016 Dec 22 09:03:00 PM,"15,509,035",False,True,False,HISPANIC,1.0,MALE,"117,744"
"132,670",1,31.0,3.0,Passenger car,1,"58,619",2016 Dec 23 02:56:00 AM,2016 Dec 23 08:56:00 AM,"15,509,088",False,True,False,BLACK,1.0,MALE,"117,798"
"132,734",1,27.0,3.0,Passenger car,1,"58,654",2016 Dec 24 12:23:00 AM,2016 Dec 24 06:23:00 AM,"15,509,142",False,True,False,BLACK,1.0,MALE,"117,864"
"132,754",1,,2.0,Pedestrian,7,"58,666",2016 Dec 24 08:39:00 AM,2016 Dec 24 02:39:00 PM,"15,509,183",False,True,False,HISPANIC,1.0,MALE,"117,884"
"132,791",1,20.0,2.0,Large passenger vehicle,2,"58,683",2016 Dec 25 03:25:00 AM,2016 Dec 25 09:25:00 AM,"15,509,200",False,True,False,HISPANIC,1.0,MALE,"117,923"
"132,848",1,40.0,2.0,Passenger car,1,"58,715",2016 Dec 27 06:19:00 AM,2016 Dec 27 12:19:00 PM,"15,509,285",False,True,False,HISPANIC,1.0,MALE,"117,983"
"132,857",1,,3.0,Pedestrian,7,"58,720",2016 Dec 27 06:58:00 AM,2016 Dec 27 12:58:00 PM,"15,509,290",False,True,False,BLACK,1.0,MALE,"117,992"
"132,952",4,46.0,1.0,Pedestrian,7,"58,773",2016 Dec 20 10:10:00 AM,2016 Dec 20 04:10:00 PM,"15,511,421",False,True,False,WHITE,1.0,MALE,"118,092"
"132,956",4,25.0,0.0,Pedestrian,7,"58,774",2016 Dec 23 10:10:00 PM,2016 Dec 24 04:10:00 AM,"15,511,440",False,True,False,UNKNOWN,2.0,FEMALE,"118,096"
"133,003",1,21.0,3.0,Pedestrian,7,"58,804",2016 May 17 09:56:00 AM,2016 May 17 02:56:00 PM,"15,512,702",False,True,False,BLACK,1.0,MALE,"118,147"
"133,102",1,47.0,2.0,Passenger car,1,"58,856",2016 Dec 22 07:15:00 PM,2016 Dec 23 01:15:00 AM,"15,512,832",False,True,False,HISPANIC,1.0,MALE,"118,251"
"133,105",1,37.0,1.0,Large passenger vehicle,2,"58,857",2016 Dec 22 03:58:00 PM,2016 Dec 22 09:58:00 PM,"15,512,833",False,True,False,WHITE,1.0,MALE,"118,254"
"133,122",1,42.0,3.0,Pedestrian,7,"58,867",2016 Dec 24 10:23:00 PM,2016 Dec 25 04:23:00 AM,"15,512,843",False,True,False,BLACK,2.0,FEMALE,"118,273"
"133,125",1,34.0,3.0,Passenger car,1,"58,869",2016 Dec 24 01:49:00 AM,2016 Dec 24 07:49:00 AM,"15,512,845",False,True,False,BLACK,1.0,MALE,"118,276"
"133,153",1,38.0,1.0,Motorcycle,3,"58,883",2016 Dec 27 04:23:00 PM,2016 Dec 27 10:23:00 PM,"15,512,882",False,True,False,WHITE,1.0,MALE,"118,308"
"133,329",1,31.0,1.0,Large passenger vehicle,2,"58,978",2016 Dec 16 04:10:00 PM,2016 Dec 16 10:10:00 PM,"15,514,307",False,True,False,WHITE,1.0,MALE,"118,495"
"133,583",1,80.0,1.0,Passenger car,1,"59,109",2016 Dec 29 10:53:00 AM,2016 Dec 29 04:53:00 PM,"15,519,155",False,True,False,WHITE,2.0,FEMALE,"118,770"
"133,584",1,19.0,1.0,Large passenger vehicle,2,"59,109",2016 Dec 29 10:53:00 AM,2016 Dec 29 04:53:00 PM,"15,519,155",False,True,False,WHITE,2.0,FEMALE,"118,771"
"133,618",1,33.0,2.0,Large passenger vehicle,2,"59,127",2016 Dec 30 09:47:00 PM,2016 Dec 31 03:47:00 AM,"15,519,228",False,True,False,HISPANIC,2.0,FEMALE,"118,807"
"133,628",4,52.0,1.0,Pedestrian,7,"59,132",2016 Nov 25 05:58:00 PM,2016 Nov 25 11:58:00 PM,"15,519,580",False,True,False,WHITE,1.0,MALE,"118,817"
"133,679",1,65.0,2.0,Large passenger vehicle,2,"59,157",2016 Dec 30 12:07:00 PM,2016 Dec 30 06:07:00 PM,"15,521,857",False,True,False,HISPANIC,2.0,FEMALE,"118,873"
"133,733",1,20.0,1.0,Passenger car,1,"59,187",2016 Sep 29 06:02:00 PM,2016 Sep 29 11:02:00 PM,"15,522,985",False,True,False,WHITE,2.0,FEMALE,"118,934"
"134,066",1,56.0,2.0,Motorcycle,3,"59,371",2016 Jul 24 01:25:00 AM,2016 Jul 24 06:25:00 AM,"15,532,686",False,True,False,HISPANIC,1.0,MALE,"119,287"
"134,100",1,49.0,1.0,Pedestrian,7,"59,389",2016 Aug 23 12:18:00 PM,2016 Aug 23 05:18:00 PM,"15,534,461",False,True,False,WHITE,1.0,MALE,"119,322"
"134,212",1,42.0,1.0,Passenger car,1,"59,454",2016 Oct 20 11:39:00 PM,2016 Oct 21 04:39:00 AM,"15,541,139",False,True,False,WHITE,1.0,MALE,"119,446"
"134,349",1,67.0,2.0,Pedestrian,7,"59,528",2016 Dec 06 07:17:00 PM,2016 Dec 07 01:17:00 AM,"15,551,224",False,True,False,HISPANIC,2.0,FEMALE,"119,589"
"134,357",1,63.0,1.0,Bicycle,5,"59,531",2016 Dec 28 07:28:00 PM,2016 Dec 29 01:28:00 AM,"15,551,227",False,True,False,WHITE,1.0,MALE,"119,597"
"134,358",4,29.0,2.0,Passenger car,1,"59,532",2016 Nov 22 07:32:00 PM,2016 Nov 23 01:32:00 AM,"15,551,497",False,True,False,HISPANIC,2.0,FEMALE,"119,598"
"134,377",1,50.0,1.0,Motor vehicle – other,4,"59,542",2016 Aug 28 03:48:00 PM,2016 Aug 28 08:48:00 PM,"15,551,813",False,True,False,WHITE,1.0,MALE,"119,618"
"134,436",1,30.0,2.0,Large passenger vehicle,2,"59,572",2016 Nov 29 07:42:00 PM,2016 Nov 30 01:42:00 AM,"15,562,290",False,True,False,HISPANIC,1.0,MALE,"119,679"
"134,460",1,66.0,1.0,Pedestrian,7,"59,584",2016 Dec 30 11:16:00 PM,2016 Dec 31 05:16:00 AM,"15,570,047",False,True,False,WHITE,2.0,FEMALE,"119,707"
"134,520",4,57.0,1.0,Pedestrian,7,"59,612",2016 Nov 06 08:40:00 PM,2016 Nov 07 02:40:00 AM,"15,577,380",False,True,False,WHITE,1.0,MALE,"119,768"
"134,632",1,51.0,1.0,Motorcycle,3,"59,672",2016 Feb 14 06:49:00 PM,2016 Feb 15 12:49:00 AM,"15,590,114",False,True,False,WHITE,1.0,MALE,"119,889"
"134,826",1,37.0,1.0,Motorcycle,3,"59,783",2016 Aug 25 08:31:00 PM,2016 Aug 26 01:31:00 AM,"15,942,268",False,True,False,WHITE,1.0,MALE,"120,103"
"134,874",1,51.0,2.0,Passenger car,1,"59,812",2016 Dec 17 07:45:00 PM,2016 Dec 18 01:45:00 AM,"16,221,047",False,True,False,HISPANIC,1.0,MALE,"120,155"
"135,661",1,3.0,2.0,Passenger car,1,"28,238",2016 Jan 03 09:36:00 PM,2016 Jan 04 03:36:00 AM,"14,867,741",False,False,False,HISPANIC,1.0,MALE,"56,361"
"135,662",1,5.0,2.0,Passenger car,1,"28,238",2016 Jan 03 09:36:00 PM,2016 Jan 04 03:36:00 AM,"14,867,741",False,False,False,HISPANIC,1.0,MALE,"56,361"
"135,663",1,27.0,2.0,Large passenger vehicle,2,"28,238",2016 Jan 03 09:36:00 PM,2016 Jan 04 03:36:00 AM,"14,867,741",False,False,False,HISPANIC,1.0,MALE,"56,362"
"135,859",1,42.0,1.0,Motorcycle,3,"28,547",2016 Jan 20 06:36:00 PM,2016 Jan 21 12:36:00 AM,"14,872,559",False,False,False,WHITE,2.0,FEMALE,"57,008"
"136,441",1,73.0,1.0,Large passenger vehicle,2,"29,391",2016 Jan 29 01:25:00 PM,2016 Jan 29 07:25:00 PM,"14,889,928",False,False,False,WHITE,2.0,FEMALE,"58,737"
"136,469",1,12.0,1.0,Motorcycle,3,"29,416",2016 Jan 30 12:09:00 PM,2016 Jan 30 06:09:00 PM,"14,889,983",False,False,False,WHITE,2.0,FEMALE,"58,792"
"136,856",1,32.0,1.0,Passenger car,1,"30,070",2016 Feb 06 05:06:00 PM,2016 Feb 06 11:06:00 PM,"14,902,773",False,False,False,WHITE,2.0,FEMALE,"60,138"
"136,885",1,24.0,2.0,Passenger car,1,"30,108",2016 Jan 31 09:16:00 PM,2016 Feb 01 03:16:00 AM,"14,903,543",False,False,False,HISPANIC,1.0,MALE,"60,218"
"137,084",1,33.0,1.0,Passenger car,1,"30,381",2016 Feb 05 02:09:00 AM,2016 Feb 05 08:09:00 AM,"14,909,317",False,False,False,WHITE,1.0,MALE,"60,789"
"137,376",4,31.0,1.0,Large passenger vehicle,2,"30,770",2016 Feb 14 02:35:00 AM,2016 Feb 14 08:35:00 AM,"14,917,712",False,False,False,WHITE,2.0,FEMALE,"61,592"
"137,499",1,55.0,,Motor vehicle – other,4,"30,907",2016 Feb 17 09:12:00 AM,2016 Feb 17 03:12:00 PM,"14,919,771",False,False,False,,1.0,MALE,"61,872"
"137,500",1,58.0,,Motor vehicle – other,4,"30,907",2016 Feb 17 09:12:00 AM,2016 Feb 17 03:12:00 PM,"14,919,771",False,False,False,,2.0,FEMALE,"61,872"
"137,501",1,33.0,3.0,Motor vehicle – other,4,"30,907",2016 Feb 17 09:12:00 AM,2016 Feb 17 03:12:00 PM,"14,919,771",False,False,False,BLACK,1.0,MALE,"61,872"
"137,502",1,64.0,3.0,Motor vehicle – other,4,"30,907",2016 Feb 17 09:12:00 AM,2016 Feb 17 03:12:00 PM,"14,919,771",False,False,False,BLACK,2.0,FEMALE,"61,872"
"137,970",1,34.0,4.0,Motorcycle,3,"31,584",2016 Feb 18 01:14:00 PM,2016 Feb 18 07:14:00 PM,"14,932,694",False,False,False,ASIAN,2.0,FEMALE,"63,263"
"138,148",1,8.0,1.0,Passenger car,1,"31,852",2016 Feb 21 12:44:00 PM,2016 Feb 21 06:44:00 PM,"14,941,778",False,False,False,WHITE,1.0,MALE,"63,793"
"138,691",1,8.0,2.0,Large passenger vehicle,2,"32,614",2016 Mar 06 12:56:00 PM,2016 Mar 06 06:56:00 PM,"14,956,601",False,False,False,HISPANIC,1.0,MALE,"65,351"
"139,841",1,62.0,1.0,Passenger car,1,"34,089",2016 Mar 19 08:22:00 PM,2016 Mar 20 01:22:00 AM,"14,987,551",False,False,False,WHITE,2.0,FEMALE,"68,301"
"140,205",1,65.0,2.0,Motor vehicle – other,4,"34,558",2016 Mar 28 04:44:00 PM,2016 Mar 28 09:44:00 PM,"14,998,223",False,False,False,HISPANIC,1.0,MALE,"69,252"
"140,276",1,23.0,1.0,Passenger car,1,"34,687",2016 Mar 31 02:01:00 AM,2016 Mar 31 07:01:00 AM,"15,000,234",False,False,False,WHITE,2.0,FEMALE,"69,516"
"140,302",1,49.0,2.0,Passenger car,1,"34,724",2016 Mar 31 06:44:00 PM,2016 Mar 31 11:44:00 PM,"15,001,137",False,False,False,HISPANIC,2.0,FEMALE,"69,585"
"140,762",1,25.0,1.0,Passenger car,1,"35,340",2016 Mar 18 12:04:00 AM,2016 Mar 18 05:04:00 AM,"15,015,699",False,False,False,WHITE,1.0,MALE,"70,836"
"140,766",4,20.0,2.0,Passenger car,1,"35,345",2016 Mar 29 11:58:00 PM,2016 Mar 30 04:58:00 AM,"15,015,704",False,False,False,HISPANIC,1.0,MALE,"70,847"
"141,581",1,23.0,1.0,Passenger car,1,"36,370",2016 Apr 17 02:25:00 AM,2016 Apr 17 07:25:00 AM,"15,036,693",False,False,False,WHITE,2.0,FEMALE,"72,874"
"141,795",1,57.0,4.0,Motorcycle,3,"36,635",2016 Apr 19 01:03:00 PM,2016 Apr 19 06:03:00 PM,"15,043,473",False,False,False,ASIAN,2.0,FEMALE,"73,400"
"141,918",1,21.0,3.0,Motor vehicle – other,4,"36,794",2016 Apr 23 08:56:00 PM,2016 Apr 24 01:56:00 AM,"15,046,540",False,False,False,BLACK,1.0,MALE,"73,724"
"142,275",1,2.0,2.0,Large passenger vehicle,2,"37,196",2016 Apr 26 01:19:00 PM,2016 Apr 26 06:19:00 PM,"15,053,997",False,False,False,HISPANIC,1.0,MALE,"74,529"
"142,366",1,42.0,1.0,Large passenger vehicle,2,"37,314",2016 Apr 22 10:29:00 PM,2016 Apr 23 03:29:00 AM,"15,067,821",False,False,False,WHITE,2.0,FEMALE,"74,780"
"142,680",1,58.0,2.0,Passenger car,1,"37,743",2016 Apr 26 03:00:00 PM,2016 Apr 26 08:00:00 PM,"15,080,128",False,False,False,HISPANIC,1.0,MALE,"75,617"
"142,875",1,67.0,1.0,Passenger car,1,"38,110",2016 May 06 07:13:00 PM,2016 May 07 12:13:00 AM,"15,088,776",False,False,False,WHITE,2.0,FEMALE,"76,355"
"142,963",1,15.0,1.0,Passenger car,1,"38,213",2016 Apr 21 05:27:00 PM,2016 Apr 21 10:27:00 PM,"15,092,504",False,False,False,WHITE,2.0,FEMALE,"76,568"
"143,110",1,39.0,2.0,Passenger car,1,"38,418",2016 May 03 02:00:00 AM,2016 May 03 07:00:00 AM,"15,096,060",False,False,False,HISPANIC,2.0,FEMALE,"76,990"
"143,158",1,29.0,2.0,Large passenger vehicle,2,"38,478",2016 May 06 11:18:00 PM,2016 May 07 04:18:00 AM,"15,097,947",False,False,False,HISPANIC,1.0,MALE,"77,106"
"143,159",1,35.0,2.0,Large passenger vehicle,2,"38,478",2016 May 06 11:18:00 PM,2016 May 07 04:18:00 AM,"15,097,947",False,False,False,HISPANIC,1.0,MALE,"77,106"
"143,178",1,5.0,2.0,Passenger car,1,"38,505",2016 May 11 09:30:00 PM,2016 May 12 02:30:00 AM,"15,098,031",False,False,False,HISPANIC,2.0,FEMALE,"77,164"
"143,525",1,53.0,3.0,Passenger car,1,"38,851",2016 May 16 11:29:00 AM,2016 May 16 04:29:00 PM,"15,105,148",False,False,False,BLACK,2.0,FEMALE,"77,873"
"143,903",1,17.0,2.0,Passenger car,1,"39,436",2016 May 23 12:31:00 PM,2016 May 23 05:31:00 PM,"15,117,707",False,False,False,HISPANIC,2.0,FEMALE,"79,044"
"143,904",1,3.0,2.0,Passenger car,1,"39,436",2016 May 23 12:31:00 PM,2016 May 23 05:31:00 PM,"15,117,707",False,False,False,HISPANIC,1.0,MALE,"79,044"
"143,905",1,1.0,2.0,Passenger car,1,"39,436",2016 May 23 12:31:00 PM,2016 May 23 05:31:00 PM,"15,117,707",False,False,False,HISPANIC,1.0,MALE,"79,044"
"144,159",1,63.0,2.0,Passenger car,1,"39,826",2016 May 20 10:03:00 PM,2016 May 21 03:03:00 AM,"15,129,006",False,False,False,HISPANIC,2.0,FEMALE,"79,818"
"144,218",1,70.0,1.0,Large passenger vehicle,2,"39,931",2016 May 28 11:10:00 AM,2016 May 28 04:10:00 PM,"15,129,335",False,False,False,WHITE,2.0,FEMALE,"80,027"
"144,227",4,95.0,1.0,Passenger car,1,"39,948",2016 May 29 09:39:00 AM,2016 May 29 02:39:00 PM,"15,129,369",False,False,False,WHITE,2.0,FEMALE,"80,059"
"144,317",1,26.0,3.0,Passenger car,1,"40,062",2016 May 23 08:12:00 PM,2016 May 24 01:12:00 AM,"15,131,438",False,False,False,BLACK,1.0,MALE,"80,281"
"144,320",1,33.0,2.0,Passenger car,1,"40,070",2016 May 31 03:51:00 AM,2016 May 31 08:51:00 AM,"15,131,472",False,False,False,HISPANIC,2.0,FEMALE,"80,294"
"144,330",1,56.0,1.0,Passenger car,1,"40,089",2016 May 31 06:09:00 PM,2016 May 31 11:09:00 PM,"15,131,492",False,False,False,WHITE,2.0,FEMALE,"80,330"
"144,416",1,23.0,2.0,Passenger car,1,"40,251",2016 Jun 02 05:07:00 PM,2016 Jun 02 10:07:00 PM,"15,135,248",False,False,False,HISPANIC,2.0,FEMALE,"80,657"
"144,816",1,36.0,2.0,Passenger car,1,"40,704",2016 May 25 08:22:00 PM,2016 May 26 01:22:00 AM,"15,145,575",False,False,False,HISPANIC,2.0,FEMALE,"81,570"
"144,848",1,29.0,2.0,Passenger car,1,"40,759",2016 May 26 08:02:00 PM,2016 May 27 01:02:00 AM,"15,147,332",False,False,False,HISPANIC,2.0,FEMALE,"81,683"
"144,911",1,18.0,1.0,Large passenger vehicle,2,"40,853",2016 Jun 06 09:26:00 PM,2016 Jun 07 02:26:00 AM,"15,149,487",False,False,False,WHITE,1.0,MALE,"81,880"
"144,920",1,31.0,2.0,Passenger car,1,"40,864",2016 Jun 09 08:00:00 PM,2016 Jun 10 01:00:00 AM,"15,149,503",False,False,False,HISPANIC,2.0,FEMALE,"81,903"
"145,341",1,46.0,3.0,Passenger car,1,"41,471",2016 Jun 14 08:08:00 AM,2016 Jun 14 01:08:00 PM,"15,162,175",False,False,False,BLACK,2.0,FEMALE,"83,093"
"145,553",1,31.0,1.0,Passenger car,1,"41,700",2016 Jun 10 10:12:00 PM,2016 Jun 11 03:12:00 AM,"15,169,190",False,False,False,WHITE,2.0,FEMALE,"83,571"
"145,788",1,65.0,2.0,Large passenger vehicle,2,"41,976",2016 Jun 22 08:15:00 AM,2016 Jun 22 01:15:00 PM,"15,172,814",False,False,False,HISPANIC,2.0,FEMALE,"84,129"
"145,802",1,17.0,1.0,Passenger car,1,"41,997",2016 Jun 22 12:01:00 AM,2016 Jun 22 05:01:00 AM,"15,172,881",False,False,False,WHITE,2.0,FEMALE,"84,172"
"146,091",1,29.0,4.0,Passenger car,1,"42,323",2016 Jun 26 02:25:00 PM,2016 Jun 26 07:25:00 PM,"15,178,705",False,False,False,ASIAN,2.0,FEMALE,"84,817"
"146,362",1,14.0,2.0,Large passenger vehicle,2,"42,665",2016 Jun 27 12:20:00 AM,2016 Jun 27 05:20:00 AM,"15,187,326",False,False,False,HISPANIC,1.0,MALE,"85,520"
"146,400",1,22.0,2.0,Large passenger vehicle,2,"42,718",2016 Jun 19 05:19:00 PM,2016 Jun 19 10:19:00 PM,"15,187,862",False,False,False,HISPANIC,1.0,MALE,"85,633"
"146,601",1,28.0,2.0,Large passenger vehicle,2,"42,932",2016 Jul 04 04:13:00 AM,2016 Jul 04 09:13:00 AM,"15,191,261",False,False,False,HISPANIC,1.0,MALE,"86,075"
"146,622",1,3.0,2.0,Passenger car,1,"42,943",2016 Jul 04 06:27:00 PM,2016 Jul 04 11:27:00 PM,"15,191,348",False,False,False,HISPANIC,1.0,MALE,"86,094"
"147,024",1,4.0,2.0,Large passenger vehicle,2,"43,502",2016 Jul 11 12:28:00 AM,2016 Jul 11 05:28:00 AM,"15,204,361",False,False,False,HISPANIC,2.0,FEMALE,"87,247"
"147,154",1,25.0,2.0,Large passenger vehicle,2,"43,660",2016 Jul 12 08:50:00 PM,2016 Jul 13 01:50:00 AM,"15,206,727",False,False,False,HISPANIC,2.0,FEMALE,"87,561"
"147,518",1,61.0,1.0,Passenger car,1,"44,141",2016 Jul 16 02:57:00 PM,2016 Jul 16 07:57:00 PM,"15,218,187",False,False,False,WHITE,2.0,FEMALE,"88,525"
"147,881",4,5.0,4.0,Passenger car,1,"44,549",2016 Jul 22 11:30:00 PM,2016 Jul 23 04:30:00 AM,"15,226,278",False,False,False,ASIAN,1.0,MALE,"89,384"
"148,115",1,16.0,2.0,Passenger car,1,"44,823",2016 Jul 26 10:59:00 PM,2016 Jul 27 03:59:00 AM,"15,230,283",False,False,False,HISPANIC,1.0,MALE,"89,949"
"148,218",1,0.0,1.0,Passenger car,1,"44,952",2016 Jul 07 06:28:00 PM,2016 Jul 07 11:28:00 PM,"15,234,591",False,False,False,WHITE,2.0,FEMALE,"90,204"
"149,055",1,54.0,2.0,Large passenger vehicle,2,"46,014",2016 Aug 05 12:07:00 PM,2016 Aug 05 05:07:00 PM,"15,260,057",False,False,False,HISPANIC,2.0,FEMALE,"92,354"
"149,079",1,29.0,2.0,Passenger car,1,"46,042",2016 Aug 05 07:39:00 PM,2016 Aug 06 12:39:00 AM,"15,260,138",False,False,False,HISPANIC,2.0,FEMALE,"92,420"
"149,839",1,64.0,3.0,Passenger car,1,"47,016",2016 Aug 19 11:00:00 AM,2016 Aug 19 04:00:00 PM,"15,277,565",False,False,False,BLACK,1.0,MALE,"94,369"
"149,856",4,17.0,2.0,Large passenger vehicle,2,"47,038",2016 Aug 20 03:57:00 AM,2016 Aug 20 08:57:00 AM,"15,277,616",False,False,False,HISPANIC,2.0,FEMALE,"94,416"
"149,993",4,88.0,1.0,Passenger car,1,"47,229",2016 Aug 23 01:07:00 PM,2016 Aug 23 06:07:00 PM,"15,281,602",False,False,False,WHITE,1.0,MALE,"94,764"
"150,245",1,25.0,2.0,Passenger car,1,"47,618",2016 Aug 27 08:00:00 PM,2016 Aug 28 01:00:00 AM,"15,288,738",False,False,False,HISPANIC,1.0,MALE,"95,557"
"150,354",1,85.0,1.0,Passenger car,1,"47,706",2016 Aug 20 06:28:00 PM,2016 Aug 20 11:28:00 PM,"15,291,774",False,False,False,WHITE,2.0,FEMALE,"95,736"
"150,869",1,50.0,,Passenger car,1,"48,376",2016 Sep 05 08:00:00 PM,2016 Sep 06 01:00:00 AM,"15,305,318",False,False,False,,2.0,FEMALE,"97,110"
"151,016",1,24.0,2.0,Passenger car,1,"48,556",2016 Sep 07 01:20:00 PM,2016 Sep 07 06:20:00 PM,"15,309,318",False,False,False,HISPANIC,1.0,MALE,"97,469"
"151,154",1,22.0,2.0,Passenger car,1,"48,715",2016 Sep 08 10:47:00 PM,2016 Sep 09 03:47:00 AM,"15,313,079",False,False,False,HISPANIC,2.0,FEMALE,"97,792"
"151,203",1,49.0,2.0,Large passenger vehicle,2,"48,778",2016 Sep 10 08:25:00 PM,2016 Sep 11 01:25:00 AM,"15,313,228",False,False,False,HISPANIC,1.0,MALE,"97,917"
"151,320",1,20.0,2.0,Large passenger vehicle,2,"48,917",2016 Sep 13 02:15:00 AM,2016 Sep 13 07:15:00 AM,"15,316,573",False,False,False,HISPANIC,1.0,MALE,"98,213"
"151,586",1,42.0,2.0,Passenger car,1,"49,342",2016 Sep 16 08:21:00 PM,2016 Sep 17 01:21:00 AM,"15,326,406",False,False,False,HISPANIC,2.0,FEMALE,"99,092"
"152,162",1,41.0,2.0,Large passenger vehicle,2,"50,087",2016 Sep 26 07:48:00 AM,2016 Sep 26 12:48:00 PM,"15,340,301",False,False,False,HISPANIC,2.0,FEMALE,"100,590"
"152,358",1,16.0,4.0,Passenger car,1,"50,372",2016 Sep 29 07:24:00 AM,2016 Sep 29 12:24:00 PM,"15,346,586",False,False,False,ASIAN,2.0,FEMALE,"101,181"
"152,633",1,73.0,2.0,Large passenger vehicle,2,"50,790",2016 Sep 10 11:42:00 AM,2016 Sep 10 04:42:00 PM,"15,355,503",False,False,False,HISPANIC,2.0,FEMALE,"102,016"
"152,634",1,50.0,3.0,Passenger car,1,"50,795",2016 Sep 19 08:03:00 PM,2016 Sep 20 01:03:00 AM,"15,355,509",False,False,False,BLACK,1.0,MALE,"102,023"
"152,827",1,23.0,2.0,Large passenger vehicle,2,"51,073",2016 Oct 05 02:54:00 PM,2016 Oct 05 07:54:00 PM,"15,361,231",False,False,False,HISPANIC,1.0,MALE,"102,592"
"152,997",1,36.0,2.0,Large passenger vehicle,2,"51,305",2016 Oct 09 02:13:00 AM,2016 Oct 09 07:13:00 AM,"15,365,857",False,False,False,HISPANIC,2.0,FEMALE,"103,071"
"153,580",1,59.0,1.0,Large passenger vehicle,2,"52,082",2016 Oct 10 12:22:00 PM,2016 Oct 10 05:22:00 PM,"15,382,194",False,False,False,WHITE,2.0,FEMALE,"104,656"
"153,581",1,57.0,1.0,Large passenger vehicle,2,"52,082",2016 Oct 10 12:22:00 PM,2016 Oct 10 05:22:00 PM,"15,382,194",False,False,False,WHITE,1.0,MALE,"104,656"
"153,589",1,65.0,1.0,Large passenger vehicle,2,"52,093",2016 Oct 13 08:39:00 AM,2016 Oct 13 01:39:00 PM,"15,382,205",False,False,False,WHITE,2.0,FEMALE,"104,681"
"154,005",1,22.0,2.0,Large passenger vehicle,2,"52,653",2016 Oct 24 05:20:00 PM,2016 Oct 24 10:20:00 PM,"15,396,193",False,False,False,HISPANIC,2.0,FEMALE,"105,832"
"154,257",1,18.0,2.0,Passenger car,1,"52,940",2016 Oct 22 07:51:00 PM,2016 Oct 23 12:51:00 AM,"15,397,291",False,False,False,HISPANIC,2.0,FEMALE,"106,446"
"154,476",1,22.0,1.0,Passenger car,1,"53,111",2016 Oct 26 12:07:00 PM,2016 Oct 26 05:07:00 PM,"15,400,838",False,False,False,WHITE,1.0,MALE,"106,786"
"154,794",1,62.0,1.0,Passenger car,1,"53,530",2016 Oct 22 12:23:00 AM,2016 Oct 22 05:23:00 AM,"15,409,437",False,False,False,WHITE,2.0,FEMALE,"107,629"
"154,942",1,22.0,3.0,Large passenger vehicle,2,"53,762",2016 Nov 03 08:05:00 AM,2016 Nov 03 01:05:00 PM,"15,412,571",False,False,False,BLACK,2.0,FEMALE,"108,112"
"155,549",1,32.0,3.0,Passenger car,1,"54,719",2016 Nov 13 10:35:00 AM,2016 Nov 13 04:35:00 PM,"15,432,498",False,False,False,BLACK,2.0,FEMALE,"110,017"
"156,504",1,47.0,3.0,Passenger car,1,"55,920",2016 Nov 15 03:07:00 PM,2016 Nov 15 09:07:00 PM,"15,461,678",False,False,False,BLACK,1.0,MALE,"112,444"
"156,575",1,19.0,2.0,Passenger car,1,"56,054",2016 Nov 24 01:11:00 PM,2016 Nov 24 07:11:00 PM,"15,462,318",False,False,False,HISPANIC,2.0,FEMALE,"112,727"
"156,669",1,44.0,1.0,Passenger car,1,"56,177",2016 Nov 23 02:35:00 PM,2016 Nov 23 08:35:00 PM,"15,464,502",False,False,False,WHITE,2.0,FEMALE,"112,986"
"156,956",1,9.0,3.0,Passenger car,1,"56,539",2016 Dec 03 10:51:00 AM,2016 Dec 03 04:51:00 PM,"15,470,841",False,False,False,BLACK,1.0,MALE,"113,701"
"156,957",1,11.0,3.0,Passenger car,1,"56,539",2016 Dec 03 10:51:00 AM,2016 Dec 03 04:51:00 PM,"15,470,841",False,False,False,BLACK,2.0,FEMALE,"113,701"
"156,958",1,6.0,3.0,Passenger car,1,"56,539",2016 Dec 03 10:51:00 AM,2016 Dec 03 04:51:00 PM,"15,470,841",False,False,False,BLACK,1.0,MALE,"113,701"
"157,302",1,42.0,2.0,Passenger car,1,"57,087",2016 Dec 05 03:35:00 PM,2016 Dec 05 09:35:00 PM,"15,480,680",False,False,False,HISPANIC,2.0,FEMALE,"114,754"
"157,506",1,31.0,2.0,Passenger car,1,"57,400",2016 Dec 10 07:30:00 PM,2016 Dec 11 01:30:00 AM,"15,484,805",False,False,False,HISPANIC,2.0,FEMALE,"115,366"
"157,743",1,51.0,3.0,Passenger car,1,"57,740",2016 Dec 15 01:12:00 AM,2016 Dec 15 07:12:00 AM,"15,491,479",False,False,False,BLACK,2.0,FEMALE,"116,054"
"157,944",1,25.0,2.0,Passenger car,1,"58,066",2016 Dec 13 03:45:00 PM,2016 Dec 13 09:45:00 PM,"15,499,065",False,False,False,HISPANIC,1.0,MALE,"116,704"
"158,534",4,17.0,1.0,Passenger car,1,"58,766",2016 Dec 18 05:08:00 AM,2016 Dec 18 11:08:00 AM,"15,510,999",False,False,False,WHITE,1.0,MALE,"118,078"
"158,704",1,55.0,1.0,Large passenger vehicle,2,"58,996",2016 Dec 29 01:22:00 PM,2016 Dec 29 07:22:00 PM,"15,514,326",False,False,False,WHITE,2.0,FEMALE,"118,532"
"158,984",1,47.0,2.0,Motorcycle,3,"59,371",2016 Jul 24 01:25:00 AM,2016 Jul 24 06:25:00 AM,"15,532,686",False,False,False,HISPANIC,2.0,FEMALE,"119,287"
"158,991",1,72.0,1.0,Passenger car,1,"59,376",2016 Sep 15 04:52:00 PM,2016 Sep 15 09:52:00 PM,"15,532,691",False,False,False,WHITE,2.0,FEMALE,"119,297"
"159,078",4,1.0,2.0,Passenger car,1,"59,532",2016 Nov 22 07:32:00 PM,2016 Nov 23 01:32:00 AM,"15,551,497",False,False,False,HISPANIC,2.0,FEMALE,"119,598"
"159,330",1,39.0,1.0,Bicycle,5,"59,930",2016 Dec 31 01:15:00 PM,2016 Dec 31 07:15:00 PM,"15,519,236",False,True,False,WHITE,2.0,FEMALE,"120,369"
"159,664",1,49.0,1.0,Large passenger vehicle,2,"60,106",2017 Jan 04 03:54:00 PM,2017 Jan 04 09:54:00 PM,"15,523,115",False,True,False,WHITE,2.0,FEMALE,"120,738"
"159,762",4,22.0,1.0,Passenger car,1,"60,161",2017 Jan 03 01:55:00 AM,2017 Jan 03 07:55:00 AM,"15,524,504",False,True,False,WHITE,1.0,MALE,"120,844"
"159,813",1,48.0,3.0,Passenger car,1,"60,189",2017 Jan 05 06:05:00 PM,2017 Jan 06 12:05:00 AM,"15,524,551",False,True,False,BLACK,1.0,MALE,"120,897"
"159,958",1,51.0,3.0,Large passenger vehicle,2,"60,277",2017 Jan 01 02:43:00 AM,2017 Jan 01 08:43:00 AM,"15,528,213",False,True,False,BLACK,1.0,MALE,"121,059"
"160,094",1,20.0,0.0,Passenger car,1,"60,350",2017 Jan 08 03:22:00 PM,2017 Jan 08 09:22:00 PM,"15,528,396",False,True,False,UNKNOWN,1.0,MALE,"121,204"
"160,096",1,47.0,1.0,Motor vehicle – other,4,"60,350",2017 Jan 08 03:22:00 PM,2017 Jan 08 09:22:00 PM,"15,528,396",False,True,False,WHITE,2.0,FEMALE,"121,206"
"160,224",1,62.0,2.0,Motorcycle,3,"60,420",2017 Jan 09 03:35:00 PM,2017 Jan 09 09:35:00 PM,"15,531,239",False,True,False,HISPANIC,1.0,MALE,"121,347"
"160,270",1,29.0,2.0,Passenger car,1,"60,444",2017 Jan 10 05:54:00 AM,2017 Jan 10 11:54:00 AM,"15,531,266",False,True,False,HISPANIC,2.0,FEMALE,"121,395"
"160,272",1,69.0,1.0,Bicycle,5,"60,445",2017 Jan 10 01:30:00 PM,2017 Jan 10 07:30:00 PM,"15,531,267",False,True,False,WHITE,1.0,MALE,"121,397"
"160,413",1,31.0,4.0,Passenger car,1,"60,523",2017 Jan 10 03:44:00 PM,2017 Jan 10 09:44:00 PM,"15,532,651",False,True,False,ASIAN,1.0,MALE,"121,548"
"160,422",1,41.0,2.0,Passenger car,1,"60,526",2017 Jan 11 06:34:00 AM,2017 Jan 11 12:34:00 PM,"15,532,685",False,True,False,HISPANIC,2.0,FEMALE,"121,557"
"160,456",4,24.0,0.0,Pedestrian,7,"60,542",2017 Jan 11 06:51:00 AM,2017 Jan 11 12:51:00 PM,"15,532,743",False,True,False,UNKNOWN,1.0,MALE,"121,592"
"160,551",4,61.0,1.0,Bicycle,5,"60,592",2017 Jan 08 03:31:00 PM,2017 Jan 08 09:31:00 PM,"15,534,469",False,True,False,WHITE,1.0,MALE,"121,698"
"160,580",1,49.0,3.0,Passenger car,1,"60,606",2017 Jan 11 05:35:00 PM,2017 Jan 11 11:35:00 PM,"15,534,483",False,True,False,BLACK,2.0,FEMALE,"121,728"
"160,588",1,54.0,1.0,Pedestrian,7,"60,610",2017 Jan 11 06:37:00 PM,2017 Jan 12 12:37:00 AM,"15,534,497",False,True,False,WHITE,2.0,FEMALE,"121,736"
"160,599",1,30.0,1.0,Passenger car,1,"60,614",2017 Jan 11 12:00:00 PM,2017 Jan 11 06:00:00 PM,"15,534,503",False,True,False,WHITE,2.0,FEMALE,"121,747"
"160,758",1,41.0,1.0,Motorcycle,3,"60,696",2017 Jan 11 09:51:00 PM,2017 Jan 12 03:51:00 AM,"15,536,472",False,True,False,WHITE,1.0,MALE,"121,909"
"161,062",1,24.0,2.0,Passenger car,1,"60,866",2017 Jan 13 06:45:00 PM,2017 Jan 14 12:45:00 AM,"15,540,815",False,True,False,HISPANIC,2.0,FEMALE,"122,232"
"161,175",1,32.0,1.0,Pedestrian,7,"60,923",2017 Jan 13 08:05:00 PM,2017 Jan 14 02:05:00 AM,"15,541,160",False,True,False,WHITE,1.0,MALE,"122,349"
"161,209",1,48.0,1.0,Passenger car,1,"60,942",2017 Jan 14 02:57:00 PM,2017 Jan 14 08:57:00 PM,"15,541,190",False,True,False,WHITE,2.0,FEMALE,"122,383"
"161,460",1,56.0,1.0,Large passenger vehicle,2,"61,079",2017 Jan 16 06:58:00 PM,2017 Jan 17 12:58:00 AM,"15,543,516",False,True,False,WHITE,2.0,FEMALE,"122,647"
"161,673",1,64.0,2.0,Pedestrian,7,"61,196",2017 Jan 17 08:10:00 PM,2017 Jan 18 02:10:00 AM,"15,545,501",False,True,False,HISPANIC,1.0,MALE,"122,875"
"161,917",1,58.0,4.0,Pedestrian,7,"61,333",2017 Jan 09 05:50:00 PM,2017 Jan 09 11:50:00 PM,"15,547,816",False,True,False,ASIAN,1.0,MALE,"123,139"
"162,062",1,45.0,0.0,Large passenger vehicle,2,"61,416",2017 Jan 07 10:39:00 PM,2017 Jan 08 04:39:00 AM,"15,551,229",False,True,False,UNKNOWN,1.0,MALE,"123,294"
"162,129",1,35.0,1.0,Motorcycle,3,"61,448",2017 Jan 20 07:12:00 PM,2017 Jan 21 01:12:00 AM,"15,551,293",False,True,False,WHITE,1.0,MALE,"123,364"
"162,136",1,49.0,1.0,Pedestrian,7,"61,451",2017 Jan 20 07:11:00 PM,2017 Jan 21 01:11:00 AM,"15,551,296",False,True,False,WHITE,2.0,FEMALE,"123,371"
"162,186",1,30.0,2.0,Passenger car,1,"61,479",2017 Jan 21 05:25:00 AM,2017 Jan 21 11:25:00 AM,"15,551,354",False,True,False,HISPANIC,2.0,FEMALE,"123,426"
"162,188",1,49.0,3.0,Pedestrian,7,"61,480",2017 Jan 22 01:10:00 AM,2017 Jan 22 07:10:00 AM,"15,551,355",False,True,False,BLACK,1.0,MALE,"123,428"
"162,420",1,50.0,1.0,Bicycle,5,"61,607",2017 Jan 22 09:03:00 PM,2017 Jan 23 03:03:00 AM,"15,554,146",False,True,False,WHITE,1.0,MALE,"123,677"
"162,422",1,29.0,2.0,Large passenger vehicle,2,"61,608",2017 Jan 22 05:14:00 AM,2017 Jan 22 11:14:00 AM,"15,554,147",False,True,False,HISPANIC,1.0,MALE,"123,679"
"162,749",1,34.0,1.0,Bicycle,5,"61,776",2017 Jan 25 08:44:00 AM,2017 Jan 25 02:44:00 PM,"15,557,069",False,True,False,WHITE,1.0,MALE,"124,028"
"162,892",1,40.0,1.0,Motorcycle,3,"61,851",2017 Jan 14 04:58:00 PM,2017 Jan 14 10:58:00 PM,"15,558,955",False,True,False,WHITE,1.0,MALE,"124,183"
"163,122",1,30.0,1.0,Large passenger vehicle,2,"61,972",2017 Jan 28 04:31:00 AM,2017 Jan 28 10:31:00 AM,"15,561,865",False,True,False,WHITE,1.0,MALE,"124,424"
"163,169",1,29.0,2.0,Passenger car,1,"61,995",2017 Jan 25 03:20:00 PM,2017 Jan 25 09:20:00 PM,"15,562,304",False,True,False,HISPANIC,2.0,FEMALE,"124,472"
"163,470",1,27.0,1.0,Large passenger vehicle,2,"62,151",2017 Jan 22 03:21:00 AM,2017 Jan 22 09:21:00 AM,"15,564,707",False,True,False,WHITE,2.0,FEMALE,"124,788"
"163,857",1,21.0,3.0,Passenger car,1,"62,359",2017 Jan 15 12:12:00 PM,2017 Jan 15 06:12:00 PM,"15,569,637",False,True,False,BLACK,1.0,MALE,"125,202"
"163,892",1,28.0,1.0,Motorcycle,3,"62,375",2017 Feb 01 05:49:00 PM,2017 Feb 01 11:49:00 PM,"15,570,028",False,True,False,WHITE,2.0,FEMALE,"125,239"
"163,967",1,57.0,1.0,Pedestrian,7,"62,414",2017 Jan 31 07:07:00 PM,2017 Feb 01 01:07:00 AM,"15,570,111",False,True,False,WHITE,1.0,MALE,"125,323"
"164,103",1,48.0,2.0,Bicycle,5,"62,483",2017 Feb 02 07:05:00 PM,2017 Feb 03 01:05:00 AM,"15,570,267",False,True,False,HISPANIC,1.0,MALE,"125,467"
"164,233",4,21.0,2.0,Large passenger vehicle,2,"62,557",2017 Jan 07 09:06:00 AM,2017 Jan 07 03:06:00 PM,"15,572,836",False,True,False,HISPANIC,2.0,FEMALE,"125,606"
"164,276",1,12.0,2.0,Bicycle,5,"62,581",2017 Feb 05 06:30:00 AM,2017 Feb 05 12:30:00 PM,"15,572,960",False,True,False,HISPANIC,2.0,FEMALE,"125,652"
"164,326",1,40.0,3.0,Passenger car,1,"62,609",2017 Jan 29 10:01:00 PM,2017 Jan 30 04:01:00 AM,"15,573,247",False,True,False,BLACK,2.0,FEMALE,"125,708"
"164,723",1,35.0,2.0,Passenger car,1,"62,820",2017 Jan 15 02:19:00 AM,2017 Jan 15 08:19:00 AM,"15,576,307",False,True,False,HISPANIC,1.0,MALE,"126,126"
"164,724",1,27.0,1.0,Passenger car,1,"62,820",2017 Jan 15 02:19:00 AM,2017 Jan 15 08:19:00 AM,"15,576,307",False,True,False,WHITE,2.0,FEMALE,"126,127"
"164,853",1,24.0,1.0,Passenger car,1,"62,890",2017 Jan 27 10:57:00 PM,2017 Jan 28 04:57:00 AM,"15,578,068",False,True,False,WHITE,1.0,MALE,"126,274"
"164,943",1,34.0,2.0,Large passenger vehicle,2,"62,933",2017 Feb 08 08:19:00 AM,2017 Feb 08 02:19:00 PM,"15,578,259",False,True,False,HISPANIC,2.0,FEMALE,"126,364"
"165,464",1,66.0,1.0,Pedestrian,7,"63,200",2017 Jan 29 07:14:00 AM,2017 Jan 29 01:14:00 PM,"15,585,306",False,True,False,WHITE,2.0,FEMALE,"126,909"
"165,465",1,27.0,2.0,Pedestrian,7,"63,200",2017 Jan 29 07:14:00 AM,2017 Jan 29 01:14:00 PM,"15,585,306",False,True,False,HISPANIC,1.0,MALE,"126,910"
"165,481",4,26.0,0.0,Large passenger vehicle,2,"63,211",2017 Feb 05 01:56:00 AM,2017 Feb 05 07:56:00 AM,"15,585,376",False,True,False,UNKNOWN,1.0,MALE,"126,929"
"165,630",1,38.0,1.0,Motorcycle,3,"63,287",2017 Feb 12 06:53:00 PM,2017 Feb 13 12:53:00 AM,"15,585,694",False,True,False,WHITE,1.0,MALE,"127,086"
"165,786",4,22.0,1.0,Large passenger vehicle,2,"63,366",2017 Feb 07 11:24:00 PM,2017 Feb 08 05:24:00 AM,"15,588,720",False,True,False,WHITE,2.0,FEMALE,"127,246"
"166,338",4,27.0,2.0,Passenger car,1,"63,650",2017 Feb 17 02:48:00 AM,2017 Feb 17 08:48:00 AM,"15,593,921",False,True,False,HISPANIC,2.0,FEMALE,"127,825"
"166,570",1,24.0,2.0,Motorcycle,3,"63,771",2017 Feb 16 06:35:00 PM,2017 Feb 17 12:35:00 AM,"15,597,804",False,True,False,HISPANIC,1.0,MALE,"128,075"
"166,654",1,27.0,2.0,Large passenger vehicle,2,"63,814",2017 Feb 18 10:30:00 AM,2017 Feb 18 04:30:00 PM,"15,597,897",False,True,False,HISPANIC,1.0,MALE,"128,161"
"166,675",1,24.0,1.0,Passenger car,1,"63,825",2017 Feb 18 05:50:00 PM,2017 Feb 18 11:50:00 PM,"15,597,938",False,True,False,WHITE,1.0,MALE,"128,182"
"166,722",1,21.0,2.0,Passenger car,1,"63,847",2017 Feb 20 01:23:00 AM,2017 Feb 20 07:23:00 AM,"15,598,028",False,True,False,HISPANIC,1.0,MALE,"128,230"
"166,767",4,56.0,5.0,Passenger car,1,"63,870",2017 Feb 19 11:10:00 PM,2017 Feb 20 05:10:00 AM,"15,598,198",False,True,False,OTHER,2.0,FEMALE,"128,276"
"167,255",1,26.0,1.0,Large passenger vehicle,2,"64,114",2017 Feb 04 03:06:00 AM,2017 Feb 04 09:06:00 AM,"15,604,721",False,True,False,WHITE,2.0,FEMALE,"128,788"
"167,390",4,38.0,0.0,Motorcycle,3,"64,176",2017 Feb 22 03:16:00 PM,2017 Feb 22 09:16:00 PM,"15,604,837",False,True,False,UNKNOWN,0.0,UNKNOWN,"128,926"
"167,406",1,25.0,2.0,Passenger car,1,"64,185",2017 Feb 22 08:00:00 PM,2017 Feb 23 02:00:00 AM,"15,604,877",False,True,False,HISPANIC,1.0,MALE,"128,943"
"167,407",1,39.0,2.0,Large passenger vehicle,2,"64,185",2017 Feb 22 08:00:00 PM,2017 Feb 23 02:00:00 AM,"15,604,877",False,True,False,HISPANIC,1.0,MALE,"128,944"
"167,435",1,65.0,1.0,Passenger car,1,"64,199",2017 Feb 23 11:19:00 AM,2017 Feb 23 05:19:00 PM,"15,604,891",False,True,False,WHITE,1.0,MALE,"128,972"
"167,650",1,44.0,1.0,Passenger car,1,"64,317",2017 Feb 18 03:06:00 AM,2017 Feb 18 09:06:00 AM,"15,609,314",False,True,False,WHITE,2.0,FEMALE,"129,198"
"167,754",1,52.0,1.0,Motorcycle,3,"64,364",2017 Feb 24 09:35:00 PM,2017 Feb 25 03:35:00 AM,"15,609,459",False,True,False,WHITE,1.0,MALE,"129,303"
"167,810",1,28.0,1.0,Passenger car,1,"64,388",2017 Feb 25 06:32:00 PM,2017 Feb 26 12:32:00 AM,"15,609,547",False,True,False,WHITE,2.0,FEMALE,"129,361"
"167,818",1,49.0,2.0,Motorcycle,3,"64,392",2017 Feb 25 05:59:00 PM,2017 Feb 25 11:59:00 PM,"15,609,551",False,True,False,HISPANIC,1.0,MALE,"129,370"
"167,930",1,64.0,1.0,Passenger car,1,"64,457",2017 Feb 27 11:19:00 AM,2017 Feb 27 05:19:00 PM,"15,609,972",False,True,False,WHITE,1.0,MALE,"129,491"
"167,942",1,62.0,2.0,Passenger car,1,"64,462",2017 Feb 19 07:00:00 PM,2017 Feb 20 01:00:00 AM,"15,610,085",False,True,False,HISPANIC,1.0,MALE,"129,503"
"168,213",1,21.0,2.0,Bicycle,5,"64,608",2017 Feb 27 09:12:00 PM,2017 Feb 28 03:12:00 AM,"15,613,607",False,True,False,HISPANIC,2.0,FEMALE,"129,780"
"168,245",1,29.0,1.0,Bicycle,5,"64,625",2017 Feb 28 07:09:00 PM,2017 Mar 01 01:09:00 AM,"15,613,625",False,True,False,WHITE,2.0,FEMALE,"129,814"
"168,367",1,78.0,1.0,Passenger car,1,"64,695",2017 Feb 08 11:36:00 PM,2017 Feb 09 05:36:00 AM,"15,616,949",False,True,False,WHITE,1.0,MALE,"129,943"
"168,465",1,52.0,2.0,Pedestrian,7,"64,749",2017 Feb 28 05:19:00 PM,2017 Feb 28 11:19:00 PM,"15,618,025",False,True,False,HISPANIC,2.0,FEMALE,"130,050"
"168,476",1,35.0,1.0,Bicycle,5,"64,754",2017 Mar 01 10:13:00 AM,2017 Mar 01 04:13:00 PM,"15,618,030",False,True,False,WHITE,2.0,FEMALE,"130,061"
"168,528",1,29.0,2.0,Motorcycle,3,"64,779",2017 Mar 01 06:36:00 PM,2017 Mar 02 12:36:00 AM,"15,618,090",False,True,False,HISPANIC,1.0,MALE,"130,114"
"168,532",1,34.0,1.0,Pedestrian,7,"64,781",2017 Mar 01 08:32:00 PM,2017 Mar 02 02:32:00 AM,"15,618,092",False,True,False,WHITE,1.0,MALE,"130,118"
"168,587",1,30.0,1.0,Motorcycle,3,"64,811",2017 Mar 02 10:35:00 PM,2017 Mar 03 04:35:00 AM,"15,618,152",False,True,False,WHITE,2.0,FEMALE,"130,180"
"168,978",1,31.0,1.0,Passenger car,1,"65,022",2017 Mar 03 05:49:00 AM,2017 Mar 03 11:49:00 AM,"15,623,391",False,True,False,WHITE,1.0,MALE,"130,597"
"169,092",1,69.0,1.0,Large passenger vehicle,2,"65,082",2017 Mar 04 11:51:00 PM,2017 Mar 05 05:51:00 AM,"15,623,552",False,True,False,WHITE,2.0,FEMALE,"130,712"
"169,169",1,45.0,1.0,Passenger car,1,"65,122",2017 Mar 06 07:51:00 AM,2017 Mar 06 01:51:00 PM,"15,623,669",False,True,False,WHITE,2.0,FEMALE,"130,790"
"169,357",1,21.0,4.0,Pedestrian,7,"65,220",2017 Mar 06 07:08:00 PM,2017 Mar 07 01:08:00 AM,"15,625,436",False,True,False,ASIAN,1.0,MALE,"130,992"
"169,668",1,30.0,3.0,Large passenger vehicle,2,"65,385",2017 Mar 07 04:35:00 PM,2017 Mar 07 10:35:00 PM,"15,635,473",False,True,False,BLACK,1.0,MALE,"131,318"
"169,679",1,67.0,1.0,Passenger car,1,"65,391",2017 Mar 08 06:55:00 AM,2017 Mar 08 12:55:00 PM,"15,635,479",False,True,False,WHITE,2.0,FEMALE,"131,329"
"169,927",1,31.0,1.0,Pedestrian,7,"65,527",2017 Mar 09 01:51:00 PM,2017 Mar 09 07:51:00 PM,"15,637,657",False,True,False,WHITE,2.0,FEMALE,"131,600"
"170,216",1,53.0,1.0,Passenger car,1,"65,686",2017 Mar 11 03:29:00 PM,2017 Mar 11 09:29:00 PM,"15,643,692",False,True,False,WHITE,1.0,MALE,"131,907"
"170,383",4,59.0,2.0,Pedestrian,7,"65,776",2017 Mar 12 03:19:00 AM,2017 Mar 12 08:19:00 AM,"15,643,945",False,True,False,HISPANIC,1.0,MALE,"132,088"
"170,675",4,37.0,2.0,Passenger car,1,"65,931",2017 Mar 11 06:35:00 PM,2017 Mar 12 12:35:00 AM,"15,646,104",False,True,False,HISPANIC,1.0,MALE,"132,395"
"170,866",1,37.0,1.0,Large passenger vehicle,2,"66,032",2017 Mar 13 10:33:00 AM,2017 Mar 13 03:33:00 PM,"15,647,397",False,True,False,WHITE,2.0,FEMALE,"132,602"
"170,867",1,29.0,2.0,Large passenger vehicle,2,"66,032",2017 Mar 13 10:33:00 AM,2017 Mar 13 03:33:00 PM,"15,647,397",False,True,False,HISPANIC,1.0,MALE,"132,603"
"171,128",4,53.0,3.0,Bicycle,5,"66,173",2017 Mar 14 11:42:00 PM,2017 Mar 15 04:42:00 AM,"15,650,107",False,True,False,BLACK,1.0,MALE,"132,885"
"171,254",1,29.0,1.0,Passenger car,1,"66,236",2017 Mar 19 02:30:00 PM,2017 Mar 19 07:30:00 PM,"15,651,715",False,True,False,WHITE,1.0,MALE,"133,015"
"171,425",1,27.0,2.0,Large passenger vehicle,2,"66,326",2017 Mar 13 10:10:00 PM,2017 Mar 14 03:10:00 AM,"15,653,889",False,True,False,HISPANIC,1.0,MALE,"133,198"
"171,459",1,38.0,1.0,Pedestrian,7,"66,344",2017 Mar 17 10:00:00 PM,2017 Mar 18 03:00:00 AM,"15,653,932",False,True,False,WHITE,1.0,MALE,"133,235"
"171,547",1,63.0,1.0,Passenger car,1,"66,392",2017 Mar 19 06:34:00 PM,2017 Mar 19 11:34:00 PM,"15,654,041",False,True,False,WHITE,2.0,FEMALE,"133,331"
"171,695",1,25.0,1.0,Passenger car,1,"66,473",2017 Mar 04 02:34:00 AM,2017 Mar 04 08:34:00 AM,"15,656,022",False,True,False,WHITE,1.0,MALE,"133,489"
"172,024",4,19.0,1.0,Passenger car,1,"66,646",2017 Mar 18 08:07:00 AM,2017 Mar 18 01:07:00 PM,"15,659,893",False,True,False,WHITE,1.0,MALE,"133,842"
"172,112",1,13.0,3.0,Motorcycle,3,"66,691",2017 Mar 22 06:59:00 PM,2017 Mar 22 11:59:00 PM,"15,660,005",False,True,False,BLACK,1.0,MALE,"133,936"
"172,158",1,,1.0,Passenger car,1,"66,716",2017 Feb 02 09:31:00 AM,2017 Feb 02 03:31:00 PM,"15,660,670",False,True,False,WHITE,1.0,MALE,"133,987"
"172,173",1,32.0,5.0,Passenger car,1,"66,723",2017 Mar 23 02:40:00 PM,2017 Mar 23 07:40:00 PM,"15,660,908",False,True,False,OTHER,1.0,MALE,"134,003"
"172,301",1,44.0,2.0,Large passenger vehicle,2,"66,790",2017 Mar 23 03:45:00 PM,2017 Mar 23 08:45:00 PM,"15,661,750",False,True,False,HISPANIC,1.0,MALE,"134,137"
"172,316",1,44.0,2.0,Large passenger vehicle,2,"66,797",2017 Mar 23 03:50:00 PM,2017 Mar 23 08:50:00 PM,"15,661,782",False,True,False,HISPANIC,1.0,MALE,"134,152"
"172,318",1,44.0,2.0,Large passenger vehicle,2,"66,798",2017 Mar 23 03:54:00 PM,2017 Mar 23 08:54:00 PM,"15,661,783",False,True,False,HISPANIC,1.0,MALE,"134,154"
"172,565",1,24.0,2.0,Passenger car,1,"66,933",2017 Mar 25 11:03:00 PM,2017 Mar 26 04:03:00 AM,"15,666,934",False,True,False,HISPANIC,1.0,MALE,"134,422"
"172,659",1,42.0,1.0,Bicycle,5,"66,983",2017 Feb 24 07:51:00 AM,2017 Feb 24 01:51:00 PM,"15,668,990",False,True,False,WHITE,2.0,FEMALE,"134,522"
"172,664",4,65.0,1.0,Pedestrian,7,"66,986",2017 Mar 24 08:57:00 AM,2017 Mar 24 01:57:00 PM,"15,669,169",False,True,False,WHITE,1.0,MALE,"134,527"
"172,716",4,22.0,3.0,Pedestrian,7,"67,012",2017 Mar 19 02:31:00 AM,2017 Mar 19 07:31:00 AM,"15,669,232",False,True,False,BLACK,1.0,MALE,"134,581"
"172,855",1,26.0,1.0,Passenger car,1,"67,077",2017 Mar 24 05:16:00 PM,2017 Mar 24 10:16:00 PM,"15,669,368",False,True,False,WHITE,2.0,FEMALE,"134,726"
"172,911",1,37.0,2.0,Large passenger vehicle,2,"67,107",2017 Mar 26 12:31:00 AM,2017 Mar 26 05:31:00 AM,"15,669,414",False,True,False,HISPANIC,2.0,FEMALE,"134,786"
"173,158",1,60.0,2.0,Bicycle,5,"67,242",2017 Feb 13 11:31:00 PM,2017 Feb 14 05:31:00 AM,"15,671,109",False,True,False,HISPANIC,1.0,MALE,"135,054"
"173,189",1,20.0,0.0,Bicycle,5,"67,257",2017 Mar 15 10:23:00 PM,2017 Mar 16 03:23:00 AM,"15,671,124",False,True,False,UNKNOWN,2.0,FEMALE,"135,087"
"173,197",1,31.0,1.0,Bicycle,5,"67,262",2017 Mar 17 02:29:00 AM,2017 Mar 17 07:29:00 AM,"15,671,173",False,True,False,WHITE,2.0,FEMALE,"135,095"
"173,461",1,55.0,1.0,Large passenger vehicle,2,"67,394",2017 Mar 29 04:07:00 PM,2017 Mar 29 09:07:00 PM,"15,673,599",False,True,False,WHITE,2.0,FEMALE,"135,377"
"173,661",1,67.0,1.0,Passenger car,1,"67,490",2017 Mar 30 11:12:00 AM,2017 Mar 30 04:12:00 PM,"15,675,720",False,True,False,WHITE,2.0,FEMALE,"135,585"
"174,114",1,51.0,1.0,Large passenger vehicle,2,"67,738",2017 Mar 21 09:34:00 AM,2017 Mar 21 02:34:00 PM,"15,684,070",False,True,False,WHITE,1.0,MALE,"136,074"
"174,137",1,63.0,1.0,Large passenger vehicle,2,"67,750",2017 Mar 28 07:44:00 AM,2017 Mar 28 12:44:00 PM,"15,684,082",False,True,False,WHITE,1.0,MALE,"136,097"
"174,159",1,45.0,2.0,Motor vehicle – other,4,"67,761",2017 Mar 31 11:56:00 AM,2017 Mar 31 04:56:00 PM,"15,684,133",False,True,False,HISPANIC,1.0,MALE,"136,121"
"174,231",1,44.0,3.0,Motorcycle,3,"67,794",2017 Apr 01 04:53:00 PM,2017 Apr 01 09:53:00 PM,"15,684,214",False,True,False,BLACK,1.0,MALE,"136,196"
"174,247",1,57.0,2.0,Passenger car,1,"67,802",2017 Apr 01 05:52:00 PM,2017 Apr 01 10:52:00 PM,"15,684,222",False,True,False,HISPANIC,1.0,MALE,"136,215"
"174,322",1,29.0,1.0,Passenger car,1,"67,847",2017 Apr 03 11:45:00 AM,2017 Apr 03 04:45:00 PM,"15,684,355",False,True,False,WHITE,1.0,MALE,"136,302"
"174,528",4,36.0,1.0,Pedestrian,7,"67,955",2017 Apr 04 09:06:00 PM,2017 Apr 05 02:06:00 AM,"15,686,199",False,True,False,WHITE,1.0,MALE,"136,525"
"174,553",1,51.0,1.0,Large passenger vehicle,2,"67,968",2017 Apr 05 01:19:00 PM,2017 Apr 05 06:19:00 PM,"15,686,285",False,True,False,WHITE,1.0,MALE,"136,551"
"174,778",1,46.0,1.0,Motorcycle,3,"68,082",2017 Apr 06 06:23:00 PM,2017 Apr 06 11:23:00 PM,"15,688,611",False,True,False,WHITE,1.0,MALE,"136,786"
"175,006",1,46.0,1.0,Passenger car,1,"68,210",2017 Apr 04 05:33:00 PM,2017 Apr 04 10:33:00 PM,"15,693,888",False,True,False,WHITE,1.0,MALE,"137,028"
"175,083",1,57.0,1.0,Passenger car,1,"68,244",2017 Apr 07 09:22:00 PM,2017 Apr 08 02:22:00 AM,"15,693,946",False,True,False,WHITE,1.0,MALE,"137,108"
"175,108",4,42.0,2.0,Passenger car,1,"68,257",2017 Apr 08 03:21:00 AM,2017 Apr 08 08:21:00 AM,"15,693,995",False,True,False,HISPANIC,1.0,MALE,"137,138"
"175,109",4,38.0,2.0,Large passenger vehicle,2,"68,257",2017 Apr 08 03:21:00 AM,2017 Apr 08 08:21:00 AM,"15,693,995",False,True,False,HISPANIC,1.0,MALE,"137,139"
"175,333",1,21.0,1.0,Motorcycle,3,"68,373",2017 Apr 10 07:07:00 PM,2017 Apr 11 12:07:00 AM,"15,696,424",False,True,False,WHITE,1.0,MALE,"137,376"
"175,350",1,36.0,3.0,Large passenger vehicle,2,"68,382",2017 Apr 11 11:28:00 AM,2017 Apr 11 04:28:00 PM,"15,696,468",False,True,False,BLACK,1.0,MALE,"137,393"
"175,637",1,41.0,1.0,Pedestrian,7,"68,544",2017 Apr 11 12:20:00 PM,2017 Apr 11 05:20:00 PM,"15,702,451",False,True,False,WHITE,1.0,MALE,"137,701"
"175,885",1,31.0,2.0,Passenger car,1,"68,687",2017 Apr 17 07:10:00 AM,2017 Apr 17 12:10:00 PM,"15,706,511",False,True,False,HISPANIC,2.0,FEMALE,"137,969"
"176,003",1,30.0,4.0,Motorcycle,3,"68,742",2017 Apr 02 08:34:00 PM,2017 Apr 03 01:34:00 AM,"15,706,672",False,True,False,ASIAN,1.0,MALE,"138,096"
"176,028",1,45.0,,Large passenger vehicle,2,"68,755",2017 Apr 05 07:35:00 PM,2017 Apr 06 12:35:00 AM,"15,706,709",False,True,False,,1.0,MALE,"138,124"
"176,055",4,22.0,1.0,Passenger car,1,"68,770",2017 Apr 08 08:02:00 AM,2017 Apr 08 01:02:00 PM,"15,706,724",False,True,False,WHITE,2.0,FEMALE,"138,154"
"176,056",4,59.0,2.0,Large passenger vehicle,2,"68,770",2017 Apr 08 08:02:00 AM,2017 Apr 08 01:02:00 PM,"15,706,724",False,True,False,HISPANIC,1.0,MALE,"138,155"
"176,105",1,24.0,1.0,Large passenger vehicle,2,"68,797",2017 Apr 10 03:20:00 PM,2017 Apr 10 08:20:00 PM,"15,706,782",False,True,False,WHITE,1.0,MALE,"138,207"
"176,207",1,66.0,2.0,Pedestrian,7,"68,844",2017 Apr 13 11:07:00 AM,2017 Apr 13 04:07:00 PM,"15,706,915",False,True,False,HISPANIC,2.0,FEMALE,"138,311"
"176,315",1,3.0,3.0,Bicycle,5,"68,898",2017 Apr 14 05:53:00 PM,2017 Apr 14 10:53:00 PM,"15,707,038",False,True,False,BLACK,1.0,MALE,"138,423"
"176,347",1,27.0,3.0,Passenger car,1,"68,912",2017 Apr 15 12:18:00 AM,2017 Apr 15 05:18:00 AM,"15,707,082",False,True,False,BLACK,1.0,MALE,"138,457"
"176,486",4,21.0,1.0,Motorcycle,3,"68,990",2017 Apr 17 07:21:00 PM,2017 Apr 18 12:21:00 AM,"15,709,575",False,True,False,WHITE,2.0,FEMALE,"138,608"
"176,673",1,28.0,1.0,Motorcycle,3,"69,087",2017 Apr 15 03:16:00 AM,2017 Apr 15 08:16:00 AM,"15,711,419",False,True,False,WHITE,1.0,MALE,"138,805"
"177,055",1,41.0,2.0,Passenger car,1,"69,275",2017 Apr 19 09:12:00 PM,2017 Apr 20 02:12:00 AM,"15,714,976",False,True,False,HISPANIC,1.0,MALE,"139,201"
"177,563",1,38.0,1.0,Large passenger vehicle,2,"69,538",2017 Apr 24 07:46:00 AM,2017 Apr 24 12:46:00 PM,"15,718,975",False,True,False,WHITE,1.0,MALE,"139,736"
"177,797",1,24.0,2.0,Passenger car,1,"69,661",2017 Apr 23 03:36:00 PM,2017 Apr 23 08:36:00 PM,"15,723,635",False,True,False,HISPANIC,1.0,MALE,"139,989"
"177,798",1,23.0,2.0,Passenger car,1,"69,661",2017 Apr 23 03:36:00 PM,2017 Apr 23 08:36:00 PM,"15,723,635",False,True,False,HISPANIC,1.0,MALE,"139,990"
"177,832",1,64.0,3.0,Passenger car,1,"69,680",2017 Apr 06 04:51:00 PM,2017 Apr 06 09:51:00 PM,"15,723,883",False,True,False,BLACK,2.0,FEMALE,"140,029"
"178,078",4,,1.0,Bicycle,5,"69,800",2017 Mar 28 07:26:00 PM,2017 Mar 29 12:26:00 AM,"15,725,973",False,True,False,WHITE,1.0,MALE,"140,283"
"178,223",1,40.0,2.0,Passenger car,1,"69,876",2017 Apr 26 07:55:00 PM,2017 Apr 27 12:55:00 AM,"15,727,909",False,True,False,HISPANIC,1.0,MALE,"140,441"
"178,236",1,40.0,1.0,Pedestrian,7,"69,881",2017 Apr 26 10:06:00 PM,2017 Apr 27 03:06:00 AM,"15,727,914",False,True,False,WHITE,2.0,FEMALE,"140,455"
"178,264",4,48.0,1.0,Pedestrian,7,"69,894",2017 Apr 27 06:23:00 AM,2017 Apr 27 11:23:00 AM,"15,727,946",False,True,False,WHITE,1.0,MALE,"140,484"
"178,274",1,52.0,2.0,Passenger car,1,"69,899",2017 Apr 27 08:22:00 AM,2017 Apr 27 01:22:00 PM,"15,727,951",False,True,False,HISPANIC,1.0,MALE,"140,496"
"178,334",1,71.0,3.0,Passenger car,1,"69,928",2017 Apr 28 02:03:00 PM,2017 Apr 28 07:03:00 PM,"15,727,991",False,True,False,BLACK,2.0,FEMALE,"140,558"
"178,510",1,67.0,1.0,Passenger car,1,"70,025",2017 Apr 07 07:21:00 AM,2017 Apr 07 12:21:00 PM,"15,731,323",False,True,False,WHITE,2.0,FEMALE,"140,753"
"178,512",1,24.0,1.0,Passenger car,1,"70,026",2017 Apr 11 12:22:00 PM,2017 Apr 11 05:22:00 PM,"15,731,326",False,True,False,WHITE,2.0,FEMALE,"140,755"
"178,606",4,29.0,2.0,Large passenger vehicle,2,"70,074",2017 Apr 29 03:52:00 PM,2017 Apr 29 08:52:00 PM,"15,731,524",False,True,False,HISPANIC,1.0,MALE,"140,855"
"178,863",4,52.0,1.0,Large passenger vehicle,2,"70,210",2017 May 01 12:02:00 PM,2017 May 01 05:02:00 PM,"15,734,974",False,True,False,WHITE,2.0,FEMALE,"141,132"
"179,364",1,20.0,3.0,Pedestrian,7,"70,478",2017 May 03 10:47:00 AM,2017 May 03 03:47:00 PM,"15,740,409",False,True,False,BLACK,2.0,FEMALE,"141,672"
"179,367",1,23.0,1.0,Motorcycle,3,"70,480",2017 May 03 01:08:00 PM,2017 May 03 06:08:00 PM,"15,740,413",False,True,False,WHITE,1.0,MALE,"141,675"
"179,369",1,62.0,1.0,Passenger car,1,"70,481",2017 May 03 07:00:00 PM,2017 May 04 12:00:00 AM,"15,740,414",False,True,False,WHITE,2.0,FEMALE,"141,677"
"179,388",1,84.0,1.0,Large passenger vehicle,2,"70,491",2017 May 04 11:08:00 AM,2017 May 04 04:08:00 PM,"15,740,424",False,True,False,WHITE,2.0,FEMALE,"141,697"
"179,399",1,32.0,1.0,Large passenger vehicle,2,"70,496",2017 May 04 12:14:00 PM,2017 May 04 05:14:00 PM,"15,740,430",False,True,False,WHITE,2.0,FEMALE,"141,708"
"179,453",1,22.0,1.0,Passenger car,1,"70,524",2017 May 05 01:01:00 AM,2017 May 05 06:01:00 AM,"15,741,004",False,True,False,WHITE,2.0,FEMALE,"141,767"
"179,853",1,46.0,1.0,Passenger car,1,"70,739",2017 May 06 06:18:00 AM,2017 May 06 11:18:00 AM,"15,745,487",False,True,False,WHITE,1.0,MALE,"142,202"
"179,924",1,44.0,2.0,Large passenger vehicle,2,"70,775",2017 May 07 04:32:00 PM,2017 May 07 09:32:00 PM,"15,745,543",False,True,False,HISPANIC,1.0,MALE,"142,274"
"179,925",1,41.0,3.0,Large passenger vehicle,2,"70,775",2017 May 07 04:32:00 PM,2017 May 07 09:32:00 PM,"15,745,543",False,True,False,BLACK,2.0,FEMALE,"142,275"
"179,928",1,40.0,1.0,Large passenger vehicle,2,"70,777",2017 May 07 04:44:00 PM,2017 May 07 09:44:00 PM,"15,745,545",False,True,False,WHITE,1.0,MALE,"142,278"
"179,936",1,25.0,3.0,Passenger car,1,"70,780",2017 May 07 05:01:00 PM,2017 May 07 10:01:00 PM,"15,745,548",False,True,False,BLACK,1.0,MALE,"142,286"
"180,229",1,59.0,1.0,Motorcycle,3,"70,938",2017 May 02 05:53:00 PM,2017 May 02 10:53:00 PM,"15,750,503",False,True,False,WHITE,1.0,MALE,"142,596"
"180,403",1,38.0,3.0,Passenger car,1,"71,029",2017 May 09 02:25:00 PM,2017 May 09 07:25:00 PM,"15,751,030",False,True,False,BLACK,2.0,FEMALE,"142,776"
"180,500",1,23.0,2.0,Large passenger vehicle,2,"71,084",2017 May 02 04:14:00 AM,2017 May 02 09:14:00 AM,"15,752,184",False,True,False,HISPANIC,1.0,MALE,"142,880"
"180,586",1,48.0,1.0,Pedestrian,7,"71,128",2017 May 11 09:07:00 AM,2017 May 11 02:07:00 PM,"15,752,298",False,True,False,WHITE,2.0,FEMALE,"142,972"
"180,875",1,25.0,1.0,Passenger car,1,"71,287",2017 May 11 05:38:00 PM,2017 May 11 10:38:00 PM,"15,757,374",False,True,False,WHITE,2.0,FEMALE,"143,285"
"181,109",1,22.0,1.0,Passenger car,1,"71,405",2017 Apr 29 05:25:00 PM,2017 Apr 29 10:25:00 PM,"15,760,621",False,True,False,WHITE,2.0,FEMALE,"143,539"
"181,160",4,28.0,1.0,Motorcycle,3,"71,432",2017 Apr 25 04:19:00 PM,2017 Apr 25 09:19:00 PM,"15,761,032",False,True,False,WHITE,2.0,FEMALE,"143,593"
"181,192",1,75.0,2.0,Passenger car,1,"71,450",2017 May 04 08:56:00 PM,2017 May 05 01:56:00 AM,"15,761,250",False,True,False,HISPANIC,1.0,MALE,"143,626"
"181,276",1,38.0,1.0,Passenger car,1,"71,492",2017 May 11 06:10:00 PM,2017 May 11 11:10:00 PM,"15,761,336",False,True,False,WHITE,2.0,FEMALE,"143,716"
"181,330",1,67.0,1.0,Large passenger vehicle,2,"71,519",2017 May 12 03:40:00 PM,2017 May 12 08:40:00 PM,"15,761,455",False,True,False,WHITE,1.0,MALE,"143,773"
"181,391",1,31.0,2.0,Passenger car,1,"71,547",2017 May 14 05:00:00 AM,2017 May 14 10:00:00 AM,"15,761,507",False,True,False,HISPANIC,2.0,FEMALE,"143,836"
"181,401",1,23.0,3.0,Passenger car,1,"71,553",2017 May 14 10:19:00 AM,2017 May 14 03:19:00 PM,"15,761,855",False,True,False,BLACK,2.0,FEMALE,"143,847"
"181,881",1,56.0,3.0,Passenger car,1,"71,798",2017 May 16 04:21:00 PM,2017 May 16 09:21:00 PM,"15,766,926",False,True,False,BLACK,2.0,FEMALE,"144,361"
"182,031",1,37.0,2.0,Large passenger vehicle,2,"71,881",2017 May 19 07:49:00 AM,2017 May 19 12:49:00 PM,"15,767,433",False,True,False,HISPANIC,1.0,MALE,"144,520"
"182,182",1,28.0,1.0,Pedestrian,7,"71,962",2017 May 19 09:09:00 PM,2017 May 20 02:09:00 AM,"15,770,116",False,True,False,WHITE,2.0,FEMALE,"144,681"
"182,247",1,35.0,3.0,Passenger car,1,"71,999",2017 May 20 10:11:00 PM,2017 May 21 03:11:00 AM,"15,770,193",False,True,False,BLACK,1.0,MALE,"144,750"
"182,316",1,75.0,1.0,Passenger car,1,"72,041",2017 May 22 11:15:00 AM,2017 May 22 04:15:00 PM,"15,771,016",False,True,False,WHITE,2.0,FEMALE,"144,822"
"182,318",1,50.0,3.0,Large passenger vehicle,2,"72,042",2017 May 22 02:36:00 PM,2017 May 22 07:36:00 PM,"15,771,017",False,True,False,BLACK,2.0,FEMALE,"144,824"
"182,578",1,41.0,3.0,Passenger car,1,"72,183",2017 May 11 03:30:00 PM,2017 May 11 08:30:00 PM,"15,774,340",False,True,False,BLACK,1.0,MALE,"145,099"
"183,316",1,35.0,3.0,Passenger car,1,"72,594",2017 May 21 07:10:00 PM,2017 May 22 12:10:00 AM,"15,787,015",False,True,False,BLACK,2.0,FEMALE,"145,899"
"183,442",1,44.0,1.0,Bicycle,5,"72,655",2017 May 24 06:18:00 PM,2017 May 24 11:18:00 PM,"15,787,145",False,True,False,WHITE,1.0,MALE,"146,029"
"183,566",1,52.0,1.0,Passenger car,1,"72,719",2017 May 26 11:28:00 AM,2017 May 26 04:28:00 PM,"15,787,258",False,True,False,WHITE,2.0,FEMALE,"146,160"
"183,594",1,20.0,1.0,Passenger car,1,"72,733",2017 May 26 07:02:00 PM,2017 May 27 12:02:00 AM,"15,787,321",False,True,False,WHITE,1.0,MALE,"146,188"
"183,644",1,54.0,3.0,Passenger car,1,"72,759",2017 May 27 12:32:00 AM,2017 May 27 05:32:00 AM,"15,787,401",False,True,False,BLACK,1.0,MALE,"146,241"
"183,802",1,22.0,0.0,Pedestrian,7,"72,850",2017 May 30 10:46:00 PM,2017 May 31 03:46:00 AM,"15,787,750",False,True,False,UNKNOWN,2.0,FEMALE,"146,418"
"183,945",1,35.0,3.0,Passenger car,1,"72,930",2017 May 11 06:17:00 PM,2017 May 11 11:17:00 PM,"15,791,198",False,True,False,BLACK,2.0,FEMALE,"146,568"
"184,018",1,24.0,2.0,Passenger car,1,"72,966",2017 May 29 02:54:00 AM,2017 May 29 07:54:00 AM,"15,791,274",False,True,False,HISPANIC,1.0,MALE,"146,647"
"184,025",1,37.0,2.0,Passenger car,1,"72,971",2017 May 30 05:31:00 AM,2017 May 30 10:31:00 AM,"15,791,279",False,True,False,HISPANIC,2.0,FEMALE,"146,655"
"184,029",4,34.0,2.0,Large passenger vehicle,2,"72,973",2017 May 30 09:18:00 PM,2017 May 31 02:18:00 AM,"15,791,281",False,True,False,HISPANIC,1.0,MALE,"146,659"
"184,082",1,33.0,1.0,Passenger car,1,"72,999",2017 May 31 08:44:00 PM,2017 Jun 01 01:44:00 AM,"15,791,352",False,True,False,WHITE,2.0,FEMALE,"146,714"
"184,167",1,53.0,4.0,Large passenger vehicle,2,"73,042",2017 May 12 05:19:00 PM,2017 May 12 10:19:00 PM,"15,791,639",False,True,False,ASIAN,2.0,FEMALE,"146,808"
"184,410",1,27.0,1.0,Motorcycle,3,"73,170",2017 Jun 04 05:25:00 PM,2017 Jun 04 10:25:00 PM,"15,795,162",False,True,False,WHITE,1.0,MALE,"147,076"
"184,536",1,34.0,1.0,Bicycle,5,"73,235",2017 Jun 02 02:38:00 AM,2017 Jun 02 07:38:00 AM,"15,795,523",False,True,False,WHITE,2.0,FEMALE,"147,212"
"184,562",1,21.0,2.0,Passenger car,1,"73,250",2017 Jun 02 09:12:00 PM,2017 Jun 03 02:12:00 AM,"15,795,545",False,True,False,HISPANIC,1.0,MALE,"147,239"
"184,765",1,31.0,1.0,Large passenger vehicle,2,"73,360",2017 May 31 07:39:00 AM,2017 May 31 12:39:00 PM,"15,798,204",False,True,False,WHITE,2.0,FEMALE,"147,459"
"184,787",1,21.0,2.0,Passenger car,1,"73,371",2017 Jun 03 12:09:00 PM,2017 Jun 03 05:09:00 PM,"15,798,215",False,True,False,HISPANIC,1.0,MALE,"147,482"
"184,805",1,58.0,1.0,Large passenger vehicle,2,"73,382",2017 Jun 04 04:37:00 PM,2017 Jun 04 09:37:00 PM,"15,798,239",False,True,False,WHITE,2.0,FEMALE,"147,503"
"185,164",1,53.0,2.0,Pedestrian,7,"73,572",2017 Jun 05 11:27:00 PM,2017 Jun 06 04:27:00 AM,"15,802,324",False,True,False,HISPANIC,1.0,MALE,"147,889"
"185,309",1,28.0,1.0,Motorcycle,3,"73,638",2017 Jun 08 06:29:00 AM,2017 Jun 08 11:29:00 AM,"15,802,471",False,True,False,WHITE,1.0,MALE,"148,038"
"185,556",1,31.0,2.0,Pedestrian,7,"73,775",2017 May 02 05:55:00 PM,2017 May 02 10:55:00 PM,"15,808,300",False,True,False,HISPANIC,1.0,MALE,"148,308"
"185,603",1,27.0,1.0,Passenger car,1,"73,801",2017 Jun 07 02:15:00 AM,2017 Jun 07 07:15:00 AM,"15,808,374",False,True,False,WHITE,1.0,MALE,"148,357"
"185,630",1,48.0,1.0,Motorcycle,3,"73,814",2017 Jun 08 03:15:00 PM,2017 Jun 08 08:15:00 PM,"15,808,387",False,True,False,WHITE,1.0,MALE,"148,386"
"185,776",1,22.0,1.0,Passenger car,1,"73,890",2017 Jun 10 06:48:00 PM,2017 Jun 10 11:48:00 PM,"15,808,773",False,True,False,WHITE,2.0,FEMALE,"148,541"
"185,777",4,58.0,1.0,Passenger car,1,"73,891",2017 Jun 10 10:28:00 PM,2017 Jun 11 03:28:00 AM,"15,808,775",False,True,False,WHITE,1.0,MALE,"148,542"
"185,991",1,31.0,2.0,Motorcycle,3,"73,997",2017 May 10 09:59:00 PM,2017 May 11 02:59:00 AM,"15,811,975",False,True,False,HISPANIC,1.0,MALE,"148,771"
"186,010",4,46.0,,Passenger car,1,"74,007",2017 Jun 05 06:15:00 AM,2017 Jun 05 11:15:00 AM,"15,811,985",False,True,False,,1.0,MALE,"148,791"
"186,271",1,50.0,3.0,Passenger car,1,"74,144",2017 Apr 30 08:58:00 PM,2017 May 01 01:58:00 AM,"15,814,461",False,True,False,BLACK,1.0,MALE,"149,073"
"186,545",1,26.0,2.0,Large passenger vehicle,2,"74,287",2017 Jun 16 01:13:00 AM,2017 Jun 16 06:13:00 AM,"15,816,679",False,True,False,HISPANIC,1.0,MALE,"149,372"
"186,847",1,61.0,1.0,Large passenger vehicle,2,"74,445",2017 Jun 17 05:05:00 AM,2017 Jun 17 10:05:00 AM,"15,820,646",False,True,False,WHITE,1.0,MALE,"149,683"
"186,885",1,51.0,2.0,Passenger car,1,"74,464",2017 Jun 17 09:27:00 PM,2017 Jun 18 02:27:00 AM,"15,820,665",False,True,False,HISPANIC,1.0,MALE,"149,722"
"186,915",1,41.0,1.0,Motorcycle,3,"74,480",2017 Jun 18 05:46:00 PM,2017 Jun 18 10:46:00 PM,"15,820,685",False,True,False,WHITE,1.0,MALE,"149,752"
"186,946",1,26.0,1.0,Passenger car,1,"74,496",2017 Jun 19 11:27:00 AM,2017 Jun 19 04:27:00 PM,"15,820,710",False,True,False,WHITE,1.0,MALE,"149,785"
"187,394",1,59.0,1.0,Bicycle,5,"74,737",2017 Jun 10 06:45:00 AM,2017 Jun 10 11:45:00 AM,"15,826,121",False,True,False,WHITE,2.0,FEMALE,"150,271"
"187,395",1,47.0,3.0,Bicycle,5,"74,737",2017 Jun 10 06:45:00 AM,2017 Jun 10 11:45:00 AM,"15,826,121",False,True,False,BLACK,1.0,MALE,"150,272"
"187,396",1,32.0,4.0,Bicycle,5,"74,737",2017 Jun 10 06:45:00 AM,2017 Jun 10 11:45:00 AM,"15,826,121",False,True,False,ASIAN,2.0,FEMALE,"150,273"
"187,430",1,30.0,3.0,Passenger car,1,"74,753",2017 Jun 21 10:30:00 PM,2017 Jun 22 03:30:00 AM,"15,826,203",False,True,False,BLACK,1.0,MALE,"150,307"
"187,596",1,53.0,1.0,Bicycle,5,"74,837",2017 Jun 12 04:45:00 PM,2017 Jun 12 09:45:00 PM,"15,827,854",False,True,False,WHITE,1.0,MALE,"150,487"
"187,684",1,66.0,4.0,Large passenger vehicle,2,"74,882",2017 Jun 22 01:03:00 PM,2017 Jun 22 06:03:00 PM,"15,827,950",False,True,False,ASIAN,2.0,FEMALE,"150,582"
"187,692",1,36.0,1.0,Motorcycle,3,"74,884",2017 Jun 22 12:52:00 PM,2017 Jun 22 05:52:00 PM,"15,827,953",False,True,False,WHITE,1.0,MALE,"150,590"
"187,880",1,15.0,3.0,Passenger car,1,"74,981",2017 May 28 05:05:00 PM,2017 May 28 10:05:00 PM,"15,831,217",False,True,False,BLACK,1.0,MALE,"150,785"
"187,892",4,75.0,3.0,Pedestrian,7,"74,986",2017 Jun 11 09:19:00 PM,2017 Jun 12 02:19:00 AM,"15,831,222",False,True,False,BLACK,1.0,MALE,"150,797"
"187,990",1,39.0,1.0,Passenger car,1,"75,037",2017 Jun 23 07:07:00 PM,2017 Jun 24 12:07:00 AM,"15,831,360",False,True,False,WHITE,1.0,MALE,"150,900"
"187,993",1,24.0,2.0,Motorcycle,3,"75,040",2017 Jun 23 08:48:00 PM,2017 Jun 24 01:48:00 AM,"15,831,363",False,True,False,HISPANIC,1.0,MALE,"150,903"
"188,013",1,39.0,1.0,Pedestrian,7,"75,050",2017 Jun 24 02:41:00 AM,2017 Jun 24 07:41:00 AM,"15,831,373",False,True,False,WHITE,2.0,FEMALE,"150,928"
"188,081",1,25.0,1.0,Motorcycle,3,"75,086",2017 Jun 25 02:02:00 PM,2017 Jun 25 07:02:00 PM,"15,831,494",False,True,False,WHITE,1.0,MALE,"151,000"
"188,435",1,39.0,1.0,Pedestrian,7,"75,280",2017 Jun 26 11:43:00 AM,2017 Jun 26 04:43:00 PM,"15,836,715",False,True,False,WHITE,1.0,MALE,"151,379"
"188,512",1,57.0,2.0,Pedestrian,7,"75,320",2017 Jun 27 09:31:00 PM,2017 Jun 28 02:31:00 AM,"15,836,777",False,True,False,HISPANIC,1.0,MALE,"151,457"
"188,516",1,41.0,2.0,Passenger car,1,"75,322",2017 Jun 28 05:07:00 AM,2017 Jun 28 10:07:00 AM,"15,836,779",False,True,False,HISPANIC,2.0,FEMALE,"151,461"
"188,743",1,67.0,3.0,Large passenger vehicle,2,"75,440",2017 Jun 28 08:01:00 PM,2017 Jun 29 01:01:00 AM,"15,839,702",False,True,False,BLACK,1.0,MALE,"151,705"
"188,772",1,29.0,1.0,Motorcycle,3,"75,455",2017 Jun 29 09:58:00 AM,2017 Jun 29 02:58:00 PM,"15,839,743",False,True,False,WHITE,1.0,MALE,"151,737"
"188,818",1,28.0,1.0,Motorcycle,3,"75,476",2017 Jun 29 09:08:00 PM,2017 Jun 30 02:08:00 AM,"15,839,790",False,True,False,WHITE,1.0,MALE,"151,783"
"189,344",1,22.0,2.0,Passenger car,1,"75,768",2017 Jul 03 09:06:00 AM,2017 Jul 03 02:06:00 PM,"15,846,726",False,True,False,HISPANIC,1.0,MALE,"152,342"
"189,345",1,51.0,1.0,Large passenger vehicle,2,"75,768",2017 Jul 03 09:06:00 AM,2017 Jul 03 02:06:00 PM,"15,846,726",False,True,False,WHITE,2.0,FEMALE,"152,343"
"189,385",1,35.0,1.0,Pedestrian,7,"75,787",2017 Jul 03 07:01:00 PM,2017 Jul 04 12:01:00 AM,"15,846,792",False,True,False,WHITE,1.0,MALE,"152,384"
"189,392",1,37.0,2.0,Large passenger vehicle,2,"75,791",2017 Jul 03 01:13:00 PM,2017 Jul 03 06:13:00 PM,"15,846,796",False,True,False,HISPANIC,2.0,FEMALE,"152,391"
"189,444",1,35.0,1.0,Bicycle,5,"75,815",2017 Jun 15 12:48:00 AM,2017 Jun 15 05:48:00 AM,"15,847,006",False,True,False,WHITE,2.0,FEMALE,"152,444"
"189,445",1,28.0,1.0,Motorcycle,3,"75,816",2017 Jun 15 03:20:00 PM,2017 Jun 15 08:20:00 PM,"15,847,195",False,True,False,WHITE,1.0,MALE,"152,445"
"189,490",1,37.0,1.0,Motorcycle,3,"75,839",2017 Jul 05 02:14:00 PM,2017 Jul 05 07:14:00 PM,"15,847,352",False,True,False,WHITE,1.0,MALE,"152,491"
"189,491",1,33.0,1.0,Passenger car,1,"75,840",2017 Jul 05 09:43:00 AM,2017 Jul 05 02:43:00 PM,"15,847,353",False,True,False,WHITE,1.0,MALE,"152,492"
"189,516",1,17.0,3.0,Passenger car,1,"75,852",2017 Jun 28 11:33:00 PM,2017 Jun 29 04:33:00 AM,"15,847,398",False,True,False,BLACK,1.0,MALE,"152,519"
"189,735",1,48.0,2.0,Passenger car,1,"75,974",2017 Jun 29 02:23:00 PM,2017 Jun 29 07:23:00 PM,"15,851,714",False,True,False,HISPANIC,2.0,FEMALE,"152,749"
"189,896",1,68.0,1.0,Passenger car,1,"76,055",2017 Jul 06 06:36:00 PM,2017 Jul 06 11:36:00 PM,"15,852,068",False,True,False,WHITE,1.0,MALE,"152,924"
"190,079",1,30.0,1.0,Passenger car,1,"76,159",2017 Jul 10 10:09:00 AM,2017 Jul 10 03:09:00 PM,"15,855,409",False,True,False,WHITE,2.0,FEMALE,"153,129"
"190,227",4,31.0,2.0,Passenger car,1,"76,239",2017 Jul 08 12:30:00 AM,2017 Jul 08 05:30:00 AM,"15,857,124",False,True,False,HISPANIC,1.0,MALE,"153,294"
"190,239",1,21.0,5.0,Motorcycle,3,"76,246",2017 Jul 08 08:33:00 AM,2017 Jul 08 01:33:00 PM,"15,857,173",False,True,False,OTHER,1.0,MALE,"153,307"
"190,247",1,45.0,3.0,Large passenger vehicle,2,"76,250",2017 Jul 08 11:50:00 AM,2017 Jul 08 04:50:00 PM,"15,857,177",False,True,False,BLACK,2.0,FEMALE,"153,315"
"190,281",1,27.0,3.0,Pedestrian,7,"76,266",2017 Jul 09 02:50:00 AM,2017 Jul 09 07:50:00 AM,"15,857,193",False,True,False,BLACK,1.0,MALE,"153,349"
"190,285",1,61.0,1.0,Passenger car,1,"76,269",2017 Jul 09 09:50:00 AM,2017 Jul 09 02:50:00 PM,"15,857,232",False,True,False,WHITE,1.0,MALE,"153,353"
"190,329",1,58.0,1.0,Passenger car,1,"76,291",2017 Jul 10 01:33:00 PM,2017 Jul 10 06:33:00 PM,"15,857,255",False,True,False,WHITE,1.0,MALE,"153,399"
"190,348",1,58.0,4.0,Passenger car,1,"76,300",2017 Jul 10 04:42:00 PM,2017 Jul 10 09:42:00 PM,"15,857,296",False,True,False,ASIAN,1.0,MALE,"153,418"
"190,361",1,46.0,1.0,Motorcycle,3,"76,306",2017 Jul 10 06:26:00 PM,2017 Jul 10 11:26:00 PM,"15,857,308",False,True,False,WHITE,1.0,MALE,"153,431"
"191,096",1,60.0,1.0,Passenger car,1,"76,689",2017 Jul 16 04:47:00 PM,2017 Jul 16 09:47:00 PM,"15,866,549",False,True,False,WHITE,1.0,MALE,"154,214"
"191,201",1,22.0,2.0,Motorcycle,3,"76,741",2017 Jul 14 06:00:00 PM,2017 Jul 14 11:00:00 PM,"15,866,810",False,True,False,HISPANIC,1.0,MALE,"154,323"
"191,306",1,36.0,3.0,Large passenger vehicle,2,"76,800",2017 Jul 15 05:34:00 AM,2017 Jul 15 10:34:00 AM,"15,867,060",False,True,False,BLACK,1.0,MALE,"154,435"
"191,329",1,20.0,5.0,Large passenger vehicle,2,"76,812",2017 Jul 16 12:07:00 PM,2017 Jul 16 05:07:00 PM,"15,867,072",False,True,False,OTHER,2.0,FEMALE,"154,458"
"191,523",1,52.0,1.0,Passenger car,1,"76,910",2017 Jul 17 02:56:00 PM,2017 Jul 17 07:56:00 PM,"15,868,597",False,True,False,WHITE,1.0,MALE,"154,673"
"191,649",4,34.0,1.0,Pedestrian,7,"76,980",2017 Jul 17 10:58:00 PM,2017 Jul 18 03:58:00 AM,"15,870,241",False,True,False,WHITE,1.0,MALE,"154,807"
"191,690",1,19.0,2.0,Passenger car,1,"76,999",2017 Jul 18 09:34:00 PM,2017 Jul 19 02:34:00 AM,"15,870,341",False,True,False,HISPANIC,2.0,FEMALE,"154,848"
"191,829",1,33.0,1.0,Passenger car,1,"77,073",2017 Jul 17 10:23:00 AM,2017 Jul 17 03:23:00 PM,"15,871,782",False,True,False,WHITE,2.0,FEMALE,"154,991"
"192,011",4,29.0,1.0,Passenger car,1,"77,171",2017 Jul 13 08:59:00 PM,2017 Jul 14 01:59:00 AM,"15,874,437",False,True,False,WHITE,1.0,MALE,"155,184"
"192,051",1,55.0,2.0,Passenger car,1,"77,192",2017 Jul 19 02:40:00 PM,2017 Jul 19 07:40:00 PM,"15,874,472",False,True,False,HISPANIC,2.0,FEMALE,"155,226"
"192,080",1,20.0,2.0,Motorcycle,3,"77,204",2017 Jul 21 07:10:00 AM,2017 Jul 21 12:10:00 PM,"15,874,485",False,True,False,HISPANIC,1.0,MALE,"155,256"
"192,102",1,41.0,1.0,Large passenger vehicle,2,"77,214",2017 Jul 21 12:58:00 PM,2017 Jul 21 05:58:00 PM,"15,874,513",False,True,False,WHITE,1.0,MALE,"155,279"
"192,262",1,33.0,2.0,Passenger car,1,"77,302",2017 Jul 21 06:24:00 PM,2017 Jul 21 11:24:00 PM,"15,877,401",False,True,False,HISPANIC,1.0,MALE,"155,457"
"192,364",1,37.0,1.0,Passenger car,1,"77,358",2017 Jul 23 08:55:00 AM,2017 Jul 23 01:55:00 PM,"15,878,097",False,True,False,WHITE,1.0,MALE,"155,566"
"192,460",1,66.0,3.0,Passenger car,1,"77,411",2017 Jul 23 11:18:00 PM,2017 Jul 24 04:18:00 AM,"15,878,252",False,True,False,BLACK,1.0,MALE,"155,666"
"192,461",1,49.0,1.0,Large passenger vehicle,2,"77,411",2017 Jul 23 11:18:00 PM,2017 Jul 24 04:18:00 AM,"15,878,252",False,True,False,WHITE,1.0,MALE,"155,667"
"192,712",1,62.0,2.0,Large passenger vehicle,2,"77,543",2017 Jul 25 11:06:00 AM,2017 Jul 25 04:06:00 PM,"15,883,531",False,True,False,HISPANIC,2.0,FEMALE,"155,941"
"192,784",1,52.0,1.0,Motorcycle,3,"77,584",2017 Jul 21 05:33:00 PM,2017 Jul 21 10:33:00 PM,"15,885,957",False,True,False,WHITE,1.0,MALE,"156,019"
"193,061",1,29.0,1.0,Large passenger vehicle,2,"77,728",2017 Jul 20 02:02:00 AM,2017 Jul 20 07:02:00 AM,"15,890,003",False,True,False,WHITE,1.0,MALE,"156,313"
"193,489",1,24.0,1.0,Motorcycle,3,"77,946",2017 Jul 29 04:55:00 PM,2017 Jul 29 09:55:00 PM,"15,890,471",False,True,False,WHITE,1.0,MALE,"156,764"
"193,525",1,23.0,1.0,Motorcycle,3,"77,966",2017 Jul 30 04:16:00 PM,2017 Jul 30 09:16:00 PM,"15,890,495",False,True,False,WHITE,2.0,FEMALE,"156,800"
"193,707",1,23.0,2.0,Large passenger vehicle,2,"78,067",2017 Jul 28 02:17:00 AM,2017 Jul 28 07:17:00 AM,"15,892,195",False,True,False,HISPANIC,1.0,MALE,"156,994"
"193,718",1,39.0,2.0,Passenger car,1,"78,073",2017 Jul 31 11:35:00 AM,2017 Jul 31 04:35:00 PM,"15,892,314",False,True,False,HISPANIC,2.0,FEMALE,"157,006"
"194,100",1,49.0,2.0,Motorcycle,3,"78,276",2017 Aug 01 08:01:00 PM,2017 Aug 02 01:01:00 AM,"15,896,472",False,True,False,HISPANIC,1.0,MALE,"157,422"
"194,170",1,27.0,3.0,Large passenger vehicle,2,"78,312",2017 Aug 02 09:23:00 PM,2017 Aug 03 02:23:00 AM,"15,896,633",False,True,False,BLACK,1.0,MALE,"157,494"
"194,201",1,19.0,2.0,Passenger car,1,"78,327",2017 Aug 03 01:01:00 PM,2017 Aug 03 06:01:00 PM,"15,896,648",False,True,False,HISPANIC,1.0,MALE,"157,526"
"194,343",1,35.0,3.0,Passenger car,1,"78,398",2017 Aug 03 08:33:00 PM,2017 Aug 04 01:33:00 AM,"15,898,102",False,True,False,BLACK,1.0,MALE,"157,671"
"194,344",1,53.0,4.0,Large passenger vehicle,2,"78,398",2017 Aug 03 08:33:00 PM,2017 Aug 04 01:33:00 AM,"15,898,102",False,True,False,ASIAN,1.0,MALE,"157,672"
"194,362",1,21.0,2.0,Motorcycle,3,"78,409",2017 Aug 04 10:44:00 AM,2017 Aug 04 03:44:00 PM,"15,898,115",False,True,False,HISPANIC,1.0,MALE,"157,692"
"194,559",1,26.0,1.0,Large passenger vehicle,2,"78,513",2017 Aug 02 09:34:00 PM,2017 Aug 03 02:34:00 AM,"15,901,687",False,True,False,WHITE,2.0,FEMALE,"157,903"
"194,660",1,20.0,5.0,Passenger car,1,"78,567",2017 Aug 04 06:50:00 PM,2017 Aug 04 11:50:00 PM,"15,902,112",False,True,False,OTHER,2.0,FEMALE,"158,010"
"194,671",1,26.0,1.0,Motorcycle,3,"78,574",2017 Aug 04 10:20:00 PM,2017 Aug 05 03:20:00 AM,"15,902,120",False,True,False,WHITE,1.0,MALE,"158,021"
"194,925",1,33.0,1.0,Pedestrian,7,"78,717",2017 Aug 05 02:48:00 AM,2017 Aug 05 07:48:00 AM,"15,904,342",False,True,False,WHITE,1.0,MALE,"158,295"
"194,975",1,56.0,2.0,Passenger car,1,"78,746",2017 Aug 07 05:22:00 PM,2017 Aug 07 10:22:00 PM,"15,904,483",False,True,False,HISPANIC,1.0,MALE,"158,350"
"195,110",1,15.0,2.0,Bicycle,5,"78,819",2017 Aug 02 06:18:00 PM,2017 Aug 02 11:18:00 PM,"15,906,059",False,True,False,HISPANIC,1.0,MALE,"158,491"
"195,111",4,48.0,1.0,Motorcycle,3,"78,820",2017 Aug 02 06:19:00 PM,2017 Aug 02 11:19:00 PM,"15,906,060",False,True,False,WHITE,1.0,MALE,"158,492"
"195,122",1,35.0,4.0,Passenger car,1,"78,827",2017 Aug 08 03:03:00 PM,2017 Aug 08 08:03:00 PM,"15,906,067",False,True,False,ASIAN,1.0,MALE,"158,507"
"195,311",1,28.0,2.0,Bicycle,5,"78,925",2017 Aug 08 10:34:00 AM,2017 Aug 08 03:34:00 PM,"15,908,213",False,True,False,HISPANIC,1.0,MALE,"158,702"
"195,655",1,42.0,1.0,Passenger car,1,"79,101",2017 Apr 08 10:18:00 PM,2017 Apr 09 03:18:00 AM,"15,913,581",False,True,False,WHITE,2.0,FEMALE,"159,064"
"195,856",1,24.0,5.0,Motorcycle,3,"79,204",2017 Aug 11 05:27:00 PM,2017 Aug 11 10:27:00 PM,"15,914,312",False,True,False,OTHER,1.0,MALE,"159,278"
"195,863",1,37.0,3.0,Motorcycle,3,"79,208",2017 Aug 11 09:50:00 PM,2017 Aug 12 02:50:00 AM,"15,914,316",False,True,False,BLACK,1.0,MALE,"159,285"
"195,981",1,60.0,2.0,Pedestrian,7,"79,268",2017 Aug 12 11:20:00 PM,2017 Aug 13 04:20:00 AM,"15,915,484",False,True,False,HISPANIC,1.0,MALE,"159,413"
"196,059",1,50.0,1.0,Pedestrian,7,"79,309",2017 Aug 13 09:27:00 PM,2017 Aug 14 02:27:00 AM,"15,915,913",False,True,False,WHITE,1.0,MALE,"159,496"
"196,151",1,43.0,3.0,Pedestrian,7,"79,361",2017 Aug 11 11:57:00 PM,2017 Aug 12 04:57:00 AM,"15,917,084",False,True,False,BLACK,2.0,FEMALE,"159,600"
"196,427",1,39.0,1.0,Passenger car,1,"79,506",2017 Aug 16 12:21:00 PM,2017 Aug 16 05:21:00 PM,"15,920,065",False,True,False,WHITE,2.0,FEMALE,"159,892"
"196,451",1,65.0,3.0,Large passenger vehicle,2,"79,516",2017 Aug 16 05:40:00 PM,2017 Aug 16 10:40:00 PM,"15,920,075",False,True,False,BLACK,1.0,MALE,"159,916"
"196,466",1,27.0,3.0,Passenger car,1,"79,522",2017 Aug 16 08:16:00 PM,2017 Aug 17 01:16:00 AM,"15,920,082",False,True,False,BLACK,1.0,MALE,"159,932"
"196,487",1,29.0,2.0,Passenger car,1,"79,533",2017 Aug 17 02:26:00 AM,2017 Aug 17 07:26:00 AM,"15,920,111",False,True,False,HISPANIC,1.0,MALE,"159,955"
"196,595",1,63.0,2.0,Passenger car,1,"79,591",2017 Aug 09 05:30:00 PM,2017 Aug 09 10:30:00 PM,"15,921,687",False,True,False,HISPANIC,1.0,MALE,"160,069"
"196,927",1,58.0,3.0,Pedestrian,7,"79,772",2017 Aug 18 02:47:00 PM,2017 Aug 18 07:47:00 PM,"15,925,374",False,True,False,BLACK,1.0,MALE,"160,424"
"196,995",1,55.0,1.0,Motorcycle,3,"79,806",2017 Aug 19 12:06:00 PM,2017 Aug 19 05:06:00 PM,"15,925,454",False,True,False,WHITE,1.0,MALE,"160,494"
"197,158",4,25.0,3.0,Pedestrian,7,"79,888",2017 Aug 03 09:27:00 PM,2017 Aug 04 02:27:00 AM,"15,926,839",False,True,False,BLACK,2.0,FEMALE,"160,665"
"197,291",1,36.0,1.0,Passenger car,1,"79,960",2017 Aug 04 10:32:00 PM,2017 Aug 05 03:32:00 AM,"15,929,397",False,True,False,WHITE,2.0,FEMALE,"160,808"
"197,450",4,20.0,2.0,Pedestrian,7,"80,041",2017 Aug 23 07:14:00 AM,2017 Aug 23 12:14:00 PM,"15,929,688",False,True,False,HISPANIC,1.0,MALE,"160,972"
"197,880",4,21.0,2.0,Passenger car,1,"80,270",2017 Aug 05 11:06:00 PM,2017 Aug 06 04:06:00 AM,"15,937,759",False,True,False,HISPANIC,1.0,MALE,"161,430"
"198,023",1,27.0,1.0,Passenger car,1,"80,340",2017 Aug 20 05:59:00 PM,2017 Aug 20 10:59:00 PM,"15,940,140",False,True,False,WHITE,2.0,FEMALE,"161,583"
"198,275",1,23.0,1.0,Passenger car,1,"80,461",2017 Aug 25 11:50:00 PM,2017 Aug 26 04:50:00 AM,"15,940,348",False,True,False,WHITE,1.0,MALE,"161,845"
"198,444",1,39.0,1.0,Motorcycle,3,"80,555",2017 Aug 29 04:17:00 PM,2017 Aug 29 09:17:00 PM,"15,940,544",False,True,False,WHITE,2.0,FEMALE,"162,018"
"198,473",1,44.0,2.0,Motorcycle,3,"80,569",2017 Aug 30 09:56:00 AM,2017 Aug 30 02:56:00 PM,"15,940,558",False,True,False,HISPANIC,1.0,MALE,"162,047"
"198,611",4,34.0,1.0,Motorcycle,3,"80,644",2017 Aug 06 12:59:00 AM,2017 Aug 06 05:59:00 AM,"15,942,280",False,True,False,WHITE,1.0,MALE,"162,194"
"198,622",1,53.0,3.0,Pedestrian,7,"80,650",2017 Aug 11 11:14:00 AM,2017 Aug 11 04:14:00 PM,"15,942,286",False,True,False,BLACK,1.0,MALE,"162,209"
"198,634",4,25.0,2.0,Passenger car,1,"80,656",2017 Aug 14 05:32:00 AM,2017 Aug 14 10:32:00 AM,"15,942,323",False,True,False,HISPANIC,1.0,MALE,"162,221"
"198,650",1,43.0,3.0,Large passenger vehicle,2,"80,663",2017 Aug 14 12:10:00 AM,2017 Aug 14 05:10:00 AM,"15,942,332",False,True,False,BLACK,1.0,MALE,"162,238"
"199,060",1,27.0,3.0,Passenger car,1,"80,878",2017 Aug 27 12:57:00 AM,2017 Aug 27 05:57:00 AM,"15,945,619",False,True,False,BLACK,1.0,MALE,"162,671"
"199,185",1,,1.0,Pedestrian,7,"80,944",2017 Sep 02 03:43:00 AM,2017 Sep 02 08:43:00 AM,"15,945,999",False,True,False,WHITE,1.0,MALE,"162,799"
"199,242",4,33.0,3.0,Passenger car,1,"80,972",2017 Sep 03 02:22:00 AM,2017 Sep 03 07:22:00 AM,"15,946,155",False,True,False,BLACK,1.0,MALE,"162,861"
"199,298",1,45.0,1.0,Motorcycle,3,"81,002",2017 Sep 05 12:22:00 AM,2017 Sep 05 05:22:00 AM,"15,946,221",False,True,False,WHITE,1.0,MALE,"162,921"
"199,448",1,45.0,4.0,Motorcycle,3,"81,079",2017 Sep 04 10:00:00 PM,2017 Sep 05 03:00:00 AM,"15,948,418",False,True,False,ASIAN,1.0,MALE,"163,081"
"199,556",1,90.0,1.0,Passenger car,1,"81,133",2017 Sep 06 07:06:00 AM,2017 Sep 06 12:06:00 PM,"15,948,584",False,True,False,WHITE,1.0,MALE,"163,197"
"199,673",1,,1.0,Motorcycle,3,"81,191",2017 Aug 31 01:46:00 PM,2017 Aug 31 06:46:00 PM,"15,950,296",False,True,False,WHITE,1.0,MALE,"163,317"
"199,707",4,38.0,3.0,Pedestrian,7,"81,208",2017 Sep 07 05:49:00 AM,2017 Sep 07 10:49:00 AM,"15,950,313",False,True,False,BLACK,1.0,MALE,"163,353"
"199,733",1,26.0,1.0,Pedestrian,7,"81,221",2017 Sep 06 01:35:00 AM,2017 Sep 06 06:35:00 AM,"15,950,348",False,True,False,WHITE,2.0,FEMALE,"163,380"
"200,152",1,21.0,0.0,Passenger car,1,"81,439",2017 Sep 08 10:47:00 AM,2017 Sep 08 03:47:00 PM,"15,958,199",False,True,False,UNKNOWN,2.0,FEMALE,"163,834"
"200,498",1,37.0,1.0,Passenger car,1,"81,614",2017 Sep 09 06:25:00 PM,2017 Sep 09 11:25:00 PM,"15,959,725",False,True,False,WHITE,2.0,FEMALE,"164,201"
"200,637",1,59.0,2.0,Passenger car,1,"81,685",2017 Sep 12 06:00:00 PM,2017 Sep 12 11:00:00 PM,"15,961,382",False,True,False,HISPANIC,2.0,FEMALE,"164,347"
"201,171",1,45.0,2.0,Motorcycle,3,"81,970",2017 Sep 17 11:45:00 AM,2017 Sep 17 04:45:00 PM,"15,969,698",False,True,False,HISPANIC,1.0,MALE,"164,924"
"201,444",1,36.0,1.0,Bicycle,5,"82,114",2017 Sep 01 11:53:00 PM,2017 Sep 02 04:53:00 AM,"15,972,278",False,True,False,WHITE,1.0,MALE,"165,221"
"201,468",4,37.0,1.0,Pedestrian,7,"82,125",2017 Sep 04 09:44:00 PM,2017 Sep 05 02:44:00 AM,"15,972,290",False,True,False,WHITE,1.0,MALE,"165,245"
"201,530",1,46.0,1.0,Bicycle,5,"82,154",2017 Sep 13 04:46:00 PM,2017 Sep 13 09:46:00 PM,"15,972,381",False,True,False,WHITE,2.0,FEMALE,"165,309"
"201,545",1,28.0,3.0,Passenger car,1,"82,161",2017 Sep 13 11:45:00 PM,2017 Sep 14 04:45:00 AM,"15,972,421",False,True,False,BLACK,1.0,MALE,"165,324"
"201,770",1,22.0,,Motorcycle,3,"82,279",2017 Sep 05 11:26:00 PM,2017 Sep 06 04:26:00 AM,"15,974,694",False,True,False,,1.0,MALE,"165,563"
"202,255",1,24.0,1.0,Passenger car,1,"82,524",2017 Sep 20 08:54:00 PM,2017 Sep 21 01:54:00 AM,"15,978,776",False,True,False,WHITE,1.0,MALE,"166,076"
"202,560",1,42.0,2.0,Large passenger vehicle,2,"82,686",2017 Sep 15 08:22:00 PM,2017 Sep 16 01:22:00 AM,"15,982,462",False,True,False,HISPANIC,2.0,FEMALE,"166,396"
"202,579",1,22.0,1.0,Passenger car,1,"82,696",2017 Sep 17 12:00:00 AM,2017 Sep 17 05:00:00 AM,"15,982,480",False,True,False,WHITE,1.0,MALE,"166,417"
"202,676",1,15.0,2.0,Pedestrian,7,"82,746",2017 Sep 24 08:58:00 PM,2017 Sep 25 01:58:00 AM,"15,982,648",False,True,False,HISPANIC,1.0,MALE,"166,523"
"202,690",4,34.0,2.0,Passenger car,1,"82,754",2017 Sep 25 05:19:00 AM,2017 Sep 25 10:19:00 AM,"15,982,658",False,True,False,HISPANIC,1.0,MALE,"166,539"
"202,897",1,20.0,2.0,Passenger car,1,"82,864",2017 Sep 22 09:25:00 PM,2017 Sep 23 02:25:00 AM,"15,985,097",False,True,False,HISPANIC,1.0,MALE,"166,758"
"203,162",4,33.0,1.0,Bicycle,5,"83,000",2017 Sep 22 02:28:00 AM,2017 Sep 22 07:28:00 AM,"15,986,973",False,True,False,WHITE,1.0,MALE,"167,038"
"203,178",1,57.0,1.0,Passenger car,1,"83,008",2017 Sep 26 09:30:00 AM,2017 Sep 26 02:30:00 PM,"15,986,981",False,True,False,WHITE,1.0,MALE,"167,055"
"203,270",1,22.0,3.0,Passenger car,1,"83,056",2017 Sep 23 06:07:00 AM,2017 Sep 23 11:07:00 AM,"15,987,691",False,True,False,BLACK,2.0,FEMALE,"167,147"
"203,311",1,30.0,2.0,Large passenger vehicle,2,"83,076",2017 Sep 27 10:48:00 AM,2017 Sep 27 03:48:00 PM,"15,987,986",False,True,False,HISPANIC,1.0,MALE,"167,189"
"203,312",1,45.0,1.0,Large passenger vehicle,2,"83,076",2017 Sep 27 10:48:00 AM,2017 Sep 27 03:48:00 PM,"15,987,986",False,True,False,WHITE,2.0,FEMALE,"167,190"
"203,314",1,52.0,1.0,Passenger car,1,"83,076",2017 Sep 27 10:48:00 AM,2017 Sep 27 03:48:00 PM,"15,987,986",False,True,False,WHITE,1.0,MALE,"167,192"
"203,425",1,37.0,2.0,Passenger car,1,"83,135",2017 Sep 22 08:07:00 AM,2017 Sep 22 01:07:00 PM,"15,991,012",False,True,False,HISPANIC,2.0,FEMALE,"167,307"
"203,658",1,80.0,1.0,Passenger car,1,"83,261",2017 Sep 21 02:21:00 PM,2017 Sep 21 07:21:00 PM,"15,996,067",False,True,False,WHITE,2.0,FEMALE,"167,555"
"203,703",4,28.0,3.0,Large passenger vehicle,2,"83,284",2017 Sep 05 07:16:00 PM,2017 Sep 06 12:16:00 AM,"15,996,115",False,True,False,BLACK,2.0,FEMALE,"167,602"
"203,723",1,30.0,1.0,Passenger car,1,"83,292",2017 Sep 16 06:27:00 PM,2017 Sep 16 11:27:00 PM,"15,996,126",False,True,False,WHITE,2.0,FEMALE,"167,624"
"203,826",1,19.0,2.0,Passenger car,1,"83,348",2017 Sep 28 12:00:00 AM,2017 Sep 28 05:00:00 AM,"15,996,219",False,True,False,HISPANIC,1.0,MALE,"167,735"
"203,827",1,52.0,2.0,Large passenger vehicle,2,"83,348",2017 Sep 28 12:00:00 AM,2017 Sep 28 05:00:00 AM,"15,996,219",False,True,False,HISPANIC,1.0,MALE,"167,736"
"203,869",1,42.0,2.0,Passenger car,1,"83,367",2017 Sep 28 08:28:00 PM,2017 Sep 29 01:28:00 AM,"15,996,256",False,True,False,HISPANIC,2.0,FEMALE,"167,781"
"204,051",1,48.0,1.0,Passenger car,1,"83,460",2017 Oct 01 07:43:00 AM,2017 Oct 01 12:43:00 PM,"15,996,380",False,True,False,WHITE,1.0,MALE,"167,973"
"204,456",1,37.0,2.0,Large passenger vehicle,2,"83,670",2017 Oct 03 02:12:00 PM,2017 Oct 03 07:12:00 PM,"16,000,629",False,True,False,HISPANIC,1.0,MALE,"168,402"
"204,538",1,64.0,1.0,Pedestrian,7,"83,713",2017 Oct 04 10:37:00 AM,2017 Oct 04 03:37:00 PM,"16,000,784",False,True,False,WHITE,2.0,FEMALE,"168,485"
"204,662",1,70.0,1.0,Bicycle,5,"83,781",2017 Sep 28 02:34:00 PM,2017 Sep 28 07:34:00 PM,"16,002,840",False,True,False,WHITE,1.0,MALE,"168,618"
"204,951",1,62.0,1.0,Passenger car,1,"83,929",2017 Oct 04 05:46:00 PM,2017 Oct 04 10:46:00 PM,"16,005,217",False,True,False,WHITE,2.0,FEMALE,"168,923"
"205,190",1,39.0,2.0,Bicycle,5,"84,058",2017 Sep 27 03:18:00 PM,2017 Sep 27 08:18:00 PM,"16,009,470",False,True,False,HISPANIC,1.0,MALE,"169,173"
"205,251",1,52.0,1.0,Bicycle,5,"84,089",2017 Oct 06 09:27:00 PM,2017 Oct 07 02:27:00 AM,"16,009,543",False,True,False,WHITE,1.0,MALE,"169,237"
"205,324",1,38.0,3.0,Passenger car,1,"84,127",2017 Oct 08 01:54:00 PM,2017 Oct 08 06:54:00 PM,"16,009,614",False,True,False,BLACK,1.0,MALE,"169,323"
"205,353",1,45.0,4.0,Large passenger vehicle,2,"84,142",2017 Oct 08 09:25:00 PM,2017 Oct 09 02:25:00 AM,"16,009,665",False,True,False,ASIAN,2.0,FEMALE,"169,354"
"205,369",1,20.0,1.0,Motorcycle,3,"84,150",2017 Oct 09 12:35:00 PM,2017 Oct 09 05:35:00 PM,"16,009,674",False,True,False,WHITE,2.0,FEMALE,"169,370"
"205,722",1,54.0,2.0,Passenger car,1,"84,333",2017 Oct 10 07:10:00 PM,2017 Oct 11 12:10:00 AM,"16,015,435",False,True,False,HISPANIC,1.0,MALE,"169,742"
"205,733",1,21.0,1.0,Pedestrian,7,"84,338",2017 Oct 11 07:40:00 PM,2017 Oct 12 12:40:00 AM,"16,015,445",False,True,False,WHITE,2.0,FEMALE,"169,753"
"205,739",1,21.0,2.0,Passenger car,1,"84,341",2017 Oct 11 07:43:00 PM,2017 Oct 12 12:43:00 AM,"16,015,453",False,True,False,HISPANIC,1.0,MALE,"169,759"
"205,805",1,17.0,2.0,Large passenger vehicle,2,"84,374",2017 Sep 23 11:11:00 PM,2017 Sep 24 04:11:00 AM,"16,015,784",False,True,False,HISPANIC,2.0,FEMALE,"169,828"
"205,822",1,21.0,1.0,Pedestrian,7,"84,383",2017 Oct 08 12:29:00 AM,2017 Oct 08 05:29:00 AM,"16,015,793",False,True,False,WHITE,2.0,FEMALE,"169,847"
"205,849",4,77.0,1.0,Pedestrian,7,"84,396",2017 Oct 10 04:29:00 PM,2017 Oct 10 09:29:00 PM,"16,015,806",False,True,False,WHITE,2.0,FEMALE,"169,874"
"205,854",1,16.0,1.0,Passenger car,1,"84,398",2017 Oct 10 06:37:00 PM,2017 Oct 10 11:37:00 PM,"16,015,927",False,True,False,WHITE,1.0,MALE,"169,880"
"205,871",1,46.0,2.0,Motorcycle,3,"84,408",2017 Oct 11 12:08:00 PM,2017 Oct 11 05:08:00 PM,"16,015,938",False,True,False,HISPANIC,1.0,MALE,"169,899"
"205,923",4,49.0,1.0,Pedestrian,7,"84,435",2017 Oct 12 08:35:00 AM,2017 Oct 12 01:35:00 PM,"16,015,991",False,True,False,WHITE,2.0,FEMALE,"169,954"
"206,035",1,63.0,1.0,Passenger car,1,"84,498",2017 Oct 03 09:15:00 PM,2017 Oct 04 02:15:00 AM,"16,018,324",False,True,False,WHITE,2.0,FEMALE,"170,073"
"206,041",1,29.0,1.0,Pedestrian,7,"84,502",2017 Oct 08 10:30:00 PM,2017 Oct 09 03:30:00 AM,"16,018,328",False,True,False,WHITE,1.0,MALE,"170,080"
"206,074",1,54.0,1.0,Large passenger vehicle,2,"84,517",2017 Oct 12 07:23:00 PM,2017 Oct 13 12:23:00 AM,"16,018,359",False,True,False,WHITE,1.0,MALE,"170,113"
"206,435",4,61.0,2.0,Pedestrian,7,"84,705",2017 Oct 13 05:42:00 PM,2017 Oct 13 10:42:00 PM,"16,022,240",False,True,False,HISPANIC,1.0,MALE,"170,500"
"206,437",1,34.0,1.0,Pedestrian,7,"84,706",2017 Oct 13 10:24:00 PM,2017 Oct 14 03:24:00 AM,"16,022,241",False,True,False,WHITE,2.0,FEMALE,"170,502"
"206,476",1,85.0,1.0,Passenger car,1,"84,729",2017 Oct 14 04:35:00 PM,2017 Oct 14 09:35:00 PM,"16,022,305",False,True,False,WHITE,1.0,MALE,"170,544"
"206,501",1,19.0,2.0,Passenger car,1,"84,739",2017 Oct 15 12:18:00 AM,2017 Oct 15 05:18:00 AM,"16,022,315",False,True,False,HISPANIC,2.0,FEMALE,"170,573"
"206,545",4,28.0,2.0,Pedestrian,7,"84,762",2017 Oct 16 05:56:00 AM,2017 Oct 16 10:56:00 AM,"16,022,597",False,True,False,HISPANIC,1.0,MALE,"170,618"
"206,757",1,21.0,1.0,Pedestrian,7,"84,873",2017 Oct 12 05:23:00 AM,2017 Oct 12 10:23:00 AM,"16,026,963",False,True,False,WHITE,1.0,MALE,"170,839"
"206,890",1,27.0,2.0,Motorcycle,3,"84,939",2017 Oct 17 06:35:00 PM,2017 Oct 17 11:35:00 PM,"16,027,132",False,True,False,HISPANIC,1.0,MALE,"170,977"
"206,914",1,49.0,1.0,Passenger car,1,"84,952",2017 Oct 18 01:05:00 PM,2017 Oct 18 06:05:00 PM,"16,027,145",False,True,False,WHITE,2.0,FEMALE,"171,001"
"207,042",1,68.0,3.0,Passenger car,1,"85,017",2017 Oct 18 05:30:00 PM,2017 Oct 18 10:30:00 PM,"16,028,908",False,True,False,BLACK,2.0,FEMALE,"171,132"
"207,053",1,8.0,2.0,Pedestrian,7,"85,023",2017 Oct 18 06:20:00 PM,2017 Oct 18 11:20:00 PM,"16,028,946",False,True,False,HISPANIC,2.0,FEMALE,"171,146"
"207,230",1,19.0,3.0,Passenger car,1,"85,112",2017 Oct 13 09:53:00 AM,2017 Oct 13 02:53:00 PM,"16,030,823",False,True,False,BLACK,1.0,MALE,"171,330"
"207,271",1,68.0,1.0,Motorcycle,3,"85,131",2017 Oct 19 11:30:00 PM,2017 Oct 20 04:30:00 AM,"16,030,888",False,True,False,WHITE,1.0,MALE,"171,377"
"207,292",1,44.0,2.0,Passenger car,1,"85,142",2017 Oct 20 10:49:00 AM,2017 Oct 20 03:49:00 PM,"16,030,903",False,True,False,HISPANIC,1.0,MALE,"171,399"
"207,559",1,28.0,2.0,Passenger car,1,"85,287",2017 Oct 21 02:18:00 AM,2017 Oct 21 07:18:00 AM,"16,035,246",False,True,False,HISPANIC,1.0,MALE,"171,686"
"207,648",1,41.0,2.0,Large passenger vehicle,2,"85,335",2017 Oct 23 05:36:00 AM,2017 Oct 23 10:36:00 AM,"16,035,392",False,True,False,HISPANIC,2.0,FEMALE,"171,778"
"207,962",1,67.0,1.0,Pedestrian,7,"85,508",2017 Oct 13 09:15:00 AM,2017 Oct 13 02:15:00 PM,"16,042,485",False,True,False,WHITE,2.0,FEMALE,"172,117"
"208,007",1,46.0,2.0,Motor vehicle – other,4,"85,530",2017 Oct 19 03:15:00 PM,2017 Oct 19 08:15:00 PM,"16,042,535",False,True,False,HISPANIC,1.0,MALE,"172,162"
"208,395",1,27.0,1.0,Motorcycle,3,"85,722",2017 Oct 21 10:17:00 AM,2017 Oct 21 03:17:00 PM,"16,045,581",False,True,False,WHITE,1.0,MALE,"172,576"
"208,870",1,49.0,1.0,Motorcycle,3,"85,973",2017 Oct 22 09:49:00 PM,2017 Oct 23 02:49:00 AM,"16,052,837",False,True,False,WHITE,1.0,MALE,"173,077"
"209,081",1,31.0,1.0,Passenger car,1,"86,078",2017 Oct 28 09:41:00 AM,2017 Oct 28 02:41:00 PM,"16,053,099",False,True,False,WHITE,1.0,MALE,"173,297"
"209,083",1,42.0,1.0,Large passenger vehicle,2,"86,078",2017 Oct 28 09:41:00 AM,2017 Oct 28 02:41:00 PM,"16,053,099",False,True,False,WHITE,1.0,MALE,"173,299"
"209,119",4,29.0,1.0,Motorcycle,3,"86,099",2017 Oct 29 06:13:00 PM,2017 Oct 29 11:13:00 PM,"16,053,315",False,True,False,WHITE,1.0,MALE,"173,336"
"209,120",1,26.0,1.0,Passenger car,1,"86,099",2017 Oct 29 06:13:00 PM,2017 Oct 29 11:13:00 PM,"16,053,315",False,True,False,WHITE,1.0,MALE,"173,337"
"209,129",1,23.0,1.0,Passenger car,1,"86,104",2017 Oct 29 10:43:00 PM,2017 Oct 30 03:43:00 AM,"16,053,321",False,True,False,WHITE,1.0,MALE,"173,346"
"209,258",1,18.0,4.0,Passenger car,1,"86,174",2017 Oct 31 09:48:00 AM,2017 Oct 31 02:48:00 PM,"16,054,154",False,True,False,ASIAN,2.0,FEMALE,"173,484"
"209,259",1,33.0,2.0,Passenger car,1,"86,174",2017 Oct 31 09:48:00 AM,2017 Oct 31 02:48:00 PM,"16,054,154",False,True,False,HISPANIC,1.0,MALE,"173,485"
"209,266",1,44.0,1.0,Motorcycle,3,"86,178",2017 Oct 31 06:05:00 AM,2017 Oct 31 11:05:00 AM,"16,054,159",False,True,False,WHITE,1.0,MALE,"173,493"
"209,306",1,31.0,2.0,Bicycle,5,"86,195",2017 Oct 31 08:36:00 PM,2017 Nov 01 01:36:00 AM,"16,054,176",False,True,False,HISPANIC,1.0,MALE,"173,533"
"209,531",1,28.0,1.0,Large passenger vehicle,2,"86,314",2017 Nov 01 01:26:00 PM,2017 Nov 01 06:26:00 PM,"16,056,492",False,True,False,WHITE,1.0,MALE,"173,772"
"209,593",1,37.0,1.0,Large passenger vehicle,2,"86,344",2017 Nov 02 12:14:00 PM,2017 Nov 02 05:14:00 PM,"16,056,568",False,True,False,WHITE,1.0,MALE,"173,834"
"209,594",1,37.0,1.0,Passenger car,1,"86,344",2017 Nov 02 12:14:00 PM,2017 Nov 02 05:14:00 PM,"16,056,568",False,True,False,WHITE,1.0,MALE,"173,835"
"210,176",4,26.0,1.0,Motorcycle,3,"86,652",2017 Nov 05 02:19:00 AM,2017 Nov 05 08:19:00 AM,"16,065,607",False,True,False,WHITE,1.0,MALE,"174,456"
"210,214",1,24.0,0.0,Motorcycle,3,"86,670",2017 Nov 05 01:07:00 AM,2017 Nov 05 06:07:00 AM,"16,065,684",False,True,False,UNKNOWN,1.0,MALE,"174,496"
"210,468",1,23.0,1.0,Pedestrian,7,"86,803",2017 Oct 29 07:43:00 PM,2017 Oct 30 12:43:00 AM,"16,068,655",False,True,False,WHITE,1.0,MALE,"174,770"
"210,469",1,29.0,2.0,Pedestrian,7,"86,803",2017 Oct 29 07:43:00 PM,2017 Oct 30 12:43:00 AM,"16,068,655",False,True,False,HISPANIC,2.0,FEMALE,"174,771"
"210,504",4,34.0,3.0,Pedestrian,7,"86,821",2017 Oct 27 09:00:00 PM,2017 Oct 28 02:00:00 AM,"16,068,832",False,True,False,BLACK,1.0,MALE,"174,812"
"210,587",1,33.0,2.0,Passenger car,1,"86,864",2017 Nov 07 02:21:00 AM,2017 Nov 07 08:21:00 AM,"16,068,918",False,True,False,HISPANIC,1.0,MALE,"174,900"
"210,635",1,26.0,3.0,Pedestrian,7,"86,887",2017 Nov 07 11:23:00 PM,2017 Nov 08 05:23:00 AM,"16,068,985",False,True,False,BLACK,1.0,MALE,"174,949"
"210,657",1,25.0,1.0,Large passenger vehicle,2,"86,898",2017 Nov 08 01:56:00 PM,2017 Nov 08 07:56:00 PM,"16,068,997",False,True,False,WHITE,2.0,FEMALE,"174,974"
"210,663",1,25.0,,Motorcycle,3,"86,901",2017 Nov 08 08:44:00 AM,2017 Nov 08 02:44:00 PM,"16,069,000",False,True,False,,1.0,MALE,"174,980"
"210,954",1,37.0,2.0,Passenger car,1,"87,065",2017 Oct 27 08:06:00 PM,2017 Oct 28 01:06:00 AM,"16,077,759",False,True,False,HISPANIC,1.0,MALE,"175,296"
"211,143",1,39.0,1.0,Large passenger vehicle,2,"87,161",2017 Nov 05 09:12:00 PM,2017 Nov 06 03:12:00 AM,"16,078,642",False,True,False,WHITE,1.0,MALE,"175,494"
"211,171",4,32.0,1.0,Passenger car,1,"87,177",2017 Nov 05 10:19:00 PM,2017 Nov 06 04:19:00 AM,"16,078,873",False,True,False,WHITE,1.0,MALE,"175,525"
"211,201",1,26.0,2.0,Motorcycle,3,"87,193",2017 Nov 08 02:17:00 PM,2017 Nov 08 08:17:00 PM,"16,078,899",False,True,False,HISPANIC,1.0,MALE,"175,564"
"211,328",1,37.0,1.0,Large passenger vehicle,2,"87,253",2017 Nov 10 08:20:00 PM,2017 Nov 11 02:20:00 AM,"16,079,105",False,True,False,WHITE,1.0,MALE,"175,698"
"211,566",1,20.0,2.0,Large passenger vehicle,2,"87,374",2017 Nov 01 01:46:00 AM,2017 Nov 01 06:46:00 AM,"16,083,454",False,True,False,HISPANIC,1.0,MALE,"175,956"
"211,587",1,33.0,1.0,Passenger car,1,"87,385",2017 Nov 08 06:53:00 PM,2017 Nov 09 12:53:00 AM,"16,083,474",False,True,False,WHITE,1.0,MALE,"175,979"
"211,727",1,40.0,1.0,Motorcycle,3,"87,456",2017 Nov 13 08:10:00 PM,2017 Nov 14 02:10:00 AM,"16,084,405",False,True,False,WHITE,1.0,MALE,"176,121"
"211,749",1,32.0,2.0,Passenger car,1,"87,469",2017 Nov 14 09:42:00 AM,2017 Nov 14 03:42:00 PM,"16,084,456",False,True,False,HISPANIC,2.0,FEMALE,"176,147"
"211,879",1,22.0,1.0,Large passenger vehicle,2,"87,536",2017 Nov 01 09:07:00 AM,2017 Nov 01 02:07:00 PM,"16,086,837",False,True,False,WHITE,1.0,MALE,"176,284"
"211,946",1,29.0,1.0,Motorcycle,3,"87,569",2017 Nov 16 12:03:00 AM,2017 Nov 16 06:03:00 AM,"16,086,903",False,True,False,WHITE,1.0,MALE,"176,352"
"211,962",1,33.0,,Large passenger vehicle,2,"87,578",2017 Nov 16 07:39:00 AM,2017 Nov 16 01:39:00 PM,"16,086,912",False,True,False,,2.0,FEMALE,"176,375"
"212,073",1,21.0,1.0,Pedestrian,7,"87,636",2017 Nov 15 10:20:00 PM,2017 Nov 16 04:20:00 AM,"16,088,856",False,True,False,WHITE,1.0,MALE,"176,491"
"212,120",1,25.0,2.0,Passenger car,1,"87,663",2017 Nov 17 10:04:00 AM,2017 Nov 17 04:04:00 PM,"16,088,945",False,True,False,HISPANIC,2.0,FEMALE,"176,540"
"212,345",1,23.0,2.0,Passenger car,1,"87,782",2017 Nov 05 03:21:00 AM,2017 Nov 05 09:21:00 AM,"16,093,970",False,True,False,HISPANIC,1.0,MALE,"176,782"
"212,711",1,32.0,1.0,Passenger car,1,"87,978",2017 Nov 15 09:08:00 AM,2017 Nov 15 03:08:00 PM,"16,096,728",False,True,False,WHITE,2.0,FEMALE,"177,171"
"212,714",1,37.0,2.0,Large passenger vehicle,2,"87,980",2017 Nov 16 02:05:00 PM,2017 Nov 16 08:05:00 PM,"16,096,731",False,True,False,HISPANIC,1.0,MALE,"177,174"
"212,716",1,35.0,2.0,Passenger car,1,"87,980",2017 Nov 16 02:05:00 PM,2017 Nov 16 08:05:00 PM,"16,096,731",False,True,False,HISPANIC,1.0,MALE,"177,176"
"212,718",1,50.0,4.0,Large passenger vehicle,2,"87,980",2017 Nov 16 02:05:00 PM,2017 Nov 16 08:05:00 PM,"16,096,731",False,True,False,ASIAN,1.0,MALE,"177,178"
"212,758",4,36.0,1.0,Pedestrian,7,"87,998",2017 Nov 20 07:44:00 PM,2017 Nov 21 01:44:00 AM,"16,096,815",False,True,False,WHITE,1.0,MALE,"177,218"
"212,772",1,33.0,1.0,Passenger car,1,"88,005",2017 Nov 21 12:41:00 AM,2017 Nov 21 06:41:00 AM,"16,096,823",False,True,False,WHITE,1.0,MALE,"177,232"
"213,121",1,66.0,1.0,Passenger car,1,"88,189",2017 Nov 24 01:47:00 PM,2017 Nov 24 07:47:00 PM,"16,102,537",False,True,False,WHITE,1.0,MALE,"177,609"
"213,488",4,27.0,1.0,Large passenger vehicle,2,"88,381",2017 Nov 23 10:39:00 PM,2017 Nov 24 04:39:00 AM,"16,106,353",False,True,False,WHITE,2.0,FEMALE,"178,000"
"213,533",1,25.0,2.0,Pedestrian,7,"88,401",2017 Nov 24 07:45:00 PM,2017 Nov 25 01:45:00 AM,"16,106,404",False,True,False,HISPANIC,1.0,MALE,"178,046"
"213,582",1,16.0,2.0,Pedestrian,7,"88,428",2017 Nov 26 03:25:00 PM,2017 Nov 26 09:25:00 PM,"16,106,516",False,True,False,HISPANIC,1.0,MALE,"178,100"
"213,706",1,34.0,1.0,Passenger car,1,"88,497",2017 Oct 26 08:10:00 PM,2017 Oct 27 01:10:00 AM,"16,109,017",False,True,False,WHITE,1.0,MALE,"178,231"
"213,734",4,30.0,1.0,Pedestrian,7,"88,512",2017 Nov 24 08:01:00 PM,2017 Nov 25 02:01:00 AM,"16,109,696",False,True,False,WHITE,1.0,MALE,"178,261"
"213,826",1,41.0,1.0,Large passenger vehicle,2,"88,565",2017 Nov 11 03:31:00 PM,2017 Nov 11 09:31:00 PM,"16,110,982",False,True,False,WHITE,1.0,MALE,"178,358"
"213,827",4,38.0,1.0,Large passenger vehicle,2,"88,565",2017 Nov 11 03:31:00 PM,2017 Nov 11 09:31:00 PM,"16,110,982",False,True,False,WHITE,2.0,FEMALE,"178,359"
"213,884",1,28.0,3.0,Passenger car,1,"88,593",2017 Nov 20 05:50:00 PM,2017 Nov 20 11:50:00 PM,"16,111,417",False,True,False,BLACK,2.0,FEMALE,"178,416"
"213,900",1,80.0,1.0,Passenger car,1,"88,602",2017 Nov 23 08:10:00 PM,2017 Nov 24 02:10:00 AM,"16,111,493",False,True,False,WHITE,1.0,MALE,"178,434"
"214,118",1,26.0,2.0,Large passenger vehicle,2,"88,708",2017 Nov 28 08:55:00 PM,2017 Nov 29 02:55:00 AM,"16,111,942",False,True,False,HISPANIC,1.0,MALE,"178,664"
"214,345",1,24.0,2.0,Large passenger vehicle,2,"88,825",2017 Nov 18 12:30:00 PM,2017 Nov 18 06:30:00 PM,"16,115,820",False,True,False,HISPANIC,2.0,FEMALE,"178,903"
"214,470",1,31.0,3.0,Bicycle,5,"88,888",2017 Nov 30 07:48:00 AM,2017 Nov 30 01:48:00 PM,"16,115,971",False,True,False,BLACK,1.0,MALE,"179,032"
"214,892",1,52.0,1.0,Motorcycle,3,"89,103",2017 Dec 02 06:00:00 PM,2017 Dec 03 12:00:00 AM,"16,119,846",False,True,False,WHITE,1.0,MALE,"179,487"
"214,894",1,27.0,1.0,Bicycle,5,"89,104",2017 Dec 02 07:30:00 PM,2017 Dec 03 01:30:00 AM,"16,119,848",False,True,False,WHITE,1.0,MALE,"179,489"
"214,932",1,46.0,1.0,Motorcycle,3,"89,127",2017 Dec 03 03:22:00 PM,2017 Dec 03 09:22:00 PM,"16,119,920",False,True,False,WHITE,1.0,MALE,"179,531"
"214,981",4,15.0,5.0,Pedestrian,7,"89,154",2017 Dec 03 04:22:00 PM,2017 Dec 03 10:22:00 PM,"16,120,082",False,True,False,OTHER,1.0,MALE,"179,582"
"215,372",1,57.0,1.0,Pedestrian,7,"89,363",2017 Nov 29 07:42:00 PM,2017 Nov 30 01:42:00 AM,"16,126,823",False,True,False,WHITE,1.0,MALE,"180,001"
"215,412",1,26.0,2.0,Motorcycle,3,"89,386",2017 Sep 18 04:26:00 AM,2017 Sep 18 09:26:00 AM,"16,127,635",False,True,False,HISPANIC,1.0,MALE,"180,043"
"216,096",1,17.0,3.0,Passenger car,1,"89,764",2017 Oct 14 11:14:00 PM,2017 Oct 15 04:14:00 AM,"16,133,633",False,True,False,BLACK,1.0,MALE,"180,763"
"216,097",1,41.0,2.0,Large passenger vehicle,2,"89,764",2017 Oct 14 11:14:00 PM,2017 Oct 15 04:14:00 AM,"16,133,633",False,True,False,HISPANIC,1.0,MALE,"180,764"
"216,185",1,47.0,3.0,Large passenger vehicle,2,"89,810",2017 Dec 08 04:27:00 PM,2017 Dec 08 10:27:00 PM,"16,133,719",False,True,False,BLACK,1.0,MALE,"180,857"
"216,259",1,24.0,1.0,Motorcycle,3,"89,850",2017 Dec 09 12:58:00 PM,2017 Dec 09 06:58:00 PM,"16,133,853",False,True,False,WHITE,1.0,MALE,"180,934"
"217,009",1,63.0,1.0,Pedestrian,7,"90,239",2017 Dec 12 10:15:00 PM,2017 Dec 13 04:15:00 AM,"16,142,859",False,True,False,WHITE,1.0,MALE,"181,725"
"217,017",1,28.0,1.0,Motorcycle,3,"90,244",2017 Dec 12 03:17:00 PM,2017 Dec 12 09:17:00 PM,"16,142,864",False,True,False,WHITE,1.0,MALE,"181,733"
"217,023",1,64.0,1.0,Motorcycle,3,"90,248",2017 Dec 12 11:57:00 AM,2017 Dec 12 05:57:00 PM,"16,142,885",False,True,False,WHITE,1.0,MALE,"181,741"
"217,025",1,64.0,1.0,Large passenger vehicle,2,"90,249",2017 Dec 12 12:31:00 PM,2017 Dec 12 06:31:00 PM,"16,142,886",False,True,False,WHITE,1.0,MALE,"181,744"
"217,083",1,56.0,1.0,Passenger car,1,"90,278",2017 Dec 13 06:34:00 PM,2017 Dec 14 12:34:00 AM,"16,142,941",False,True,False,WHITE,2.0,FEMALE,"181,804"
"217,415",4,36.0,1.0,Motorcycle,3,"90,462",2017 Dec 03 01:21:00 AM,2017 Dec 03 07:21:00 AM,"16,147,178",False,True,False,WHITE,1.0,MALE,"182,166"
"217,439",1,80.0,1.0,Large passenger vehicle,2,"90,478",2017 Dec 15 01:20:00 PM,2017 Dec 15 07:20:00 PM,"16,147,419",False,True,False,WHITE,1.0,MALE,"182,191"
"217,538",1,27.0,1.0,Motorcycle,3,"90,529",2017 Dec 09 08:14:00 PM,2017 Dec 10 02:14:00 AM,"16,148,337",False,True,False,WHITE,1.0,MALE,"182,299"
"217,556",1,55.0,1.0,Passenger car,1,"90,539",2017 Dec 14 12:41:00 PM,2017 Dec 14 06:41:00 PM,"16,148,351",False,True,False,WHITE,1.0,MALE,"182,320"
"217,685",1,28.0,1.0,Large passenger vehicle,2,"90,609",2017 Dec 17 07:33:00 AM,2017 Dec 17 01:33:00 PM,"16,148,499",False,True,False,WHITE,2.0,FEMALE,"182,456"
"217,850",4,55.0,2.0,Pedestrian,7,"90,696",2017 Nov 24 10:13:00 PM,2017 Nov 25 04:13:00 AM,"16,151,013",False,True,False,HISPANIC,1.0,MALE,"182,635"
"217,864",1,16.0,1.0,Large passenger vehicle,2,"90,703",2017 Dec 12 07:24:00 PM,2017 Dec 13 01:24:00 AM,"16,151,027",False,True,False,WHITE,2.0,FEMALE,"182,649"
"218,402",4,33.0,1.0,Passenger car,1,"90,986",2017 Dec 21 01:38:00 AM,2017 Dec 21 07:38:00 AM,"16,157,226",False,True,False,WHITE,1.0,MALE,"183,217"
"218,463",1,48.0,2.0,Large passenger vehicle,2,"91,019",2017 Dec 16 09:09:00 AM,2017 Dec 16 03:09:00 PM,"16,158,073",False,True,False,HISPANIC,2.0,FEMALE,"183,283"
"218,989",1,29.0,1.0,Pedestrian,7,"91,311",2017 Dec 23 10:27:00 PM,2017 Dec 24 04:27:00 AM,"16,166,175",False,True,False,WHITE,2.0,FEMALE,"183,838"
"219,169",1,56.0,1.0,Large passenger vehicle,2,"91,414",2017 Dec 24 04:29:00 PM,2017 Dec 24 10:29:00 PM,"16,169,035",False,True,False,WHITE,1.0,MALE,"184,041"
"219,177",1,66.0,1.0,Passenger car,1,"91,419",2017 Dec 27 11:10:00 AM,2017 Dec 27 05:10:00 PM,"16,169,040",False,True,False,WHITE,1.0,MALE,"184,049"
"219,269",4,23.0,3.0,Motorcycle,3,"91,468",2017 Dec 05 12:45:00 AM,2017 Dec 05 06:45:00 AM,"16,170,471",False,True,False,BLACK,1.0,MALE,"184,148"
"219,703",4,18.0,2.0,Motorcycle,3,"91,708",2017 Dec 04 01:10:00 PM,2017 Dec 04 07:10:00 PM,"16,180,781",False,True,False,HISPANIC,1.0,MALE,"184,621"
"219,706",4,62.0,1.0,Motorcycle,3,"91,709",2017 Dec 12 02:13:00 PM,2017 Dec 12 08:13:00 PM,"16,180,782",False,True,False,WHITE,1.0,MALE,"184,624"
"219,753",1,21.0,1.0,Passenger car,1,"91,732",2017 Dec 28 11:55:00 PM,2017 Dec 29 05:55:00 AM,"16,181,986",False,True,False,WHITE,1.0,MALE,"184,672"
"219,897",1,26.0,3.0,Passenger car,1,"91,813",2017 Dec 07 12:19:00 AM,2017 Dec 07 06:19:00 AM,"16,188,939",False,True,False,BLACK,1.0,MALE,"184,829"
"219,980",1,33.0,1.0,Passenger car,1,"91,862",2017 Dec 10 12:42:00 AM,2017 Dec 10 06:42:00 AM,"16,201,320",False,True,False,WHITE,1.0,MALE,"184,923"
"219,984",1,33.0,2.0,Large passenger vehicle,2,"91,865",2017 Dec 19 02:15:00 AM,2017 Dec 19 08:15:00 AM,"16,201,324",False,True,False,HISPANIC,1.0,MALE,"184,927"
"220,014",4,18.0,2.0,Passenger car,1,"91,881",2017 Nov 11 05:55:00 PM,2017 Nov 11 11:55:00 PM,"16,211,482",False,True,False,HISPANIC,1.0,MALE,"184,959"
"220,042",1,55.0,1.0,Passenger car,1,"91,896",2017 Oct 19 07:36:00 PM,2017 Oct 20 12:36:00 AM,"16,221,058",False,True,False,WHITE,2.0,FEMALE,"184,988"
"220,097",1,60.0,1.0,Motorcycle,3,"91,931",2017 Oct 30 04:27:00 PM,2017 Oct 30 09:27:00 PM,"16,228,657",False,True,False,WHITE,1.0,MALE,"185,055"
"220,098",1,33.0,3.0,Motorcycle,3,"91,932",2017 Oct 30 06:04:00 PM,2017 Oct 30 11:04:00 PM,"16,228,660",False,True,False,BLACK,1.0,MALE,"185,056"
"220,181",1,43.0,2.0,Motorcycle,3,"91,980",2017 Apr 06 01:19:00 AM,2017 Apr 06 06:19:00 AM,"16,233,005",False,True,False,HISPANIC,1.0,MALE,"185,146"
"220,232",1,54.0,5.0,Passenger car,1,"92,012",2017 Sep 16 09:46:00 PM,2017 Sep 17 02:46:00 AM,"16,244,096",False,True,False,OTHER,2.0,FEMALE,"185,199"
"220,316",4,45.0,2.0,Pedestrian,7,"92,054",2017 Oct 31 08:38:00 PM,2017 Nov 01 01:38:00 AM,"16,346,378",False,True,False,HISPANIC,1.0,MALE,"185,291"
"220,401",1,40.0,2.0,Passenger car,1,"92,103",2017 Jul 08 12:38:00 AM,2017 Jul 08 05:38:00 AM,"16,423,890",False,True,False,HISPANIC,1.0,MALE,"185,385"
"221,285",1,18.0,1.0,Passenger car,1,"60,866",2017 Jan 13 06:45:00 PM,2017 Jan 14 12:45:00 AM,"15,540,815",False,False,False,WHITE,2.0,FEMALE,"122,231"
"221,343",1,19.0,1.0,Passenger car,1,"60,942",2017 Jan 14 02:57:00 PM,2017 Jan 14 08:57:00 PM,"15,541,190",False,False,False,WHITE,2.0,FEMALE,"122,383"
"221,391",1,36.0,2.0,Large passenger vehicle,2,"60,990",2017 Jan 15 08:24:00 PM,2017 Jan 16 02:24:00 AM,"15,541,295",False,False,False,HISPANIC,2.0,FEMALE,"122,476"
"221,394",1,47.0,2.0,Large passenger vehicle,2,"60,993",2017 Jan 15 11:25:00 PM,2017 Jan 16 05:25:00 AM,"15,541,298",False,False,False,HISPANIC,1.0,MALE,"122,481"
"221,556",1,21.0,1.0,Passenger car,1,"61,279",2017 Jan 13 02:25:00 AM,2017 Jan 13 08:25:00 AM,"15,547,414",False,False,False,WHITE,2.0,FEMALE,"123,032"
"221,650",1,27.0,4.0,Large passenger vehicle,2,"61,416",2017 Jan 07 10:39:00 PM,2017 Jan 08 04:39:00 AM,"15,551,229",False,False,False,ASIAN,2.0,FEMALE,"123,294"
"222,429",1,16.0,2.0,Passenger car,1,"62,578",2017 Feb 05 08:11:00 PM,2017 Feb 06 02:11:00 AM,"15,572,957",False,False,False,HISPANIC,1.0,MALE,"125,644"
"222,447",1,34.0,3.0,Passenger car,1,"62,609",2017 Jan 29 10:01:00 PM,2017 Jan 30 04:01:00 AM,"15,573,247",False,False,False,BLACK,1.0,MALE,"125,708"
"222,593",4,43.0,2.0,Passenger car,1,"62,820",2017 Jan 15 02:19:00 AM,2017 Jan 15 08:19:00 AM,"15,576,307",False,False,False,HISPANIC,2.0,FEMALE,"126,126"
"222,594",1,5.0,2.0,Passenger car,1,"62,820",2017 Jan 15 02:19:00 AM,2017 Jan 15 08:19:00 AM,"15,576,307",False,False,False,HISPANIC,1.0,MALE,"126,126"
"222,595",1,4.0,2.0,Passenger car,1,"62,820",2017 Jan 15 02:19:00 AM,2017 Jan 15 08:19:00 AM,"15,576,307",False,False,False,HISPANIC,2.0,FEMALE,"126,126"
"222,872",1,30.0,1.0,Large passenger vehicle,2,"63,240",2017 Feb 11 08:26:00 AM,2017 Feb 11 02:26:00 PM,"15,585,509",False,False,False,WHITE,2.0,FEMALE,"126,987"
"222,873",1,4.0,1.0,Large passenger vehicle,2,"63,240",2017 Feb 11 08:26:00 AM,2017 Feb 11 02:26:00 PM,"15,585,509",False,False,False,WHITE,1.0,MALE,"126,987"
"223,368",1,21.0,2.0,Passenger car,1,"63,847",2017 Feb 20 01:23:00 AM,2017 Feb 20 07:23:00 AM,"15,598,028",False,False,False,HISPANIC,1.0,MALE,"128,230"
"223,449",1,54.0,2.0,Passenger car,1,"63,954",2017 Feb 21 09:32:00 AM,2017 Feb 21 03:32:00 PM,"15,601,064",False,False,False,HISPANIC,2.0,FEMALE,"128,451"
"223,792",1,73.0,1.0,Passenger car,1,"64,416",2017 Feb 26 12:16:00 PM,2017 Feb 26 06:16:00 PM,"15,609,612",False,False,False,WHITE,1.0,MALE,"129,414"
"223,845",1,19.0,2.0,Large passenger vehicle,2,"64,508",2017 Feb 26 07:55:00 AM,2017 Feb 26 01:55:00 PM,"15,611,896",False,False,False,HISPANIC,1.0,MALE,"129,588"
"224,359",1,30.0,1.0,Passenger car,1,"65,242",2017 Mar 07 05:52:00 AM,2017 Mar 07 11:52:00 AM,"15,625,548",False,False,False,WHITE,2.0,FEMALE,"131,032"
"224,445",1,26.0,3.0,Large passenger vehicle,2,"65,385",2017 Mar 07 04:35:00 PM,2017 Mar 07 10:35:00 PM,"15,635,473",False,False,False,BLACK,1.0,MALE,"131,318"
"225,058",1,28.0,,Passenger car,1,"66,236",2017 Mar 19 02:30:00 PM,2017 Mar 19 07:30:00 PM,"15,651,715",False,False,False,,2.0,FEMALE,"133,015"
"225,392",1,14.0,3.0,Motorcycle,3,"66,691",2017 Mar 22 06:59:00 PM,2017 Mar 22 11:59:00 PM,"15,660,005",False,False,False,BLACK,1.0,MALE,"133,936"
"225,952",4,86.0,1.0,Passenger car,1,"67,490",2017 Mar 30 11:12:00 AM,2017 Mar 30 04:12:00 PM,"15,675,720",False,False,False,WHITE,2.0,FEMALE,"135,585"
"226,169",1,22.0,1.0,Large passenger vehicle,2,"67,828",2017 Apr 02 11:20:00 PM,2017 Apr 03 04:20:00 AM,"15,684,286",False,False,False,WHITE,2.0,FEMALE,"136,267"
"226,432",1,21.0,3.0,Passenger car,1,"68,210",2017 Apr 04 05:33:00 PM,2017 Apr 04 10:33:00 PM,"15,693,888",False,False,False,BLACK,1.0,MALE,"137,029"
"226,479",1,20.0,4.0,Passenger car,1,"68,264",2017 Apr 08 10:31:00 PM,2017 Apr 09 03:31:00 AM,"15,694,002",False,False,False,ASIAN,2.0,FEMALE,"137,156"
"226,760",1,42.0,2.0,Large passenger vehicle,2,"68,684",2017 Apr 16 08:36:00 AM,2017 Apr 16 01:36:00 PM,"15,706,508",False,False,False,HISPANIC,2.0,FEMALE,"137,963"
"226,820",1,56.0,2.0,Passenger car,1,"68,766",2017 Apr 07 12:41:00 AM,2017 Apr 07 05:41:00 AM,"15,706,720",False,False,False,HISPANIC,2.0,FEMALE,"138,147"
"226,823",1,51.0,2.0,Large passenger vehicle,2,"68,770",2017 Apr 08 08:02:00 AM,2017 Apr 08 01:02:00 PM,"15,706,724",False,False,False,HISPANIC,2.0,FEMALE,"138,155"
"226,918",1,20.0,2.0,Passenger car,1,"68,927",2017 Apr 16 08:21:00 PM,2017 Apr 17 01:21:00 AM,"15,707,098",False,False,False,HISPANIC,1.0,MALE,"138,487"
"227,342",1,25.0,1.0,Passenger car,1,"69,493",2017 Apr 22 01:27:00 AM,2017 Apr 22 06:27:00 AM,"15,718,843",False,False,False,WHITE,2.0,FEMALE,"139,647"
"228,079",1,47.0,3.0,Passenger car,1,"70,501",2017 May 04 05:21:00 PM,2017 May 04 10:21:00 PM,"15,740,435",False,False,False,BLACK,1.0,MALE,"141,718"
"228,334",1,35.0,3.0,Passenger car,1,"70,780",2017 May 07 05:01:00 PM,2017 May 07 10:01:00 PM,"15,745,548",False,False,False,BLACK,1.0,MALE,"142,286"
"228,449",1,14.0,3.0,Passenger car,1,"71,029",2017 May 09 02:25:00 PM,2017 May 09 07:25:00 PM,"15,751,030",False,False,False,BLACK,2.0,FEMALE,"142,776"
"228,646",1,20.0,2.0,Passenger car,1,"71,273",2017 May 08 05:10:00 PM,2017 May 08 10:10:00 PM,"15,756,417",False,False,False,HISPANIC,2.0,FEMALE,"143,251"
"228,824",1,10.0,3.0,Large passenger vehicle,2,"71,519",2017 May 12 03:40:00 PM,2017 May 12 08:40:00 PM,"15,761,455",False,False,False,BLACK,1.0,MALE,"143,774"
"228,850",1,40.0,2.0,Passenger car,1,"71,553",2017 May 14 10:19:00 AM,2017 May 14 03:19:00 PM,"15,761,855",False,False,False,HISPANIC,2.0,FEMALE,"143,847"
"229,047",1,18.0,2.0,Large passenger vehicle,2,"71,780",2017 May 14 01:59:00 AM,2017 May 14 06:59:00 AM,"15,766,832",False,False,False,HISPANIC,1.0,MALE,"144,321"
"229,090",1,18.0,2.0,Passenger car,1,"71,840",2017 May 17 09:06:00 PM,2017 May 18 02:06:00 AM,"15,767,186",False,False,False,HISPANIC,1.0,MALE,"144,440"
"229,129",1,25.0,2.0,Large passenger vehicle,2,"71,881",2017 May 19 07:49:00 AM,2017 May 19 12:49:00 PM,"15,767,433",False,False,False,HISPANIC,2.0,FEMALE,"144,520"
"229,234",1,97.0,1.0,Passenger car,1,"72,041",2017 May 22 11:15:00 AM,2017 May 22 04:15:00 PM,"15,771,016",False,False,False,WHITE,2.0,FEMALE,"144,822"
"229,613",1,38.0,3.0,Passenger car,1,"72,546",2017 May 23 02:38:00 AM,2017 May 23 07:38:00 AM,"15,786,634",False,False,False,BLACK,2.0,FEMALE,"145,809"
"229,748",1,45.0,1.0,Passenger car,1,"72,733",2017 May 26 07:02:00 PM,2017 May 27 12:02:00 AM,"15,787,321",False,False,False,WHITE,1.0,MALE,"146,188"
"229,879",1,,3.0,Passenger car,1,"72,939",2017 May 25 10:31:00 PM,2017 May 26 03:31:00 AM,"15,791,213",False,False,False,BLACK,2.0,FEMALE,"146,588"
"229,886",1,64.0,1.0,Passenger car,1,"72,948",2017 May 27 10:41:00 PM,2017 May 28 03:41:00 AM,"15,791,222",False,False,False,WHITE,2.0,FEMALE,"146,610"
"230,233",1,52.0,3.0,Passenger car,1,"73,392",2017 Jun 05 02:10:00 PM,2017 Jun 05 07:10:00 PM,"15,798,249",False,False,False,BLACK,2.0,FEMALE,"147,525"
"230,948",1,16.0,2.0,Large passenger vehicle,2,"74,325",2017 Jun 16 07:20:00 PM,2017 Jun 17 12:20:00 AM,"15,817,940",False,False,False,HISPANIC,2.0,FEMALE,"149,449"
"230,949",1,11.0,2.0,Large passenger vehicle,2,"74,325",2017 Jun 16 07:20:00 PM,2017 Jun 17 12:20:00 AM,"15,817,940",False,False,False,HISPANIC,1.0,MALE,"149,449"
"230,950",1,8.0,2.0,Large passenger vehicle,2,"74,325",2017 Jun 16 07:20:00 PM,2017 Jun 17 12:20:00 AM,"15,817,940",False,False,False,HISPANIC,1.0,MALE,"149,449"
"231,049",1,28.0,2.0,Passenger car,1,"74,464",2017 Jun 17 09:27:00 PM,2017 Jun 18 02:27:00 AM,"15,820,665",False,False,False,HISPANIC,2.0,FEMALE,"149,722"
"231,231",1,4.0,2.0,Passenger car,1,"74,700",2017 Jun 21 09:11:00 AM,2017 Jun 21 02:11:00 PM,"15,825,016",False,False,False,HISPANIC,1.0,MALE,"150,195"
"231,408",1,41.0,1.0,Large passenger vehicle,2,"74,873",2017 Jun 22 08:48:00 AM,2017 Jun 22 01:48:00 PM,"15,827,917",False,False,False,WHITE,1.0,MALE,"150,562"
"231,846",1,27.0,3.0,Passenger car,1,"75,442",2017 Jun 28 08:25:00 PM,2017 Jun 29 01:25:00 AM,"15,839,704",False,False,False,BLACK,2.0,FEMALE,"151,709"
"232,127",1,48.0,2.0,Large passenger vehicle,2,"75,791",2017 Jul 03 01:13:00 PM,2017 Jul 03 06:13:00 PM,"15,846,796",False,False,False,HISPANIC,1.0,MALE,"152,391"
"232,144",1,22.0,3.0,Passenger car,1,"75,809",2017 Jul 04 10:23:00 PM,2017 Jul 05 03:23:00 AM,"15,846,851",False,False,False,BLACK,2.0,FEMALE,"152,432"
"232,147",1,28.0,1.0,Motorcycle,3,"75,816",2017 Jun 15 03:20:00 PM,2017 Jun 15 08:20:00 PM,"15,847,195",False,False,False,WHITE,2.0,FEMALE,"152,445"
"232,195",1,17.0,3.0,Passenger car,1,"75,852",2017 Jun 28 11:33:00 PM,2017 Jun 29 04:33:00 AM,"15,847,398",False,False,False,BLACK,2.0,FEMALE,"152,519"
"232,196",1,17.0,3.0,Passenger car,1,"75,852",2017 Jun 28 11:33:00 PM,2017 Jun 29 04:33:00 AM,"15,847,398",False,False,False,BLACK,1.0,MALE,"152,519"
"232,330",1,36.0,1.0,Motor vehicle – other,4,"76,020",2017 Jul 05 08:45:00 PM,2017 Jul 06 01:45:00 AM,"15,851,962",False,False,False,WHITE,1.0,MALE,"152,844"
"232,362",1,28.0,1.0,Passenger car,1,"76,060",2017 Jul 06 10:32:00 PM,2017 Jul 07 03:32:00 AM,"15,852,073",False,False,False,WHITE,2.0,FEMALE,"152,932"
"232,856",1,21.0,,Motorcycle,3,"76,679",2017 Jul 15 04:08:00 AM,2017 Jul 15 09:08:00 AM,"15,866,539",False,False,False,,2.0,FEMALE,"154,196"
"232,951",1,23.0,1.0,Large passenger vehicle,2,"76,812",2017 Jul 16 12:07:00 PM,2017 Jul 16 05:07:00 PM,"15,867,072",False,False,False,WHITE,2.0,FEMALE,"154,457"
"232,952",1,22.0,1.0,Large passenger vehicle,2,"76,812",2017 Jul 16 12:07:00 PM,2017 Jul 16 05:07:00 PM,"15,867,072",False,False,False,WHITE,2.0,FEMALE,"154,460"
"232,953",1,19.0,1.0,Large passenger vehicle,2,"76,812",2017 Jul 16 12:07:00 PM,2017 Jul 16 05:07:00 PM,"15,867,072",False,False,False,WHITE,2.0,FEMALE,"154,460"
"232,954",1,19.0,1.0,Large passenger vehicle,2,"76,812",2017 Jul 16 12:07:00 PM,2017 Jul 16 05:07:00 PM,"15,867,072",False,False,False,WHITE,2.0,FEMALE,"154,460"
"233,398",1,8.0,1.0,Passenger car,1,"77,358",2017 Jul 23 08:55:00 AM,2017 Jul 23 01:55:00 PM,"15,878,097",False,False,False,WHITE,1.0,MALE,"155,566"
"233,792",4,88.0,1.0,Passenger car,1,"77,865",2017 Jul 27 08:52:00 AM,2017 Jul 27 01:52:00 PM,"15,890,274",False,False,False,WHITE,1.0,MALE,"156,594"
"233,939",1,40.0,2.0,Passenger car,1,"78,073",2017 Jul 31 11:35:00 AM,2017 Jul 31 04:35:00 PM,"15,892,314",False,False,False,HISPANIC,2.0,FEMALE,"157,006"
"234,112",1,16.0,2.0,Passenger car,1,"78,327",2017 Aug 03 01:01:00 PM,2017 Aug 03 06:01:00 PM,"15,896,648",False,False,False,HISPANIC,2.0,FEMALE,"157,526"
"234,378",1,33.0,1.0,Passenger car,1,"78,725",2017 Aug 06 11:35:00 AM,2017 Aug 06 04:35:00 PM,"15,904,456",False,False,False,WHITE,2.0,FEMALE,"158,309"
"234,938",1,87.0,2.0,Passenger car,1,"79,506",2017 Aug 16 12:21:00 PM,2017 Aug 16 05:21:00 PM,"15,920,065",False,False,False,HISPANIC,1.0,MALE,"159,892"
"235,530",1,21.0,1.0,Motorcycle,3,"80,342",2017 Aug 23 12:25:00 AM,2017 Aug 23 05:25:00 AM,"15,940,142",False,False,False,WHITE,2.0,FEMALE,"161,589"
"235,558",1,59.0,4.0,Passenger car,1,"80,368",2017 Aug 23 08:38:00 PM,2017 Aug 24 01:38:00 AM,"15,940,192",False,False,False,ASIAN,2.0,FEMALE,"161,647"
"235,602",4,83.0,1.0,Large passenger vehicle,2,"80,421",2017 Aug 24 08:28:00 PM,2017 Aug 25 01:28:00 AM,"15,940,284",False,False,False,WHITE,2.0,FEMALE,"161,755"
"235,651",1,20.0,2.0,Large passenger vehicle,2,"80,490",2017 Aug 26 01:47:00 PM,2017 Aug 26 06:47:00 PM,"15,940,404",False,False,False,HISPANIC,1.0,MALE,"161,893"
"235,778",1,42.0,3.0,Large passenger vehicle,2,"80,663",2017 Aug 14 12:10:00 AM,2017 Aug 14 05:10:00 AM,"15,942,332",False,False,False,BLACK,1.0,MALE,"162,238"
"236,148",4,77.0,2.0,Passenger car,1,"81,219",2017 Sep 02 02:00:00 PM,2017 Sep 02 07:00:00 PM,"15,950,346",False,False,False,HISPANIC,2.0,FEMALE,"163,374"
"236,303",1,9.0,3.0,Large passenger vehicle,2,"81,439",2017 Sep 08 10:47:00 AM,2017 Sep 08 03:47:00 PM,"15,958,199",False,False,False,BLACK,1.0,MALE,"163,833"
"236,334",1,23.0,1.0,Passenger car,1,"81,473",2017 Jul 29 02:30:00 AM,2017 Jul 29 07:30:00 AM,"15,958,290",False,False,False,WHITE,2.0,FEMALE,"163,908"
"236,456",1,42.0,1.0,Passenger car,1,"81,614",2017 Sep 09 06:25:00 PM,2017 Sep 09 11:25:00 PM,"15,959,725",False,False,False,WHITE,1.0,MALE,"164,201"
"237,018",1,31.0,1.0,Bicycle,5,"82,511",2017 Sep 17 02:57:00 AM,2017 Sep 17 07:57:00 AM,"15,978,737",False,False,False,WHITE,2.0,FEMALE,"166,049"
"237,019",1,29.0,1.0,Bicycle,5,"82,511",2017 Sep 17 02:57:00 AM,2017 Sep 17 07:57:00 AM,"15,978,737",False,False,False,WHITE,2.0,FEMALE,"166,049"
"237,156",1,27.0,1.0,Passenger car,1,"82,696",2017 Sep 17 12:00:00 AM,2017 Sep 17 05:00:00 AM,"15,982,480",False,False,False,WHITE,1.0,MALE,"166,417"
"237,460",1,65.0,3.0,Passenger car,1,"83,149",2017 Aug 17 07:32:00 PM,2017 Aug 18 12:32:00 AM,"15,991,136",False,False,False,BLACK,1.0,MALE,"167,340"
"237,632",1,18.0,2.0,Large passenger vehicle,2,"83,348",2017 Sep 28 12:00:00 AM,2017 Sep 28 05:00:00 AM,"15,996,219",False,False,False,HISPANIC,1.0,MALE,"167,736"
"237,706",1,46.0,1.0,Passenger car,1,"83,460",2017 Oct 01 07:43:00 AM,2017 Oct 01 12:43:00 PM,"15,996,380",False,False,False,WHITE,1.0,MALE,"167,973"
"237,848",1,37.0,3.0,Passenger car,1,"83,680",2017 Sep 17 02:29:00 AM,2017 Sep 17 07:29:00 AM,"16,000,679",False,False,False,BLACK,1.0,MALE,"168,419"
"237,952",1,16.0,2.0,Passenger car,1,"83,829",2017 Sep 28 10:35:00 AM,2017 Sep 28 03:35:00 PM,"16,004,639",False,False,False,HISPANIC,1.0,MALE,"168,707"
"237,969",1,56.0,2.0,Large passenger vehicle,2,"83,846",2017 Sep 25 09:27:00 PM,2017 Sep 26 02:27:00 AM,"16,005,003",False,False,False,HISPANIC,2.0,FEMALE,"168,746"
"238,126",1,37.0,1.0,Passenger car,1,"84,095",2017 Oct 06 09:37:00 PM,2017 Oct 07 02:37:00 AM,"16,009,549",False,False,False,WHITE,2.0,FEMALE,"169,258"
"238,343",1,58.0,1.0,Passenger car,1,"84,374",2017 Sep 23 11:11:00 PM,2017 Sep 24 04:11:00 AM,"16,015,784",False,False,False,WHITE,2.0,FEMALE,"169,827"
"240,297",1,33.0,2.0,Passenger car,1,"87,162",2017 Nov 05 11:37:00 AM,2017 Nov 05 05:37:00 PM,"16,078,643",False,False,False,HISPANIC,2.0,FEMALE,"175,496"
"240,491",1,,,Large passenger vehicle,2,"87,459",2017 Nov 14 12:25:00 AM,2017 Nov 14 06:25:00 AM,"16,084,408",False,False,False,,1.0,MALE,"176,126"
"240,549",1,34.0,1.0,Large passenger vehicle,2,"87,536",2017 Nov 01 09:07:00 AM,2017 Nov 01 02:07:00 PM,"16,086,837",False,False,False,WHITE,1.0,MALE,"176,284"
"240,693",1,29.0,2.0,Passenger car,1,"87,782",2017 Nov 05 03:21:00 AM,2017 Nov 05 09:21:00 AM,"16,093,970",False,False,False,HISPANIC,1.0,MALE,"176,781"
"240,740",1,35.0,2.0,Large passenger vehicle,2,"87,851",2017 Nov 20 07:59:00 AM,2017 Nov 20 01:59:00 PM,"16,094,105",False,False,False,HISPANIC,1.0,MALE,"176,927"
"241,126",1,58.0,1.0,Large passenger vehicle,2,"88,305",2017 Nov 23 12:52:00 PM,2017 Nov 23 06:52:00 PM,"16,106,123",False,False,False,WHITE,2.0,FEMALE,"177,835"
"241,349",4,41.0,1.0,Large passenger vehicle,2,"88,565",2017 Nov 11 03:31:00 PM,2017 Nov 11 09:31:00 PM,"16,110,982",False,False,False,WHITE,1.0,MALE,"178,359"
"241,350",4,14.0,1.0,Large passenger vehicle,2,"88,565",2017 Nov 11 03:31:00 PM,2017 Nov 11 09:31:00 PM,"16,110,982",False,False,False,WHITE,1.0,MALE,"178,359"
"241,354",1,15.0,2.0,Large passenger vehicle,2,"88,572",2017 Jul 30 06:59:00 PM,2017 Jul 30 11:59:00 PM,"16,111,394",False,False,False,HISPANIC,1.0,MALE,"178,372"
"241,374",1,79.0,1.0,Passenger car,1,"88,602",2017 Nov 23 08:10:00 PM,2017 Nov 24 02:10:00 AM,"16,111,493",False,False,False,WHITE,2.0,FEMALE,"178,434"
"241,774",1,28.0,1.0,Motorcycle,3,"89,127",2017 Dec 03 03:22:00 PM,2017 Dec 03 09:22:00 PM,"16,119,920",False,False,False,WHITE,2.0,FEMALE,"179,531"
"242,114",1,14.0,3.0,Passenger car,1,"89,764",2017 Oct 14 11:14:00 PM,2017 Oct 15 04:14:00 AM,"16,133,633",False,False,False,BLACK,1.0,MALE,"180,763"
"242,119",1,63.0,2.0,Large passenger vehicle,2,"89,781",2017 Dec 03 04:16:00 PM,2017 Dec 03 10:16:00 PM,"16,133,650",False,False,False,HISPANIC,2.0,FEMALE,"180,799"
"242,655",1,60.0,3.0,Passenger car,1,"90,559",2017 Dec 15 08:24:00 PM,2017 Dec 16 02:24:00 AM,"16,148,395",False,False,False,BLACK,2.0,FEMALE,"182,369"
"242,656",1,59.0,3.0,Passenger car,1,"90,559",2017 Dec 15 08:24:00 PM,2017 Dec 16 02:24:00 AM,"16,148,395",False,False,False,BLACK,2.0,FEMALE,"182,369"
"243,529",4,29.0,3.0,Passenger car,1,"91,813",2017 Dec 07 12:19:00 AM,2017 Dec 07 06:19:00 AM,"16,188,939",False,False,False,BLACK,1.0,MALE,"184,829"
"243,609",4,19.0,,Passenger car,1,"91,881",2017 Nov 11 05:55:00 PM,2017 Nov 11 11:55:00 PM,"16,211,482",False,False,False,,2.0,FEMALE,"184,959"
"244,007",1,25.0,3.0,Passenger car,1,"92,401",2019 Jan 02 07:41:00 AM,2019 Jan 02 01:41:00 PM,"16,831,796",False,True,False,BLACK,2.0,FEMALE,"185,946"
"244,270",1,62.0,1.0,Pedestrian,7,"92,540",2018 Dec 31 10:09:00 PM,2019 Jan 01 04:09:00 AM,"16,835,193",False,True,False,WHITE,2.0,FEMALE,"186,227"
"244,271",1,70.0,1.0,Pedestrian,7,"92,540",2018 Dec 31 10:09:00 PM,2019 Jan 01 04:09:00 AM,"16,835,193",False,True,False,WHITE,1.0,MALE,"186,228"
"244,343",1,51.0,2.0,Passenger car,1,"92,578",2019 Jan 01 07:45:00 AM,2019 Jan 01 01:45:00 PM,"16,835,393",False,True,False,HISPANIC,2.0,FEMALE,"186,302"
"244,357",1,43.0,1.0,Motorcycle,3,"92,585",2019 Jan 04 04:15:00 PM,2019 Jan 04 10:15:00 PM,"16,835,400",False,True,False,WHITE,1.0,MALE,"186,318"
"244,410",1,19.0,0.0,Motorcycle,3,"92,613",2019 Jan 05 03:20:00 PM,2019 Jan 05 09:20:00 PM,"16,835,457",False,True,False,UNKNOWN,1.0,MALE,"186,376"
"244,500",1,31.0,1.0,Large passenger vehicle,2,"92,661",2019 Jan 07 08:30:00 AM,2019 Jan 07 02:30:00 PM,"16,836,014",False,True,False,WHITE,1.0,MALE,"186,475"
"244,642",1,55.0,1.0,Passenger car,1,"92,736",2019 Jan 07 03:18:00 PM,2019 Jan 07 09:18:00 PM,"16,837,597",False,True,False,WHITE,2.0,FEMALE,"186,625"
"244,704",1,47.0,1.0,Passenger car,1,"92,769",2019 Jan 08 08:40:00 AM,2019 Jan 08 02:40:00 PM,"16,838,967",False,True,False,WHITE,2.0,FEMALE,"186,688"
"244,729",1,38.0,1.0,Bicycle,5,"92,777",2019 Jan 05 01:30:00 AM,2019 Jan 05 07:30:00 AM,"16,839,361",False,True,False,WHITE,1.0,MALE,"186,714"
"244,744",1,53.0,1.0,Bicycle,5,"92,785",2019 Jan 08 01:37:00 PM,2019 Jan 08 07:37:00 PM,"16,839,369",False,True,False,WHITE,1.0,MALE,"186,730"
"244,785",4,15.0,2.0,Pedestrian,7,"92,805",2019 Jan 08 09:35:00 PM,2019 Jan 09 03:35:00 AM,"16,839,437",False,True,False,HISPANIC,1.0,MALE,"186,773"
"244,800",1,29.0,1.0,Motorcycle,3,"92,812",2019 Jan 09 07:14:00 AM,2019 Jan 09 01:14:00 PM,"16,839,451",False,True,False,WHITE,1.0,MALE,"186,789"
"244,882",1,33.0,1.0,Motorcycle,3,"92,855",2019 Jan 08 02:52:00 PM,2019 Jan 08 08:52:00 PM,"16,841,405",False,True,False,WHITE,1.0,MALE,"186,877"
"244,898",1,55.0,3.0,Large passenger vehicle,2,"92,863",2019 Jan 09 05:01:00 PM,2019 Jan 09 11:01:00 PM,"16,841,416",False,True,False,BLACK,2.0,FEMALE,"186,893"
"244,937",1,53.0,1.0,Large passenger vehicle,2,"92,880",2019 Jan 09 02:29:00 PM,2019 Jan 09 08:29:00 PM,"16,841,460",False,True,False,WHITE,1.0,MALE,"186,933"
"244,938",1,28.0,2.0,Large passenger vehicle,2,"92,880",2019 Jan 09 02:29:00 PM,2019 Jan 09 08:29:00 PM,"16,841,460",False,True,False,HISPANIC,1.0,MALE,"186,934"
"245,064",1,36.0,1.0,Passenger car,1,"92,947",2019 Jan 10 09:33:00 AM,2019 Jan 10 03:33:00 PM,"16,843,462",False,True,False,WHITE,1.0,MALE,"187,068"
"245,069",1,59.0,1.0,Passenger car,1,"92,950",2019 Jan 10 08:30:00 AM,2019 Jan 10 02:30:00 PM,"16,843,465",False,True,False,WHITE,2.0,FEMALE,"187,075"
"245,140",1,57.0,2.0,Passenger car,1,"92,981",2019 Jan 11 12:02:00 PM,2019 Jan 11 06:02:00 PM,"16,843,515",False,True,False,HISPANIC,2.0,FEMALE,"187,148"
"245,489",1,14.0,3.0,Bicycle,5,"93,162",2019 Jan 12 06:25:00 PM,2019 Jan 13 12:25:00 AM,"16,848,469",False,True,False,BLACK,2.0,FEMALE,"187,516"
"245,563",1,22.0,2.0,Passenger car,1,"93,200",2019 Jan 14 11:51:00 PM,2019 Jan 15 05:51:00 AM,"16,848,569",False,True,False,HISPANIC,2.0,FEMALE,"187,591"
"245,602",1,28.0,2.0,Passenger car,1,"93,220",2019 Jan 14 11:54:00 AM,2019 Jan 14 05:54:00 PM,"16,848,625",False,True,False,HISPANIC,1.0,MALE,"187,631"
"245,802",1,27.0,1.0,Pedestrian,7,"93,325",2019 Jan 09 06:05:00 AM,2019 Jan 09 12:05:00 PM,"16,850,971",False,True,False,WHITE,1.0,MALE,"187,846"
"245,863",4,31.0,1.0,Pedestrian,7,"93,357",2019 Jan 15 06:20:00 AM,2019 Jan 15 12:20:00 PM,"16,852,586",False,True,False,WHITE,1.0,MALE,"187,909"
"245,899",4,66.0,1.0,Passenger car,1,"93,375",2019 Jan 16 03:42:00 PM,2019 Jan 16 09:42:00 PM,"16,852,935",False,True,False,WHITE,2.0,FEMALE,"187,947"
"245,975",1,25.0,3.0,Passenger car,1,"93,414",2019 Jan 08 07:18:00 PM,2019 Jan 09 01:18:00 AM,"16,854,644",False,True,False,BLACK,2.0,FEMALE,"188,027"
"245,982",1,26.0,0.0,Passenger car,1,"93,417",2019 Jan 10 04:58:00 PM,2019 Jan 10 10:58:00 PM,"16,854,647",False,True,False,UNKNOWN,2.0,FEMALE,"188,034"
"246,072",1,21.0,1.0,Passenger car,1,"93,463",2019 Jan 15 11:53:00 AM,2019 Jan 15 05:53:00 PM,"16,854,751",False,True,False,WHITE,2.0,FEMALE,"188,130"
"246,091",1,30.0,1.0,Passenger car,1,"93,471",2019 Jan 15 08:14:00 PM,2019 Jan 16 02:14:00 AM,"16,854,759",False,True,False,WHITE,1.0,MALE,"188,151"
"246,121",1,29.0,1.0,Motorcycle,3,"93,485",2019 Jan 16 10:13:00 AM,2019 Jan 16 04:13:00 PM,"16,854,825",False,True,False,WHITE,1.0,MALE,"188,187"
"246,164",1,20.0,3.0,Passenger car,1,"93,510",2019 Jan 16 07:21:00 PM,2019 Jan 17 01:21:00 AM,"16,854,897",False,True,False,BLACK,1.0,MALE,"188,232"
"246,195",1,57.0,1.0,Passenger car,1,"93,527",2019 Jan 17 08:26:00 AM,2019 Jan 17 02:26:00 PM,"16,854,917",False,True,False,WHITE,2.0,FEMALE,"188,265"
"246,241",1,34.0,1.0,Passenger car,1,"93,548",2019 Jan 17 05:35:00 PM,2019 Jan 17 11:35:00 PM,"16,854,971",False,True,False,WHITE,1.0,MALE,"188,311"
"246,242",1,33.0,3.0,Passenger car,1,"93,548",2019 Jan 17 05:35:00 PM,2019 Jan 17 11:35:00 PM,"16,854,971",False,True,False,BLACK,2.0,FEMALE,"188,312"
"246,253",1,53.0,1.0,Passenger car,1,"93,553",2019 Jan 17 07:03:00 PM,2019 Jan 18 01:03:00 AM,"16,854,977",False,True,False,WHITE,2.0,FEMALE,"188,323"
"246,696",1,37.0,1.0,Passenger car,1,"93,791",2019 Jan 19 09:55:00 AM,2019 Jan 19 03:55:00 PM,"16,861,141",False,True,False,WHITE,1.0,MALE,"188,794"
"246,857",1,24.0,1.0,Bicycle,5,"93,874",2019 Jan 22 11:41:00 AM,2019 Jan 22 05:41:00 PM,"16,861,293",False,True,False,WHITE,1.0,MALE,"188,958"
"246,976",1,60.0,2.0,Pedestrian,7,"93,939",2019 Jan 16 02:02:00 PM,2019 Jan 16 08:02:00 PM,"16,863,191",False,True,False,HISPANIC,1.0,MALE,"189,090"
"246,985",1,35.0,3.0,Passenger car,1,"93,944",2019 Jan 23 07:51:00 AM,2019 Jan 23 01:51:00 PM,"16,863,196",False,True,False,BLACK,2.0,FEMALE,"189,100"
"247,013",1,60.0,3.0,Passenger car,1,"93,957",2019 Jan 23 04:51:00 PM,2019 Jan 23 10:51:00 PM,"16,863,212",False,True,False,BLACK,2.0,FEMALE,"189,129"
"247,154",1,58.0,1.0,Passenger car,1,"94,032",2019 Jan 24 01:02:00 AM,2019 Jan 24 07:02:00 AM,"16,864,726",False,True,False,WHITE,1.0,MALE,"189,281"
"247,677",1,77.0,2.0,Pedestrian,7,"94,299",2019 Jan 28 06:30:00 AM,2019 Jan 28 12:30:00 PM,"16,870,245",False,True,False,HISPANIC,2.0,FEMALE,"189,836"
"247,789",1,22.0,3.0,E-scooter,11,"94,355",2019 Jan 25 04:06:00 PM,2019 Jan 25 10:06:00 PM,"16,871,254",False,True,False,BLACK,1.0,MALE,"189,954"
"247,791",1,29.0,0.0,Motor vehicle – other,4,"94,356",2019 Jan 26 02:09:00 AM,2019 Jan 26 08:09:00 AM,"16,871,255",False,True,False,UNKNOWN,1.0,MALE,"189,956"
"247,842",1,34.0,1.0,Pedestrian,7,"94,380",2019 Jan 26 08:31:00 PM,2019 Jan 27 02:31:00 AM,"16,871,309",False,True,False,WHITE,2.0,FEMALE,"190,008"
"247,900",1,20.0,1.0,Passenger car,1,"94,410",2019 Jan 27 08:52:00 PM,2019 Jan 28 02:52:00 AM,"16,871,377",False,True,False,WHITE,1.0,MALE,"190,070"
"247,940",1,63.0,1.0,Pedestrian,7,"94,430",2019 Jan 28 09:26:00 AM,2019 Jan 28 03:26:00 PM,"16,871,421",False,True,False,WHITE,2.0,FEMALE,"190,112"
"248,426",4,58.0,1.0,Pedestrian,7,"94,679",2019 Jan 26 01:02:00 AM,2019 Jan 26 07:02:00 AM,"16,876,416",False,True,False,WHITE,2.0,FEMALE,"190,634"
"248,446",1,57.0,1.0,Passenger car,1,"94,688",2019 Jan 30 03:59:00 PM,2019 Jan 30 09:59:00 PM,"16,876,425",False,True,False,WHITE,2.0,FEMALE,"190,654"
"248,448",1,40.0,1.0,Passenger car,1,"94,689",2019 Jan 30 12:10:00 PM,2019 Jan 30 06:10:00 PM,"16,876,426",False,True,False,WHITE,1.0,MALE,"190,656"
"248,512",1,19.0,2.0,Pedestrian,7,"94,717",2019 Jan 31 08:42:00 PM,2019 Feb 01 02:42:00 AM,"16,876,494",False,True,False,HISPANIC,1.0,MALE,"190,721"
"248,521",4,21.0,1.0,E-scooter,11,"94,723",2019 Feb 01 12:52:00 AM,2019 Feb 01 06:52:00 AM,"16,876,500",False,True,False,WHITE,1.0,MALE,"190,731"
"249,119",1,26.0,1.0,Pedestrian,7,"95,044",2019 Jan 28 07:09:00 PM,2019 Jan 29 01:09:00 AM,"16,882,319",False,True,False,WHITE,1.0,MALE,"191,364"
"249,169",1,50.0,1.0,Bicycle,5,"95,070",2019 Feb 05 08:12:00 AM,2019 Feb 05 02:12:00 PM,"16,882,399",False,True,False,WHITE,2.0,FEMALE,"191,415"
"249,507",4,32.0,1.0,Motorcycle,3,"95,256",2019 Feb 06 07:02:00 AM,2019 Feb 06 01:02:00 PM,"16,887,514",False,True,False,WHITE,1.0,MALE,"191,794"
"249,510",1,18.0,2.0,Pedestrian,7,"95,257",2019 Feb 06 08:56:00 AM,2019 Feb 06 02:56:00 PM,"16,887,515",False,True,False,HISPANIC,1.0,MALE,"191,797"
"249,568",1,51.0,1.0,Large passenger vehicle,2,"95,284",2019 Feb 06 03:24:00 PM,2019 Feb 06 09:24:00 PM,"16,887,569",False,True,False,WHITE,2.0,FEMALE,"191,856"
"249,609",1,30.0,2.0,Large passenger vehicle,2,"95,305",2019 Feb 07 12:15:00 PM,2019 Feb 07 06:15:00 PM,"16,887,612",False,True,False,HISPANIC,1.0,MALE,"191,898"
"249,742",1,38.0,1.0,Passenger car,1,"95,377",2019 Feb 08 09:53:00 AM,2019 Feb 08 03:53:00 PM,"16,889,076",False,True,False,WHITE,1.0,MALE,"192,042"
"250,132",1,44.0,3.0,Passenger car,1,"95,598",2019 Feb 09 12:48:00 PM,2019 Feb 09 06:48:00 PM,"16,893,193",False,True,False,BLACK,2.0,FEMALE,"192,462"
"250,384",1,18.0,1.0,Passenger car,1,"95,734",2019 Feb 12 02:28:00 AM,2019 Feb 12 08:28:00 AM,"16,895,710",False,True,False,WHITE,1.0,MALE,"192,730"
"250,425",1,63.0,1.0,Bicycle,5,"95,756",2019 Feb 12 10:08:00 AM,2019 Feb 12 04:08:00 PM,"16,896,360",False,True,False,WHITE,2.0,FEMALE,"192,773"
"250,549",1,27.0,1.0,Passenger car,1,"95,818",2019 Feb 12 02:28:00 PM,2019 Feb 12 08:28:00 PM,"16,897,826",False,True,False,WHITE,2.0,FEMALE,"192,904"
"250,819",1,54.0,1.0,Motorcycle,3,"95,956",2019 Feb 14 11:44:00 AM,2019 Feb 14 05:44:00 PM,"16,901,165",False,True,False,WHITE,1.0,MALE,"193,194"
"250,970",1,26.0,1.0,Passenger car,1,"96,035",2019 Feb 15 01:40:00 PM,2019 Feb 15 07:40:00 PM,"16,903,410",False,True,False,WHITE,1.0,MALE,"193,355"
"251,282",1,37.0,1.0,Motorcycle,3,"96,199",2019 Feb 16 03:04:00 AM,2019 Feb 16 09:04:00 AM,"16,906,898",False,True,False,WHITE,1.0,MALE,"193,686"
"251,297",1,31.0,2.0,Passenger car,1,"96,207",2019 Feb 16 05:59:00 AM,2019 Feb 16 11:59:00 AM,"16,906,927",False,True,False,HISPANIC,1.0,MALE,"193,701"
"251,316",1,51.0,1.0,Pedestrian,7,"96,216",2019 Feb 16 08:46:00 PM,2019 Feb 17 02:46:00 AM,"16,906,941",False,True,False,WHITE,1.0,MALE,"193,721"
"251,728",1,21.0,1.0,Motorcycle,3,"96,438",2019 Feb 16 06:13:00 PM,2019 Feb 17 12:13:00 AM,"16,911,325",False,True,False,WHITE,1.0,MALE,"194,157"
"251,843",1,60.0,2.0,Passenger car,1,"96,499",2019 Feb 19 10:40:00 PM,2019 Feb 20 04:40:00 AM,"16,911,448",False,True,False,HISPANIC,2.0,FEMALE,"194,276"
"251,959",1,72.0,1.0,Passenger car,1,"96,558",2019 Feb 21 06:45:00 PM,2019 Feb 22 12:45:00 AM,"16,913,582",False,True,False,WHITE,2.0,FEMALE,"194,398"
"251,985",1,47.0,4.0,Passenger car,1,"96,570",2019 Feb 20 06:28:00 AM,2019 Feb 20 12:28:00 PM,"16,913,635",False,True,False,ASIAN,2.0,FEMALE,"194,426"
"252,036",1,18.0,2.0,Passenger car,1,"96,593",2019 Feb 20 02:06:00 PM,2019 Feb 20 08:06:00 PM,"16,913,680",False,True,False,HISPANIC,2.0,FEMALE,"194,478"
"252,091",4,,0.0,Pedestrian,7,"96,621",2019 Feb 21 08:30:00 PM,2019 Feb 22 02:30:00 AM,"16,913,731",False,True,False,UNKNOWN,2.0,FEMALE,"194,537"
"252,096",4,59.0,2.0,Pedestrian,7,"96,624",2019 Feb 21 11:56:00 PM,2019 Feb 22 05:56:00 AM,"16,913,734",False,True,False,HISPANIC,1.0,MALE,"194,542"
"252,463",1,33.0,5.0,Passenger car,1,"96,827",2019 Feb 23 03:09:00 AM,2019 Feb 23 09:09:00 AM,"16,918,083",False,True,False,OTHER,2.0,FEMALE,"194,936"
"252,524",1,31.0,2.0,Passenger car,1,"96,859",2019 Feb 23 11:55:00 AM,2019 Feb 23 05:55:00 PM,"16,918,143",False,True,False,HISPANIC,1.0,MALE,"194,999"
"252,526",1,40.0,3.0,Passenger car,1,"96,860",2019 Feb 23 01:51:00 PM,2019 Feb 23 07:51:00 PM,"16,918,144",False,True,False,BLACK,1.0,MALE,"195,001"
"252,561",1,30.0,1.0,Motorcycle,3,"96,877",2019 Feb 24 05:44:00 PM,2019 Feb 24 11:44:00 PM,"16,918,186",False,True,False,WHITE,1.0,MALE,"195,037"
"252,679",1,57.0,3.0,Pedestrian,7,"96,941",2019 Feb 25 06:53:00 PM,2019 Feb 26 12:53:00 AM,"16,919,849",False,True,False,BLACK,1.0,MALE,"195,160"
"252,928",1,37.0,3.0,Passenger car,1,"97,076",2019 Feb 10 12:46:00 AM,2019 Feb 10 06:46:00 AM,"16,924,054",False,True,False,BLACK,2.0,FEMALE,"195,434"
"253,521",1,,3.0,Pedestrian,7,"97,385",2019 Feb 28 08:31:00 PM,2019 Mar 01 02:31:00 AM,"16,930,619",False,True,False,BLACK,1.0,MALE,"196,071"
"253,562",1,51.0,3.0,Passenger car,1,"97,406",2019 Mar 01 01:57:00 PM,2019 Mar 01 07:57:00 PM,"16,930,667",False,True,False,BLACK,2.0,FEMALE,"196,114"
"253,710",1,18.0,3.0,Pedestrian,7,"97,480",2019 Mar 03 12:50:00 AM,2019 Mar 03 06:50:00 AM,"16,930,846",False,True,False,BLACK,1.0,MALE,"196,267"
"253,866",1,63.0,3.0,Pedestrian,7,"97,563",2019 Feb 19 11:16:00 PM,2019 Feb 20 05:16:00 AM,"16,932,767",False,True,False,BLACK,2.0,FEMALE,"196,439"
"253,876",1,23.0,1.0,Passenger car,1,"97,570",2019 Mar 03 04:31:00 PM,2019 Mar 03 10:31:00 PM,"16,932,781",False,True,False,WHITE,1.0,MALE,"196,453"
"254,460",4,39.0,5.0,Bicycle,5,"97,880",2019 Jan 28 10:35:00 PM,2019 Jan 29 04:35:00 AM,"16,941,430",False,True,False,OTHER,1.0,MALE,"197,078"
"254,495",1,25.0,1.0,Passenger car,1,"97,899",2019 Mar 11 07:12:00 AM,2019 Mar 11 12:12:00 PM,"16,941,778",False,True,False,WHITE,2.0,FEMALE,"197,115"
"254,567",1,43.0,3.0,Passenger car,1,"97,938",2019 Mar 07 06:58:00 PM,2019 Mar 08 12:58:00 AM,"16,942,183",False,True,False,BLACK,1.0,MALE,"197,192"
"254,653",1,23.0,1.0,Motorcycle,3,"97,982",2019 Mar 08 07:07:00 PM,2019 Mar 09 01:07:00 AM,"16,942,277",False,True,False,WHITE,1.0,MALE,"197,282"
"254,670",1,21.0,4.0,Motorcycle,3,"97,989",2019 Mar 08 09:42:00 PM,2019 Mar 09 03:42:00 AM,"16,942,309",False,True,False,ASIAN,1.0,MALE,"197,299"
"254,824",1,27.0,2.0,Passenger car,1,"98,072",2019 Mar 10 01:30:00 AM,2019 Mar 10 07:30:00 AM,"16,942,575",False,True,False,HISPANIC,2.0,FEMALE,"197,465"
"255,041",1,56.0,1.0,Bicycle,5,"98,196",2019 Mar 01 10:15:00 AM,2019 Mar 01 04:15:00 PM,"16,946,166",False,True,False,WHITE,1.0,MALE,"197,698"
"255,455",1,53.0,3.0,Passenger car,1,"98,414",2019 Mar 13 11:07:00 AM,2019 Mar 13 04:07:00 PM,"16,949,959",False,True,False,BLACK,2.0,FEMALE,"198,135"
"255,472",1,17.0,4.0,Passenger car,1,"98,423",2019 Mar 09 06:48:00 PM,2019 Mar 10 12:48:00 AM,"16,950,007",False,True,False,ASIAN,2.0,FEMALE,"198,152"
"255,473",1,20.0,4.0,Passenger car,1,"98,423",2019 Mar 09 06:48:00 PM,2019 Mar 10 12:48:00 AM,"16,950,007",False,True,False,ASIAN,2.0,FEMALE,"198,153"
"256,169",1,23.0,1.0,Passenger car,1,"98,785",2019 Mar 03 01:56:00 PM,2019 Mar 03 07:56:00 PM,"16,954,612",False,True,False,WHITE,1.0,MALE,"198,890"
"256,219",1,24.0,3.0,Passenger car,1,"98,815",2019 Mar 17 03:11:00 AM,2019 Mar 17 08:11:00 AM,"16,954,715",False,True,False,BLACK,2.0,FEMALE,"198,943"
"256,316",1,40.0,1.0,Pedestrian,7,"98,863",2019 Mar 16 04:18:00 AM,2019 Mar 16 09:18:00 AM,"16,956,459",False,True,False,WHITE,2.0,FEMALE,"199,047"
"256,327",4,53.0,1.0,Pedestrian,7,"98,869",2019 Mar 17 09:32:00 PM,2019 Mar 18 02:32:00 AM,"16,956,465",False,True,False,WHITE,1.0,MALE,"199,062"
"256,673",1,23.0,2.0,Large passenger vehicle,2,"99,048",2019 Mar 19 08:47:00 AM,2019 Mar 19 01:47:00 PM,"16,960,736",False,True,False,HISPANIC,2.0,FEMALE,"199,422"
"256,726",1,44.0,1.0,Large passenger vehicle,2,"99,073",2019 Mar 19 11:58:00 PM,2019 Mar 20 04:58:00 AM,"16,960,795",False,True,False,WHITE,1.0,MALE,"199,476"
"256,754",1,41.0,1.0,Passenger car,1,"99,088",2019 Mar 20 12:32:00 PM,2019 Mar 20 05:32:00 PM,"16,960,853",False,True,False,WHITE,1.0,MALE,"199,504"
"256,862",1,38.0,3.0,Passenger car,1,"99,146",2019 Mar 22 11:47:00 AM,2019 Mar 22 04:47:00 PM,"16,962,801",False,True,False,BLACK,1.0,MALE,"199,616"
"256,869",1,65.0,1.0,Pedestrian,7,"99,150",2019 Mar 10 09:30:00 PM,2019 Mar 11 02:30:00 AM,"16,962,806",False,True,False,WHITE,1.0,MALE,"199,623"
"256,892",1,76.0,1.0,Passenger car,1,"99,161",2019 Mar 20 02:46:00 PM,2019 Mar 20 07:46:00 PM,"16,962,818",False,True,False,WHITE,2.0,FEMALE,"199,648"
"256,893",1,49.0,1.0,Large passenger vehicle,2,"99,161",2019 Mar 20 02:46:00 PM,2019 Mar 20 07:46:00 PM,"16,962,818",False,True,False,WHITE,1.0,MALE,"199,649"
"257,215",1,25.0,1.0,Bicycle,5,"99,332",2019 Mar 13 09:41:00 AM,2019 Mar 13 02:41:00 PM,"16,967,233",False,True,False,WHITE,2.0,FEMALE,"200,001"
"257,240",1,27.0,2.0,Motorcycle,3,"99,345",2019 Mar 21 07:43:00 AM,2019 Mar 21 12:43:00 PM,"16,967,254",False,True,False,HISPANIC,1.0,MALE,"200,027"
"257,326",1,75.0,1.0,Passenger car,1,"99,391",2019 Mar 23 12:56:00 PM,2019 Mar 23 05:56:00 PM,"16,967,357",False,True,False,WHITE,1.0,MALE,"200,119"
"257,404",1,34.0,3.0,Passenger car,1,"99,432",2019 Mar 25 07:15:00 AM,2019 Mar 25 12:15:00 PM,"16,967,439",False,True,False,BLACK,2.0,FEMALE,"200,201"
"257,568",1,51.0,1.0,Pedestrian,7,"99,519",2019 Mar 25 08:10:00 PM,2019 Mar 26 01:10:00 AM,"16,969,364",False,True,False,WHITE,1.0,MALE,"200,375"
"257,593",1,39.0,1.0,Motorcycle,3,"99,533",2019 Mar 26 06:47:00 AM,2019 Mar 26 11:47:00 AM,"16,969,395",False,True,False,WHITE,1.0,MALE,"200,400"
"257,677",1,29.0,3.0,Large passenger vehicle,2,"99,577",2019 Feb 27 10:25:00 PM,2019 Feb 28 04:25:00 AM,"16,970,686",False,True,False,BLACK,1.0,MALE,"200,487"
"257,678",4,19.0,2.0,Passenger car,1,"99,577",2019 Feb 27 10:25:00 PM,2019 Feb 28 04:25:00 AM,"16,970,686",False,True,False,HISPANIC,1.0,MALE,"200,488"
"257,994",1,23.0,1.0,Large passenger vehicle,2,"99,741",2019 Mar 28 07:01:00 AM,2019 Mar 28 12:01:00 PM,"16,973,659",False,True,False,WHITE,2.0,FEMALE,"200,828"
"258,138",1,21.0,2.0,Pedestrian,7,"99,812",2019 Mar 28 02:09:00 PM,2019 Mar 28 07:09:00 PM,"16,975,764",False,True,False,HISPANIC,2.0,FEMALE,"200,984"
"258,174",1,63.0,1.0,Passenger car,1,"99,829",2019 Mar 28 10:33:00 PM,2019 Mar 29 03:33:00 AM,"16,975,890",False,True,False,WHITE,1.0,MALE,"201,021"
"258,175",1,22.0,1.0,Large passenger vehicle,2,"99,829",2019 Mar 28 10:33:00 PM,2019 Mar 29 03:33:00 AM,"16,975,890",False,True,False,WHITE,1.0,MALE,"201,022"
"258,359",4,28.0,1.0,Bicycle,5,"99,927",2019 Mar 28 09:05:00 PM,2019 Mar 29 02:05:00 AM,"16,979,508",False,True,False,WHITE,2.0,FEMALE,"201,220"
"258,390",1,37.0,3.0,Motorcycle,3,"99,944",2019 Mar 30 09:08:00 PM,2019 Mar 31 02:08:00 AM,"16,979,528",False,True,False,BLACK,1.0,MALE,"201,251"
"258,443",4,45.0,2.0,Pedestrian,7,"99,968",2019 Mar 29 08:17:00 PM,2019 Mar 30 01:17:00 AM,"16,979,593",False,True,False,HISPANIC,1.0,MALE,"201,305"
"258,588",1,25.0,2.0,Passenger car,1,"100,042",2019 Apr 01 01:38:00 AM,2019 Apr 01 06:38:00 AM,"16,980,231",False,True,False,HISPANIC,1.0,MALE,"201,452"
"258,589",1,62.0,2.0,Large passenger vehicle,2,"100,042",2019 Apr 01 01:38:00 AM,2019 Apr 01 06:38:00 AM,"16,980,231",False,True,False,HISPANIC,1.0,MALE,"201,453"
"258,687",1,28.0,2.0,Pedestrian,7,"100,097",2019 Apr 01 11:10:00 AM,2019 Apr 01 04:10:00 PM,"16,983,836",False,True,False,HISPANIC,1.0,MALE,"201,560"
"258,872",1,73.0,1.0,Bicycle,5,"100,188",2019 Apr 01 03:34:00 PM,2019 Apr 01 08:34:00 PM,"16,985,813",False,True,False,WHITE,1.0,MALE,"201,752"
"258,913",1,52.0,2.0,Passenger car,1,"100,207",2019 Apr 01 06:19:00 PM,2019 Apr 01 11:19:00 PM,"16,985,888",False,True,False,HISPANIC,2.0,FEMALE,"201,796"
"258,923",1,20.0,2.0,E-scooter,11,"100,212",2019 Apr 02 08:41:00 PM,2019 Apr 03 01:41:00 AM,"16,985,893",False,True,False,HISPANIC,1.0,MALE,"201,808"
"258,944",1,32.0,1.0,Motorcycle,3,"100,223",2019 Apr 02 09:23:00 AM,2019 Apr 02 02:23:00 PM,"16,985,905",False,True,False,WHITE,1.0,MALE,"201,831"
"258,950",1,60.0,1.0,Motorcycle,3,"100,226",2019 Apr 02 12:03:00 PM,2019 Apr 02 05:03:00 PM,"16,985,908",False,True,False,WHITE,1.0,MALE,"201,837"
"259,150",1,34.0,2.0,Pedestrian,7,"100,336",2019 Apr 02 05:09:00 PM,2019 Apr 02 10:09:00 PM,"16,991,943",False,True,False,HISPANIC,2.0,FEMALE,"202,051"
"259,154",4,27.0,1.0,Large passenger vehicle,2,"100,338",2019 Apr 02 10:01:00 PM,2019 Apr 03 03:01:00 AM,"16,991,945",False,True,False,WHITE,1.0,MALE,"202,055"
"259,163",4,25.0,1.0,Passenger car,1,"100,342",2019 Apr 03 02:39:00 AM,2019 Apr 03 07:39:00 AM,"16,991,949",False,True,False,WHITE,2.0,FEMALE,"202,064"
"259,214",1,19.0,1.0,Pedestrian,7,"100,366",2019 Apr 03 09:26:00 PM,2019 Apr 04 02:26:00 AM,"16,991,990",False,True,False,WHITE,1.0,MALE,"202,117"
"259,278",1,47.0,1.0,Bicycle,5,"100,398",2019 Mar 27 06:35:00 PM,2019 Mar 27 11:35:00 PM,"16,992,161",False,True,False,WHITE,1.0,MALE,"202,185"
"259,362",1,22.0,3.0,Passenger car,1,"100,447",2019 Apr 04 04:52:00 PM,2019 Apr 04 09:52:00 PM,"16,993,476",False,True,False,BLACK,2.0,FEMALE,"202,273"
"259,727",1,16.0,2.0,Passenger car,1,"100,646",2019 Apr 02 11:36:00 AM,2019 Apr 02 04:36:00 PM,"16,998,249",False,True,False,HISPANIC,1.0,MALE,"202,663"
"259,736",1,37.0,1.0,Passenger car,1,"100,651",2019 Apr 03 09:04:00 PM,2019 Apr 04 02:04:00 AM,"16,998,257",False,True,False,WHITE,1.0,MALE,"202,673"
"259,737",1,68.0,1.0,Large passenger vehicle,2,"100,651",2019 Apr 03 09:04:00 PM,2019 Apr 04 02:04:00 AM,"16,998,257",False,True,False,WHITE,2.0,FEMALE,"202,674"
"260,022",1,18.0,3.0,Passenger car,1,"100,804",2019 Apr 01 07:52:00 PM,2019 Apr 02 12:52:00 AM,"17,001,087",False,True,False,BLACK,1.0,MALE,"202,982"
"260,036",1,47.0,1.0,Passenger car,1,"100,811",2019 Apr 06 06:24:00 AM,2019 Apr 06 11:24:00 AM,"17,001,095",False,True,False,WHITE,1.0,MALE,"202,997"
"260,053",1,52.0,2.0,Passenger car,1,"100,820",2019 Apr 08 12:38:00 PM,2019 Apr 08 05:38:00 PM,"17,001,115",False,True,False,HISPANIC,1.0,MALE,"203,014"
"260,122",1,50.0,1.0,Large passenger vehicle,2,"100,855",2019 Apr 09 08:21:00 AM,2019 Apr 09 01:21:00 PM,"17,001,230",False,True,False,WHITE,2.0,FEMALE,"203,085"
"260,230",1,24.0,3.0,E-scooter,11,"100,910",2019 Apr 09 08:55:00 AM,2019 Apr 09 01:55:00 PM,"17,003,568",False,True,False,BLACK,1.0,MALE,"203,198"
"260,594",1,32.0,1.0,Motorcycle,3,"101,101",2019 Apr 10 02:37:00 PM,2019 Apr 10 07:37:00 PM,"17,007,394",False,True,False,WHITE,1.0,MALE,"203,596"
"260,725",1,21.0,1.0,Bicycle,5,"101,164",2019 Apr 12 09:24:00 AM,2019 Apr 12 02:24:00 PM,"17,007,714",False,True,False,WHITE,2.0,FEMALE,"203,731"
"261,061",1,31.0,2.0,Passenger car,1,"101,332",2019 Apr 12 07:51:00 PM,2019 Apr 13 12:51:00 AM,"17,012,491",False,True,False,HISPANIC,2.0,FEMALE,"204,087"
"261,337",1,58.0,4.0,Passenger car,1,"101,473",2019 Apr 13 05:31:00 PM,2019 Apr 13 10:31:00 PM,"17,014,269",False,True,False,ASIAN,2.0,FEMALE,"204,384"
"261,376",4,86.0,1.0,Large passenger vehicle,2,"101,495",2019 Apr 14 11:06:00 AM,2019 Apr 14 04:06:00 PM,"17,014,325",False,True,False,WHITE,1.0,MALE,"204,425"
"261,948",1,40.0,1.0,Passenger car,1,"101,796",2019 Apr 19 10:30:00 AM,2019 Apr 19 03:30:00 PM,"17,020,866",False,True,False,WHITE,2.0,FEMALE,"205,038"
"262,063",1,34.0,1.0,Passenger car,1,"101,855",2019 Apr 18 01:08:00 AM,2019 Apr 18 06:08:00 AM,"17,021,084",False,True,False,WHITE,1.0,MALE,"205,162"
"262,350",4,19.0,2.0,Passenger car,1,"102,009",2019 Apr 18 06:53:00 AM,2019 Apr 18 11:53:00 AM,"17,025,047",False,True,False,HISPANIC,1.0,MALE,"205,484"
"262,354",4,70.0,1.0,Passenger car,1,"102,010",2019 Apr 17 10:22:00 AM,2019 Apr 17 03:22:00 PM,"17,025,171",False,True,False,WHITE,1.0,MALE,"205,488"
"262,444",1,28.0,2.0,Passenger car,1,"102,060",2019 Apr 15 12:03:00 AM,2019 Apr 15 05:03:00 AM,"17,026,550",False,True,False,HISPANIC,1.0,MALE,"205,588"
"262,449",4,55.0,0.0,Pedestrian,7,"102,063",2019 Apr 17 12:53:00 AM,2019 Apr 17 05:53:00 AM,"17,026,555",False,True,False,UNKNOWN,1.0,MALE,"205,593"
"262,585",1,11.0,2.0,Pedestrian,7,"102,130",2019 Apr 20 04:10:00 PM,2019 Apr 20 09:10:00 PM,"17,026,818",False,True,False,HISPANIC,2.0,FEMALE,"205,738"
"262,597",1,21.0,1.0,Motorcycle,3,"102,137",2019 Apr 20 05:00:00 PM,2019 Apr 20 10:00:00 PM,"17,026,825",False,True,False,WHITE,1.0,MALE,"205,750"
"262,638",1,40.0,1.0,Passenger car,1,"102,160",2019 Apr 21 12:28:00 AM,2019 Apr 21 05:28:00 AM,"17,026,879",False,True,False,WHITE,2.0,FEMALE,"205,793"
"263,414",1,82.0,1.0,Passenger car,1,"102,574",2019 Apr 19 10:34:00 AM,2019 Apr 19 03:34:00 PM,"17,037,886",False,True,False,WHITE,2.0,FEMALE,"206,626"
"263,443",1,17.0,2.0,Large passenger vehicle,2,"102,589",2019 Apr 11 07:35:00 AM,2019 Apr 11 12:35:00 PM,"17,038,504",False,True,False,HISPANIC,1.0,MALE,"206,662"
"263,558",1,29.0,2.0,Passenger car,1,"102,644",2019 Apr 24 01:55:00 PM,2019 Apr 24 06:55:00 PM,"17,038,705",False,True,False,HISPANIC,1.0,MALE,"206,780"
"263,591",1,22.0,2.0,Pedestrian,7,"102,660",2019 Apr 25 07:14:00 AM,2019 Apr 25 12:14:00 PM,"17,038,763",False,True,False,HISPANIC,2.0,FEMALE,"206,813"
"263,671",1,36.0,1.0,Passenger car,1,"102,695",2019 Apr 26 07:55:00 AM,2019 Apr 26 12:55:00 PM,"17,038,845",False,True,False,WHITE,2.0,FEMALE,"206,895"
"263,676",1,57.0,1.0,Passenger car,1,"102,697",2019 Apr 26 08:24:00 AM,2019 Apr 26 01:24:00 PM,"17,038,847",False,True,False,WHITE,2.0,FEMALE,"206,901"
"263,732",1,32.0,1.0,Large passenger vehicle,2,"102,723",2019 Apr 26 07:32:00 PM,2019 Apr 27 12:32:00 AM,"17,038,920",False,True,False,WHITE,1.0,MALE,"206,958"
"264,021",1,29.0,2.0,Large passenger vehicle,2,"102,870",2019 Apr 29 07:15:00 PM,2019 Apr 30 12:15:00 AM,"17,040,574",False,True,False,HISPANIC,1.0,MALE,"207,261"
"264,029",1,44.0,1.0,Large passenger vehicle,2,"102,875",2019 Apr 30 12:38:00 AM,2019 Apr 30 05:38:00 AM,"17,040,625",False,True,False,WHITE,1.0,MALE,"207,270"
"264,030",1,59.0,1.0,Passenger car,1,"102,875",2019 Apr 30 12:38:00 AM,2019 Apr 30 05:38:00 AM,"17,040,625",False,True,False,WHITE,1.0,MALE,"207,271"
"264,038",1,41.0,2.0,Large passenger vehicle,2,"102,880",2019 Apr 30 06:30:00 AM,2019 Apr 30 11:30:00 AM,"17,040,649",False,True,False,HISPANIC,1.0,MALE,"207,279"
"264,180",1,51.0,1.0,Passenger car,1,"102,954",2019 Apr 29 04:04:00 PM,2019 Apr 29 09:04:00 PM,"17,043,141",False,True,False,WHITE,2.0,FEMALE,"207,432"
"264,220",1,43.0,3.0,Passenger car,1,"102,975",2019 Apr 30 04:42:00 PM,2019 Apr 30 09:42:00 PM,"17,043,180",False,True,False,BLACK,1.0,MALE,"207,474"
"264,330",1,31.0,1.0,Passenger car,1,"103,036",2019 May 01 04:08:00 PM,2019 May 01 09:08:00 PM,"17,045,465",False,True,False,WHITE,2.0,FEMALE,"207,593"
"264,331",1,53.0,1.0,Passenger car,1,"103,036",2019 May 01 04:08:00 PM,2019 May 01 09:08:00 PM,"17,045,465",False,True,False,WHITE,1.0,MALE,"207,594"
"264,402",1,29.0,1.0,Passenger car,1,"103,074",2019 May 01 04:03:00 PM,2019 May 01 09:03:00 PM,"17,045,658",False,True,False,WHITE,2.0,FEMALE,"207,669"
"264,858",1,55.0,1.0,Pedestrian,7,"103,319",2019 Apr 13 10:39:00 PM,2019 Apr 14 03:39:00 AM,"17,052,210",False,True,False,WHITE,1.0,MALE,"208,147"
"264,862",4,77.0,2.0,Passenger car,1,"103,321",2019 Apr 18 10:16:00 AM,2019 Apr 18 03:16:00 PM,"17,052,213",False,True,False,HISPANIC,2.0,FEMALE,"208,151"
"264,885",1,57.0,2.0,Large passenger vehicle,2,"103,335",2019 May 01 09:36:00 AM,2019 May 01 02:36:00 PM,"17,052,238",False,True,False,HISPANIC,2.0,FEMALE,"208,178"
"265,070",1,85.0,4.0,Passenger car,1,"103,437",2019 May 04 11:27:00 AM,2019 May 04 04:27:00 PM,"17,052,576",False,True,False,ASIAN,1.0,MALE,"208,376"
"265,071",1,27.0,2.0,Passenger car,1,"103,437",2019 May 04 11:27:00 AM,2019 May 04 04:27:00 PM,"17,052,576",False,True,False,HISPANIC,1.0,MALE,"208,377"
"265,079",1,47.0,3.0,Motorcycle,3,"103,441",2019 May 04 02:40:00 PM,2019 May 04 07:40:00 PM,"17,052,582",False,True,False,BLACK,1.0,MALE,"208,385"
"265,090",1,45.0,1.0,Large passenger vehicle,2,"103,446",2019 May 04 04:54:00 PM,2019 May 04 09:54:00 PM,"17,052,587",False,True,False,WHITE,2.0,FEMALE,"208,396"
"265,148",1,44.0,1.0,Pedestrian,7,"103,478",2019 May 05 07:58:00 PM,2019 May 06 12:58:00 AM,"17,052,643",False,True,False,WHITE,1.0,MALE,"208,458"
"265,437",4,52.0,1.0,Pedestrian,7,"103,631",2019 May 07 02:52:00 AM,2019 May 07 07:52:00 AM,"17,056,446",False,True,False,WHITE,1.0,MALE,"208,774"
"265,598",1,21.0,2.0,Passenger car,1,"103,724",2019 May 08 09:34:00 AM,2019 May 08 02:34:00 PM,"17,058,822",False,True,False,HISPANIC,1.0,MALE,"208,945"
"265,599",1,41.0,1.0,Passenger car,1,"103,724",2019 May 08 09:34:00 AM,2019 May 08 02:34:00 PM,"17,058,822",False,True,False,WHITE,1.0,MALE,"208,946"
"265,920",1,63.0,3.0,Pedestrian,7,"103,879",2019 May 09 01:54:00 PM,2019 May 09 06:54:00 PM,"17,061,454",False,True,False,BLACK,2.0,FEMALE,"209,284"
"265,944",1,24.0,2.0,Large passenger vehicle,2,"103,891",2019 May 10 12:56:00 PM,2019 May 10 05:56:00 PM,"17,061,470",False,True,False,HISPANIC,2.0,FEMALE,"209,310"
"266,163",1,39.0,2.0,Passenger car,1,"104,013",2019 May 10 02:57:00 PM,2019 May 10 07:57:00 PM,"17,064,989",False,True,False,HISPANIC,2.0,FEMALE,"209,545"
"266,237",1,17.0,1.0,Passenger car,1,"104,047",2019 May 11 12:23:00 AM,2019 May 11 05:23:00 AM,"17,065,148",False,True,False,WHITE,1.0,MALE,"209,619"
"266,283",1,32.0,2.0,Bicycle,5,"104,069",2019 May 11 03:56:00 PM,2019 May 11 08:56:00 PM,"17,065,229",False,True,False,HISPANIC,1.0,MALE,"209,667"
"266,284",1,22.0,2.0,Passenger car,1,"104,070",2019 May 11 04:59:00 PM,2019 May 11 09:59:00 PM,"17,065,230",False,True,False,HISPANIC,2.0,FEMALE,"209,668"
"266,321",4,26.0,2.0,Passenger car,1,"104,091",2019 May 12 09:58:00 AM,2019 May 12 02:58:00 PM,"17,065,274",False,True,False,HISPANIC,2.0,FEMALE,"209,707"
"266,512",4,21.0,1.0,Passenger car,1,"104,190",2019 May 12 03:52:00 AM,2019 May 12 08:52:00 AM,"17,067,872",False,True,False,WHITE,1.0,MALE,"209,910"
"266,549",1,36.0,2.0,Pedestrian,7,"104,206",2019 May 13 04:58:00 PM,2019 May 13 09:58:00 PM,"17,067,924",False,True,False,HISPANIC,2.0,FEMALE,"209,948"
"266,579",1,57.0,1.0,Pedestrian,7,"104,220",2019 May 13 02:06:00 PM,2019 May 13 07:06:00 PM,"17,067,938",False,True,False,WHITE,1.0,MALE,"209,979"
"266,593",1,62.0,1.0,Bicycle,5,"104,228",2019 May 14 07:59:00 AM,2019 May 14 12:59:00 PM,"17,067,980",False,True,False,WHITE,1.0,MALE,"209,994"
"266,905",1,69.0,2.0,Large passenger vehicle,2,"104,385",2019 May 03 09:04:00 AM,2019 May 03 02:04:00 PM,"17,071,677",False,True,False,HISPANIC,1.0,MALE,"210,323"
"266,982",1,78.0,2.0,Pedestrian,7,"104,422",2019 May 16 09:09:00 AM,2019 May 16 02:09:00 PM,"17,071,777",False,True,False,HISPANIC,2.0,FEMALE,"210,405"
"267,106",4,52.0,3.0,Passenger car,1,"104,487",2019 May 12 11:34:00 PM,2019 May 13 04:34:00 AM,"17,073,556",False,True,False,BLACK,1.0,MALE,"210,538"
"267,566",1,60.0,2.0,Motorcycle,3,"104,719",2019 May 19 12:03:00 AM,2019 May 19 05:03:00 AM,"17,079,192",False,True,False,HISPANIC,1.0,MALE,"211,023"
"267,578",1,38.0,2.0,Large passenger vehicle,2,"104,724",2019 May 06 10:22:00 PM,2019 May 07 03:22:00 AM,"17,079,245",False,True,False,HISPANIC,1.0,MALE,"211,035"
"267,743",1,34.0,2.0,Passenger car,1,"104,807",2019 May 16 08:37:00 PM,2019 May 17 01:37:00 AM,"17,081,757",False,True,False,HISPANIC,2.0,FEMALE,"211,211"
"267,878",4,15.0,2.0,Pedestrian,7,"104,876",2019 May 18 10:54:00 PM,2019 May 19 03:54:00 AM,"17,083,241",False,True,False,HISPANIC,1.0,MALE,"211,358"
"267,897",1,28.0,2.0,Large passenger vehicle,2,"104,884",2019 May 20 04:53:00 PM,2019 May 20 09:53:00 PM,"17,083,280",False,True,False,HISPANIC,2.0,FEMALE,"211,378"
"268,066",4,64.0,3.0,Passenger car,1,"104,972",2019 May 18 01:58:00 AM,2019 May 18 06:58:00 AM,"17,083,904",False,True,False,BLACK,1.0,MALE,"211,561"
"268,075",1,23.0,2.0,Passenger car,1,"104,978",2019 May 19 11:53:00 AM,2019 May 19 04:53:00 PM,"17,083,911",False,True,False,HISPANIC,1.0,MALE,"211,576"
"268,657",1,32.0,1.0,Pedestrian,7,"105,277",2019 Apr 14 02:16:00 AM,2019 Apr 14 07:16:00 AM,"17,091,813",False,True,False,WHITE,1.0,MALE,"212,205"
"268,686",1,,2.0,Pedestrian,7,"105,293",2019 May 23 03:39:00 PM,2019 May 23 08:39:00 PM,"17,092,249",False,True,False,HISPANIC,1.0,MALE,"212,235"
"268,763",1,22.0,2.0,Large passenger vehicle,2,"105,331",2019 May 25 03:28:00 AM,2019 May 25 08:28:00 AM,"17,092,326",False,True,False,HISPANIC,1.0,MALE,"212,318"
"268,772",1,29.0,2.0,Motorcycle,3,"105,335",2019 May 25 06:51:00 AM,2019 May 25 11:51:00 AM,"17,092,342",False,True,False,HISPANIC,1.0,MALE,"212,330"
"268,781",1,61.0,1.0,Motorcycle,3,"105,340",2019 May 25 11:17:00 AM,2019 May 25 04:17:00 PM,"17,092,347",False,True,False,WHITE,2.0,FEMALE,"212,339"
"268,883",1,28.0,2.0,Large passenger vehicle,2,"105,391",2019 May 26 05:18:00 PM,2019 May 26 10:18:00 PM,"17,092,429",False,True,False,HISPANIC,2.0,FEMALE,"212,444"
"268,959",1,34.0,2.0,Large passenger vehicle,2,"105,434",2019 May 27 07:46:00 PM,2019 May 28 12:46:00 AM,"17,092,493",False,True,False,HISPANIC,1.0,MALE,"212,531"
"269,469",1,40.0,2.0,Large passenger vehicle,2,"105,699",2019 May 27 01:18:00 PM,2019 May 27 06:18:00 PM,"17,098,901",False,True,False,HISPANIC,2.0,FEMALE,"213,083"
"269,551",1,48.0,0.0,Large passenger vehicle,2,"105,741",2019 May 31 12:52:00 PM,2019 May 31 05:52:00 PM,"17,099,021",False,True,False,UNKNOWN,1.0,MALE,"213,170"
"269,790",1,50.0,2.0,Large passenger vehicle,2,"105,873",2019 Jun 01 10:20:00 PM,2019 Jun 02 03:20:00 AM,"17,102,867",False,True,False,HISPANIC,2.0,FEMALE,"213,427"
"269,791",1,26.0,3.0,Large passenger vehicle,2,"105,873",2019 Jun 01 10:20:00 PM,2019 Jun 02 03:20:00 AM,"17,102,867",False,True,False,BLACK,1.0,MALE,"213,428"
"269,876",1,42.0,1.0,Large passenger vehicle,2,"105,916",2019 May 31 08:47:00 PM,2019 Jun 01 01:47:00 AM,"17,103,781",False,True,False,WHITE,1.0,MALE,"213,519"
"270,058",4,69.0,4.0,Passenger car,1,"106,011",2019 Apr 06 03:26:00 PM,2019 Apr 06 08:26:00 PM,"17,106,145",False,True,False,ASIAN,1.0,MALE,"213,714"
"270,061",4,46.0,3.0,Pedestrian,7,"106,012",2019 Apr 21 10:37:00 AM,2019 Apr 21 03:37:00 PM,"17,106,146",False,True,False,BLACK,1.0,MALE,"213,717"
"270,064",4,,2.0,Pedestrian,7,"106,014",2019 May 02 06:09:00 AM,2019 May 02 11:09:00 AM,"17,106,148",False,True,False,HISPANIC,1.0,MALE,"213,720"
"270,149",4,23.0,2.0,Large passenger vehicle,2,"106,058",2019 Apr 26 08:07:00 PM,2019 Apr 27 01:07:00 AM,"17,106,633",False,True,False,HISPANIC,1.0,MALE,"213,807"
"270,239",1,47.0,3.0,Passenger car,1,"106,108",2019 Jun 05 07:38:00 AM,2019 Jun 05 12:38:00 PM,"17,108,303",False,True,False,BLACK,1.0,MALE,"213,907"
"270,456",4,40.0,3.0,Large passenger vehicle,2,"106,216",2019 May 19 01:15:00 PM,2019 May 19 06:15:00 PM,"17,111,382",False,True,False,BLACK,1.0,MALE,"214,138"
"270,478",1,38.0,1.0,Bicycle,5,"106,227",2019 Jun 05 10:13:00 AM,2019 Jun 05 03:13:00 PM,"17,111,394",False,True,False,WHITE,1.0,MALE,"214,161"
"270,530",1,46.0,2.0,Large passenger vehicle,2,"106,252",2019 Jun 06 07:09:00 AM,2019 Jun 06 12:09:00 PM,"17,111,470",False,True,False,HISPANIC,1.0,MALE,"214,217"
"270,973",1,18.0,1.0,E-scooter,11,"106,479",2019 Jun 06 01:25:00 PM,2019 Jun 06 06:25:00 PM,"17,119,022",False,True,False,WHITE,1.0,MALE,"214,706"
"271,025",1,25.0,2.0,Passenger car,1,"106,505",2019 Jun 07 07:15:00 AM,2019 Jun 07 12:15:00 PM,"17,119,094",False,True,False,HISPANIC,2.0,FEMALE,"214,761"
"271,115",1,39.0,1.0,Pedestrian,7,"106,549",2019 Jun 08 07:49:00 AM,2019 Jun 08 12:49:00 PM,"17,119,230",False,True,False,WHITE,2.0,FEMALE,"214,859"
"271,167",1,52.0,2.0,Pedestrian,7,"106,575",2019 Jun 08 11:30:00 PM,2019 Jun 09 04:30:00 AM,"17,119,329",False,True,False,HISPANIC,1.0,MALE,"214,914"
"271,171",1,27.0,1.0,Pedestrian,7,"106,577",2019 Jun 09 02:24:00 AM,2019 Jun 09 07:24:00 AM,"17,119,331",False,True,False,WHITE,2.0,FEMALE,"214,918"
"271,181",1,38.0,1.0,Passenger car,1,"106,583",2019 Jun 09 12:11:00 PM,2019 Jun 09 05:11:00 PM,"17,119,337",False,True,False,WHITE,1.0,MALE,"214,930"
"271,361",1,18.0,2.0,Passenger car,1,"106,680",2019 May 21 01:47:00 PM,2019 May 21 06:47:00 PM,"17,121,416",False,True,False,HISPANIC,2.0,FEMALE,"215,118"
"271,410",1,79.0,1.0,Passenger car,1,"106,704",2019 Jun 10 03:10:00 PM,2019 Jun 10 08:10:00 PM,"17,121,489",False,True,False,WHITE,2.0,FEMALE,"215,170"
"271,735",4,42.0,2.0,Large passenger vehicle,2,"106,877",2019 Jun 08 12:28:00 PM,2019 Jun 08 05:28:00 PM,"17,127,192",False,True,False,HISPANIC,1.0,MALE,"215,519"
"271,742",4,53.0,1.0,Motorcycle,3,"106,881",2019 Jun 10 03:52:00 PM,2019 Jun 10 08:52:00 PM,"17,127,196",False,True,False,WHITE,1.0,MALE,"215,526"
"271,830",1,56.0,1.0,Passenger car,1,"106,928",2019 Jun 12 08:35:00 AM,2019 Jun 12 01:35:00 PM,"17,127,372",False,True,False,WHITE,2.0,FEMALE,"215,623"
"271,945",1,21.0,2.0,Motorcycle,3,"106,985",2019 Jun 13 07:52:00 PM,2019 Jun 14 12:52:00 AM,"17,127,499",False,True,False,HISPANIC,1.0,MALE,"215,742"
"272,008",1,67.0,1.0,Large passenger vehicle,2,"107,019",2019 Jun 14 09:45:00 AM,2019 Jun 14 02:45:00 PM,"17,128,120",False,True,False,WHITE,1.0,MALE,"215,808"
"272,009",1,22.0,3.0,Passenger car,1,"107,019",2019 Jun 14 09:45:00 AM,2019 Jun 14 02:45:00 PM,"17,128,120",False,True,False,BLACK,2.0,FEMALE,"215,809"
"272,389",1,20.0,2.0,Large passenger vehicle,2,"107,226",2019 Jun 17 12:54:00 AM,2019 Jun 17 05:54:00 AM,"17,132,427",False,True,False,HISPANIC,1.0,MALE,"216,206"
"272,390",1,36.0,2.0,Passenger car,1,"107,227",2019 Jun 17 02:08:00 AM,2019 Jun 17 07:08:00 AM,"17,132,428",False,True,False,HISPANIC,1.0,MALE,"216,207"
"272,615",1,49.0,1.0,Large passenger vehicle,2,"107,348",2019 Jun 15 03:08:00 PM,2019 Jun 15 08:08:00 PM,"17,135,610",False,True,False,WHITE,2.0,FEMALE,"216,452"
"272,694",1,63.0,1.0,Pedestrian,7,"107,388",2019 Jun 17 10:30:00 PM,2019 Jun 18 03:30:00 AM,"17,135,708",False,True,False,WHITE,1.0,MALE,"216,535"
"272,837",1,26.0,1.0,Passenger car,1,"107,461",2019 Jun 19 10:45:00 AM,2019 Jun 19 03:45:00 PM,"17,136,947",False,True,False,WHITE,2.0,FEMALE,"216,688"
"273,023",1,54.0,1.0,Bicycle,5,"107,555",2019 Jun 19 02:45:00 PM,2019 Jun 19 07:45:00 PM,"17,138,276",False,True,False,WHITE,2.0,FEMALE,"216,888"
"273,104",1,62.0,1.0,Bicycle,5,"107,602",2019 Jun 15 12:18:00 PM,2019 Jun 15 05:18:00 PM,"17,139,932",False,True,False,WHITE,1.0,MALE,"216,981"
"273,199",1,27.0,2.0,Large passenger vehicle,2,"107,647",2019 Jun 19 10:24:00 PM,2019 Jun 20 03:24:00 AM,"17,140,242",False,True,False,HISPANIC,1.0,MALE,"217,083"
"273,237",1,34.0,2.0,Passenger car,1,"107,668",2019 Jun 20 05:26:00 PM,2019 Jun 20 10:26:00 PM,"17,140,298",False,True,False,HISPANIC,1.0,MALE,"217,124"
"273,475",1,27.0,1.0,Motorcycle,3,"107,801",2019 Jun 07 10:46:00 PM,2019 Jun 08 03:46:00 AM,"17,143,911",False,True,False,WHITE,1.0,MALE,"217,377"
"273,624",1,29.0,4.0,Motor vehicle – other,4,"107,877",2019 Jun 22 11:24:00 PM,2019 Jun 23 04:24:00 AM,"17,144,093",False,True,False,ASIAN,1.0,MALE,"217,536"
"273,651",1,19.0,2.0,Passenger car,1,"107,893",2019 Jun 23 01:50:00 PM,2019 Jun 23 06:50:00 PM,"17,144,110",False,True,False,HISPANIC,1.0,MALE,"217,567"
"273,762",1,60.0,1.0,Passenger car,1,"107,954",2019 Apr 09 06:40:00 AM,2019 Apr 09 11:40:00 AM,"17,145,678",False,True,False,WHITE,2.0,FEMALE,"217,682"
"274,326",1,22.0,1.0,Motorcycle,3,"108,245",2019 Jun 26 10:20:00 PM,2019 Jun 27 03:20:00 AM,"17,150,449",False,True,False,WHITE,1.0,MALE,"218,274"
"274,470",1,46.0,1.0,Passenger car,1,"108,316",2019 Jun 27 09:00:00 AM,2019 Jun 27 02:00:00 PM,"17,152,302",False,True,False,WHITE,1.0,MALE,"218,427"
"274,472",1,57.0,3.0,Large passenger vehicle,2,"108,316",2019 Jun 27 09:00:00 AM,2019 Jun 27 02:00:00 PM,"17,152,302",False,True,False,BLACK,1.0,MALE,"218,429"
"274,590",1,85.0,1.0,Pedestrian,7,"108,379",2019 Jun 29 11:55:00 AM,2019 Jun 29 04:55:00 PM,"17,153,610",False,True,False,WHITE,2.0,FEMALE,"218,554"
"274,872",1,20.0,2.0,Large passenger vehicle,2,"108,536",2019 Jun 23 11:59:00 AM,2019 Jun 23 04:59:00 PM,"17,158,710",False,True,False,HISPANIC,2.0,FEMALE,"218,857"
"274,961",1,,1.0,Motorcycle,3,"108,583",2019 Jun 28 03:55:00 AM,2019 Jun 28 08:55:00 AM,"17,158,808",False,True,False,WHITE,1.0,MALE,"218,950"
"275,012",4,31.0,1.0,Motorcycle,3,"108,611",2019 Jun 29 08:43:00 PM,2019 Jun 30 01:43:00 AM,"17,158,908",False,True,False,WHITE,1.0,MALE,"219,002"
"275,015",1,28.0,1.0,Pedestrian,7,"108,613",2019 Jun 29 04:45:00 PM,2019 Jun 29 09:45:00 PM,"17,158,910",False,True,False,WHITE,2.0,FEMALE,"219,005"
"275,167",1,53.0,1.0,Motorcycle,3,"108,699",2019 Jul 01 06:51:00 PM,2019 Jul 01 11:51:00 PM,"17,159,095",False,True,False,WHITE,1.0,MALE,"219,164"
"275,178",1,21.0,3.0,Large passenger vehicle,2,"108,705",2019 Jul 01 07:32:00 PM,2019 Jul 02 12:32:00 AM,"17,159,134",False,True,False,BLACK,2.0,FEMALE,"219,175"
"275,187",1,34.0,4.0,Large passenger vehicle,2,"108,710",2019 Jul 02 05:51:00 AM,2019 Jul 02 10:51:00 AM,"17,159,140",False,True,False,ASIAN,2.0,FEMALE,"219,185"
"275,514",4,35.0,3.0,Passenger car,1,"108,884",2019 Jun 02 02:48:00 AM,2019 Jun 02 07:48:00 AM,"17,164,216",False,True,False,BLACK,1.0,MALE,"219,539"
"275,587",1,50.0,1.0,Motorcycle,3,"108,924",2019 Jul 03 07:04:00 PM,2019 Jul 04 12:04:00 AM,"17,164,306",False,True,False,WHITE,1.0,MALE,"219,614"
"276,065",1,32.0,1.0,Pedestrian,7,"109,178",2019 Jul 07 01:22:00 AM,2019 Jul 07 06:22:00 AM,"17,168,805",False,True,False,WHITE,2.0,FEMALE,"220,130"
"276,068",1,20.0,5.0,Pedestrian,7,"109,180",2019 Jul 07 09:19:00 AM,2019 Jul 07 02:19:00 PM,"17,168,807",False,True,False,OTHER,1.0,MALE,"220,138"
"276,086",1,21.0,5.0,Passenger car,1,"109,190",2019 Jul 07 08:43:00 PM,2019 Jul 08 01:43:00 AM,"17,168,817",False,True,False,OTHER,2.0,FEMALE,"220,158"
"276,090",1,24.0,2.0,Passenger car,1,"109,192",2019 Jul 07 11:11:00 PM,2019 Jul 08 04:11:00 AM,"17,168,819",False,True,False,HISPANIC,2.0,FEMALE,"220,162"
"276,147",1,61.0,1.0,Pedestrian,7,"109,226",2019 Jul 08 03:50:00 PM,2019 Jul 08 08:50:00 PM,"17,169,349",False,True,False,WHITE,2.0,FEMALE,"220,225"
"276,263",4,49.0,0.0,Pedestrian,7,"109,286",2019 Jun 03 05:39:00 AM,2019 Jun 03 10:39:00 AM,"17,170,695",False,True,False,UNKNOWN,1.0,MALE,"220,356"
"276,269",1,73.0,1.0,Passenger car,1,"109,289",2019 Jul 06 08:48:00 AM,2019 Jul 06 01:48:00 PM,"17,170,701",False,True,False,WHITE,1.0,MALE,"220,362"
"276,444",1,61.0,1.0,Passenger car,1,"109,376",2019 Jul 09 06:29:00 PM,2019 Jul 09 11:29:00 PM,"17,172,246",False,True,False,WHITE,2.0,FEMALE,"220,545"
"276,740",1,17.0,2.0,Large passenger vehicle,2,"109,530",2019 Jul 12 11:25:00 AM,2019 Jul 12 04:25:00 PM,"17,176,059",False,True,False,HISPANIC,1.0,MALE,"220,857"
"276,918",1,60.0,1.0,Motorcycle,3,"109,627",2019 Jul 11 01:12:00 AM,2019 Jul 11 06:12:00 AM,"17,179,389",False,True,False,WHITE,1.0,MALE,"221,056"
"277,094",1,35.0,1.0,Passenger car,1,"109,719",2019 Jul 11 02:59:00 PM,2019 Jul 11 07:59:00 PM,"17,180,259",False,True,False,WHITE,1.0,MALE,"221,242"
"277,102",1,50.0,2.0,Large passenger vehicle,2,"109,722",2019 Jul 11 09:44:00 PM,2019 Jul 12 02:44:00 AM,"17,180,262",False,True,False,HISPANIC,1.0,MALE,"221,250"
"277,227",1,38.0,1.0,Passenger car,1,"109,790",2019 Jul 14 02:49:00 PM,2019 Jul 14 07:49:00 PM,"17,180,473",False,True,False,WHITE,2.0,FEMALE,"221,379"
"277,240",1,31.0,2.0,Passenger car,1,"109,796",2019 Jul 14 07:45:00 PM,2019 Jul 15 12:45:00 AM,"17,180,479",False,True,False,HISPANIC,1.0,MALE,"221,392"
"277,252",1,33.0,2.0,Bicycle,5,"109,802",2019 Jul 15 02:19:00 AM,2019 Jul 15 07:19:00 AM,"17,180,529",False,True,False,HISPANIC,1.0,MALE,"221,404"
"277,390",1,27.0,3.0,Motorcycle,3,"109,874",2019 Jul 07 01:45:00 PM,2019 Jul 07 06:45:00 PM,"17,183,135",False,True,False,BLACK,1.0,MALE,"221,547"
"277,574",1,29.0,3.0,Passenger car,1,"109,971",2019 Jul 10 11:41:00 AM,2019 Jul 10 04:41:00 PM,"17,184,121",False,True,False,BLACK,1.0,MALE,"221,741"
"277,586",1,32.0,1.0,Pedestrian,7,"109,977",2019 Jul 15 10:46:00 PM,2019 Jul 16 03:46:00 AM,"17,184,127",False,True,False,WHITE,1.0,MALE,"221,755"
"277,599",1,26.0,1.0,Motorcycle,3,"109,984",2019 Jul 17 07:20:00 AM,2019 Jul 17 12:20:00 PM,"17,184,135",False,True,False,WHITE,1.0,MALE,"221,769"
"277,672",1,34.0,1.0,Pedestrian,7,"110,021",2019 Jul 17 03:41:00 AM,2019 Jul 17 08:41:00 AM,"17,184,902",False,True,False,WHITE,2.0,FEMALE,"221,845"
"277,719",1,50.0,2.0,Pedestrian,7,"110,043",2019 May 22 07:53:00 PM,2019 May 23 12:53:00 AM,"17,184,942",False,True,False,HISPANIC,1.0,MALE,"221,894"
"277,836",4,43.0,1.0,Pedestrian,7,"110,106",2019 Jul 14 04:20:00 AM,2019 Jul 14 09:20:00 AM,"17,186,952",False,True,False,WHITE,1.0,MALE,"222,018"
"277,981",1,57.0,1.0,Large passenger vehicle,2,"110,183",2019 Jul 19 08:45:00 AM,2019 Jul 19 01:45:00 PM,"17,188,005",False,True,False,WHITE,1.0,MALE,"222,169"
"278,243",1,59.0,1.0,Passenger car,1,"110,315",2019 Jul 19 01:00:00 PM,2019 Jul 19 06:00:00 PM,"17,191,788",False,True,False,WHITE,2.0,FEMALE,"222,456"
"278,305",1,42.0,1.0,Large passenger vehicle,2,"110,344",2019 Jul 20 02:40:00 AM,2019 Jul 20 07:40:00 AM,"17,191,844",False,True,False,WHITE,1.0,MALE,"222,518"
"278,363",1,54.0,2.0,Pedestrian,7,"110,376",2019 Jul 20 10:49:00 PM,2019 Jul 21 03:49:00 AM,"17,192,009",False,True,False,HISPANIC,1.0,MALE,"222,585"
"278,390",1,28.0,3.0,Large passenger vehicle,2,"110,391",2019 Jul 21 03:37:00 PM,2019 Jul 21 08:37:00 PM,"17,192,032",False,True,False,BLACK,2.0,FEMALE,"222,614"
"278,572",1,47.0,3.0,Passenger car,1,"110,482",2019 Jul 22 09:42:00 PM,2019 Jul 23 02:42:00 AM,"17,193,914",False,True,False,BLACK,1.0,MALE,"222,799"
"278,573",4,38.0,1.0,Motorcycle,3,"110,483",2019 Jul 22 11:12:00 PM,2019 Jul 23 04:12:00 AM,"17,193,915",False,True,False,WHITE,1.0,MALE,"222,800"
"278,626",1,40.0,5.0,Passenger car,1,"110,513",2019 Jul 23 03:58:00 PM,2019 Jul 23 08:58:00 PM,"17,195,076",False,True,False,OTHER,2.0,FEMALE,"222,858"
"278,633",1,23.0,1.0,Motorcycle,3,"110,517",2019 Jul 23 03:35:00 PM,2019 Jul 23 08:35:00 PM,"17,195,080",False,True,False,WHITE,1.0,MALE,"222,867"
"278,634",1,74.0,1.0,Passenger car,1,"110,518",2019 Jul 23 08:06:00 PM,2019 Jul 24 01:06:00 AM,"17,195,081",False,True,False,WHITE,2.0,FEMALE,"222,868"
"279,108",1,24.0,2.0,Motorcycle,3,"110,767",2019 Jul 25 06:56:00 PM,2019 Jul 25 11:56:00 PM,"17,199,865",False,True,False,HISPANIC,1.0,MALE,"223,373"
"279,123",4,56.0,1.0,Pedestrian,7,"110,773",2019 Jul 25 10:33:00 PM,2019 Jul 26 03:33:00 AM,"17,199,876",False,True,False,WHITE,1.0,MALE,"223,389"
"279,129",1,47.0,4.0,E-scooter,11,"110,776",2019 Jul 26 01:34:00 AM,2019 Jul 26 06:34:00 AM,"17,199,879",False,True,False,ASIAN,1.0,MALE,"223,395"
"279,141",1,39.0,1.0,Passenger car,1,"110,784",2019 Jul 26 10:58:00 AM,2019 Jul 26 03:58:00 PM,"17,199,897",False,True,False,WHITE,1.0,MALE,"223,408"
"279,481",1,27.0,1.0,Motorcycle,3,"110,958",2019 Jul 27 08:10:00 PM,2019 Jul 28 01:10:00 AM,"17,202,931",False,True,False,WHITE,1.0,MALE,"223,767"
"279,562",1,50.0,2.0,Passenger car,1,"111,002",2019 Jul 28 07:42:00 PM,2019 Jul 29 12:42:00 AM,"17,203,046",False,True,False,HISPANIC,1.0,MALE,"223,853"
"279,724",4,24.0,1.0,Pedestrian,7,"111,090",2019 Jul 24 01:28:00 AM,2019 Jul 24 06:28:00 AM,"17,207,022",False,True,False,WHITE,1.0,MALE,"224,028"
"279,824",1,18.0,3.0,Passenger car,1,"111,139",2019 Jul 29 09:42:00 PM,2019 Jul 30 02:42:00 AM,"17,207,112",False,True,False,BLACK,2.0,FEMALE,"224,137"
"279,874",1,65.0,1.0,Large passenger vehicle,2,"111,166",2019 Jul 30 03:30:00 PM,2019 Jul 30 08:30:00 PM,"17,207,179",False,True,False,WHITE,2.0,FEMALE,"224,190"
"280,111",1,28.0,3.0,Motorcycle,3,"111,288",2019 Jul 31 04:03:00 PM,2019 Jul 31 09:03:00 PM,"17,209,482",False,True,False,BLACK,1.0,MALE,"224,441"
"280,238",4,28.0,3.0,Pedestrian,7,"111,355",2019 Jul 28 02:37:00 AM,2019 Jul 28 07:37:00 AM,"17,210,555",False,True,False,BLACK,1.0,MALE,"224,576"
"280,311",1,62.0,4.0,Passenger car,1,"111,395",2019 Aug 01 11:29:00 PM,2019 Aug 02 04:29:00 AM,"17,210,700",False,True,False,ASIAN,2.0,FEMALE,"224,657"
"280,313",1,39.0,0.0,Large passenger vehicle,2,"111,395",2019 Aug 01 11:29:00 PM,2019 Aug 02 04:29:00 AM,"17,210,700",False,True,False,UNKNOWN,1.0,MALE,"224,659"
"280,357",1,53.0,2.0,Pedestrian,7,"111,420",2019 Jul 30 06:26:00 AM,2019 Jul 30 11:26:00 AM,"17,211,254",False,True,False,HISPANIC,2.0,FEMALE,"224,711"
"280,387",1,32.0,1.0,Passenger car,1,"111,436",2019 Aug 02 10:53:00 AM,2019 Aug 02 03:53:00 PM,"17,211,614",False,True,False,WHITE,1.0,MALE,"224,742"
"280,665",1,54.0,1.0,Passenger car,1,"111,580",2019 Jul 28 01:47:00 PM,2019 Jul 28 06:47:00 PM,"17,215,522",False,True,False,WHITE,1.0,MALE,"225,033"
"280,667",1,25.0,3.0,Passenger car,1,"111,581",2019 Jul 29 03:11:00 AM,2019 Jul 29 08:11:00 AM,"17,215,523",False,True,False,BLACK,1.0,MALE,"225,035"
"280,671",1,33.0,1.0,Pedestrian,7,"111,583",2019 Aug 01 01:30:00 AM,2019 Aug 01 06:30:00 AM,"17,215,525",False,True,False,WHITE,1.0,MALE,"225,039"
"280,743",1,41.0,4.0,Motorcycle,3,"111,621",2019 Aug 03 08:37:00 AM,2019 Aug 03 01:37:00 PM,"17,215,607",False,True,False,ASIAN,1.0,MALE,"225,119"
"280,813",4,45.0,1.0,Pedestrian,7,"111,656",2019 Aug 04 12:41:00 AM,2019 Aug 04 05:41:00 AM,"17,215,738",False,True,False,WHITE,1.0,MALE,"225,191"
"281,471",4,36.0,1.0,Motorcycle,3,"112,006",2019 Aug 07 07:25:00 PM,2019 Aug 08 12:25:00 AM,"17,222,972",False,True,False,WHITE,1.0,MALE,"225,889"
"281,493",1,31.0,1.0,Motorcycle,3,"112,018",2019 Aug 07 07:25:00 PM,2019 Aug 08 12:25:00 AM,"17,223,020",False,True,False,WHITE,1.0,MALE,"225,912"
"281,559",1,31.0,1.0,Motorcycle,3,"112,052",2019 Aug 08 05:00:00 PM,2019 Aug 08 10:00:00 PM,"17,223,111",False,True,False,WHITE,1.0,MALE,"225,983"
"281,837",1,46.0,1.0,Motorcycle,3,"112,202",2019 Aug 08 11:15:00 AM,2019 Aug 08 04:15:00 PM,"17,226,816",False,True,False,WHITE,1.0,MALE,"226,281"
"281,843",1,28.0,1.0,Large passenger vehicle,2,"112,206",2019 Aug 09 02:25:00 PM,2019 Aug 09 07:25:00 PM,"17,226,820",False,True,False,WHITE,2.0,FEMALE,"226,287"
"281,844",1,21.0,2.0,Passenger car,1,"112,206",2019 Aug 09 02:25:00 PM,2019 Aug 09 07:25:00 PM,"17,226,820",False,True,False,HISPANIC,2.0,FEMALE,"226,288"
"281,845",1,54.0,1.0,Pedestrian,7,"112,206",2019 Aug 09 02:25:00 PM,2019 Aug 09 07:25:00 PM,"17,226,820",False,True,False,WHITE,1.0,MALE,"226,289"
"281,880",1,26.0,3.0,Pedestrian,7,"112,223",2019 Aug 11 06:30:00 AM,2019 Aug 11 11:30:00 AM,"17,226,854",False,True,False,BLACK,1.0,MALE,"226,328"
"282,106",1,44.0,1.0,Passenger car,1,"112,336",2019 Aug 11 06:37:00 PM,2019 Aug 11 11:37:00 PM,"17,227,164",False,True,False,WHITE,2.0,FEMALE,"226,569"
"282,446",4,54.0,1.0,Pedestrian,7,"112,510",2019 Aug 12 05:09:00 PM,2019 Aug 12 10:09:00 PM,"17,230,663",False,True,False,WHITE,1.0,MALE,"226,936"
"282,895",1,28.0,1.0,Passenger car,1,"112,740",2019 Aug 13 03:44:00 PM,2019 Aug 13 08:44:00 PM,"17,235,587",False,True,False,WHITE,1.0,MALE,"227,419"
"282,938",1,25.0,1.0,Passenger car,1,"112,758",2019 Aug 16 03:06:00 AM,2019 Aug 16 08:06:00 AM,"17,235,608",False,True,False,WHITE,1.0,MALE,"227,463"
"282,948",4,25.0,3.0,Pedestrian,7,"112,763",2019 Jul 27 01:37:00 AM,2019 Jul 27 06:37:00 AM,"17,235,662",False,True,False,BLACK,1.0,MALE,"227,474"
"283,505",1,25.0,3.0,Pedestrian,7,"113,044",2019 Aug 20 01:09:00 AM,2019 Aug 20 06:09:00 AM,"17,241,428",False,True,False,BLACK,1.0,MALE,"228,080"
"283,589",1,43.0,2.0,Large passenger vehicle,2,"113,087",2019 Aug 19 06:59:00 AM,2019 Aug 19 11:59:00 AM,"17,242,129",False,True,False,HISPANIC,1.0,MALE,"228,169"
"283,616",1,34.0,1.0,Large passenger vehicle,2,"113,102",2019 Aug 19 09:36:00 PM,2019 Aug 20 02:36:00 AM,"17,242,146",False,True,False,WHITE,2.0,FEMALE,"228,197"
"283,619",4,47.0,3.0,Large passenger vehicle,2,"113,104",2019 Aug 19 07:58:00 PM,2019 Aug 20 12:58:00 AM,"17,242,148",False,True,False,BLACK,1.0,MALE,"228,200"
"283,986",1,51.0,1.0,Pedestrian,7,"113,290",2019 Aug 22 04:04:00 AM,2019 Aug 22 09:04:00 AM,"17,245,607",False,True,False,WHITE,1.0,MALE,"228,589"
"284,224",1,27.0,3.0,Passenger car,1,"113,413",2019 Aug 21 01:57:00 AM,2019 Aug 21 06:57:00 AM,"17,248,274",False,True,False,BLACK,2.0,FEMALE,"228,838"
"284,290",1,57.0,2.0,Passenger car,1,"113,448",2019 Aug 23 10:24:00 AM,2019 Aug 23 03:24:00 PM,"17,248,333",False,True,False,HISPANIC,1.0,MALE,"228,910"
"284,687",1,47.0,3.0,Large passenger vehicle,2,"113,659",2019 Aug 23 08:13:00 AM,2019 Aug 23 01:13:00 PM,"17,253,962",False,True,False,BLACK,1.0,MALE,"229,335"
"284,778",1,36.0,1.0,Passenger car,1,"113,703",2019 Aug 24 08:23:00 PM,2019 Aug 25 01:23:00 AM,"17,254,040",False,True,False,WHITE,2.0,FEMALE,"229,430"
"284,819",1,26.0,5.0,Passenger car,1,"113,723",2019 Aug 25 12:14:00 AM,2019 Aug 25 05:14:00 AM,"17,254,112",False,True,False,OTHER,1.0,MALE,"229,472"
"284,833",1,50.0,1.0,Motorcycle,3,"113,733",2019 Aug 25 03:22:00 PM,2019 Aug 25 08:22:00 PM,"17,254,125",False,True,False,WHITE,1.0,MALE,"229,487"
"284,840",1,21.0,2.0,Passenger car,1,"113,738",2019 Aug 25 06:28:00 PM,2019 Aug 25 11:28:00 PM,"17,254,130",False,True,False,HISPANIC,1.0,MALE,"229,494"
"284,888",1,47.0,1.0,Bicycle,5,"113,763",2019 Aug 26 06:49:00 PM,2019 Aug 26 11:49:00 PM,"17,254,212",False,True,False,WHITE,1.0,MALE,"229,543"
"284,919",4,36.0,3.0,Motorcycle,3,"113,781",2019 Aug 17 10:21:00 PM,2019 Aug 18 03:21:00 AM,"17,254,522",False,True,False,BLACK,1.0,MALE,"229,576"
"285,154",1,46.0,2.0,Large passenger vehicle,2,"113,894",2019 Aug 23 03:25:00 PM,2019 Aug 23 08:25:00 PM,"17,258,561",False,True,False,HISPANIC,2.0,FEMALE,"229,825"
"285,201",1,25.0,1.0,Passenger car,1,"113,919",2019 Aug 27 12:59:00 PM,2019 Aug 27 05:59:00 PM,"17,258,639",False,True,False,WHITE,2.0,FEMALE,"229,877"
"285,290",1,38.0,2.0,Passenger car,1,"113,961",2019 Aug 28 04:09:00 PM,2019 Aug 28 09:09:00 PM,"17,258,762",False,True,False,HISPANIC,2.0,FEMALE,"229,967"
"285,876",4,36.0,3.0,Bicycle,5,"114,267",2019 Aug 23 12:58:00 PM,2019 Aug 23 05:58:00 PM,"17,267,199",False,True,False,BLACK,1.0,MALE,"230,586"
"285,888",1,51.0,2.0,Passenger car,1,"114,273",2019 Aug 26 04:53:00 AM,2019 Aug 26 09:53:00 AM,"17,267,206",False,True,False,HISPANIC,1.0,MALE,"230,599"
"285,972",1,47.0,1.0,Pedestrian,7,"114,311",2019 Aug 29 08:49:00 PM,2019 Aug 30 01:49:00 AM,"17,267,315",False,True,False,WHITE,1.0,MALE,"230,685"
"286,057",1,22.0,1.0,Motorcycle,3,"114,352",2019 Aug 30 11:42:00 PM,2019 Aug 31 04:42:00 AM,"17,267,411",False,True,False,WHITE,1.0,MALE,"230,773"
"286,093",1,22.0,1.0,Passenger car,1,"114,372",2019 Aug 31 10:28:00 AM,2019 Aug 31 03:28:00 PM,"17,267,511",False,True,False,WHITE,2.0,FEMALE,"230,815"
"286,096",1,37.0,2.0,Passenger car,1,"114,374",2019 Aug 31 01:48:00 PM,2019 Aug 31 06:48:00 PM,"17,267,513",False,True,False,HISPANIC,1.0,MALE,"230,818"
"286,108",1,43.0,1.0,Motor vehicle – other,4,"114,380",2019 Aug 31 05:58:00 PM,2019 Aug 31 10:58:00 PM,"17,267,519",False,True,False,WHITE,1.0,MALE,"230,831"
"286,142",1,25.0,2.0,E-scooter,11,"114,399",2019 Sep 01 02:34:00 AM,2019 Sep 01 07:34:00 AM,"17,267,658",False,True,False,HISPANIC,1.0,MALE,"230,868"
"286,162",1,28.0,4.0,Motorcycle,3,"114,411",2019 Sep 01 01:39:00 PM,2019 Sep 01 06:39:00 PM,"17,267,716",False,True,False,ASIAN,2.0,FEMALE,"230,888"
"286,165",1,21.0,0.0,Passenger car,1,"114,412",2019 Sep 01 02:46:00 PM,2019 Sep 01 07:46:00 PM,"17,267,718",False,True,False,UNKNOWN,1.0,MALE,"230,891"
"286,191",4,54.0,2.0,Passenger car,1,"114,424",2019 Sep 01 01:08:00 AM,2019 Sep 01 06:08:00 AM,"17,267,744",False,True,False,HISPANIC,1.0,MALE,"230,918"
"286,229",1,24.0,2.0,Passenger car,1,"114,443",2019 Sep 03 06:28:00 AM,2019 Sep 03 11:28:00 AM,"17,267,816",False,True,False,HISPANIC,1.0,MALE,"230,962"
"286,285",1,54.0,1.0,E-scooter,11,"114,469",2019 Sep 03 07:30:00 PM,2019 Sep 04 12:30:00 AM,"17,267,912",False,True,False,WHITE,1.0,MALE,"231,020"
"286,398",1,33.0,2.0,Motorcycle,3,"114,528",2019 Sep 05 07:09:00 AM,2019 Sep 05 12:09:00 PM,"17,269,974",False,True,False,HISPANIC,1.0,MALE,"231,144"
"286,426",4,25.0,2.0,Motorcycle,3,"114,541",2019 Sep 01 05:17:00 AM,2019 Sep 01 10:17:00 AM,"17,270,689",False,True,False,HISPANIC,1.0,MALE,"231,174"
"286,428",4,30.0,2.0,Pedestrian,7,"114,542",2019 Sep 02 03:09:00 AM,2019 Sep 02 08:09:00 AM,"17,270,690",False,True,False,HISPANIC,1.0,MALE,"231,177"
"286,429",1,50.0,3.0,Passenger car,1,"114,543",2019 Sep 03 10:34:00 AM,2019 Sep 03 03:34:00 PM,"17,270,691",False,True,False,BLACK,2.0,FEMALE,"231,178"
"286,449",1,67.0,1.0,Motorcycle,3,"114,553",2019 Sep 04 09:23:00 AM,2019 Sep 04 02:23:00 PM,"17,270,708",False,True,False,WHITE,1.0,MALE,"231,200"
"286,512",1,26.0,3.0,Passenger car,1,"114,585",2019 Sep 05 06:47:00 AM,2019 Sep 05 11:47:00 AM,"17,270,863",False,True,False,BLACK,1.0,MALE,"231,270"
"286,977",1,29.0,3.0,Motorcycle,3,"114,822",2019 Sep 06 08:22:00 PM,2019 Sep 07 01:22:00 AM,"17,276,061",False,True,False,BLACK,1.0,MALE,"231,753"
"287,022",1,54.0,2.0,Motorcycle,3,"114,844",2019 Sep 07 08:17:00 AM,2019 Sep 07 01:17:00 PM,"17,276,149",False,True,False,HISPANIC,1.0,MALE,"231,799"
"287,031",1,59.0,2.0,Motorcycle,3,"114,848",2019 Sep 07 01:31:00 PM,2019 Sep 07 06:31:00 PM,"17,276,153",False,True,False,HISPANIC,1.0,MALE,"231,808"
"287,032",1,48.0,2.0,Motorcycle,3,"114,848",2019 Sep 07 01:31:00 PM,2019 Sep 07 06:31:00 PM,"17,276,153",False,True,False,HISPANIC,1.0,MALE,"231,809"
"287,145",1,37.0,1.0,Large passenger vehicle,2,"114,907",2019 Sep 09 05:49:00 AM,2019 Sep 09 10:49:00 AM,"17,276,429",False,True,False,WHITE,1.0,MALE,"231,931"
"287,248",1,40.0,2.0,Passenger car,1,"114,964",2019 Sep 09 07:43:00 AM,2019 Sep 09 12:43:00 PM,"17,278,135",False,True,False,HISPANIC,2.0,FEMALE,"232,039"
"287,660",1,20.0,1.0,Passenger car,1,"115,165",2019 Sep 10 02:07:00 PM,2019 Sep 10 07:07:00 PM,"17,282,008",False,True,False,WHITE,2.0,FEMALE,"232,476"
"287,790",4,52.0,3.0,Pedestrian,7,"115,229",2019 Sep 07 02:20:00 AM,2019 Sep 07 07:20:00 AM,"17,283,417",False,True,False,BLACK,1.0,MALE,"232,610"
"288,283",4,54.0,1.0,Motorcycle,3,"115,487",2019 Sep 13 08:42:00 AM,2019 Sep 13 01:42:00 PM,"17,290,420",False,True,False,WHITE,1.0,MALE,"233,141"
"288,320",1,34.0,2.0,Large passenger vehicle,2,"115,503",2019 Sep 13 05:55:00 PM,2019 Sep 13 10:55:00 PM,"17,290,436",False,True,False,HISPANIC,2.0,FEMALE,"233,181"
"288,363",1,24.0,1.0,Pedestrian,7,"115,525",2019 Sep 14 02:15:00 AM,2019 Sep 14 07:15:00 AM,"17,290,511",False,True,False,WHITE,1.0,MALE,"233,228"
"288,476",1,51.0,1.0,Bicycle,5,"115,586",2019 Sep 15 12:32:00 PM,2019 Sep 15 05:32:00 PM,"17,290,668",False,True,False,WHITE,1.0,MALE,"233,351"
"288,477",1,38.0,1.0,Passenger car,1,"115,587",2019 Sep 15 04:20:00 PM,2019 Sep 15 09:20:00 PM,"17,290,669",False,True,False,WHITE,2.0,FEMALE,"233,352"
"288,478",1,21.0,2.0,Passenger car,1,"115,587",2019 Sep 15 04:20:00 PM,2019 Sep 15 09:20:00 PM,"17,290,669",False,True,False,HISPANIC,1.0,MALE,"233,353"
"288,543",4,42.0,2.0,Pedestrian,7,"115,618",2019 Sep 11 01:40:00 AM,2019 Sep 11 06:40:00 AM,"17,291,490",False,True,False,HISPANIC,1.0,MALE,"233,422"
"288,776",1,64.0,1.0,Motorcycle,3,"115,737",2019 Sep 18 11:25:00 PM,2019 Sep 19 04:25:00 AM,"17,293,952",False,True,False,WHITE,1.0,MALE,"233,669"
"288,906",4,41.0,1.0,Motorcycle,3,"115,806",2019 Sep 11 04:37:00 AM,2019 Sep 11 09:37:00 AM,"17,296,079",False,True,False,WHITE,1.0,MALE,"233,807"
"288,974",1,65.0,2.0,Pedestrian,7,"115,840",2019 Sep 18 03:09:00 PM,2019 Sep 18 08:09:00 PM,"17,296,188",False,True,False,HISPANIC,2.0,FEMALE,"233,876"
"289,087",1,55.0,2.0,Pedestrian,7,"115,893",2019 Sep 14 09:49:00 PM,2019 Sep 15 02:49:00 AM,"17,296,471",False,True,False,HISPANIC,2.0,FEMALE,"233,994"
"289,540",1,50.0,1.0,Motorcycle,3,"116,133",2019 Sep 19 06:28:00 PM,2019 Sep 19 11:28:00 PM,"17,303,223",False,True,False,WHITE,1.0,MALE,"234,485"
"289,590",1,72.0,1.0,Passenger car,1,"116,156",2019 Sep 09 02:26:00 PM,2019 Sep 09 07:26:00 PM,"17,303,411",False,True,False,WHITE,2.0,FEMALE,"234,536"
"289,640",1,36.0,3.0,Passenger car,1,"116,183",2019 Sep 19 08:32:00 AM,2019 Sep 19 01:32:00 PM,"17,303,534",False,True,False,BLACK,2.0,FEMALE,"234,588"
"289,790",1,46.0,3.0,Pedestrian,7,"116,260",2019 Sep 21 12:42:00 AM,2019 Sep 21 05:42:00 AM,"17,303,784",False,True,False,BLACK,1.0,MALE,"234,750"
"289,919",1,29.0,0.0,Passenger car,1,"116,323",2019 Sep 23 10:44:00 AM,2019 Sep 23 03:44:00 PM,"17,303,909",False,True,False,UNKNOWN,1.0,MALE,"234,884"
"290,137",4,26.0,1.0,Pedestrian,7,"116,437",2019 Sep 23 08:23:00 PM,2019 Sep 24 01:23:00 AM,"17,307,372",False,True,False,WHITE,1.0,MALE,"235,131"
"290,171",1,44.0,1.0,Passenger car,1,"116,455",2019 Sep 24 08:37:00 AM,2019 Sep 24 01:37:00 PM,"17,307,413",False,True,False,WHITE,2.0,FEMALE,"235,165"
"290,183",1,37.0,2.0,Large passenger vehicle,2,"116,461",2019 Sep 24 08:15:00 AM,2019 Sep 24 01:15:00 PM,"17,307,421",False,True,False,HISPANIC,1.0,MALE,"235,178"
"290,217",1,39.0,2.0,Pedestrian,7,"116,477",2019 Sep 24 08:23:00 PM,2019 Sep 25 01:23:00 AM,"17,307,464",False,True,False,HISPANIC,1.0,MALE,"235,213"
"290,357",4,24.0,2.0,Passenger car,1,"116,549",2019 Sep 22 03:55:00 AM,2019 Sep 22 08:55:00 AM,"17,309,090",False,True,False,HISPANIC,1.0,MALE,"235,357"
"290,378",1,53.0,1.0,Pedestrian,7,"116,560",2019 Sep 25 09:52:00 AM,2019 Sep 25 02:52:00 PM,"17,309,169",False,True,False,WHITE,2.0,FEMALE,"235,379"
"290,382",1,49.0,3.0,Passenger car,1,"116,562",2019 Sep 25 10:34:00 AM,2019 Sep 25 03:34:00 PM,"17,309,171",False,True,False,BLACK,2.0,FEMALE,"235,383"
"290,417",1,40.0,3.0,Passenger car,1,"116,577",2019 Sep 25 08:27:00 PM,2019 Sep 26 01:27:00 AM,"17,309,196",False,True,False,BLACK,1.0,MALE,"235,419"
"290,913",1,33.0,3.0,Bicycle,5,"116,845",2019 Sep 26 10:21:00 PM,2019 Sep 27 03:21:00 AM,"17,316,284",False,True,False,BLACK,1.0,MALE,"235,948"
"290,938",1,34.0,2.0,Large passenger vehicle,2,"116,860",2019 Sep 22 04:25:00 PM,2019 Sep 22 09:25:00 PM,"17,316,367",False,True,False,HISPANIC,2.0,FEMALE,"235,975"
"291,012",1,11.0,2.0,Pedestrian,7,"116,894",2019 Sep 26 04:00:00 PM,2019 Sep 26 09:00:00 PM,"17,316,481",False,True,False,HISPANIC,2.0,FEMALE,"236,053"
"291,098",1,23.0,2.0,Passenger car,1,"116,938",2019 Sep 27 06:01:00 PM,2019 Sep 27 11:01:00 PM,"17,316,634",False,True,False,HISPANIC,1.0,MALE,"236,145"
"291,106",1,19.0,2.0,Passenger car,1,"116,941",2019 Sep 27 07:31:00 PM,2019 Sep 28 12:31:00 AM,"17,316,641",False,True,False,HISPANIC,2.0,FEMALE,"236,153"
"291,114",1,40.0,3.0,Passenger car,1,"116,945",2019 Sep 27 09:41:00 AM,2019 Sep 27 02:41:00 PM,"17,316,645",False,True,False,BLACK,2.0,FEMALE,"236,161"
"291,189",1,33.0,3.0,E-scooter,11,"116,985",2019 Sep 29 02:14:00 AM,2019 Sep 29 07:14:00 AM,"17,316,825",False,True,False,BLACK,1.0,MALE,"236,237"
"291,767",4,19.0,2.0,Passenger car,1,"117,286",2019 Sep 30 11:58:00 PM,2019 Oct 01 04:58:00 AM,"17,325,018",False,True,False,HISPANIC,1.0,MALE,"236,861"
"292,313",4,15.0,3.0,Pedestrian,7,"117,562",2019 Sep 28 10:11:00 PM,2019 Sep 29 03:11:00 AM,"17,330,230",False,True,False,BLACK,1.0,MALE,"237,436"
"292,333",1,24.0,2.0,Passenger car,1,"117,571",2019 Oct 02 07:20:00 PM,2019 Oct 03 12:20:00 AM,"17,330,243",False,True,False,HISPANIC,2.0,FEMALE,"237,456"
"292,334",1,63.0,1.0,Passenger car,1,"117,571",2019 Oct 02 07:20:00 PM,2019 Oct 03 12:20:00 AM,"17,330,243",False,True,False,WHITE,1.0,MALE,"237,457"
"292,404",1,19.0,2.0,Passenger car,1,"117,609",2019 Oct 05 03:24:00 AM,2019 Oct 05 08:24:00 AM,"17,330,295",False,True,False,HISPANIC,1.0,MALE,"237,536"
"292,440",1,24.0,2.0,Passenger car,1,"117,625",2019 Oct 05 05:08:00 AM,2019 Oct 05 10:08:00 AM,"17,330,317",False,True,False,HISPANIC,1.0,MALE,"237,573"
"292,454",1,15.0,3.0,Passenger car,1,"117,632",2019 Oct 05 10:00:00 PM,2019 Oct 06 03:00:00 AM,"17,330,324",False,True,False,BLACK,1.0,MALE,"237,588"
"293,237",1,23.0,3.0,Passenger car,1,"118,032",2019 Oct 10 10:05:00 AM,2019 Oct 10 03:05:00 PM,"17,336,998",False,True,False,BLACK,1.0,MALE,"238,408"
"293,307",1,45.0,2.0,E-scooter,11,"118,067",2019 Oct 06 01:42:00 PM,2019 Oct 06 06:42:00 PM,"17,337,327",False,True,False,HISPANIC,1.0,MALE,"238,480"
"293,660",1,36.0,3.0,Passenger car,1,"118,262",2019 Oct 11 03:06:00 PM,2019 Oct 11 08:06:00 PM,"17,343,234",False,True,False,BLACK,2.0,FEMALE,"238,860"
"293,675",1,75.0,1.0,Passenger car,1,"118,269",2019 Oct 11 12:30:00 PM,2019 Oct 11 05:30:00 PM,"17,343,241",False,True,False,WHITE,2.0,FEMALE,"238,875"
"293,752",1,81.0,1.0,Pedestrian,7,"118,307",2019 Oct 13 12:31:00 PM,2019 Oct 13 05:31:00 PM,"17,343,324",False,True,False,WHITE,2.0,FEMALE,"238,952"
"293,758",4,23.0,2.0,Pedestrian,7,"118,311",2019 Oct 13 04:38:00 PM,2019 Oct 13 09:38:00 PM,"17,343,328",False,True,False,HISPANIC,1.0,MALE,"238,959"
"293,938",1,39.0,1.0,Passenger car,1,"118,410",2019 Oct 09 03:26:00 PM,2019 Oct 09 08:26:00 PM,"17,346,389",False,True,False,WHITE,2.0,FEMALE,"239,154"
"294,082",1,34.0,2.0,Passenger car,1,"118,478",2019 Oct 11 12:56:00 AM,2019 Oct 11 05:56:00 AM,"17,346,704",False,True,False,HISPANIC,2.0,FEMALE,"239,302"
"294,525",1,20.0,1.0,Pedestrian,7,"118,709",2019 Oct 17 01:26:00 PM,2019 Oct 17 06:26:00 PM,"17,351,323",False,True,False,WHITE,1.0,MALE,"239,779"
"294,863",1,21.0,2.0,Passenger car,1,"118,890",2019 Oct 12 11:09:00 PM,2019 Oct 13 04:09:00 AM,"17,354,781",False,True,False,HISPANIC,1.0,MALE,"240,136"
"294,864",1,36.0,2.0,Large passenger vehicle,2,"118,890",2019 Oct 12 11:09:00 PM,2019 Oct 13 04:09:00 AM,"17,354,781",False,True,False,HISPANIC,2.0,FEMALE,"240,137"
"294,867",1,34.0,2.0,Large passenger vehicle,2,"118,892",2019 Oct 13 12:00:00 AM,2019 Oct 13 05:00:00 AM,"17,354,783",False,True,False,HISPANIC,2.0,FEMALE,"240,140"
"294,873",1,34.0,2.0,Passenger car,1,"118,895",2019 Oct 13 02:31:00 PM,2019 Oct 13 07:31:00 PM,"17,354,786",False,True,False,HISPANIC,2.0,FEMALE,"240,149"
"294,957",1,23.0,5.0,Passenger car,1,"118,936",2019 Oct 18 02:30:00 PM,2019 Oct 18 07:30:00 PM,"17,354,907",False,True,False,OTHER,2.0,FEMALE,"240,240"
"295,000",1,38.0,1.0,Motorcycle,3,"118,957",2019 Oct 18 03:20:00 PM,2019 Oct 18 08:20:00 PM,"17,354,928",False,True,False,WHITE,1.0,MALE,"240,287"
"295,014",1,34.0,3.0,Large passenger vehicle,2,"118,965",2019 Oct 19 07:37:00 PM,2019 Oct 20 12:37:00 AM,"17,354,988",False,True,False,BLACK,2.0,FEMALE,"240,301"
"295,352",1,26.0,1.0,Motorcycle,3,"119,138",2019 Oct 21 12:23:00 PM,2019 Oct 21 05:23:00 PM,"17,357,266",False,True,False,WHITE,1.0,MALE,"240,652"
"295,575",1,36.0,1.0,Pedestrian,7,"119,255",2019 Oct 22 07:00:00 PM,2019 Oct 23 12:00:00 AM,"17,359,020",False,True,False,WHITE,2.0,FEMALE,"240,887"
"295,594",1,19.0,2.0,Passenger car,1,"119,265",2019 Oct 23 06:20:00 AM,2019 Oct 23 11:20:00 AM,"17,359,078",False,True,False,HISPANIC,1.0,MALE,"240,906"
"295,878",1,50.0,2.0,Passenger car,1,"119,414",2019 Oct 23 05:06:00 PM,2019 Oct 23 10:06:00 PM,"17,362,977",False,True,False,HISPANIC,2.0,FEMALE,"241,205"
"295,938",1,47.0,2.0,Bicycle,5,"119,440",2019 Oct 24 10:40:00 AM,2019 Oct 24 03:40:00 PM,"17,363,044",False,True,False,HISPANIC,1.0,MALE,"241,271"
"296,043",1,31.0,4.0,Passenger car,1,"119,497",2019 Sep 27 11:29:00 AM,2019 Sep 27 04:29:00 PM,"17,363,349",False,True,False,ASIAN,1.0,MALE,"241,379"
"296,074",4,58.0,2.0,Pedestrian,7,"119,515",2019 Oct 03 09:50:00 PM,2019 Oct 04 02:50:00 AM,"17,364,375",False,True,False,HISPANIC,1.0,MALE,"241,413"
"296,338",1,16.0,1.0,Pedestrian,7,"119,658",2019 Oct 10 06:22:00 PM,2019 Oct 10 11:22:00 PM,"17,368,348",False,True,False,WHITE,1.0,MALE,"241,696"
"296,669",1,50.0,1.0,Passenger car,1,"119,829",2019 Oct 28 01:57:00 PM,2019 Oct 28 06:57:00 PM,"17,371,993",False,True,False,WHITE,1.0,MALE,"242,051"
"296,723",1,51.0,1.0,Large passenger vehicle,2,"119,855",2019 Oct 25 08:14:00 PM,2019 Oct 26 01:14:00 AM,"17,372,091",False,True,False,WHITE,2.0,FEMALE,"242,108"
"296,798",4,30.0,2.0,Passenger car,1,"119,893",2019 Oct 29 12:20:00 PM,2019 Oct 29 05:20:00 PM,"17,372,492",False,True,False,HISPANIC,1.0,MALE,"242,185"
"296,851",4,28.0,1.0,Passenger car,1,"119,926",2019 Oct 26 12:23:00 AM,2019 Oct 26 05:23:00 AM,"17,373,279",False,True,False,WHITE,1.0,MALE,"242,241"
"296,856",1,32.0,1.0,Passenger car,1,"119,929",2019 Oct 27 08:44:00 AM,2019 Oct 27 01:44:00 PM,"17,373,284",False,True,False,WHITE,1.0,MALE,"242,247"
"296,888",1,56.0,1.0,Large passenger vehicle,2,"119,945",2019 Oct 29 07:55:00 PM,2019 Oct 30 12:55:00 AM,"17,373,301",False,True,False,WHITE,1.0,MALE,"242,279"
"297,077",1,59.0,1.0,Passenger car,1,"120,045",2019 Oct 26 10:15:00 PM,2019 Oct 27 03:15:00 AM,"17,375,950",False,True,False,WHITE,1.0,MALE,"242,483"
"297,102",1,80.0,1.0,Pedestrian,7,"120,056",2019 Oct 30 10:12:00 AM,2019 Oct 30 03:12:00 PM,"17,375,963",False,True,False,WHITE,2.0,FEMALE,"242,508"
"297,339",1,20.0,3.0,Passenger car,1,"120,176",2019 Oct 31 03:10:00 PM,2019 Oct 31 08:10:00 PM,"17,378,528",False,True,False,BLACK,2.0,FEMALE,"242,763"
"297,729",1,52.0,1.0,Motorcycle,3,"120,391",2019 Nov 02 09:26:00 AM,2019 Nov 02 02:26:00 PM,"17,382,371",False,True,False,WHITE,1.0,MALE,"243,180"
"297,807",1,26.0,2.0,Pedestrian,7,"120,430",2019 Nov 03 05:23:00 AM,2019 Nov 03 11:23:00 AM,"17,382,520",False,True,False,HISPANIC,1.0,MALE,"243,263"
"297,855",1,52.0,3.0,Passenger car,1,"120,454",2019 Nov 04 12:41:00 AM,2019 Nov 04 06:41:00 AM,"17,382,608",False,True,False,BLACK,1.0,MALE,"243,313"
"297,866",1,34.0,2.0,Bicycle,5,"120,459",2019 Nov 04 08:04:00 AM,2019 Nov 04 02:04:00 PM,"17,382,614",False,True,False,HISPANIC,1.0,MALE,"243,324"
"297,983",1,50.0,1.0,Bicycle,5,"120,520",2019 Oct 28 07:21:00 AM,2019 Oct 28 12:21:00 PM,"17,385,074",False,True,False,WHITE,1.0,MALE,"243,449"
"298,360",1,40.0,2.0,Passenger car,1,"120,713",2019 Oct 24 04:18:00 PM,2019 Oct 24 09:18:00 PM,"17,389,843",False,True,False,HISPANIC,2.0,FEMALE,"243,843"
"298,402",1,57.0,3.0,Pedestrian,7,"120,736",2019 Nov 05 03:10:00 PM,2019 Nov 05 09:10:00 PM,"17,389,934",False,True,False,BLACK,1.0,MALE,"243,891"
"298,439",1,34.0,1.0,Passenger car,1,"120,754",2019 Nov 05 05:00:00 AM,2019 Nov 05 11:00:00 AM,"17,389,959",False,True,False,WHITE,1.0,MALE,"243,930"
"298,447",1,52.0,3.0,Pedestrian,7,"120,759",2019 Nov 06 10:57:00 PM,2019 Nov 07 04:57:00 AM,"17,390,003",False,True,False,BLACK,1.0,MALE,"243,938"
"298,522",4,34.0,2.0,Pedestrian,7,"120,794",2019 Nov 06 09:40:00 PM,2019 Nov 07 03:40:00 AM,"17,390,057",False,True,False,HISPANIC,1.0,MALE,"244,020"
"299,181",1,16.0,1.0,Passenger car,1,"121,146",2019 Nov 10 12:42:00 AM,2019 Nov 10 06:42:00 AM,"17,397,692",False,True,False,WHITE,2.0,FEMALE,"244,715"
"299,229",1,16.0,3.0,Pedestrian,7,"121,172",2019 Nov 11 04:24:00 PM,2019 Nov 11 10:24:00 PM,"17,397,772",False,True,False,BLACK,2.0,FEMALE,"244,763"
"299,396",1,41.0,1.0,Pedestrian,7,"121,258",2019 Nov 12 09:14:00 AM,2019 Nov 12 03:14:00 PM,"17,398,867",False,True,False,WHITE,1.0,MALE,"244,937"
"299,723",1,26.0,3.0,Passenger car,1,"121,428",2019 Nov 12 11:45:00 PM,2019 Nov 13 05:45:00 AM,"17,403,268",False,True,False,BLACK,2.0,FEMALE,"245,283"
"299,727",1,37.0,3.0,Passenger car,1,"121,430",2019 Nov 13 03:38:00 AM,2019 Nov 13 09:38:00 AM,"17,403,270",False,True,False,BLACK,1.0,MALE,"245,287"
"299,823",1,24.0,3.0,Pedestrian,7,"121,483",2019 Nov 14 01:14:00 PM,2019 Nov 14 07:14:00 PM,"17,403,379",False,True,False,BLACK,1.0,MALE,"245,391"
"300,006",1,52.0,1.0,Large passenger vehicle,2,"121,576",2019 Nov 13 10:57:00 AM,2019 Nov 13 04:57:00 PM,"17,405,020",False,True,False,WHITE,1.0,MALE,"245,586"
"300,060",1,32.0,2.0,Passenger car,1,"121,601",2019 Oct 06 03:50:00 AM,2019 Oct 06 08:50:00 AM,"17,405,309",False,True,False,HISPANIC,2.0,FEMALE,"245,640"
"300,343",4,31.0,2.0,Passenger car,1,"121,754",2019 Nov 16 05:00:00 AM,2019 Nov 16 11:00:00 AM,"17,408,302",False,True,False,HISPANIC,1.0,MALE,"245,940"
"300,345",1,38.0,1.0,Motorcycle,3,"121,755",2019 Nov 16 07:44:00 AM,2019 Nov 16 01:44:00 PM,"17,408,303",False,True,False,WHITE,1.0,MALE,"245,942"
"300,369",4,26.0,1.0,Motorcycle,3,"121,768",2019 Nov 16 07:05:00 PM,2019 Nov 17 01:05:00 AM,"17,408,379",False,True,False,WHITE,1.0,MALE,"245,967"
"300,402",1,23.0,1.0,Large passenger vehicle,2,"121,789",2019 Nov 17 09:19:00 PM,2019 Nov 18 03:19:00 AM,"17,408,454",False,True,False,WHITE,2.0,FEMALE,"246,004"
"300,410",1,24.0,2.0,Motorcycle,3,"121,794",2019 Nov 18 02:48:00 AM,2019 Nov 18 08:48:00 AM,"17,408,459",False,True,False,HISPANIC,1.0,MALE,"246,015"
"300,423",1,52.0,1.0,Passenger car,1,"121,803",2019 Nov 18 06:39:00 AM,2019 Nov 18 12:39:00 PM,"17,408,943",False,True,False,WHITE,2.0,FEMALE,"246,029"
"300,571",4,48.0,1.0,Pedestrian,7,"121,877",2019 Nov 14 08:36:00 PM,2019 Nov 15 02:36:00 AM,"17,411,394",False,True,False,WHITE,2.0,FEMALE,"246,188"
"300,687",1,34.0,2.0,Motorcycle,3,"121,937",2019 Nov 19 02:03:00 PM,2019 Nov 19 08:03:00 PM,"17,412,057",False,True,False,HISPANIC,1.0,MALE,"246,314"
"301,379",1,31.0,2.0,Pedestrian,7,"122,286",2019 Nov 22 06:12:00 AM,2019 Nov 22 12:12:00 PM,"17,418,582",False,True,False,HISPANIC,1.0,MALE,"247,042"
"301,563",1,25.0,3.0,Passenger car,1,"122,386",2019 Nov 18 06:54:00 PM,2019 Nov 19 12:54:00 AM,"17,421,842",False,True,False,BLACK,2.0,FEMALE,"247,235"
"301,568",1,67.0,3.0,Large passenger vehicle,2,"122,388",2019 Nov 20 07:03:00 PM,2019 Nov 21 01:03:00 AM,"17,421,844",False,True,False,BLACK,1.0,MALE,"247,240"
"301,659",1,24.0,3.0,Motorcycle,3,"122,434",2019 Nov 23 01:33:00 PM,2019 Nov 23 07:33:00 PM,"17,422,005",False,True,False,BLACK,1.0,MALE,"247,334"
"301,710",1,31.0,1.0,Motorcycle,3,"122,461",2019 Nov 23 07:54:00 PM,2019 Nov 24 01:54:00 AM,"17,422,116",False,True,False,WHITE,1.0,MALE,"247,386"
"301,719",1,44.0,3.0,Pedestrian,7,"122,466",2019 Nov 24 11:50:00 PM,2019 Nov 25 05:50:00 AM,"17,422,125",False,True,False,BLACK,1.0,MALE,"247,396"
"301,764",1,44.0,1.0,Motorcycle,3,"122,490",2019 Nov 24 09:30:00 PM,2019 Nov 25 03:30:00 AM,"17,422,220",False,True,False,WHITE,1.0,MALE,"247,443"
"301,914",1,26.0,2.0,Bicycle,5,"122,569",2019 Nov 19 07:27:00 AM,2019 Nov 19 01:27:00 PM,"17,424,534",False,True,False,HISPANIC,1.0,MALE,"247,600"
"302,473",1,71.0,1.0,Passenger car,1,"122,878",2019 Nov 25 05:13:00 PM,2019 Nov 25 11:13:00 PM,"17,433,124",False,True,False,WHITE,2.0,FEMALE,"248,200"
"302,703",1,49.0,2.0,Passenger car,1,"123,005",2019 Nov 29 03:09:00 PM,2019 Nov 29 09:09:00 PM,"17,433,612",False,True,False,HISPANIC,2.0,FEMALE,"248,443"
"302,829",1,66.0,1.0,Passenger car,1,"123,078",2019 Dec 01 04:56:00 PM,2019 Dec 01 10:56:00 PM,"17,433,908",False,True,False,WHITE,1.0,MALE,"248,573"
"302,887",1,54.0,3.0,Passenger car,1,"123,108",2019 Dec 02 11:53:00 AM,2019 Dec 02 05:53:00 PM,"17,434,829",False,True,False,BLACK,2.0,FEMALE,"248,638"
"302,954",4,55.0,1.0,Pedestrian,7,"123,141",2019 Nov 21 07:18:00 PM,2019 Nov 22 01:18:00 AM,"17,436,106",False,True,False,WHITE,1.0,MALE,"248,710"
"302,958",4,28.0,3.0,Motorcycle,3,"123,143",2019 Nov 24 07:15:00 PM,2019 Nov 25 01:15:00 AM,"17,436,108",False,True,False,BLACK,1.0,MALE,"248,714"
"303,257",1,39.0,5.0,Passenger car,1,"123,299",2019 Dec 04 09:29:00 AM,2019 Dec 04 03:29:00 PM,"17,439,718",False,True,False,OTHER,1.0,MALE,"249,029"
"303,859",1,48.0,3.0,Pedestrian,7,"123,609",2019 Dec 06 09:26:00 PM,2019 Dec 07 03:26:00 AM,"17,447,775",False,True,False,BLACK,1.0,MALE,"249,668"
"304,056",1,9.0,1.0,Bicycle,5,"123,711",2019 Dec 09 03:15:00 PM,2019 Dec 09 09:15:00 PM,"17,449,176",False,True,False,WHITE,2.0,FEMALE,"249,881"
"304,078",1,38.0,3.0,Passenger car,1,"123,720",2019 Dec 09 06:47:00 PM,2019 Dec 10 12:47:00 AM,"17,449,185",False,True,False,BLACK,2.0,FEMALE,"249,903"
"304,206",1,31.0,1.0,Large passenger vehicle,2,"123,785",2019 Nov 24 09:49:00 AM,2019 Nov 24 03:49:00 PM,"17,450,015",False,True,False,WHITE,1.0,MALE,"250,034"
"304,288",4,27.0,1.0,Passenger car,1,"123,825",2019 Dec 06 06:52:00 AM,2019 Dec 06 12:52:00 PM,"17,450,122",False,True,False,WHITE,1.0,MALE,"250,122"
"304,358",1,40.0,1.0,Passenger car,1,"123,858",2019 Dec 07 07:15:00 AM,2019 Dec 07 01:15:00 PM,"17,450,191",False,True,False,WHITE,2.0,FEMALE,"250,193"
"304,383",4,34.0,1.0,Large passenger vehicle,2,"123,870",2019 Dec 07 10:10:00 PM,2019 Dec 08 04:10:00 AM,"17,450,210",False,True,False,WHITE,2.0,FEMALE,"250,219"
"304,434",1,36.0,2.0,Passenger car,1,"123,897",2019 Dec 09 01:08:00 AM,2019 Dec 09 07:08:00 AM,"17,450,276",False,True,False,HISPANIC,2.0,FEMALE,"250,277"
"304,438",1,25.0,1.0,Passenger car,1,"123,899",2019 Dec 09 10:42:00 AM,2019 Dec 09 04:42:00 PM,"17,450,278",False,True,False,WHITE,2.0,FEMALE,"250,281"
"304,444",1,27.0,2.0,Pedestrian,7,"123,902",2019 Dec 09 12:04:00 PM,2019 Dec 09 06:04:00 PM,"17,450,281",False,True,False,HISPANIC,2.0,FEMALE,"250,288"
"304,450",1,72.0,0.0,Passenger car,1,"123,906",2019 Dec 09 02:22:00 PM,2019 Dec 09 08:22:00 PM,"17,450,287",False,True,False,UNKNOWN,1.0,MALE,"250,295"
"304,486",1,27.0,3.0,Passenger car,1,"123,923",2019 Dec 09 02:23:00 PM,2019 Dec 09 08:23:00 PM,"17,450,405",False,True,False,BLACK,1.0,MALE,"250,332"
"304,491",1,30.0,3.0,Passenger car,1,"123,923",2019 Dec 09 02:23:00 PM,2019 Dec 09 08:23:00 PM,"17,450,405",False,True,False,BLACK,2.0,FEMALE,"250,337"
"304,511",1,26.0,1.0,Passenger car,1,"123,935",2019 Dec 10 10:33:00 AM,2019 Dec 10 04:33:00 PM,"17,450,420",False,True,False,WHITE,2.0,FEMALE,"250,359"
"304,943",1,24.0,3.0,Pedestrian,7,"124,162",2019 Dec 12 11:56:00 AM,2019 Dec 12 05:56:00 PM,"17,455,303",False,True,False,BLACK,1.0,MALE,"250,818"
"305,138",1,52.0,3.0,Passenger car,1,"124,257",2019 Dec 12 07:17:00 PM,2019 Dec 13 01:17:00 AM,"17,456,143",False,True,False,BLACK,1.0,MALE,"251,023"
"305,222",1,61.0,2.0,Pedestrian,7,"124,301",2019 Dec 13 10:48:00 AM,2019 Dec 13 04:48:00 PM,"17,457,188",False,True,False,HISPANIC,1.0,MALE,"251,110"
"305,301",1,49.0,2.0,Large passenger vehicle,2,"124,343",2019 Dec 14 08:06:00 AM,2019 Dec 14 02:06:00 PM,"17,457,967",False,True,False,HISPANIC,2.0,FEMALE,"251,194"
"305,447",1,38.0,2.0,Pedestrian,7,"124,423",2019 Oct 13 09:10:00 PM,2019 Oct 14 02:10:00 AM,"17,460,297",False,True,False,HISPANIC,2.0,FEMALE,"251,348"
"305,496",1,65.0,1.0,Large passenger vehicle,2,"124,448",2019 Dec 13 06:31:00 PM,2019 Dec 14 12:31:00 AM,"17,460,344",False,True,False,WHITE,1.0,MALE,"251,400"
"305,605",1,16.0,2.0,Passenger car,1,"124,504",2019 Dec 14 05:51:00 PM,2019 Dec 14 11:51:00 PM,"17,460,707",False,True,False,HISPANIC,2.0,FEMALE,"251,517"
"305,621",1,44.0,2.0,Large passenger vehicle,2,"124,513",2019 Dec 14 11:30:00 PM,2019 Dec 15 05:30:00 AM,"17,460,740",False,True,False,HISPANIC,1.0,MALE,"251,533"
"305,636",1,53.0,2.0,Passenger car,1,"124,522",2019 Dec 15 07:42:00 AM,2019 Dec 15 01:42:00 PM,"17,460,753",False,True,False,HISPANIC,2.0,FEMALE,"251,549"
"305,640",1,59.0,2.0,Passenger car,1,"124,524",2019 Dec 15 10:33:00 AM,2019 Dec 15 04:33:00 PM,"17,460,756",False,True,False,HISPANIC,1.0,MALE,"251,553"
"305,710",1,31.0,3.0,Passenger car,1,"124,557",2019 Dec 16 01:53:00 AM,2019 Dec 16 07:53:00 AM,"17,460,925",False,True,False,BLACK,1.0,MALE,"251,626"
"305,939",1,3.0,1.0,Pedestrian,7,"124,670",2019 Dec 07 04:48:00 PM,2019 Dec 07 10:48:00 PM,"17,464,600",False,True,False,WHITE,2.0,FEMALE,"251,866"
"305,995",1,37.0,2.0,Passenger car,1,"124,696",2019 Dec 16 06:08:00 PM,2019 Dec 17 12:08:00 AM,"17,464,747",False,True,False,HISPANIC,1.0,MALE,"251,922"
"306,365",1,35.0,2.0,Motorcycle,3,"124,886",2019 Dec 18 04:30:00 PM,2019 Dec 18 10:30:00 PM,"17,468,292",False,True,False,HISPANIC,1.0,MALE,"252,313"
"306,882",4,62.0,1.0,Pedestrian,7,"125,160",2019 Dec 19 06:51:00 AM,2019 Dec 19 12:51:00 PM,"17,474,835",False,True,False,WHITE,2.0,FEMALE,"252,861"
"306,991",1,28.0,2.0,Large passenger vehicle,2,"125,213",2019 Dec 19 12:00:00 AM,2019 Dec 19 06:00:00 AM,"17,475,061",False,True,False,HISPANIC,2.0,FEMALE,"252,978"
"307,058",1,,1.0,Large passenger vehicle,2,"125,247",2019 Dec 20 11:16:00 AM,2019 Dec 20 05:16:00 PM,"17,475,292",False,True,False,WHITE,2.0,FEMALE,"253,047"
"307,089",1,30.0,3.0,Passenger car,1,"125,262",2019 Dec 20 06:22:00 PM,2019 Dec 21 12:22:00 AM,"17,475,316",False,True,False,BLACK,1.0,MALE,"253,081"
"307,241",1,55.0,1.0,Large passenger vehicle,2,"125,346",2019 Dec 21 05:55:00 PM,2019 Dec 21 11:55:00 PM,"17,475,601",False,True,False,WHITE,2.0,FEMALE,"253,242"
"307,332",1,19.0,3.0,Passenger car,1,"125,393",2019 Dec 22 05:14:00 PM,2019 Dec 22 11:14:00 PM,"17,475,803",False,True,False,BLACK,1.0,MALE,"253,339"
"307,667",4,22.0,2.0,Pedestrian,7,"125,569",2019 Dec 22 02:25:00 AM,2019 Dec 22 08:25:00 AM,"17,480,006",False,True,False,HISPANIC,1.0,MALE,"253,696"
"308,032",1,36.0,2.0,Passenger car,1,"125,774",2019 Dec 25 04:51:00 AM,2019 Dec 25 10:51:00 AM,"17,486,549",False,True,False,HISPANIC,1.0,MALE,"254,089"
"308,037",1,,1.0,Pedestrian,7,"125,776",2019 Dec 25 10:04:00 PM,2019 Dec 26 04:04:00 AM,"17,486,606",False,True,False,WHITE,1.0,MALE,"254,094"
"308,293",1,28.0,2.0,Motorcycle,3,"125,917",2019 Dec 30 11:15:00 AM,2019 Dec 30 05:15:00 PM,"17,487,424",False,True,False,HISPANIC,1.0,MALE,"254,366"
"308,297",1,30.0,1.0,Motorcycle,3,"125,921",2019 Dec 08 12:12:00 PM,2019 Dec 08 06:12:00 PM,"17,487,700",False,True,False,WHITE,1.0,MALE,"254,370"
"308,658",1,41.0,1.0,Large passenger vehicle,2,"126,106",2019 Dec 21 02:04:00 PM,2019 Dec 21 08:04:00 PM,"17,497,241",False,True,False,WHITE,2.0,FEMALE,"254,762"
"308,659",1,26.0,2.0,Passenger car,1,"126,106",2019 Dec 21 02:04:00 PM,2019 Dec 21 08:04:00 PM,"17,497,241",False,True,False,HISPANIC,2.0,FEMALE,"254,763"
"308,698",1,57.0,2.0,Pedestrian,7,"126,126",2019 Dec 18 06:04:00 AM,2019 Dec 18 12:04:00 PM,"17,500,101",False,True,False,HISPANIC,1.0,MALE,"254,804"
"308,744",4,45.0,3.0,Bicycle,5,"126,151",2019 Dec 16 02:26:00 AM,2019 Dec 16 08:26:00 AM,"17,502,028",False,True,False,BLACK,2.0,FEMALE,"254,856"
"308,774",4,64.0,,Pedestrian,7,"126,166",2019 Dec 13 07:34:00 PM,2019 Dec 14 01:34:00 AM,"17,505,623",False,True,False,,1.0,MALE,"254,887"
"308,945",4,33.0,1.0,Large passenger vehicle,2,"126,251",2019 Dec 17 02:22:00 AM,2019 Dec 17 08:22:00 AM,"17,566,128",False,True,False,WHITE,1.0,MALE,"255,068"
"308,951",1,23.0,2.0,Passenger car,1,"126,255",2019 Nov 02 01:56:00 AM,2019 Nov 02 06:56:00 AM,"17,573,161",False,True,False,HISPANIC,1.0,MALE,"255,076"
"309,104",1,28.0,4.0,E-scooter,11,"126,339",2019 Sep 01 01:38:00 PM,2019 Sep 01 06:38:00 PM,"17,856,752",False,True,False,ASIAN,2.0,FEMALE,"255,241"
"309,319",1,37.0,2.0,Pedestrian,7,"126,454",2019 Apr 10 12:30:00 PM,2019 Apr 10 05:30:00 PM,"17,895,838",False,True,False,HISPANIC,1.0,MALE,"255,475"
"309,400",1,13.0,3.0,Pedestrian,7,"126,498",2019 Jun 29 10:17:00 AM,2019 Jun 29 03:17:00 PM,"17,968,030",False,True,False,BLACK,2.0,FEMALE,"255,565"
"309,473",1,47.0,1.0,Pedestrian,7,"126,537",2019 Aug 29 09:37:00 PM,2019 Aug 30 02:37:00 AM,"17,988,470",False,True,False,WHITE,1.0,MALE,"255,642"
"309,925",1,35.0,4.0,Passenger car,1,"92,740",2019 Jan 08 08:20:00 AM,2019 Jan 08 02:20:00 PM,"16,837,601",False,False,False,ASIAN,2.0,FEMALE,"186,632"
"310,203",1,80.0,1.0,Passenger car,1,"93,168",2019 Jan 12 10:54:00 PM,2019 Jan 13 04:54:00 AM,"16,848,503",False,False,False,WHITE,1.0,MALE,"187,526"
"310,204",1,77.0,1.0,Passenger car,1,"93,168",2019 Jan 12 10:54:00 PM,2019 Jan 13 04:54:00 AM,"16,848,503",False,False,False,WHITE,2.0,FEMALE,"187,526"
"310,830",1,26.0,2.0,Large passenger vehicle,2,"94,274",2019 Jan 26 02:11:00 PM,2019 Jan 26 08:11:00 PM,"16,870,032",False,False,False,HISPANIC,1.0,MALE,"189,790"
"311,056",1,23.0,2.0,Passenger car,1,"94,649",2019 Jan 01 02:04:00 AM,2019 Jan 01 08:04:00 AM,"16,876,263",False,False,False,HISPANIC,2.0,FEMALE,"190,573"
"311,454",1,32.0,2.0,Large passenger vehicle,2,"95,305",2019 Feb 07 12:15:00 PM,2019 Feb 07 06:15:00 PM,"16,887,612",False,False,False,HISPANIC,1.0,MALE,"191,898"
"311,564",1,18.0,1.0,Passenger car,1,"95,527",2019 Feb 08 10:12:00 PM,2019 Feb 09 04:12:00 AM,"16,893,003",False,False,False,WHITE,2.0,FEMALE,"192,332"
"311,611",1,40.0,,Passenger car,1,"95,585",2019 Feb 08 04:57:00 PM,2019 Feb 08 10:57:00 PM,"16,893,179",False,False,False,,1.0,MALE,"192,444"
"311,615",4,13.0,3.0,Passenger car,1,"95,598",2019 Feb 09 12:48:00 PM,2019 Feb 09 06:48:00 PM,"16,893,193",False,False,False,BLACK,1.0,MALE,"192,462"
"311,620",1,49.0,2.0,Large passenger vehicle,2,"95,605",2019 Feb 09 04:46:00 AM,2019 Feb 09 10:46:00 AM,"16,893,227",False,False,False,HISPANIC,2.0,FEMALE,"192,477"
"312,411",1,65.0,4.0,Large passenger vehicle,2,"96,783",2019 Feb 13 09:22:00 PM,2019 Feb 14 03:22:00 AM,"16,917,966",False,False,False,ASIAN,2.0,FEMALE,"194,852"
"312,438",1,17.0,1.0,Passenger car,1,"96,826",2019 Feb 23 02:11:00 AM,2019 Feb 23 08:11:00 AM,"16,918,082",False,False,False,WHITE,1.0,MALE,"194,934"
"312,767",1,29.0,2.0,Passenger car,1,"97,351",2019 Feb 23 02:59:00 AM,2019 Feb 23 08:59:00 AM,"16,930,544",False,False,False,HISPANIC,2.0,FEMALE,"196,001"
"313,271",1,41.0,1.0,Large passenger vehicle,2,"98,045",2019 Mar 09 11:03:00 PM,2019 Mar 10 05:03:00 AM,"16,942,412",False,False,False,WHITE,1.0,MALE,"197,408"
"313,272",1,46.0,1.0,Large passenger vehicle,2,"98,045",2019 Mar 09 11:03:00 PM,2019 Mar 10 05:03:00 AM,"16,942,412",False,False,False,WHITE,1.0,MALE,"197,408"
"313,314",1,7.0,,Large passenger vehicle,2,"98,082",2019 Mar 11 07:45:00 AM,2019 Mar 11 12:45:00 PM,"16,942,598",False,False,False,,1.0,MALE,"197,486"
"313,498",1,17.0,1.0,Passenger car,1,"98,423",2019 Mar 09 06:48:00 PM,2019 Mar 10 12:48:00 AM,"16,950,007",False,False,False,WHITE,1.0,MALE,"198,152"
"313,499",1,17.0,1.0,Passenger car,1,"98,423",2019 Mar 09 06:48:00 PM,2019 Mar 10 12:48:00 AM,"16,950,007",False,False,False,WHITE,1.0,MALE,"198,152"
"313,500",1,20.0,1.0,Passenger car,1,"98,423",2019 Mar 09 06:48:00 PM,2019 Mar 10 12:48:00 AM,"16,950,007",False,False,False,WHITE,2.0,FEMALE,"198,153"
"313,767",1,19.0,3.0,Passenger car,1,"98,815",2019 Mar 17 03:11:00 AM,2019 Mar 17 08:11:00 AM,"16,954,715",False,False,False,BLACK,2.0,FEMALE,"198,943"
"313,798",1,55.0,4.0,Passenger car,1,"98,868",2019 Mar 17 08:28:00 PM,2019 Mar 18 01:28:00 AM,"16,956,464",False,False,False,ASIAN,2.0,FEMALE,"199,060"
"313,918",1,44.0,1.0,Large passenger vehicle,2,"99,073",2019 Mar 19 11:58:00 PM,2019 Mar 20 04:58:00 AM,"16,960,795",False,False,False,WHITE,1.0,MALE,"199,476"
"314,302",1,30.0,3.0,Large passenger vehicle,2,"99,577",2019 Feb 27 10:25:00 PM,2019 Feb 28 04:25:00 AM,"16,970,686",False,False,False,BLACK,1.0,MALE,"200,487"
"314,318",4,5.0,2.0,Passenger car,1,"99,607",2019 Mar 21 07:40:00 AM,2019 Mar 21 12:40:00 PM,"16,971,646",False,False,False,HISPANIC,2.0,FEMALE,"200,556"
"314,798",4,27.0,1.0,Large passenger vehicle,2,"100,338",2019 Apr 02 10:01:00 PM,2019 Apr 03 03:01:00 AM,"16,991,945",False,False,False,WHITE,1.0,MALE,"202,055"
"314,967",1,14.0,2.0,Passenger car,1,"100,646",2019 Apr 02 11:36:00 AM,2019 Apr 02 04:36:00 PM,"16,998,249",False,False,False,HISPANIC,1.0,MALE,"202,663"
"315,084",1,16.0,,Passenger car,1,"100,804",2019 Apr 01 07:52:00 PM,2019 Apr 02 12:52:00 AM,"17,001,087",False,False,False,,1.0,MALE,"202,982"
"315,085",1,18.0,1.0,Passenger car,1,"100,804",2019 Apr 01 07:52:00 PM,2019 Apr 02 12:52:00 AM,"17,001,087",False,False,False,WHITE,2.0,FEMALE,"202,982"
"315,087",1,20.0,3.0,Large passenger vehicle,2,"100,805",2019 Apr 02 08:46:00 PM,2019 Apr 03 01:46:00 AM,"17,001,088",False,False,False,BLACK,2.0,FEMALE,"202,984"
"315,095",1,23.0,3.0,Passenger car,1,"100,823",2019 Apr 05 11:49:00 PM,2019 Apr 06 04:49:00 AM,"17,001,148",False,False,False,BLACK,2.0,FEMALE,"203,019"
"316,658",1,,1.0,Passenger car,1,"103,074",2019 May 01 04:03:00 PM,2019 May 01 09:03:00 PM,"17,045,658",False,False,False,WHITE,2.0,FEMALE,"207,671"
"317,077",1,31.0,2.0,Passenger car,1,"103,720",2019 May 08 12:41:00 PM,2019 May 08 05:41:00 PM,"17,058,818",False,False,False,HISPANIC,2.0,FEMALE,"208,940"
"317,083",1,72.0,1.0,Passenger car,1,"103,729",2019 May 08 06:23:00 PM,2019 May 08 11:23:00 PM,"17,058,827",False,False,False,WHITE,1.0,MALE,"208,957"
"317,307",1,28.0,3.0,Large passenger vehicle,2,"104,059",2019 May 11 06:20:00 AM,2019 May 11 11:20:00 AM,"17,065,163",False,False,False,BLACK,1.0,MALE,"209,643"
"317,431",1,18.0,3.0,Passenger car,1,"104,218",2019 May 13 01:40:00 PM,2019 May 13 06:40:00 PM,"17,067,936",False,False,False,BLACK,2.0,FEMALE,"209,975"
"317,785",1,17.0,2.0,Large passenger vehicle,2,"104,622",2019 May 17 06:08:00 PM,2019 May 17 11:08:00 PM,"17,077,516",False,False,False,HISPANIC,2.0,FEMALE,"210,824"
"317,965",1,26.0,2.0,Passenger car,1,"104,807",2019 May 16 08:37:00 PM,2019 May 17 01:37:00 AM,"17,081,757",False,False,False,HISPANIC,2.0,FEMALE,"211,212"
"318,294",1,30.0,2.0,Passenger car,1,"105,271",2019 May 18 01:52:00 AM,2019 May 18 06:52:00 AM,"17,091,609",False,False,False,HISPANIC,1.0,MALE,"212,193"
"318,358",1,53.0,2.0,Passenger car,1,"105,350",2019 May 25 03:58:00 PM,2019 May 25 08:58:00 PM,"17,092,357",False,False,False,HISPANIC,2.0,FEMALE,"212,361"
"318,578",1,28.0,2.0,Large passenger vehicle,2,"105,632",2019 May 30 02:21:00 AM,2019 May 30 07:21:00 AM,"17,096,698",False,False,False,HISPANIC,2.0,FEMALE,"212,945"
"318,749",4,25.0,2.0,Large passenger vehicle,2,"105,873",2019 Jun 01 10:20:00 PM,2019 Jun 02 03:20:00 AM,"17,102,867",False,False,False,HISPANIC,1.0,MALE,"213,427"
"318,846",1,15.0,2.0,Passenger car,1,"105,975",2019 Jun 03 11:48:00 AM,2019 Jun 03 04:48:00 PM,"17,103,968",False,False,False,HISPANIC,2.0,FEMALE,"213,642"
"318,978",1,25.0,3.0,Large passenger vehicle,2,"106,186",2019 Jun 05 11:06:00 AM,2019 Jun 05 04:06:00 PM,"17,109,557",False,False,False,BLACK,1.0,MALE,"214,071"
"319,340",1,,4.0,Passenger car,1,"106,674",2019 May 18 03:23:00 PM,2019 May 18 08:23:00 PM,"17,121,410",False,False,False,ASIAN,2.0,FEMALE,"215,105"
"319,532",1,38.0,1.0,Motorcycle,3,"106,881",2019 Jun 10 03:52:00 PM,2019 Jun 10 08:52:00 PM,"17,127,196",False,False,False,WHITE,2.0,FEMALE,"215,526"
"320,203",1,19.0,2.0,Large passenger vehicle,2,"107,879",2019 Jun 22 10:45:00 PM,2019 Jun 23 03:45:00 AM,"17,144,095",False,False,False,HISPANIC,2.0,FEMALE,"217,540"
"320,387",1,72.0,4.0,Passenger car,1,"108,176",2019 Jun 10 03:02:00 PM,2019 Jun 10 08:02:00 PM,"17,150,126",False,False,False,ASIAN,2.0,FEMALE,"218,131"
"320,479",1,10.0,1.0,Passenger car,1,"108,316",2019 Jun 27 09:00:00 AM,2019 Jun 27 02:00:00 PM,"17,152,302",False,False,False,WHITE,2.0,FEMALE,"218,427"
"320,480",1,35.0,1.0,Large passenger vehicle,2,"108,316",2019 Jun 27 09:00:00 AM,2019 Jun 27 02:00:00 PM,"17,152,302",False,False,False,WHITE,2.0,FEMALE,"218,429"
"320,481",1,28.0,2.0,Large passenger vehicle,2,"108,316",2019 Jun 27 09:00:00 AM,2019 Jun 27 02:00:00 PM,"17,152,302",False,False,False,HISPANIC,2.0,FEMALE,"218,429"
"320,905",1,32.0,1.0,Passenger car,1,"108,952",2019 Jul 04 05:54:00 PM,2019 Jul 04 10:54:00 PM,"17,164,378",False,False,False,WHITE,2.0,FEMALE,"219,671"
"321,101",4,27.0,2.0,Passenger car,1,"109,175",2019 Jul 07 12:15:00 AM,2019 Jul 07 05:15:00 AM,"17,168,802",False,False,False,HISPANIC,2.0,FEMALE,"220,122"
"321,191",1,69.0,1.0,Passenger car,1,"109,289",2019 Jul 06 08:48:00 AM,2019 Jul 06 01:48:00 PM,"17,170,701",False,False,False,WHITE,2.0,FEMALE,"220,362"
"321,438",1,62.0,1.0,Large passenger vehicle,2,"109,629",2019 Jul 11 03:48:00 PM,2019 Jul 11 08:48:00 PM,"17,179,391",False,False,False,WHITE,2.0,FEMALE,"221,059"
"321,965",1,8.0,1.0,Large passenger vehicle,2,"110,364",2019 Jul 20 06:39:00 PM,2019 Jul 20 11:39:00 PM,"17,191,903",False,False,False,WHITE,2.0,FEMALE,"222,560"
"322,408",1,14.0,2.0,Passenger car,1,"110,992",2019 Jul 28 02:04:00 PM,2019 Jul 28 07:04:00 PM,"17,203,008",False,False,False,HISPANIC,1.0,MALE,"223,833"
"322,658",1,34.0,2.0,Large passenger vehicle,2,"111,378",2019 Aug 01 07:27:00 PM,2019 Aug 02 12:27:00 AM,"17,210,656",False,False,False,HISPANIC,1.0,MALE,"224,626"
"322,900",1,10.0,2.0,Large passenger vehicle,2,"111,734",2019 Aug 05 09:09:00 PM,2019 Aug 06 02:09:00 AM,"17,216,576",False,False,False,HISPANIC,1.0,MALE,"225,343"
"322,979",1,21.0,,Passenger car,1,"111,830",2019 Aug 03 02:27:00 AM,2019 Aug 03 07:27:00 AM,"17,219,494",False,False,False,,2.0,FEMALE,"225,537"
"323,207",1,3.0,2.0,Passenger car,1,"112,206",2019 Aug 09 02:25:00 PM,2019 Aug 09 07:25:00 PM,"17,226,820",False,False,False,HISPANIC,1.0,MALE,"226,288"
"323,455",1,81.0,4.0,Large passenger vehicle,2,"112,493",2019 Aug 12 11:22:00 AM,2019 Aug 12 04:22:00 PM,"17,230,619",False,False,False,ASIAN,2.0,FEMALE,"226,899"
"323,541",1,2.0,2.0,Passenger car,1,"112,602",2019 Aug 13 10:11:00 PM,2019 Aug 14 03:11:00 AM,"17,233,186",False,False,False,HISPANIC,2.0,FEMALE,"227,127"
"324,339",1,43.0,2.0,Large passenger vehicle,2,"113,661",2019 Aug 23 01:41:00 AM,2019 Aug 23 06:41:00 AM,"17,253,964",False,False,False,HISPANIC,2.0,FEMALE,"229,339"
"324,340",1,19.0,2.0,Large passenger vehicle,2,"113,661",2019 Aug 23 01:41:00 AM,2019 Aug 23 06:41:00 AM,"17,253,964",False,False,False,HISPANIC,2.0,FEMALE,"229,339"
"324,388",1,27.0,2.0,Passenger car,1,"113,723",2019 Aug 25 12:14:00 AM,2019 Aug 25 05:14:00 AM,"17,254,112",False,False,False,HISPANIC,2.0,FEMALE,"229,472"
"324,389",1,21.0,2.0,Passenger car,1,"113,723",2019 Aug 25 12:14:00 AM,2019 Aug 25 05:14:00 AM,"17,254,112",False,False,False,HISPANIC,2.0,FEMALE,"229,472"
"324,429",4,27.0,4.0,Motorcycle,3,"113,781",2019 Aug 17 10:21:00 PM,2019 Aug 18 03:21:00 AM,"17,254,522",False,False,False,ASIAN,2.0,FEMALE,"229,576"
"324,532",4,27.0,2.0,Large passenger vehicle,2,"113,888",2019 Aug 16 05:00:00 AM,2019 Aug 16 10:00:00 AM,"17,258,541",False,False,False,HISPANIC,2.0,FEMALE,"229,810"
"324,897",1,33.0,2.0,Passenger car,1,"114,424",2019 Sep 01 01:08:00 AM,2019 Sep 01 06:08:00 AM,"17,267,744",False,False,False,HISPANIC,1.0,MALE,"230,918"
"325,667",1,,1.0,Passenger car,1,"115,587",2019 Sep 15 04:20:00 PM,2019 Sep 15 09:20:00 PM,"17,290,669",False,False,False,WHITE,2.0,FEMALE,"233,352"
"326,125",1,9.0,1.0,Passenger car,1,"116,282",2019 Sep 21 05:08:00 PM,2019 Sep 21 10:08:00 PM,"17,303,826",False,False,False,WHITE,2.0,FEMALE,"234,797"
"326,144",1,21.0,2.0,Passenger car,1,"116,300",2019 Sep 22 06:49:00 AM,2019 Sep 22 11:49:00 AM,"17,303,869",False,False,False,HISPANIC,1.0,MALE,"234,832"
"326,270",1,27.0,2.0,Passenger car,1,"116,549",2019 Sep 22 03:55:00 AM,2019 Sep 22 08:55:00 AM,"17,309,090",False,False,False,HISPANIC,1.0,MALE,"235,357"
"326,464",1,52.0,2.0,Passenger car,1,"116,888",2019 Sep 26 01:33:00 PM,2019 Sep 26 06:33:00 PM,"17,316,471",False,False,False,HISPANIC,2.0,FEMALE,"236,041"
"326,511",1,25.0,2.0,Large passenger vehicle,2,"116,987",2019 Sep 29 03:19:00 AM,2019 Sep 29 08:19:00 AM,"17,316,827",False,False,False,HISPANIC,1.0,MALE,"236,239"
"326,524",1,26.0,3.0,Passenger car,1,"117,006",2019 Sep 30 12:36:00 AM,2019 Sep 30 05:36:00 AM,"17,316,889",False,False,False,BLACK,2.0,FEMALE,"236,271"
"326,735",1,21.0,4.0,Passenger car,1,"117,404",2019 Oct 04 11:38:00 AM,2019 Oct 04 04:38:00 PM,"17,325,294",False,False,False,ASIAN,2.0,FEMALE,"237,119"
"326,918",1,19.0,2.0,Passenger car,1,"117,609",2019 Oct 05 03:24:00 AM,2019 Oct 05 08:24:00 AM,"17,330,295",False,False,False,HISPANIC,1.0,MALE,"237,536"
"326,919",1,19.0,2.0,Passenger car,1,"117,609",2019 Oct 05 03:24:00 AM,2019 Oct 05 08:24:00 AM,"17,330,295",False,False,False,HISPANIC,1.0,MALE,"237,536"
"327,108",1,20.0,2.0,Large passenger vehicle,2,"117,920",2019 Oct 07 09:42:00 PM,2019 Oct 08 02:42:00 AM,"17,335,036",False,False,False,HISPANIC,2.0,FEMALE,"238,185"
"327,281",1,22.0,3.0,Passenger car,1,"118,230",2019 Oct 05 06:30:00 AM,2019 Oct 05 11:30:00 AM,"17,343,146",False,False,False,BLACK,2.0,FEMALE,"238,792"
"327,527",4,77.0,2.0,Large passenger vehicle,2,"118,643",2019 Oct 10 11:32:00 AM,2019 Oct 10 04:32:00 PM,"17,351,089",False,False,False,HISPANIC,2.0,FEMALE,"239,640"
"328,112",1,28.0,4.0,Passenger car,1,"119,497",2019 Sep 27 11:29:00 AM,2019 Sep 27 04:29:00 PM,"17,363,349",False,False,False,ASIAN,2.0,FEMALE,"241,379"
"328,453",4,21.0,,Passenger car,1,"119,929",2019 Oct 27 08:44:00 AM,2019 Oct 27 01:44:00 PM,"17,373,284",False,False,False,,2.0,FEMALE,"242,247"
"328,678",1,18.0,2.0,Passenger car,1,"120,176",2019 Oct 31 03:10:00 PM,2019 Oct 31 08:10:00 PM,"17,378,528",False,False,False,HISPANIC,1.0,MALE,"242,763"
"329,507",4,75.0,2.0,Large passenger vehicle,2,"121,405",2019 Nov 12 04:34:00 PM,2019 Nov 12 10:34:00 PM,"17,403,220",False,False,False,HISPANIC,1.0,MALE,"245,230"
"330,532",1,63.0,2.0,Large passenger vehicle,2,"123,057",2019 Nov 30 09:59:00 PM,2019 Dec 01 03:59:00 AM,"17,433,886",False,False,False,HISPANIC,2.0,FEMALE,"248,532"
"330,559",1,21.0,2.0,Passenger car,1,"123,084",2019 Dec 02 02:40:00 AM,2019 Dec 02 08:40:00 AM,"17,433,986",False,False,False,HISPANIC,1.0,MALE,"248,582"
"331,021",1,19.0,1.0,Passenger car,1,"123,825",2019 Dec 06 06:52:00 AM,2019 Dec 06 12:52:00 PM,"17,450,122",False,False,False,WHITE,1.0,MALE,"250,122"
"331,022",1,21.0,1.0,Passenger car,1,"123,825",2019 Dec 06 06:52:00 AM,2019 Dec 06 12:52:00 PM,"17,450,122",False,False,False,WHITE,2.0,FEMALE,"250,122"
"331,416",1,17.0,1.0,Passenger car,1,"124,431",2019 Dec 06 11:10:00 PM,2019 Dec 07 05:10:00 AM,"17,460,317",False,False,False,WHITE,2.0,FEMALE,"251,365"
"331,512",1,22.0,3.0,Passenger car,1,"124,557",2019 Dec 16 01:53:00 AM,2019 Dec 16 07:53:00 AM,"17,460,925",False,False,False,BLACK,1.0,MALE,"251,626"
"331,513",1,31.0,3.0,Passenger car,1,"124,557",2019 Dec 16 01:53:00 AM,2019 Dec 16 07:53:00 AM,"17,460,925",False,False,False,BLACK,1.0,MALE,"251,626"
"332,011",1,37.0,3.0,Passenger car,1,"125,262",2019 Dec 20 06:22:00 PM,2019 Dec 21 12:22:00 AM,"17,475,316",False,False,False,BLACK,1.0,MALE,"253,081"
"332,101",1,29.0,3.0,Passenger car,1,"125,366",2019 Dec 21 11:30:00 PM,2019 Dec 22 05:30:00 AM,"17,475,653",False,False,False,BLACK,2.0,FEMALE,"253,286"
"332,118",1,20.0,2.0,Passenger car,1,"125,393",2019 Dec 22 05:14:00 PM,2019 Dec 22 11:14:00 PM,"17,475,803",False,False,False,HISPANIC,1.0,MALE,"253,339"
"332,264",1,11.0,2.0,Large passenger vehicle,2,"125,587",2019 Dec 25 05:59:00 PM,2019 Dec 25 11:59:00 PM,"17,480,026",False,False,False,HISPANIC,1.0,MALE,"253,729"
"332,499",1,37.0,1.0,Motorcycle,3,"125,867",2019 Dec 29 04:24:00 PM,2019 Dec 29 10:24:00 PM,"17,486,951",False,False,False,WHITE,2.0,FEMALE,"254,271"
"332,664",1,4.0,2.0,Passenger car,1,"126,106",2019 Dec 21 02:04:00 PM,2019 Dec 21 08:04:00 PM,"17,497,241",False,False,False,HISPANIC,2.0,FEMALE,"254,763"
"332,665",1,0.0,2.0,Passenger car,1,"126,106",2019 Dec 21 02:04:00 PM,2019 Dec 21 08:04:00 PM,"17,497,241",False,False,False,HISPANIC,2.0,FEMALE,"254,763"
"332,753",4,50.0,1.0,Passenger car,1,"126,257",2019 Nov 30 11:23:00 PM,2019 Dec 01 05:23:00 AM,"17,576,194",False,False,False,WHITE,1.0,MALE,"255,079"
"332,782",1,18.0,2.0,Passenger car,1,"126,311",2019 Aug 27 10:10:00 PM,2019 Aug 28 03:10:00 AM,"17,854,831",False,False,False,HISPANIC,2.0,FEMALE,"255,187"
"332,984",4,,3.0,Pedestrian,7,"126,628",2019 Dec 31 06:11:00 PM,2020 Jan 01 12:11:00 AM,"17,492,001",False,True,False,BLACK,1.0,MALE,"255,820"
"333,328",1,28.0,3.0,Large passenger vehicle,2,"126,810",2020 Jan 04 10:58:00 AM,2020 Jan 04 04:58:00 PM,"17,497,369",False,True,False,BLACK,2.0,FEMALE,"256,188"
"333,356",4,73.0,2.0,Passenger car,1,"126,825",2020 Jan 04 08:25:00 PM,2020 Jan 05 02:25:00 AM,"17,497,431",False,True,False,HISPANIC,2.0,FEMALE,"256,219"
"333,389",1,47.0,3.0,Motorcycle,3,"126,843",2020 Jan 05 06:33:00 PM,2020 Jan 06 12:33:00 AM,"17,497,692",False,True,False,BLACK,1.0,MALE,"256,256"
"333,488",1,44.0,2.0,Large passenger vehicle,2,"126,895",2020 Jan 06 12:34:00 PM,2020 Jan 06 06:34:00 PM,"17,500,117",False,True,False,HISPANIC,2.0,FEMALE,"256,360"
"333,826",4,75.0,2.0,Pedestrian,7,"127,061",2020 Jan 08 06:26:00 PM,2020 Jan 09 12:26:00 AM,"17,503,839",False,True,False,HISPANIC,2.0,FEMALE,"256,714"
"334,985",1,66.0,2.0,Passenger car,1,"127,666",2020 Jan 16 11:35:00 AM,2020 Jan 16 05:35:00 PM,"17,516,961",False,True,False,HISPANIC,2.0,FEMALE,"257,924"
"335,083",1,17.0,2.0,Pedestrian,7,"127,721",2020 Jan 16 06:17:00 PM,2020 Jan 17 12:17:00 AM,"17,518,045",False,True,False,HISPANIC,2.0,FEMALE,"258,025"
"335,084",1,15.0,2.0,Pedestrian,7,"127,721",2020 Jan 16 06:17:00 PM,2020 Jan 17 12:17:00 AM,"17,518,045",False,True,False,HISPANIC,1.0,MALE,"258,026"
"335,528",1,17.0,4.0,Passenger car,1,"127,961",2020 Jan 18 10:30:00 AM,2020 Jan 18 04:30:00 PM,"17,524,235",False,True,False,ASIAN,1.0,MALE,"258,494"
"335,564",4,55.0,2.0,Pedestrian,7,"127,981",2020 Jan 18 10:48:00 PM,2020 Jan 19 04:48:00 AM,"17,524,347",False,True,False,HISPANIC,1.0,MALE,"258,531"
"335,579",1,32.0,5.0,Motorcycle,3,"127,990",2020 Jan 19 03:50:00 PM,2020 Jan 19 09:50:00 PM,"17,524,361",False,True,False,OTHER,1.0,MALE,"258,548"
"335,604",1,,2.0,Large passenger vehicle,2,"128,004",2020 Jan 19 09:23:00 PM,2020 Jan 20 03:23:00 AM,"17,524,426",False,True,False,HISPANIC,1.0,MALE,"258,574"
"335,637",1,32.0,2.0,Passenger car,1,"128,022",2020 Jan 20 03:42:00 PM,2020 Jan 20 09:42:00 PM,"17,524,501",False,True,False,HISPANIC,2.0,FEMALE,"258,609"
"335,656",1,26.0,1.0,Passenger car,1,"128,029",2020 Jan 20 08:00:00 PM,2020 Jan 21 02:00:00 AM,"17,524,510",False,True,False,WHITE,2.0,FEMALE,"258,628"
"335,926",4,62.0,2.0,Pedestrian,7,"128,174",2020 Jan 08 06:52:00 PM,2020 Jan 09 12:52:00 AM,"17,528,503",False,True,False,HISPANIC,1.0,MALE,"258,912"
"336,000",1,35.0,2.0,Large passenger vehicle,2,"128,217",2020 Jan 22 05:39:00 PM,2020 Jan 22 11:39:00 PM,"17,528,611",False,True,False,HISPANIC,2.0,FEMALE,"258,997"
"336,003",1,26.0,1.0,Motorcycle,3,"128,220",2020 Jan 22 07:56:00 PM,2020 Jan 23 01:56:00 AM,"17,528,614",False,True,False,WHITE,1.0,MALE,"259,000"
"336,007",4,20.0,3.0,Passenger car,1,"128,222",2020 Jan 22 08:23:00 PM,2020 Jan 23 02:23:00 AM,"17,528,616",False,True,False,BLACK,2.0,FEMALE,"259,004"
"336,008",1,42.0,2.0,Large passenger vehicle,2,"128,222",2020 Jan 22 08:23:00 PM,2020 Jan 23 02:23:00 AM,"17,528,616",False,True,False,HISPANIC,1.0,MALE,"259,005"
"336,198",4,18.0,2.0,Passenger car,1,"128,322",2020 Jan 15 11:19:00 PM,2020 Jan 16 05:19:00 AM,"17,530,629",False,True,False,HISPANIC,1.0,MALE,"259,204"
"336,200",4,59.0,1.0,Passenger car,1,"128,323",2020 Jan 17 06:33:00 AM,2020 Jan 17 12:33:00 PM,"17,530,630",False,True,False,WHITE,1.0,MALE,"259,206"
"336,203",1,20.0,2.0,Passenger car,1,"128,325",2020 Jan 19 09:37:00 PM,2020 Jan 20 03:37:00 AM,"17,530,634",False,True,False,HISPANIC,1.0,MALE,"259,209"
"336,559",1,25.0,2.0,Passenger car,1,"128,511",2020 Jan 25 11:51:00 AM,2020 Jan 25 05:51:00 PM,"17,534,735",False,True,False,HISPANIC,1.0,MALE,"259,582"
"336,993",4,25.0,1.0,Motorcycle,3,"128,743",2020 Jan 27 09:23:00 PM,2020 Jan 28 03:23:00 AM,"17,539,002",False,True,False,WHITE,1.0,MALE,"260,039"
"337,202",1,50.0,1.0,Passenger car,1,"128,848",2020 Jan 17 11:34:00 AM,2020 Jan 17 05:34:00 PM,"17,541,190",False,True,False,WHITE,2.0,FEMALE,"260,259"
"337,221",1,18.0,2.0,Pedestrian,7,"128,857",2020 Jan 24 08:02:00 AM,2020 Jan 24 02:02:00 PM,"17,541,201",False,True,False,HISPANIC,1.0,MALE,"260,278"
"337,276",1,70.0,1.0,Large passenger vehicle,2,"128,883",2020 Jan 29 12:42:00 PM,2020 Jan 29 06:42:00 PM,"17,541,268",False,True,False,WHITE,2.0,FEMALE,"260,335"
"337,297",1,50.0,3.0,Motor vehicle – other,4,"128,894",2020 Jan 29 03:04:00 PM,2020 Jan 29 09:04:00 PM,"17,541,360",False,True,False,BLACK,1.0,MALE,"260,362"
"337,387",1,15.0,1.0,Bicycle,5,"128,940",2020 Jan 30 09:37:00 AM,2020 Jan 30 03:37:00 PM,"17,541,814",False,True,False,WHITE,1.0,MALE,"260,460"
"337,775",4,24.0,2.0,Passenger car,1,"129,140",2020 Feb 01 07:39:00 PM,2020 Feb 02 01:39:00 AM,"17,546,421",False,True,False,HISPANIC,1.0,MALE,"260,880"
"337,946",1,21.0,1.0,Large passenger vehicle,2,"129,231",2020 Feb 03 02:08:00 PM,2020 Feb 03 08:08:00 PM,"17,547,465",False,True,False,WHITE,2.0,FEMALE,"261,068"
"337,947",1,35.0,4.0,Passenger car,1,"129,231",2020 Feb 03 02:08:00 PM,2020 Feb 03 08:08:00 PM,"17,547,465",False,True,False,ASIAN,2.0,FEMALE,"261,069"
"338,027",1,30.0,1.0,Motorcycle,3,"129,274",2020 Feb 03 07:31:00 PM,2020 Feb 04 01:31:00 AM,"17,548,575",False,True,False,WHITE,1.0,MALE,"261,152"
"338,035",1,58.0,3.0,Pedestrian,7,"129,277",2020 Feb 03 08:55:00 PM,2020 Feb 04 02:55:00 AM,"17,548,578",False,True,False,BLACK,1.0,MALE,"261,160"
"338,124",4,18.0,2.0,Passenger car,1,"129,325",2020 Jan 30 10:00:00 AM,2020 Jan 30 04:00:00 PM,"17,549,532",False,True,False,HISPANIC,1.0,MALE,"261,258"
"338,130",1,33.0,1.0,Motorcycle,3,"129,327",2020 Jan 31 06:50:00 AM,2020 Jan 31 12:50:00 PM,"17,549,534",False,True,False,WHITE,1.0,MALE,"261,264"
"338,472",1,26.0,4.0,Motorcycle,3,"129,501",2020 Feb 05 12:12:00 PM,2020 Feb 05 06:12:00 PM,"17,552,571",False,True,False,ASIAN,1.0,MALE,"261,625"
"339,015",4,42.0,1.0,Passenger car,1,"129,793",2020 Jan 11 11:50:00 AM,2020 Jan 11 05:50:00 PM,"17,558,997",False,True,False,WHITE,1.0,MALE,"262,217"
"339,047",1,36.0,1.0,Bicycle,5,"129,806",2020 Feb 07 05:38:00 PM,2020 Feb 07 11:38:00 PM,"17,559,018",False,True,False,WHITE,1.0,MALE,"262,250"
"339,217",4,25.0,1.0,Passenger car,1,"129,903",2020 Feb 10 01:35:00 AM,2020 Feb 10 07:35:00 AM,"17,559,702",False,True,False,WHITE,1.0,MALE,"262,431"
"339,234",1,17.0,2.0,Passenger car,1,"129,914",2020 Feb 10 11:28:00 AM,2020 Feb 10 05:28:00 PM,"17,559,720",False,True,False,HISPANIC,2.0,FEMALE,"262,453"
"339,773",4,21.0,1.0,Passenger car,1,"130,203",2020 Feb 11 02:02:00 AM,2020 Feb 11 08:02:00 AM,"17,566,130",False,True,False,WHITE,1.0,MALE,"263,035"
"339,823",1,24.0,5.0,Passenger car,1,"130,229",2020 Jan 13 11:33:00 PM,2020 Jan 14 05:33:00 AM,"17,567,032",False,True,False,OTHER,2.0,FEMALE,"263,087"
"340,229",1,34.0,1.0,Passenger car,1,"130,451",2020 Feb 07 03:05:00 PM,2020 Feb 07 09:05:00 PM,"17,573,197",False,True,False,WHITE,2.0,FEMALE,"263,519"
"340,443",1,17.0,2.0,Passenger car,1,"130,560",2020 Feb 15 09:15:00 PM,2020 Feb 16 03:15:00 AM,"17,573,666",False,True,False,HISPANIC,1.0,MALE,"263,759"
"340,530",1,63.0,3.0,Passenger car,1,"130,602",2020 Feb 17 07:23:00 AM,2020 Feb 17 01:23:00 PM,"17,573,792",False,True,False,BLACK,2.0,FEMALE,"263,854"
"340,603",4,35.0,2.0,Passenger car,1,"130,642",2020 Jan 28 02:31:00 PM,2020 Jan 28 08:31:00 PM,"17,574,580",False,True,False,HISPANIC,2.0,FEMALE,"263,932"
"340,856",1,66.0,3.0,Large passenger vehicle,2,"130,787",2020 Feb 18 08:45:00 PM,2020 Feb 19 02:45:00 AM,"17,577,506",False,True,False,BLACK,1.0,MALE,"264,218"
"341,258",1,49.0,2.0,Passenger car,1,"131,007",2020 Feb 23 12:55:00 AM,2020 Feb 23 06:55:00 AM,"17,582,779",False,True,False,HISPANIC,2.0,FEMALE,"264,648"
"341,318",1,55.0,3.0,Passenger car,1,"131,041",2020 Feb 20 12:45:00 PM,2020 Feb 20 06:45:00 PM,"17,583,579",False,True,False,BLACK,1.0,MALE,"264,719"
"341,358",1,28.0,1.0,Pedestrian,7,"131,063",2020 Feb 21 08:42:00 PM,2020 Feb 22 02:42:00 AM,"17,583,636",False,True,False,WHITE,1.0,MALE,"264,761"
"341,430",1,25.0,1.0,Pedestrian,7,"131,104",2020 Feb 23 02:09:00 AM,2020 Feb 23 08:09:00 AM,"17,583,765",False,True,False,WHITE,1.0,MALE,"264,843"
"341,438",1,22.0,1.0,Motorcycle,3,"131,109",2020 Feb 23 10:02:00 AM,2020 Feb 23 04:02:00 PM,"17,583,770",False,True,False,WHITE,1.0,MALE,"264,854"
"341,443",1,28.0,1.0,Passenger car,1,"131,112",2020 Feb 23 12:00:00 PM,2020 Feb 23 06:00:00 PM,"17,583,834",False,True,False,WHITE,1.0,MALE,"264,859"
"341,976",1,47.0,2.0,Pedestrian,7,"131,384",2020 Feb 25 08:05:00 PM,2020 Feb 26 02:05:00 AM,"17,588,180",False,True,False,HISPANIC,1.0,MALE,"265,415"
"342,008",4,56.0,1.0,Pedestrian,7,"131,402",2020 Feb 14 07:16:00 PM,2020 Feb 15 01:16:00 AM,"17,588,729",False,True,False,WHITE,1.0,MALE,"265,452"
"342,010",4,55.0,1.0,Pedestrian,7,"131,403",2020 Feb 15 10:36:00 PM,2020 Feb 16 04:36:00 AM,"17,588,732",False,True,False,WHITE,1.0,MALE,"265,454"
"342,159",1,26.0,5.0,Passenger car,1,"131,479",2020 Feb 13 05:50:00 PM,2020 Feb 13 11:50:00 PM,"17,590,332",False,True,False,OTHER,2.0,FEMALE,"265,610"
"342,461",4,36.0,1.0,Passenger car,1,"131,631",2020 Feb 22 04:54:00 AM,2020 Feb 22 10:54:00 AM,"17,592,627",False,True,False,WHITE,1.0,MALE,"265,928"
"342,480",4,41.0,1.0,Pedestrian,7,"131,639",2020 Feb 07 01:27:00 AM,2020 Feb 07 07:27:00 AM,"17,592,947",False,True,False,WHITE,1.0,MALE,"265,948"
"342,724",1,50.0,1.0,Passenger car,1,"131,779",2020 Feb 28 09:35:00 PM,2020 Feb 29 03:35:00 AM,"17,597,545",False,True,False,WHITE,2.0,FEMALE,"266,209"
"342,877",1,22.0,1.0,Passenger car,1,"131,856",2020 Mar 01 04:38:00 AM,2020 Mar 01 10:38:00 AM,"17,597,787",False,True,False,WHITE,1.0,MALE,"266,377"
"343,176",1,56.0,2.0,Pedestrian,7,"132,015",2020 Mar 02 07:56:00 PM,2020 Mar 03 01:56:00 AM,"17,600,773",False,True,False,HISPANIC,1.0,MALE,"266,702"
"343,431",1,51.0,4.0,Large passenger vehicle,2,"132,153",2020 Mar 04 07:48:00 PM,2020 Mar 05 01:48:00 AM,"17,603,006",False,True,False,ASIAN,2.0,FEMALE,"266,976"
"343,440",1,58.0,5.0,Pedestrian,7,"132,157",2020 Mar 04 07:11:00 PM,2020 Mar 05 01:11:00 AM,"17,603,010",False,True,False,OTHER,2.0,FEMALE,"266,986"
"343,606",1,38.0,1.0,Large passenger vehicle,2,"132,248",2020 Mar 05 12:08:00 PM,2020 Mar 05 06:08:00 PM,"17,605,138",False,True,False,WHITE,1.0,MALE,"267,166"
"344,156",1,28.0,1.0,Motorcycle,3,"132,536",2020 Mar 07 09:04:00 PM,2020 Mar 08 03:04:00 AM,"17,609,753",False,True,False,WHITE,1.0,MALE,"267,762"
"344,367",1,29.0,1.0,Motorcycle,3,"132,653",2020 Feb 16 10:54:00 PM,2020 Feb 17 04:54:00 AM,"17,611,816",False,True,False,WHITE,1.0,MALE,"267,988"
"344,374",1,56.0,1.0,Motorcycle,3,"132,657",2020 Mar 07 07:47:00 PM,2020 Mar 08 01:47:00 AM,"17,611,820",False,True,False,WHITE,1.0,MALE,"267,995"
"344,508",1,74.0,1.0,Large passenger vehicle,2,"132,729",2020 Feb 21 03:42:00 PM,2020 Feb 21 09:42:00 PM,"17,612,600",False,True,False,WHITE,2.0,FEMALE,"268,138"
"344,690",1,63.0,2.0,Passenger car,1,"132,825",2020 Mar 10 04:43:00 PM,2020 Mar 10 09:43:00 PM,"17,613,935",False,True,False,HISPANIC,1.0,MALE,"268,328"
"344,911",1,60.0,2.0,Pedestrian,7,"132,929",2020 Mar 11 07:31:00 PM,2020 Mar 12 12:31:00 AM,"17,615,852",False,True,False,HISPANIC,1.0,MALE,"268,563"
"344,987",1,43.0,2.0,Passenger car,1,"132,966",2020 Mar 12 12:24:00 PM,2020 Mar 12 05:24:00 PM,"17,616,472",False,True,False,HISPANIC,1.0,MALE,"268,644"
"345,365",1,55.0,2.0,Pedestrian,7,"133,167",2020 Mar 12 04:48:00 PM,2020 Mar 12 09:48:00 PM,"17,622,001",False,True,False,HISPANIC,1.0,MALE,"269,043"
"345,408",1,44.0,2.0,Large passenger vehicle,2,"133,189",2020 Mar 13 11:44:00 PM,2020 Mar 14 04:44:00 AM,"17,622,091",False,True,False,HISPANIC,1.0,MALE,"269,089"
"345,468",1,22.0,2.0,Passenger car,1,"133,219",2020 Mar 13 04:36:00 PM,2020 Mar 13 09:36:00 PM,"17,622,190",False,True,False,HISPANIC,1.0,MALE,"269,153"
"345,696",1,52.0,1.0,Passenger car,1,"133,354",2020 Mar 16 04:59:00 PM,2020 Mar 16 09:59:00 PM,"17,624,536",False,True,False,WHITE,1.0,MALE,"269,413"
"345,916",1,22.0,1.0,Pedestrian,7,"133,474",2020 Mar 14 01:30:00 AM,2020 Mar 14 06:30:00 AM,"17,626,326",False,True,False,WHITE,1.0,MALE,"269,654"
"345,920",1,20.0,3.0,Passenger car,1,"133,478",2020 Mar 17 01:03:00 PM,2020 Mar 17 06:03:00 PM,"17,626,334",False,True,False,BLACK,1.0,MALE,"269,659"
"345,921",1,36.0,4.0,Large passenger vehicle,2,"133,478",2020 Mar 17 01:03:00 PM,2020 Mar 17 06:03:00 PM,"17,626,334",False,True,False,ASIAN,2.0,FEMALE,"269,660"
"345,924",1,41.0,1.0,Passenger car,1,"133,480",2020 Mar 17 04:42:00 PM,2020 Mar 17 09:42:00 PM,"17,626,336",False,True,False,WHITE,2.0,FEMALE,"269,663"
"345,925",1,19.0,2.0,Passenger car,1,"133,480",2020 Mar 17 04:42:00 PM,2020 Mar 17 09:42:00 PM,"17,626,336",False,True,False,HISPANIC,2.0,FEMALE,"269,664"
"345,976",1,20.0,1.0,Large passenger vehicle,2,"133,510",2020 Feb 26 01:39:00 PM,2020 Feb 26 07:39:00 PM,"17,627,246",False,True,False,WHITE,2.0,FEMALE,"269,716"
"346,042",1,25.0,0.0,Motorcycle,3,"133,549",2020 Mar 18 04:00:00 PM,2020 Mar 18 09:00:00 PM,"17,628,247",False,True,False,UNKNOWN,1.0,MALE,"269,787"
"346,133",1,46.0,1.0,Large passenger vehicle,2,"133,600",2020 Mar 13 05:42:00 PM,2020 Mar 13 10:42:00 PM,"17,630,044",False,True,False,WHITE,1.0,MALE,"269,895"
"346,386",1,40.0,2.0,Passenger car,1,"133,751",2020 Mar 20 08:22:00 PM,2020 Mar 21 01:22:00 AM,"17,634,160",False,True,False,HISPANIC,1.0,MALE,"270,164"
"346,453",1,25.0,1.0,Motorcycle,3,"133,797",2020 Mar 22 12:50:00 PM,2020 Mar 22 05:50:00 PM,"17,634,261",False,True,False,WHITE,1.0,MALE,"270,246"
"346,466",1,40.0,3.0,Large passenger vehicle,2,"133,806",2020 Mar 23 06:27:00 AM,2020 Mar 23 11:27:00 AM,"17,634,301",False,True,False,BLACK,1.0,MALE,"270,261"
"346,825",1,23.0,2.0,Passenger car,1,"134,011",2020 Mar 26 06:10:00 PM,2020 Mar 26 11:10:00 PM,"17,639,903",False,True,False,HISPANIC,2.0,FEMALE,"270,667"
"346,829",1,61.0,3.0,Passenger car,1,"134,014",2020 Mar 26 10:54:00 PM,2020 Mar 27 03:54:00 AM,"17,639,909",False,True,False,BLACK,1.0,MALE,"270,671"
"347,113",1,29.0,3.0,Passenger car,1,"134,190",2020 Mar 27 08:18:00 PM,2020 Mar 28 01:18:00 AM,"17,644,606",False,True,False,BLACK,1.0,MALE,"270,989"
"347,117",1,51.0,2.0,Pedestrian,7,"134,192",2020 Mar 27 09:49:00 PM,2020 Mar 28 02:49:00 AM,"17,644,609",False,True,False,HISPANIC,1.0,MALE,"270,994"
"347,119",1,28.0,2.0,Pedestrian,7,"134,193",2020 Mar 28 01:11:00 AM,2020 Mar 28 06:11:00 AM,"17,644,643",False,True,False,HISPANIC,1.0,MALE,"270,997"
"347,162",1,35.0,2.0,Passenger car,1,"134,217",2020 Mar 29 05:55:00 PM,2020 Mar 29 10:55:00 PM,"17,644,705",False,True,False,HISPANIC,1.0,MALE,"271,043"
"347,164",1,33.0,2.0,Pedestrian,7,"134,219",2020 Mar 29 09:04:00 PM,2020 Mar 30 02:04:00 AM,"17,644,707",False,True,False,HISPANIC,1.0,MALE,"271,046"
"347,243",1,54.0,1.0,Pedestrian,7,"134,263",2020 Apr 01 04:09:00 AM,2020 Apr 01 09:09:00 AM,"17,644,793",False,True,False,WHITE,1.0,MALE,"271,127"
"347,302",1,46.0,2.0,Passenger car,1,"134,298",2020 Apr 01 09:50:00 PM,2020 Apr 02 02:50:00 AM,"17,645,719",False,True,False,HISPANIC,2.0,FEMALE,"271,192"
"347,397",1,44.0,2.0,Large passenger vehicle,2,"134,354",2020 Mar 03 09:32:00 PM,2020 Mar 04 03:32:00 AM,"17,646,874",False,True,False,HISPANIC,1.0,MALE,"271,304"
"347,570",1,20.0,2.0,Passenger car,1,"134,462",2020 Apr 05 11:29:00 PM,2020 Apr 06 04:29:00 AM,"17,648,788",False,True,False,HISPANIC,1.0,MALE,"271,495"
"347,620",1,53.0,1.0,Bicycle,5,"134,486",2020 Apr 05 07:31:00 PM,2020 Apr 06 12:31:00 AM,"17,649,937",False,True,False,WHITE,1.0,MALE,"271,549"
"347,713",1,58.0,3.0,Large passenger vehicle,2,"134,539",2020 Mar 15 04:34:00 PM,2020 Mar 15 09:34:00 PM,"17,651,023",False,True,False,BLACK,2.0,FEMALE,"271,645"
"347,730",4,23.0,2.0,Passenger car,1,"134,550",2020 Apr 07 11:55:00 PM,2020 Apr 08 04:55:00 AM,"17,651,047",False,True,False,HISPANIC,2.0,FEMALE,"271,665"
"347,885",1,56.0,3.0,Passenger car,1,"134,642",2020 Mar 20 10:21:00 AM,2020 Mar 20 03:21:00 PM,"17,653,188",False,True,False,BLACK,1.0,MALE,"271,839"
"347,997",1,20.0,2.0,Large passenger vehicle,2,"134,713",2020 Apr 11 02:24:00 AM,2020 Apr 11 07:24:00 AM,"17,655,011",False,True,False,HISPANIC,1.0,MALE,"271,965"
"348,019",1,,2.0,Bicycle,5,"134,730",2020 Apr 12 10:15:00 AM,2020 Apr 12 03:15:00 PM,"17,655,094",False,True,False,HISPANIC,1.0,MALE,"271,992"
"348,081",1,26.0,1.0,Passenger car,1,"134,765",2020 Apr 13 07:10:00 PM,2020 Apr 14 12:10:00 AM,"17,656,266",False,True,False,WHITE,2.0,FEMALE,"272,059"
"348,133",1,48.0,4.0,Large passenger vehicle,2,"134,792",2020 Apr 13 03:10:00 PM,2020 Apr 13 08:10:00 PM,"17,656,598",False,True,False,ASIAN,1.0,MALE,"272,116"
"348,141",1,16.0,1.0,Passenger car,1,"134,797",2020 Apr 14 11:56:00 AM,2020 Apr 14 04:56:00 PM,"17,656,871",False,True,False,WHITE,1.0,MALE,"272,125"
"348,240",4,32.0,1.0,Motorcycle,3,"134,853",2020 Apr 11 11:46:00 PM,2020 Apr 12 04:46:00 AM,"17,658,488",False,True,False,WHITE,1.0,MALE,"272,233"
"348,461",1,22.0,2.0,Motorcycle,3,"134,983",2020 Apr 18 01:06:00 AM,2020 Apr 18 06:06:00 AM,"17,660,660",False,True,False,HISPANIC,1.0,MALE,"272,475"
"348,464",1,32.0,2.0,Passenger car,1,"134,985",2020 Apr 18 01:00:00 AM,2020 Apr 18 06:00:00 AM,"17,660,662",False,True,False,HISPANIC,2.0,FEMALE,"272,478"
"348,571",4,50.0,2.0,Large passenger vehicle,2,"135,051",2020 Apr 20 03:43:00 PM,2020 Apr 20 08:43:00 PM,"17,662,317",False,True,False,HISPANIC,1.0,MALE,"272,594"
"348,576",1,24.0,1.0,Large passenger vehicle,2,"135,054",2020 Apr 20 09:33:00 PM,2020 Apr 21 02:33:00 AM,"17,662,320",False,True,False,WHITE,1.0,MALE,"272,599"
"348,842",1,18.0,1.0,Passenger car,1,"135,203",2020 Apr 14 06:48:00 PM,2020 Apr 14 11:48:00 PM,"17,666,730",False,True,False,WHITE,2.0,FEMALE,"272,882"
"348,850",1,36.0,2.0,Large passenger vehicle,2,"135,208",2020 Apr 24 08:06:00 AM,2020 Apr 24 01:06:00 PM,"17,666,736",False,True,False,HISPANIC,2.0,FEMALE,"272,891"
"348,958",1,34.0,2.0,Passenger car,1,"135,276",2020 Apr 24 02:39:00 PM,2020 Apr 24 07:39:00 PM,"17,668,532",False,True,False,HISPANIC,2.0,FEMALE,"273,013"
"349,021",1,17.0,1.0,Passenger car,1,"135,314",2020 Apr 25 06:36:00 PM,2020 Apr 25 11:36:00 PM,"17,668,709",False,True,False,WHITE,1.0,MALE,"273,088"
"349,024",1,19.0,3.0,Large passenger vehicle,2,"135,316",2020 Apr 26 03:01:00 AM,2020 Apr 26 08:01:00 AM,"17,668,711",False,True,False,BLACK,1.0,MALE,"273,091"
"349,026",1,44.0,3.0,Passenger car,1,"135,317",2020 Apr 26 10:37:00 AM,2020 Apr 26 03:37:00 PM,"17,668,712",False,True,False,BLACK,2.0,FEMALE,"273,093"
"349,161",4,38.0,2.0,Pedestrian,7,"135,396",2020 Apr 20 12:04:00 AM,2020 Apr 20 05:04:00 AM,"17,670,784",False,True,False,HISPANIC,1.0,MALE,"273,246"
"349,163",4,58.0,2.0,Pedestrian,7,"135,397",2020 Apr 20 10:31:00 PM,2020 Apr 21 03:31:00 AM,"17,670,785",False,True,False,HISPANIC,1.0,MALE,"273,248"
"349,231",1,25.0,2.0,Motorcycle,3,"135,434",2020 Apr 27 08:16:00 PM,2020 Apr 28 01:16:00 AM,"17,671,425",False,True,False,HISPANIC,1.0,MALE,"273,325"
"349,423",1,31.0,1.0,Pedestrian,7,"135,544",2020 Apr 30 11:10:00 AM,2020 Apr 30 04:10:00 PM,"17,673,956",False,True,False,WHITE,2.0,FEMALE,"273,539"
"349,453",1,30.0,2.0,Large passenger vehicle,2,"135,559",2020 Apr 30 05:01:00 PM,2020 Apr 30 10:01:00 PM,"17,673,977",False,True,False,HISPANIC,2.0,FEMALE,"273,570"
"349,680",4,22.0,2.0,Large passenger vehicle,2,"135,678",2020 May 02 10:41:00 PM,2020 May 03 03:41:00 AM,"17,676,730",False,True,False,HISPANIC,1.0,MALE,"273,814"
"349,702",1,66.0,2.0,Passenger car,1,"135,690",2020 May 03 12:30:00 PM,2020 May 03 05:30:00 PM,"17,676,776",False,True,False,HISPANIC,2.0,FEMALE,"273,838"
"349,815",1,63.0,1.0,Bicycle,5,"135,757",2020 May 04 07:25:00 PM,2020 May 05 12:25:00 AM,"17,678,209",False,True,False,WHITE,2.0,FEMALE,"273,962"
"349,884",1,30.0,1.0,Bicycle,5,"135,795",2020 May 04 10:24:00 PM,2020 May 05 03:24:00 AM,"17,679,646",False,True,False,WHITE,1.0,MALE,"274,040"
"350,000",1,30.0,1.0,Passenger car,1,"135,860",2020 May 06 07:48:00 PM,2020 May 07 12:48:00 AM,"17,681,329",False,True,False,WHITE,1.0,MALE,"274,173"
"350,005",1,67.0,3.0,Large passenger vehicle,2,"135,864",2020 May 07 07:37:00 AM,2020 May 07 12:37:00 PM,"17,681,341",False,True,False,BLACK,1.0,MALE,"274,184"
"350,067",1,25.0,2.0,Passenger car,1,"135,901",2020 May 07 09:50:00 PM,2020 May 08 02:50:00 AM,"17,682,482",False,True,False,HISPANIC,1.0,MALE,"274,253"
"350,213",1,56.0,1.0,Passenger car,1,"135,985",2020 May 08 05:35:00 PM,2020 May 08 10:35:00 PM,"17,685,232",False,True,False,WHITE,1.0,MALE,"274,420"
"350,264",1,20.0,2.0,Large passenger vehicle,2,"136,012",2020 May 09 07:27:00 PM,2020 May 10 12:27:00 AM,"17,685,484",False,True,False,HISPANIC,1.0,MALE,"274,476"
"350,279",1,58.0,5.0,Large passenger vehicle,2,"136,019",2020 May 10 04:59:00 AM,2020 May 10 09:59:00 AM,"17,685,496",False,True,False,OTHER,1.0,MALE,"274,492"
"350,288",1,24.0,2.0,Passenger car,1,"136,025",2020 May 10 02:42:00 PM,2020 May 10 07:42:00 PM,"17,685,592",False,True,False,HISPANIC,1.0,MALE,"274,503"
"350,328",4,36.0,3.0,Passenger car,1,"136,050",2020 Apr 28 12:19:00 PM,2020 Apr 28 05:19:00 PM,"17,686,765",False,True,False,BLACK,2.0,FEMALE,"274,547"
"350,608",1,38.0,3.0,Motorcycle,3,"136,213",2020 May 13 09:19:00 PM,2020 May 14 02:19:00 AM,"17,689,742",False,True,False,BLACK,1.0,MALE,"274,848"
"350,636",1,51.0,2.0,Passenger car,1,"136,227",2020 May 08 03:03:00 PM,2020 May 08 08:03:00 PM,"17,689,982",False,True,False,HISPANIC,2.0,FEMALE,"274,876"
"350,912",1,53.0,1.0,Motorcycle,3,"136,378",2020 May 18 10:10:00 PM,2020 May 19 03:10:00 AM,"17,693,419",False,True,False,WHITE,1.0,MALE,"275,190"
"350,935",1,56.0,1.0,Passenger car,1,"136,388",2020 May 19 10:36:00 PM,2020 May 20 03:36:00 AM,"17,693,669",False,True,False,WHITE,1.0,MALE,"275,213"
"350,942",1,28.0,1.0,Motorcycle,3,"136,391",2020 May 20 09:21:00 PM,2020 May 21 02:21:00 AM,"17,693,672",False,True,False,WHITE,1.0,MALE,"275,221"
"351,023",1,27.0,3.0,Bicycle,5,"136,434",2020 May 26 03:44:00 PM,2020 May 26 08:44:00 PM,"17,694,453",False,True,False,BLACK,1.0,MALE,"275,306"
"351,035",1,39.0,1.0,Bicycle,5,"136,439",2020 May 26 07:44:00 PM,2020 May 27 12:44:00 AM,"17,694,474",False,True,False,WHITE,1.0,MALE,"275,318"
"351,264",1,21.0,2.0,Pedestrian,7,"136,567",2020 May 05 12:49:00 AM,2020 May 05 05:49:00 AM,"17,698,607",False,True,False,HISPANIC,1.0,MALE,"275,567"
"351,265",1,32.0,1.0,Passenger car,1,"136,568",2020 May 14 12:41:00 AM,2020 May 14 05:41:00 AM,"17,698,608",False,True,False,WHITE,1.0,MALE,"275,568"
"351,280",1,58.0,3.0,Large passenger vehicle,2,"136,575",2020 May 17 10:39:00 PM,2020 May 18 03:39:00 AM,"17,698,618",False,True,False,BLACK,1.0,MALE,"275,587"
"351,296",1,71.0,2.0,Passenger car,1,"136,584",2020 May 23 11:04:00 AM,2020 May 23 04:04:00 PM,"17,698,627",False,True,False,HISPANIC,2.0,FEMALE,"275,603"
"351,565",1,37.0,1.0,Motorcycle,3,"136,743",2020 May 16 03:06:00 PM,2020 May 16 08:06:00 PM,"17,702,114",False,True,False,WHITE,1.0,MALE,"275,899"
"351,622",1,57.0,2.0,Large passenger vehicle,2,"136,778",2020 May 30 02:20:00 PM,2020 May 30 07:20:00 PM,"17,702,350",False,True,False,HISPANIC,2.0,FEMALE,"275,962"
"351,628",1,48.0,3.0,Large passenger vehicle,2,"136,781",2020 May 30 06:33:00 PM,2020 May 30 11:33:00 PM,"17,702,354",False,True,False,BLACK,2.0,FEMALE,"275,968"
"351,664",1,29.0,1.0,Motorcycle,3,"136,799",2020 May 23 04:56:00 PM,2020 May 23 09:56:00 PM,"17,703,466",False,True,False,WHITE,2.0,FEMALE,"276,007"
"351,773",1,34.0,1.0,Motorcycle,3,"136,854",2020 May 31 08:43:00 PM,2020 Jun 01 01:43:00 AM,"17,704,964",False,True,False,WHITE,1.0,MALE,"276,129"
"351,780",1,62.0,1.0,Bicycle,5,"136,858",2020 Jun 01 04:45:00 PM,2020 Jun 01 09:45:00 PM,"17,704,968",False,True,False,WHITE,1.0,MALE,"276,136"
"351,806",1,33.0,1.0,Large passenger vehicle,2,"136,873",2020 May 20 09:04:00 AM,2020 May 20 02:04:00 PM,"17,705,313",False,True,False,WHITE,1.0,MALE,"276,163"
"351,923",1,20.0,3.0,Bicycle,5,"136,937",2020 May 03 01:09:00 AM,2020 May 03 06:09:00 AM,"17,706,350",False,True,False,BLACK,1.0,MALE,"276,292"
"351,933",1,19.0,2.0,Passenger car,1,"136,941",2020 May 23 06:36:00 PM,2020 May 23 11:36:00 PM,"17,706,366",False,True,False,HISPANIC,1.0,MALE,"276,302"
"352,095",1,40.0,1.0,Passenger car,1,"137,029",2020 Jun 03 05:19:00 PM,2020 Jun 03 10:19:00 PM,"17,707,967",False,True,False,WHITE,1.0,MALE,"276,473"
"352,100",1,56.0,2.0,Pedestrian,7,"137,031",2020 Jun 03 08:02:00 PM,2020 Jun 04 01:02:00 AM,"17,707,969",False,True,False,HISPANIC,2.0,FEMALE,"276,478"
"352,206",1,24.0,1.0,Passenger car,1,"137,090",2020 May 23 03:11:00 PM,2020 May 23 08:11:00 PM,"17,709,768",False,True,False,WHITE,2.0,FEMALE,"276,591"
"352,556",1,69.0,2.0,Pedestrian,7,"137,281",2020 May 30 07:29:00 AM,2020 May 30 12:29:00 PM,"17,715,421",False,True,False,HISPANIC,1.0,MALE,"276,974"
"352,605",1,31.0,1.0,Bicycle,5,"137,308",2020 Jun 05 09:52:00 PM,2020 Jun 06 02:52:00 AM,"17,715,588",False,True,False,WHITE,1.0,MALE,"277,027"
"352,643",1,5.0,2.0,Pedestrian,7,"137,332",2020 Jun 06 07:56:00 PM,2020 Jun 07 12:56:00 AM,"17,715,671",False,True,False,HISPANIC,1.0,MALE,"277,068"
"352,859",1,79.0,2.0,Pedestrian,7,"137,451",2020 May 18 08:43:00 PM,2020 May 19 01:43:00 AM,"17,718,566",False,True,False,HISPANIC,2.0,FEMALE,"277,311"
"353,077",1,25.0,1.0,Passenger car,1,"137,568",2020 Jun 10 02:53:00 PM,2020 Jun 10 07:53:00 PM,"17,720,503",False,True,False,WHITE,2.0,FEMALE,"277,564"
"353,156",1,57.0,2.0,Large passenger vehicle,2,"137,609",2020 May 28 08:00:00 AM,2020 May 28 01:00:00 PM,"17,721,467",False,True,False,HISPANIC,1.0,MALE,"277,648"
"353,244",4,30.0,3.0,Pedestrian,7,"137,656",2020 May 21 10:36:00 PM,2020 May 22 03:36:00 AM,"17,722,897",False,True,False,BLACK,2.0,FEMALE,"277,741"
"353,326",1,33.0,2.0,Passenger car,1,"137,702",2020 Jun 12 10:05:00 AM,2020 Jun 12 03:05:00 PM,"17,723,448",False,True,False,HISPANIC,1.0,MALE,"277,828"
"353,517",1,35.0,2.0,Passenger car,1,"137,803",2020 May 12 06:05:00 PM,2020 May 12 11:05:00 PM,"17,726,431",False,True,False,HISPANIC,2.0,FEMALE,"278,034"
"353,584",1,19.0,2.0,Passenger car,1,"137,836",2020 Jun 13 12:03:00 PM,2020 Jun 13 05:03:00 PM,"17,726,620",False,True,False,HISPANIC,1.0,MALE,"278,104"
"353,634",1,26.0,1.0,Passenger car,1,"137,865",2020 Jun 14 01:10:00 PM,2020 Jun 14 06:10:00 PM,"17,726,743",False,True,False,WHITE,2.0,FEMALE,"278,160"
"353,771",1,61.0,1.0,Large passenger vehicle,2,"137,946",2020 Jun 15 04:20:00 PM,2020 Jun 15 09:20:00 PM,"17,728,486",False,True,False,WHITE,2.0,FEMALE,"278,316"
"353,773",1,56.0,2.0,Passenger car,1,"137,947",2020 Jun 15 03:37:00 PM,2020 Jun 15 08:37:00 PM,"17,728,494",False,True,False,HISPANIC,2.0,FEMALE,"278,318"
"353,924",1,29.0,2.0,Passenger car,1,"138,023",2020 Jun 16 05:57:00 PM,2020 Jun 16 10:57:00 PM,"17,730,610",False,True,False,HISPANIC,1.0,MALE,"278,479"
"353,927",1,37.0,2.0,Large passenger vehicle,2,"138,025",2020 Jun 16 02:05:00 PM,2020 Jun 16 07:05:00 PM,"17,730,612",False,True,False,HISPANIC,1.0,MALE,"278,482"
"354,263",1,60.0,2.0,Large passenger vehicle,2,"138,205",2020 Jun 18 02:31:00 PM,2020 Jun 18 07:31:00 PM,"17,734,235",False,True,False,HISPANIC,2.0,FEMALE,"278,840"
"354,423",1,40.0,2.0,Pedestrian,7,"138,294",2020 Jun 05 03:27:00 PM,2020 Jun 05 08:27:00 PM,"17,737,335",False,True,False,HISPANIC,2.0,FEMALE,"279,015"
"354,438",1,36.0,1.0,Motorcycle,3,"138,302",2020 Jun 19 02:45:00 PM,2020 Jun 19 07:45:00 PM,"17,737,345",False,True,False,WHITE,1.0,MALE,"279,031"
"354,471",1,30.0,2.0,Passenger car,1,"138,320",2020 Jun 20 06:48:00 AM,2020 Jun 20 11:48:00 AM,"17,737,432",False,True,False,HISPANIC,1.0,MALE,"279,068"
"354,476",1,25.0,2.0,Passenger car,1,"138,325",2020 Jun 20 07:45:00 AM,2020 Jun 20 12:45:00 PM,"17,737,440",False,True,False,HISPANIC,1.0,MALE,"279,076"
"354,507",1,32.0,2.0,Bicycle,5,"138,340",2020 Jun 20 01:41:00 PM,2020 Jun 20 06:41:00 PM,"17,737,546",False,True,False,HISPANIC,1.0,MALE,"279,113"
"354,592",1,43.0,2.0,Large passenger vehicle,2,"138,388",2020 Jun 22 08:44:00 AM,2020 Jun 22 01:44:00 PM,"17,738,294",False,True,False,HISPANIC,2.0,FEMALE,"279,205"
"354,593",1,49.0,3.0,Passenger car,1,"138,388",2020 Jun 22 08:44:00 AM,2020 Jun 22 01:44:00 PM,"17,738,294",False,True,False,BLACK,2.0,FEMALE,"279,206"
"354,689",1,32.0,1.0,Large passenger vehicle,2,"138,443",2020 Jun 16 02:00:00 PM,2020 Jun 16 07:00:00 PM,"17,740,037",False,True,False,WHITE,1.0,MALE,"279,309"
"354,867",1,44.0,1.0,Passenger car,1,"138,538",2020 Jun 11 04:40:00 PM,2020 Jun 11 09:40:00 PM,"17,741,600",False,True,False,WHITE,2.0,FEMALE,"279,500"
"354,875",1,23.0,4.0,Motorcycle,3,"138,543",2020 Jun 23 04:25:00 PM,2020 Jun 23 09:25:00 PM,"17,741,606",False,True,False,ASIAN,2.0,FEMALE,"279,508"
"355,047",1,65.0,1.0,Bicycle,5,"138,636",2020 Jun 24 09:18:00 PM,2020 Jun 25 02:18:00 AM,"17,743,885",False,True,False,WHITE,1.0,MALE,"279,697"
"355,060",1,43.0,2.0,Bicycle,5,"138,646",2020 Jun 25 07:30:00 AM,2020 Jun 25 12:30:00 PM,"17,743,915",False,True,False,HISPANIC,1.0,MALE,"279,710"
"355,161",4,28.0,1.0,Large passenger vehicle,2,"138,700",2020 Jun 25 07:14:00 PM,2020 Jun 26 12:14:00 AM,"17,744,957",False,True,False,WHITE,2.0,FEMALE,"279,822"
"355,230",1,23.0,1.0,Motorcycle,3,"138,739",2020 Jun 13 11:34:00 AM,2020 Jun 13 04:34:00 PM,"17,745,524",False,True,False,WHITE,2.0,FEMALE,"279,900"
"355,250",1,22.0,5.0,Passenger car,1,"138,751",2020 Jun 26 12:04:00 PM,2020 Jun 26 05:04:00 PM,"17,745,564",False,True,False,OTHER,1.0,MALE,"279,925"
"355,440",1,75.0,1.0,Passenger car,1,"138,870",2020 Jun 27 10:12:00 AM,2020 Jun 27 03:12:00 PM,"17,748,213",False,True,False,WHITE,1.0,MALE,"280,145"
"355,465",1,24.0,1.0,E-scooter,11,"138,888",2020 Jun 28 12:35:00 PM,2020 Jun 28 05:35:00 PM,"17,748,343",False,True,False,WHITE,1.0,MALE,"280,173"
"356,031",1,28.0,1.0,Passenger car,1,"139,221",2020 Jul 04 12:03:00 AM,2020 Jul 04 05:03:00 AM,"17,757,455",False,True,False,WHITE,1.0,MALE,"280,798"
"356,038",1,28.0,1.0,Large passenger vehicle,2,"139,225",2020 Jul 04 01:12:00 PM,2020 Jul 04 06:12:00 PM,"17,757,461",False,True,False,WHITE,1.0,MALE,"280,805"
"356,052",1,54.0,1.0,Passenger car,1,"139,235",2020 Jul 04 04:25:00 PM,2020 Jul 04 09:25:00 PM,"17,757,473",False,True,False,WHITE,2.0,FEMALE,"280,822"
"356,064",1,20.0,1.0,Passenger car,1,"139,243",2020 Jul 04 10:13:00 PM,2020 Jul 05 03:13:00 AM,"17,757,538",False,True,False,WHITE,2.0,FEMALE,"280,840"
"356,113",4,35.0,6.0,Pedestrian,7,"139,270",2020 May 15 02:35:00 AM,2020 May 15 07:35:00 AM,"17,758,158",False,True,False,AMER. INDIAN/ALASKAN NATIVE,1.0,MALE,"280,894"
"356,114",4,29.0,1.0,Motorcycle,3,"139,271",2020 Jun 21 04:55:00 PM,2020 Jun 21 09:55:00 PM,"17,758,166",False,True,False,WHITE,2.0,FEMALE,"280,895"
"356,121",1,74.0,1.0,Passenger car,1,"139,274",2020 Jul 06 11:16:00 AM,2020 Jul 06 04:16:00 PM,"17,758,173",False,True,False,WHITE,1.0,MALE,"280,902"
"356,327",1,36.0,1.0,Motorcycle,3,"139,381",2020 Jun 24 10:53:00 AM,2020 Jun 24 03:53:00 PM,"17,760,521",False,True,False,WHITE,1.0,MALE,"281,121"
"356,558",4,24.0,3.0,Large passenger vehicle,2,"139,504",2020 Jul 03 05:49:00 AM,2020 Jul 03 10:49:00 AM,"17,763,994",False,True,False,BLACK,1.0,MALE,"281,374"
"356,672",4,72.0,3.0,Pedestrian,7,"139,565",2020 Jul 10 07:13:00 AM,2020 Jul 10 12:13:00 PM,"17,764,892",False,True,False,BLACK,2.0,FEMALE,"281,504"
"356,787",4,55.0,3.0,Large passenger vehicle,2,"139,635",2020 Mar 29 05:17:00 AM,2020 Mar 29 10:17:00 AM,"17,767,659",False,True,False,BLACK,1.0,MALE,"281,634"
"356,828",4,23.0,2.0,Pedestrian,7,"139,658",2020 Jul 10 04:34:00 AM,2020 Jul 10 09:34:00 AM,"17,767,699",False,True,False,HISPANIC,1.0,MALE,"281,681"
"356,949",1,37.0,2.0,Passenger car,1,"139,730",2020 Jul 13 07:04:00 AM,2020 Jul 13 12:04:00 PM,"17,768,582",False,True,False,HISPANIC,1.0,MALE,"281,819"
"357,117",1,43.0,1.0,Passenger car,1,"139,823",2020 Jul 10 05:30:00 PM,2020 Jul 10 10:30:00 PM,"17,771,251",False,True,False,WHITE,2.0,FEMALE,"282,001"
"357,143",1,56.0,1.0,Passenger car,1,"139,836",2020 Jul 14 10:09:00 PM,2020 Jul 15 03:09:00 AM,"17,771,278",False,True,False,WHITE,1.0,MALE,"282,027"
"357,426",1,40.0,2.0,Passenger car,1,"139,990",2020 Jul 16 05:39:00 PM,2020 Jul 16 10:39:00 PM,"17,774,058",False,True,False,HISPANIC,1.0,MALE,"282,337"
"357,488",4,71.0,1.0,Pedestrian,7,"140,023",2020 Jul 17 09:40:00 AM,2020 Jul 17 02:40:00 PM,"17,774,653",False,True,False,WHITE,1.0,MALE,"282,402"
"357,541",1,40.0,4.0,Passenger car,1,"140,053",2020 Jul 19 07:05:00 AM,2020 Jul 19 12:05:00 PM,"17,775,744",False,True,False,ASIAN,2.0,FEMALE,"282,458"
"357,542",1,41.0,1.0,Large passenger vehicle,2,"140,053",2020 Jul 19 07:05:00 AM,2020 Jul 19 12:05:00 PM,"17,775,744",False,True,False,WHITE,2.0,FEMALE,"282,459"
"357,652",1,32.0,2.0,Large passenger vehicle,2,"140,116",2020 Jul 17 07:03:00 PM,2020 Jul 18 12:03:00 AM,"17,776,877",False,True,False,HISPANIC,1.0,MALE,"282,585"
"357,654",1,31.0,3.0,Passenger car,1,"140,117",2020 Jul 17 08:41:00 PM,2020 Jul 18 01:41:00 AM,"17,776,881",False,True,False,BLACK,1.0,MALE,"282,588"
"357,714",1,49.0,4.0,Large passenger vehicle,2,"140,150",2020 Jul 19 07:57:00 AM,2020 Jul 19 12:57:00 PM,"17,777,120",False,True,False,ASIAN,1.0,MALE,"282,654"
"357,964",1,36.0,1.0,Motorcycle,3,"140,285",2020 Jul 18 11:27:00 AM,2020 Jul 18 04:27:00 PM,"17,779,758",False,True,False,WHITE,1.0,MALE,"282,928"
"357,997",4,33.0,1.0,Pedestrian,7,"140,302",2020 Jun 02 11:50:00 PM,2020 Jun 03 04:50:00 AM,"17,780,497",False,True,False,WHITE,2.0,FEMALE,"282,963"
"358,045",4,55.0,3.0,Pedestrian,7,"140,326",2020 Mar 27 08:32:00 PM,2020 Mar 28 01:32:00 AM,"17,780,736",False,True,False,BLACK,2.0,FEMALE,"283,014"
"358,240",4,55.0,3.0,Pedestrian,7,"140,430",2020 May 11 12:52:00 AM,2020 May 11 05:52:00 AM,"17,783,378",False,True,False,BLACK,1.0,MALE,"283,226"
"358,270",1,33.0,1.0,Pedestrian,7,"140,446",2020 Jul 23 03:01:00 PM,2020 Jul 23 08:01:00 PM,"17,783,407",False,True,False,WHITE,2.0,FEMALE,"283,258"
"358,304",4,27.0,2.0,Passenger car,1,"140,466",2020 Jul 24 12:42:00 AM,2020 Jul 24 05:42:00 AM,"17,783,491",False,True,False,HISPANIC,1.0,MALE,"283,293"
"358,305",4,47.0,1.0,Large passenger vehicle,2,"140,466",2020 Jul 24 12:42:00 AM,2020 Jul 24 05:42:00 AM,"17,783,491",False,True,False,WHITE,1.0,MALE,"283,294"
"358,480",1,24.0,1.0,Large passenger vehicle,2,"140,562",2020 May 30 01:46:00 AM,2020 May 30 06:46:00 AM,"17,786,802",False,True,False,WHITE,1.0,MALE,"283,491"
"358,530",1,30.0,1.0,Motorcycle,3,"140,583",2020 Jul 24 08:46:00 PM,2020 Jul 25 01:46:00 AM,"17,786,856",False,True,False,WHITE,1.0,MALE,"283,545"
"358,550",4,69.0,2.0,Pedestrian,7,"140,593",2020 Jul 24 11:35:00 PM,2020 Jul 25 04:35:00 AM,"17,786,935",False,True,False,HISPANIC,1.0,MALE,"283,567"
"358,557",1,62.0,1.0,Passenger car,1,"140,600",2020 Jul 25 09:25:00 AM,2020 Jul 25 02:25:00 PM,"17,786,958",False,True,False,WHITE,1.0,MALE,"283,579"
"358,588",1,33.0,2.0,Large passenger vehicle,2,"140,613",2020 Jul 25 03:19:00 PM,2020 Jul 25 08:19:00 PM,"17,787,023",False,True,False,HISPANIC,1.0,MALE,"283,613"
"359,386",1,23.0,3.0,Passenger car,1,"141,057",2020 May 14 02:34:00 PM,2020 May 14 07:34:00 PM,"17,797,626",False,True,False,BLACK,2.0,FEMALE,"284,493"
"359,410",1,37.0,1.0,Passenger car,1,"141,069",2020 Jul 31 06:30:00 PM,2020 Jul 31 11:30:00 PM,"17,797,644",False,True,False,WHITE,2.0,FEMALE,"284,519"
"359,511",1,55.0,1.0,Motorcycle,3,"141,133",2020 Aug 02 08:51:00 PM,2020 Aug 03 01:51:00 AM,"17,799,201",False,True,False,WHITE,1.0,MALE,"284,633"
"359,685",1,24.0,2.0,Passenger car,1,"141,223",2020 Jul 19 11:50:00 AM,2020 Jul 19 04:50:00 PM,"17,801,437",False,True,False,HISPANIC,2.0,FEMALE,"284,817"
"359,836",1,31.0,1.0,Bicycle,5,"141,302",2020 Aug 06 07:36:00 AM,2020 Aug 06 12:36:00 PM,"17,802,801",False,True,False,WHITE,1.0,MALE,"284,983"
"359,866",1,,2.0,Motor vehicle – other,4,"141,316",2020 Jun 18 10:17:00 PM,2020 Jun 19 03:17:00 AM,"17,803,451",False,True,False,HISPANIC,1.0,MALE,"285,016"
"360,042",1,38.0,3.0,Large passenger vehicle,2,"141,407",2020 Aug 06 04:56:00 PM,2020 Aug 06 09:56:00 PM,"17,804,643",False,True,False,BLACK,1.0,MALE,"285,207"
"360,461",4,80.0,1.0,Passenger car,1,"141,646",2020 Aug 10 01:22:00 PM,2020 Aug 10 06:22:00 PM,"17,809,473",False,True,False,WHITE,2.0,FEMALE,"285,659"
"360,584",1,42.0,2.0,Pedestrian,7,"141,711",2020 Jul 26 09:29:00 AM,2020 Jul 26 02:29:00 PM,"17,811,413",False,True,False,HISPANIC,1.0,MALE,"285,793"
"360,650",1,60.0,2.0,Passenger car,1,"141,747",2020 Aug 12 07:22:00 AM,2020 Aug 12 12:22:00 PM,"17,811,816",False,True,False,HISPANIC,2.0,FEMALE,"285,865"
"360,731",1,37.0,1.0,Passenger car,1,"141,793",2020 Aug 12 05:55:00 PM,2020 Aug 12 10:55:00 PM,"17,813,020",False,True,False,WHITE,2.0,FEMALE,"285,958"
"360,924",1,32.0,1.0,Pedestrian,7,"141,896",2020 Aug 14 10:45:00 AM,2020 Aug 14 03:45:00 PM,"17,815,088",False,True,False,WHITE,1.0,MALE,"286,164"
"361,047",1,25.0,2.0,Passenger car,1,"141,961",2020 Aug 08 01:32:00 AM,2020 Aug 08 06:32:00 AM,"17,817,537",False,True,False,HISPANIC,1.0,MALE,"286,299"
"361,048",1,,2.0,Passenger car,1,"141,961",2020 Aug 08 01:32:00 AM,2020 Aug 08 06:32:00 AM,"17,817,537",False,True,False,HISPANIC,1.0,MALE,"286,300"
"361,055",1,23.0,2.0,Passenger car,1,"141,964",2020 Aug 10 01:08:00 AM,2020 Aug 10 06:08:00 AM,"17,817,540",False,True,False,HISPANIC,1.0,MALE,"286,307"
"361,098",1,34.0,2.0,Large passenger vehicle,2,"141,984",2020 Aug 14 06:19:00 PM,2020 Aug 14 11:19:00 PM,"17,817,572",False,True,False,HISPANIC,1.0,MALE,"286,352"
"361,334",1,19.0,4.0,Passenger car,1,"142,109",2020 Aug 17 04:33:00 PM,2020 Aug 17 09:33:00 PM,"17,820,118",False,True,False,ASIAN,2.0,FEMALE,"286,613"
"361,522",4,43.0,1.0,Pedestrian,7,"142,208",2020 Jul 23 01:34:00 AM,2020 Jul 23 06:34:00 AM,"17,822,218",False,True,False,WHITE,2.0,FEMALE,"286,812"
"361,537",1,50.0,1.0,Passenger car,1,"142,216",2020 Aug 01 07:54:00 PM,2020 Aug 02 12:54:00 AM,"17,822,386",False,True,False,WHITE,1.0,MALE,"286,827"
"361,946",1,36.0,2.0,Motorcycle,3,"142,444",2020 Aug 21 10:23:00 PM,2020 Aug 22 03:23:00 AM,"17,828,061",False,True,False,HISPANIC,1.0,MALE,"287,282"
"362,007",1,19.0,2.0,Large passenger vehicle,2,"142,482",2020 Aug 17 11:54:00 AM,2020 Aug 17 04:54:00 PM,"17,829,253",False,True,False,HISPANIC,1.0,MALE,"287,353"
"362,021",1,57.0,2.0,Passenger car,1,"142,490",2020 Aug 23 03:57:00 PM,2020 Aug 23 08:57:00 PM,"17,829,313",False,True,False,HISPANIC,1.0,MALE,"287,367"
"362,022",4,31.0,1.0,Pedestrian,7,"142,490",2020 Aug 23 03:57:00 PM,2020 Aug 23 08:57:00 PM,"17,829,313",False,True,False,WHITE,1.0,MALE,"287,368"
"362,145",4,57.0,1.0,Pedestrian,7,"142,563",2020 Aug 25 03:26:00 AM,2020 Aug 25 08:26:00 AM,"17,830,458",False,True,False,WHITE,2.0,FEMALE,"287,513"
"362,319",1,34.0,1.0,Pedestrian,7,"142,653",2020 Aug 20 09:45:00 AM,2020 Aug 20 02:45:00 PM,"17,833,670",False,True,False,WHITE,2.0,FEMALE,"287,697"
"362,475",1,19.0,2.0,Passenger car,1,"142,731",2020 Aug 26 06:26:00 PM,2020 Aug 26 11:26:00 PM,"17,834,327",False,True,False,HISPANIC,1.0,MALE,"287,869"
"362,478",4,31.0,2.0,Bicycle,5,"142,732",2020 Aug 26 10:28:00 PM,2020 Aug 27 03:28:00 AM,"17,834,328",False,True,False,HISPANIC,1.0,MALE,"287,872"
"362,653",1,26.0,2.0,Motorcycle,3,"142,831",2020 Aug 28 09:26:00 AM,2020 Aug 28 02:26:00 PM,"17,835,755",False,True,False,HISPANIC,1.0,MALE,"288,062"
"362,777",1,30.0,1.0,Bicycle,5,"142,901",2020 Aug 27 09:54:00 AM,2020 Aug 27 02:54:00 PM,"17,838,056",False,True,False,WHITE,1.0,MALE,"288,199"
"362,805",1,27.0,2.0,Large passenger vehicle,2,"142,917",2020 Aug 28 09:40:00 PM,2020 Aug 29 02:40:00 AM,"17,838,203",False,True,False,HISPANIC,1.0,MALE,"288,227"
"362,817",1,31.0,2.0,Large passenger vehicle,2,"142,923",2020 Aug 28 02:11:00 AM,2020 Aug 28 07:11:00 AM,"17,838,211",False,True,False,HISPANIC,1.0,MALE,"288,239"
"362,986",1,,2.0,Large passenger vehicle,2,"143,014",2020 Aug 29 12:11:00 PM,2020 Aug 29 05:11:00 PM,"17,838,845",False,True,False,HISPANIC,1.0,MALE,"288,421"
"363,010",4,55.0,2.0,Pedestrian,7,"143,028",2020 Aug 22 08:51:00 PM,2020 Aug 23 01:51:00 AM,"17,839,138",False,True,False,HISPANIC,1.0,MALE,"288,451"
"363,151",4,17.0,2.0,Passenger car,1,"143,098",2020 Jul 28 11:50:00 PM,2020 Jul 29 04:50:00 AM,"17,841,403",False,True,False,HISPANIC,1.0,MALE,"288,608"
"363,159",4,26.0,1.0,Passenger car,1,"143,102",2020 Aug 26 06:44:00 AM,2020 Aug 26 11:44:00 AM,"17,841,409",False,True,False,WHITE,1.0,MALE,"288,617"
"363,165",4,32.0,1.0,Bicycle,5,"143,103",2020 Aug 26 10:26:00 PM,2020 Aug 27 03:26:00 AM,"17,841,420",False,True,False,WHITE,1.0,MALE,"288,623"
"363,415",1,28.0,3.0,Motorcycle,3,"143,242",2020 Sep 03 01:16:00 AM,2020 Sep 03 06:16:00 AM,"17,844,303",False,True,False,BLACK,1.0,MALE,"288,896"
"363,589",1,51.0,2.0,Passenger car,1,"143,337",2020 Sep 04 01:01:00 AM,2020 Sep 04 06:01:00 AM,"17,845,830",False,True,False,HISPANIC,1.0,MALE,"289,074"
"363,590",1,27.0,2.0,Large passenger vehicle,2,"143,337",2020 Sep 04 01:01:00 AM,2020 Sep 04 06:01:00 AM,"17,845,830",False,True,False,HISPANIC,1.0,MALE,"289,075"
"363,923",1,56.0,1.0,Motorcycle,3,"143,523",2020 Aug 19 07:17:00 AM,2020 Aug 19 12:17:00 PM,"17,850,120",False,True,False,WHITE,1.0,MALE,"289,436"
"363,950",1,32.0,1.0,Large passenger vehicle,2,"143,539",2020 Sep 01 01:53:00 PM,2020 Sep 01 06:53:00 PM,"17,850,194",False,True,False,WHITE,1.0,MALE,"289,464"
"364,054",1,23.0,1.0,Pedestrian,7,"143,593",2020 Sep 05 10:30:00 PM,2020 Sep 06 03:30:00 AM,"17,850,788",False,True,False,WHITE,1.0,MALE,"289,576"
"364,063",1,69.0,2.0,Large passenger vehicle,2,"143,600",2020 Sep 06 09:52:00 AM,2020 Sep 06 02:52:00 PM,"17,850,797",False,True,False,HISPANIC,1.0,MALE,"289,586"
"364,108",1,21.0,2.0,Motorcycle,3,"143,628",2020 Sep 07 03:26:00 AM,2020 Sep 07 08:26:00 AM,"17,851,694",False,True,False,HISPANIC,1.0,MALE,"289,634"
"364,126",1,69.0,1.0,Passenger car,1,"143,641",2020 Sep 07 05:29:00 PM,2020 Sep 07 10:29:00 PM,"17,851,727",False,True,False,WHITE,1.0,MALE,"289,654"
"364,143",1,29.0,2.0,Passenger car,1,"143,650",2020 Aug 26 11:01:00 AM,2020 Aug 26 04:01:00 PM,"17,851,943",False,True,False,HISPANIC,1.0,MALE,"289,672"
"364,179",1,31.0,3.0,Passenger car,1,"143,670",2020 Sep 08 11:44:00 PM,2020 Sep 09 04:44:00 AM,"17,852,252",False,True,False,BLACK,2.0,FEMALE,"289,714"
"364,395",1,55.0,1.0,Bicycle,5,"143,786",2020 Aug 23 09:20:00 AM,2020 Aug 23 02:20:00 PM,"17,854,898",False,True,False,WHITE,2.0,FEMALE,"289,944"
"364,399",1,28.0,3.0,Passenger car,1,"143,788",2020 Aug 23 05:36:00 AM,2020 Aug 23 10:36:00 AM,"17,854,900",False,True,False,BLACK,1.0,MALE,"289,948"
"364,563",1,27.0,1.0,Motorcycle,3,"143,882",2020 May 22 07:53:00 PM,2020 May 23 12:53:00 AM,"17,856,847",False,True,False,WHITE,2.0,FEMALE,"290,127"
"364,681",4,41.0,2.0,Bicycle,5,"143,949",2020 Aug 03 05:50:00 AM,2020 Aug 03 10:50:00 AM,"17,857,683",False,True,False,HISPANIC,1.0,MALE,"290,257"
"364,850",1,36.0,1.0,Passenger car,1,"144,040",2020 Jul 26 06:18:00 PM,2020 Jul 26 11:18:00 PM,"17,859,997",False,True,False,WHITE,2.0,FEMALE,"290,439"
"364,851",1,40.0,1.0,Passenger car,1,"144,040",2020 Jul 26 06:18:00 PM,2020 Jul 26 11:18:00 PM,"17,859,997",False,True,False,WHITE,1.0,MALE,"290,440"
"364,974",1,52.0,1.0,Passenger car,1,"144,109",2020 Sep 13 10:52:00 AM,2020 Sep 13 03:52:00 PM,"17,860,249",False,True,False,WHITE,1.0,MALE,"290,571"
"365,034",1,20.0,1.0,Motorcycle,3,"144,144",2020 Sep 12 10:44:00 AM,2020 Sep 12 03:44:00 PM,"17,860,842",False,True,False,WHITE,1.0,MALE,"290,638"
"365,218",4,38.0,1.0,Large passenger vehicle,2,"144,247",2020 Sep 15 07:26:00 PM,2020 Sep 16 12:26:00 AM,"17,864,015",False,True,False,WHITE,1.0,MALE,"290,842"
"365,283",1,58.0,2.0,Passenger car,1,"144,287",2020 Sep 03 03:12:00 PM,2020 Sep 03 08:12:00 PM,"17,864,729",False,True,False,HISPANIC,1.0,MALE,"290,918"
"365,289",1,65.0,1.0,Passenger car,1,"144,291",2020 Sep 15 11:14:00 AM,2020 Sep 15 04:14:00 PM,"17,864,734",False,True,False,WHITE,2.0,FEMALE,"290,925"
"365,499",1,40.0,1.0,Motorcycle,3,"144,406",2020 Sep 17 05:07:00 PM,2020 Sep 17 10:07:00 PM,"17,867,276",False,True,False,WHITE,1.0,MALE,"291,149"
"365,653",1,37.0,1.0,Large passenger vehicle,2,"144,491",2020 Sep 14 01:10:00 AM,2020 Sep 14 06:10:00 AM,"17,870,460",False,True,False,WHITE,1.0,MALE,"291,312"
"365,679",1,54.0,2.0,Passenger car,1,"144,503",2020 Sep 18 08:02:00 PM,2020 Sep 19 01:02:00 AM,"17,870,480",False,True,False,HISPANIC,2.0,FEMALE,"291,341"
"365,766",1,71.0,2.0,Large passenger vehicle,2,"144,551",2020 Sep 19 08:16:00 PM,2020 Sep 20 01:16:00 AM,"17,870,729",False,True,False,HISPANIC,2.0,FEMALE,"291,439"
"365,784",1,35.0,2.0,Large passenger vehicle,2,"144,561",2020 Sep 20 01:34:00 AM,2020 Sep 20 06:34:00 AM,"17,870,763",False,True,False,HISPANIC,1.0,MALE,"291,458"
"365,786",1,28.0,1.0,Motorcycle,3,"144,562",2020 Sep 20 03:30:00 AM,2020 Sep 20 08:30:00 AM,"17,870,765",False,True,False,WHITE,1.0,MALE,"291,460"
"365,797",1,29.0,1.0,Passenger car,1,"144,569",2020 Sep 20 09:14:00 AM,2020 Sep 20 02:14:00 PM,"17,870,785",False,True,False,WHITE,1.0,MALE,"291,473"
"366,058",1,23.0,5.0,Pedestrian,7,"144,718",2020 Aug 28 09:59:00 PM,2020 Aug 29 02:59:00 AM,"17,874,007",False,True,False,OTHER,1.0,MALE,"291,755"
"366,207",4,39.0,2.0,Pedestrian,7,"144,800",2020 Sep 15 08:53:00 AM,2020 Sep 15 01:53:00 PM,"17,875,590",False,True,False,HISPANIC,2.0,FEMALE,"291,915"
"366,475",1,16.0,1.0,Passenger car,1,"144,932",2020 Sep 25 07:45:00 AM,2020 Sep 25 12:45:00 PM,"17,878,608",False,True,False,WHITE,1.0,MALE,"292,198"
"366,602",1,86.0,1.0,Large passenger vehicle,2,"144,999",2020 Aug 13 06:51:00 PM,2020 Aug 13 11:51:00 PM,"17,879,211",False,True,False,WHITE,1.0,MALE,"292,338"
"366,921",4,53.0,1.0,Passenger car,1,"145,177",2020 Sep 27 05:50:00 AM,2020 Sep 27 10:50:00 AM,"17,882,150",False,True,False,WHITE,1.0,MALE,"292,690"
"366,937",1,71.0,1.0,Passenger car,1,"145,185",2020 Sep 27 05:07:00 PM,2020 Sep 27 10:07:00 PM,"17,882,159",False,True,False,WHITE,2.0,FEMALE,"292,706"
"367,275",1,61.0,3.0,Passenger car,1,"145,361",2020 Sep 24 12:39:00 PM,2020 Sep 24 05:39:00 PM,"17,885,980",False,True,False,BLACK,2.0,FEMALE,"293,083"
"367,933",1,20.0,3.0,Passenger car,1,"145,715",2020 Sep 30 02:46:00 PM,2020 Sep 30 07:46:00 PM,"17,892,940",False,True,False,BLACK,2.0,FEMALE,"293,816"
"368,004",1,29.0,1.0,Motorcycle,3,"145,753",2020 Oct 03 02:20:00 PM,2020 Oct 03 07:20:00 PM,"17,893,427",False,True,False,WHITE,1.0,MALE,"293,898"
"368,070",4,59.0,3.0,Passenger car,1,"145,791",2020 Oct 04 05:45:00 PM,2020 Oct 04 10:45:00 PM,"17,893,615",False,True,False,BLACK,1.0,MALE,"293,970"
"368,106",1,23.0,1.0,Passenger car,1,"145,806",2020 Oct 01 02:37:00 PM,2020 Oct 01 07:37:00 PM,"17,893,996",False,True,False,WHITE,1.0,MALE,"294,011"
"368,111",1,24.0,1.0,Motorcycle,3,"145,809",2020 Oct 05 10:26:00 AM,2020 Oct 05 03:26:00 PM,"17,894,000",False,True,False,WHITE,1.0,MALE,"294,016"
"368,401",1,32.0,1.0,Passenger car,1,"145,960",2020 Oct 05 05:57:00 PM,2020 Oct 05 10:57:00 PM,"17,898,135",False,True,False,WHITE,1.0,MALE,"294,336"
"368,501",4,28.0,1.0,Motorcycle,3,"146,013",2020 Oct 06 05:07:00 PM,2020 Oct 06 10:07:00 PM,"17,899,254",False,True,False,WHITE,1.0,MALE,"294,447"
"368,539",1,54.0,1.0,Passenger car,1,"146,031",2020 Oct 07 07:37:00 PM,2020 Oct 08 12:37:00 AM,"17,899,286",False,True,False,WHITE,1.0,MALE,"294,488"
"368,593",1,47.0,1.0,Large passenger vehicle,2,"146,059",2020 Oct 07 11:51:00 AM,2020 Oct 07 04:51:00 PM,"17,899,947",False,True,False,WHITE,1.0,MALE,"294,551"
"368,703",1,21.0,1.0,Pedestrian,7,"146,119",2020 Sep 25 05:52:00 AM,2020 Sep 25 10:52:00 AM,"17,901,364",False,True,False,WHITE,1.0,MALE,"294,672"
"368,712",1,43.0,2.0,Large passenger vehicle,2,"146,124",2020 Sep 02 11:19:00 AM,2020 Sep 02 04:19:00 PM,"17,901,393",False,True,False,HISPANIC,1.0,MALE,"294,681"
"368,936",1,10.0,2.0,Pedestrian,7,"146,246",2020 Oct 04 06:00:00 PM,2020 Oct 04 11:00:00 PM,"17,904,933",False,True,False,HISPANIC,2.0,FEMALE,"294,927"
"368,955",1,24.0,2.0,Motorcycle,3,"146,255",2020 Oct 09 03:53:00 PM,2020 Oct 09 08:53:00 PM,"17,904,951",False,True,False,HISPANIC,1.0,MALE,"294,947"
"368,993",1,32.0,1.0,Pedestrian,7,"146,275",2020 Oct 09 05:00:00 PM,2020 Oct 09 10:00:00 PM,"17,905,050",False,True,False,WHITE,1.0,MALE,"294,989"
"369,026",1,24.0,0.0,Motorcycle,3,"146,298",2020 Oct 10 05:31:00 PM,2020 Oct 10 10:31:00 PM,"17,905,207",False,True,False,UNKNOWN,1.0,MALE,"295,025"
"369,052",1,38.0,2.0,Motorcycle,3,"146,314",2020 Oct 11 01:22:00 AM,2020 Oct 11 06:22:00 AM,"17,905,234",False,True,False,HISPANIC,1.0,MALE,"295,055"
"369,058",1,71.0,2.0,Pedestrian,7,"146,318",2020 Oct 11 08:37:00 AM,2020 Oct 11 01:37:00 PM,"17,905,238",False,True,False,HISPANIC,2.0,FEMALE,"295,062"
"369,247",4,33.0,1.0,Motorcycle,3,"146,420",2020 Oct 11 11:13:00 PM,2020 Oct 12 04:13:00 AM,"17,906,817",False,True,False,WHITE,2.0,FEMALE,"295,267"
"369,390",1,51.0,3.0,Large passenger vehicle,2,"146,495",2020 Oct 01 11:37:00 PM,2020 Oct 02 04:37:00 AM,"17,908,642",False,True,False,BLACK,1.0,MALE,"295,429"
"369,439",1,24.0,2.0,Passenger car,1,"146,517",2020 Oct 13 04:55:00 PM,2020 Oct 13 09:55:00 PM,"17,908,713",False,True,False,HISPANIC,1.0,MALE,"295,484"
"369,798",1,53.0,3.0,Passenger car,1,"146,717",2020 Oct 15 12:47:00 PM,2020 Oct 15 05:47:00 PM,"17,912,295",False,True,False,BLACK,1.0,MALE,"295,875"
"370,075",1,22.0,3.0,Large passenger vehicle,2,"146,871",2020 Oct 11 02:25:00 AM,2020 Oct 11 07:25:00 AM,"17,915,975",False,True,False,BLACK,2.0,FEMALE,"296,183"
"370,141",1,56.0,1.0,Motorcycle,3,"146,902",2020 Oct 16 03:30:00 PM,2020 Oct 16 08:30:00 PM,"17,916,287",False,True,False,WHITE,1.0,MALE,"296,252"
"370,180",4,35.0,3.0,Passenger car,1,"146,922",2020 Oct 17 02:16:00 AM,2020 Oct 17 07:16:00 AM,"17,916,331",False,True,False,BLACK,2.0,FEMALE,"296,291"
"370,272",1,48.0,2.0,Motorcycle,3,"146,974",2020 Oct 19 11:07:00 PM,2020 Oct 20 04:07:00 AM,"17,916,727",False,True,False,HISPANIC,1.0,MALE,"296,401"
"370,384",1,29.0,2.0,Large passenger vehicle,2,"147,038",2020 Oct 12 02:11:00 AM,2020 Oct 12 07:11:00 AM,"17,918,188",False,True,False,HISPANIC,2.0,FEMALE,"296,525"
"370,412",1,24.0,2.0,Passenger car,1,"147,053",2020 Oct 19 05:55:00 PM,2020 Oct 19 10:55:00 PM,"17,918,207",False,True,False,HISPANIC,1.0,MALE,"296,553"
"370,435",1,53.0,2.0,Passenger car,1,"147,064",2020 Oct 20 03:08:00 AM,2020 Oct 20 08:08:00 AM,"17,918,279",False,True,False,HISPANIC,1.0,MALE,"296,578"
"370,561",1,56.0,3.0,Pedestrian,7,"147,128",2020 Oct 10 06:41:00 PM,2020 Oct 10 11:41:00 PM,"17,920,336",False,True,False,BLACK,1.0,MALE,"296,714"
"370,593",1,44.0,2.0,Passenger car,1,"147,146",2020 Oct 21 08:15:00 AM,2020 Oct 21 01:15:00 PM,"17,920,524",False,True,False,HISPANIC,2.0,FEMALE,"296,750"
"370,694",1,38.0,2.0,Large passenger vehicle,2,"147,202",2020 Oct 20 06:20:00 PM,2020 Oct 20 11:20:00 PM,"17,922,000",False,True,False,HISPANIC,1.0,MALE,"296,864"
"370,717",1,23.0,1.0,Motorcycle,3,"147,213",2020 Oct 21 06:51:00 PM,2020 Oct 21 11:51:00 PM,"17,922,022",False,True,False,WHITE,1.0,MALE,"296,887"
"370,794",4,63.0,1.0,Motorcycle,3,"147,254",2020 Sep 12 12:58:00 PM,2020 Sep 12 05:58:00 PM,"17,922,557",False,True,False,WHITE,1.0,MALE,"296,970"
"370,803",4,54.0,0.0,Pedestrian,7,"147,259",2020 Oct 19 08:00:00 PM,2020 Oct 20 01:00:00 AM,"17,922,573",False,True,False,UNKNOWN,1.0,MALE,"296,980"
"370,816",1,90.0,1.0,Passenger car,1,"147,266",2020 Oct 21 06:01:00 PM,2020 Oct 21 11:01:00 PM,"17,922,580",False,True,False,WHITE,2.0,FEMALE,"296,995"
"371,153",4,26.0,1.0,Bicycle,5,"147,455",2020 Oct 22 11:02:00 PM,2020 Oct 23 04:02:00 AM,"17,928,449",False,True,False,WHITE,1.0,MALE,"297,367"
"371,177",1,54.0,3.0,Passenger car,1,"147,469",2020 Oct 23 11:31:00 AM,2020 Oct 23 04:31:00 PM,"17,928,469",False,True,False,BLACK,1.0,MALE,"297,392"
"371,178",1,54.0,3.0,Pedestrian,7,"147,469",2020 Oct 23 11:31:00 AM,2020 Oct 23 04:31:00 PM,"17,928,469",False,True,False,BLACK,1.0,MALE,"297,393"
"371,290",1,24.0,3.0,Passenger car,1,"147,540",2020 Oct 26 04:40:00 AM,2020 Oct 26 09:40:00 AM,"17,928,689",False,True,False,BLACK,1.0,MALE,"297,526"
"371,608",1,28.0,2.0,Pedestrian,7,"147,716",2020 Oct 28 06:05:00 AM,2020 Oct 28 11:05:00 AM,"17,933,353",False,True,False,HISPANIC,1.0,MALE,"297,873"
"371,702",1,61.0,1.0,Bicycle,5,"147,770",2020 Oct 07 07:23:00 PM,2020 Oct 08 12:23:00 AM,"17,934,890",False,True,False,WHITE,1.0,MALE,"297,974"
"371,731",1,50.0,1.0,Motorcycle,3,"147,783",2020 Oct 23 09:45:00 PM,2020 Oct 24 02:45:00 AM,"17,935,018",False,True,False,WHITE,1.0,MALE,"298,003"
"371,765",1,55.0,2.0,Motor vehicle – other,4,"147,802",2020 Oct 28 08:19:00 PM,2020 Oct 29 01:19:00 AM,"17,935,051",False,True,False,HISPANIC,1.0,MALE,"298,040"
"372,399",1,44.0,3.0,Passenger car,1,"148,140",2020 Oct 31 11:56:00 AM,2020 Oct 31 04:56:00 PM,"17,941,956",False,True,False,BLACK,2.0,FEMALE,"298,725"
"372,450",4,67.0,1.0,Large passenger vehicle,2,"148,164",2020 Oct 31 09:04:00 PM,2020 Nov 01 02:04:00 AM,"17,942,113",False,True,False,WHITE,1.0,MALE,"298,787"
"372,467",1,48.0,1.0,Pedestrian,7,"148,172",2020 Nov 01 09:12:00 AM,2020 Nov 01 03:12:00 PM,"17,942,122",False,True,False,WHITE,2.0,FEMALE,"298,804"
"372,494",1,21.0,1.0,Passenger car,1,"148,185",2020 Nov 01 08:30:00 PM,2020 Nov 02 02:30:00 AM,"17,942,135",False,True,False,WHITE,1.0,MALE,"298,836"
"372,637",1,69.0,2.0,Passenger car,1,"148,267",2020 Nov 03 03:07:00 PM,2020 Nov 03 09:07:00 PM,"17,944,028",False,True,False,HISPANIC,2.0,FEMALE,"298,995"
"372,753",4,52.0,1.0,Pedestrian,7,"148,330",2020 Oct 10 01:58:00 AM,2020 Oct 10 06:58:00 AM,"17,946,309",False,True,False,WHITE,1.0,MALE,"299,117"
"372,765",1,32.0,1.0,Passenger car,1,"148,337",2020 Oct 29 11:32:00 AM,2020 Oct 29 04:32:00 PM,"17,946,317",False,True,False,WHITE,1.0,MALE,"299,130"
"372,771",1,46.0,1.0,Pedestrian,7,"148,340",2020 Nov 01 01:34:00 AM,2020 Nov 01 06:34:00 AM,"17,946,321",False,True,False,WHITE,1.0,MALE,"299,136"
"372,913",1,12.0,1.0,Bicycle,5,"148,415",2020 Nov 04 03:18:00 PM,2020 Nov 04 09:18:00 PM,"17,947,457",False,True,False,WHITE,1.0,MALE,"299,291"
"372,981",4,26.0,2.0,Passenger car,1,"148,451",2020 Sep 26 11:53:00 PM,2020 Sep 27 04:53:00 AM,"17,948,380",False,True,False,HISPANIC,1.0,MALE,"299,364"
"373,096",1,34.0,2.0,Large passenger vehicle,2,"148,511",2020 Nov 05 09:37:00 PM,2020 Nov 06 03:37:00 AM,"17,949,329",False,True,False,HISPANIC,1.0,MALE,"299,492"
"373,293",1,24.0,3.0,Passenger car,1,"148,613",2020 Nov 05 12:00:00 PM,2020 Nov 05 06:00:00 PM,"17,952,488",False,True,False,BLACK,1.0,MALE,"299,703"
"373,394",1,24.0,2.0,Passenger car,1,"148,666",2020 Nov 06 10:49:00 PM,2020 Nov 07 04:49:00 AM,"17,953,902",False,True,False,HISPANIC,2.0,FEMALE,"299,815"
"373,416",1,36.0,3.0,Passenger car,1,"148,680",2020 Nov 07 08:20:00 AM,2020 Nov 07 02:20:00 PM,"17,953,918",False,True,False,BLACK,2.0,FEMALE,"299,843"
"373,664",1,63.0,2.0,Motorcycle,3,"148,815",2020 Nov 06 02:25:00 PM,2020 Nov 06 08:25:00 PM,"17,955,071",False,True,False,HISPANIC,1.0,MALE,"300,111"
"373,703",4,42.0,1.0,Pedestrian,7,"148,836",2020 Oct 31 07:36:00 PM,2020 Nov 01 12:36:00 AM,"17,955,603",False,True,False,WHITE,1.0,MALE,"300,152"
"373,998",1,37.0,1.0,Pedestrian,7,"148,995",2020 Nov 11 08:16:00 AM,2020 Nov 11 02:16:00 PM,"17,959,241",False,True,False,WHITE,1.0,MALE,"300,474"
"374,108",1,26.0,6.0,Pedestrian,7,"149,054",2020 Nov 12 07:49:00 PM,2020 Nov 13 01:49:00 AM,"17,959,913",False,True,False,AMER. INDIAN/ALASKAN NATIVE,1.0,MALE,"300,596"
"374,200",1,52.0,2.0,Passenger car,1,"149,105",2020 Nov 13 01:08:00 PM,2020 Nov 13 07:08:00 PM,"17,960,660",False,True,False,HISPANIC,1.0,MALE,"300,697"
"374,505",4,64.0,3.0,Pedestrian,7,"149,269",2020 Nov 13 10:06:00 PM,2020 Nov 14 04:06:00 AM,"17,964,126",False,True,False,BLACK,2.0,FEMALE,"301,026"
"374,536",1,52.0,1.0,Motorcycle,3,"149,288",2020 Nov 14 01:45:00 PM,2020 Nov 14 07:45:00 PM,"17,964,559",False,True,False,WHITE,1.0,MALE,"301,061"
"374,555",1,19.0,2.0,Passenger car,1,"149,298",2020 Nov 14 04:20:00 PM,2020 Nov 14 10:20:00 PM,"17,964,569",False,True,False,HISPANIC,2.0,FEMALE,"301,081"
"374,563",1,25.0,2.0,Large passenger vehicle,2,"149,302",2020 Nov 14 05:03:00 AM,2020 Nov 14 11:03:00 AM,"17,964,576",False,True,False,HISPANIC,1.0,MALE,"301,091"
"374,565",1,43.0,1.0,Pedestrian,7,"149,303",2020 Nov 14 08:39:00 PM,2020 Nov 15 02:39:00 AM,"17,964,577",False,True,False,WHITE,1.0,MALE,"301,093"
"374,622",1,24.0,2.0,Passenger car,1,"149,335",2020 Nov 15 02:09:00 AM,2020 Nov 15 08:09:00 AM,"17,965,133",False,True,False,HISPANIC,1.0,MALE,"301,156"
"374,675",1,32.0,1.0,Large passenger vehicle,2,"149,363",2020 Nov 16 02:56:00 AM,2020 Nov 16 08:56:00 AM,"17,965,308",False,True,False,WHITE,1.0,MALE,"301,213"
"374,725",1,39.0,1.0,Passenger car,1,"149,388",2020 Nov 16 09:38:00 AM,2020 Nov 16 03:38:00 PM,"17,966,043",False,True,False,WHITE,2.0,FEMALE,"301,266"
"375,574",1,23.0,2.0,Large passenger vehicle,2,"149,849",2020 Feb 02 01:52:00 AM,2020 Feb 02 07:52:00 AM,"17,975,578",False,True,False,HISPANIC,1.0,MALE,"302,187"
"375,586",4,33.0,2.0,Pedestrian,7,"149,857",2020 Oct 21 03:04:00 AM,2020 Oct 21 08:04:00 AM,"17,975,586",False,True,False,HISPANIC,1.0,MALE,"302,203"
"375,670",1,45.0,2.0,Passenger car,1,"149,904",2020 Nov 23 08:00:00 AM,2020 Nov 23 02:00:00 PM,"17,976,206",False,True,False,HISPANIC,1.0,MALE,"302,295"
"375,763",1,20.0,2.0,Passenger car,1,"149,955",2020 Nov 22 02:48:00 AM,2020 Nov 22 08:48:00 AM,"17,976,620",False,True,False,HISPANIC,2.0,FEMALE,"302,395"
"376,192",1,40.0,1.0,Motorcycle,3,"150,202",2020 Nov 24 06:12:00 AM,2020 Nov 24 12:12:00 PM,"17,979,781",False,True,False,WHITE,1.0,MALE,"302,865"
"376,729",1,27.0,2.0,Passenger car,1,"150,501",2020 Nov 25 06:29:00 PM,2020 Nov 26 12:29:00 AM,"17,987,156",False,True,False,HISPANIC,1.0,MALE,"303,449"
"376,738",1,20.0,2.0,Large passenger vehicle,2,"150,506",2020 Nov 25 09:11:00 PM,2020 Nov 26 03:11:00 AM,"17,987,161",False,True,False,HISPANIC,1.0,MALE,"303,459"
"376,919",1,51.0,2.0,Passenger car,1,"150,626",2020 Nov 29 07:51:00 AM,2020 Nov 29 01:51:00 PM,"17,987,698",False,True,False,HISPANIC,1.0,MALE,"303,670"
"377,162",1,37.0,2.0,Passenger car,1,"150,753",2020 Dec 01 04:00:00 PM,2020 Dec 01 10:00:00 PM,"17,989,990",False,True,False,HISPANIC,1.0,MALE,"303,932"
"377,192",1,39.0,3.0,Passenger car,1,"150,768",2020 Dec 01 06:11:00 PM,2020 Dec 02 12:11:00 AM,"17,990,068",False,True,False,BLACK,1.0,MALE,"303,964"
"377,204",4,37.0,2.0,Passenger car,1,"150,774",2020 Dec 01 09:47:00 PM,2020 Dec 02 03:47:00 AM,"17,990,074",False,True,False,HISPANIC,1.0,MALE,"303,976"
"377,205",1,44.0,3.0,Pedestrian,7,"150,774",2020 Dec 01 09:47:00 PM,2020 Dec 02 03:47:00 AM,"17,990,074",False,True,False,BLACK,1.0,MALE,"303,979"
"377,206",1,28.0,2.0,Pedestrian,7,"150,774",2020 Dec 01 09:47:00 PM,2020 Dec 02 03:47:00 AM,"17,990,074",False,True,False,HISPANIC,1.0,MALE,"303,980"
"377,207",1,31.0,1.0,Pedestrian,7,"150,774",2020 Dec 01 09:47:00 PM,2020 Dec 02 03:47:00 AM,"17,990,074",False,True,False,WHITE,1.0,MALE,"303,981"
"377,245",4,49.0,2.0,Pedestrian,7,"150,794",2020 Dec 02 05:51:00 AM,2020 Dec 02 11:51:00 AM,"17,990,529",False,True,False,HISPANIC,1.0,MALE,"304,023"
"377,325",1,36.0,1.0,Pedestrian,7,"150,840",2020 Dec 02 03:54:00 PM,2020 Dec 02 09:54:00 PM,"17,992,034",False,True,False,WHITE,2.0,FEMALE,"304,112"
"377,340",1,41.0,2.0,Pedestrian,7,"150,848",2020 Dec 02 07:36:00 PM,2020 Dec 03 01:36:00 AM,"17,992,052",False,True,False,HISPANIC,2.0,FEMALE,"304,128"
"377,579",1,50.0,4.0,Passenger car,1,"150,984",2020 Dec 04 12:18:00 PM,2020 Dec 04 06:18:00 PM,"17,994,569",False,True,False,ASIAN,1.0,MALE,"304,385"
"377,811",4,43.0,3.0,E-scooter,11,"151,108",2020 Dec 04 10:50:00 PM,2020 Dec 05 04:50:00 AM,"17,998,157",False,True,False,BLACK,1.0,MALE,"304,632"
"377,827",1,44.0,2.0,Large passenger vehicle,2,"151,119",2020 Dec 05 09:54:00 AM,2020 Dec 05 03:54:00 PM,"17,998,194",False,True,False,HISPANIC,1.0,MALE,"304,651"
"377,897",1,50.0,2.0,Large passenger vehicle,2,"151,155",2020 Dec 06 01:56:00 PM,2020 Dec 06 07:56:00 PM,"17,998,331",False,True,False,HISPANIC,2.0,FEMALE,"304,723"
"377,911",1,39.0,1.0,Passenger car,1,"151,161",2020 Dec 06 07:28:00 PM,2020 Dec 07 01:28:00 AM,"17,998,340",False,True,False,WHITE,1.0,MALE,"304,737"
"378,072",1,48.0,3.0,Bicycle,5,"151,239",2020 Dec 07 05:47:00 PM,2020 Dec 07 11:47:00 PM,"17,999,857",False,True,False,BLACK,1.0,MALE,"304,908"
"378,444",1,33.0,3.0,Passenger car,1,"151,432",2020 Dec 09 09:39:00 AM,2020 Dec 09 03:39:00 PM,"18,004,825",False,True,False,BLACK,1.0,MALE,"305,307"
"378,644",1,40.0,3.0,Pedestrian,7,"151,541",2020 Dec 06 01:17:00 PM,2020 Dec 06 07:17:00 PM,"18,006,127",False,True,False,BLACK,1.0,MALE,"305,528"
"378,975",4,29.0,2.0,Passenger car,1,"151,717",2020 Oct 20 10:06:00 PM,2020 Oct 21 03:06:00 AM,"18,010,959",False,True,False,HISPANIC,1.0,MALE,"305,881"
"378,984",1,,1.0,Pedestrian,7,"151,723",2020 Nov 14 03:19:00 AM,2020 Nov 14 09:19:00 AM,"18,010,968",False,True,False,WHITE,1.0,MALE,"305,890"
"379,013",1,24.0,1.0,Large passenger vehicle,2,"151,739",2020 Dec 11 03:57:00 PM,2020 Dec 11 09:57:00 PM,"18,011,037",False,True,False,WHITE,1.0,MALE,"305,923"
"379,014",1,66.0,1.0,Passenger car,1,"151,739",2020 Dec 11 03:57:00 PM,2020 Dec 11 09:57:00 PM,"18,011,037",False,True,False,WHITE,2.0,FEMALE,"305,924"
"379,053",1,24.0,2.0,Large passenger vehicle,2,"151,762",2020 Dec 12 06:03:00 AM,2020 Dec 12 12:03:00 PM,"18,011,060",False,True,False,HISPANIC,1.0,MALE,"305,966"
"380,164",4,,1.0,Pedestrian,7,"152,350",2020 Dec 18 07:01:00 PM,2020 Dec 19 01:01:00 AM,"18,021,866",False,True,False,WHITE,1.0,MALE,"307,173"
"380,190",1,35.0,1.0,Passenger car,1,"152,367",2020 Dec 19 08:21:00 AM,2020 Dec 19 02:21:00 PM,"18,021,923",False,True,False,WHITE,1.0,MALE,"307,201"
"380,675",1,51.0,1.0,Large passenger vehicle,2,"152,636",2020 Dec 04 08:07:00 PM,2020 Dec 05 02:07:00 AM,"18,026,307",False,True,False,WHITE,2.0,FEMALE,"307,726"
"380,849",1,27.0,3.0,Large passenger vehicle,2,"152,727",2020 Dec 21 03:37:00 AM,2020 Dec 21 09:37:00 AM,"18,029,524",False,True,False,BLACK,1.0,MALE,"307,910"
"381,039",4,19.0,2.0,Pedestrian,7,"152,830",2020 Nov 29 12:44:00 AM,2020 Nov 29 06:44:00 AM,"18,031,607",False,True,False,HISPANIC,1.0,MALE,"308,114"
"381,147",1,54.0,3.0,Passenger car,1,"152,890",2020 Dec 23 03:12:00 PM,2020 Dec 23 09:12:00 PM,"18,032,247",False,True,False,BLACK,1.0,MALE,"308,229"
"381,148",1,66.0,1.0,Large passenger vehicle,2,"152,890",2020 Dec 23 03:12:00 PM,2020 Dec 23 09:12:00 PM,"18,032,247",False,True,False,WHITE,1.0,MALE,"308,230"
"381,199",1,49.0,1.0,Pedestrian,7,"152,917",2020 Dec 24 02:59:00 PM,2020 Dec 24 08:59:00 PM,"18,032,505",False,True,False,WHITE,1.0,MALE,"308,287"
"381,263",1,21.0,1.0,Passenger car,1,"152,954",2020 Dec 25 05:06:00 AM,2020 Dec 25 11:06:00 AM,"18,032,732",False,True,False,WHITE,2.0,FEMALE,"308,356"
"381,293",1,23.0,6.0,Large passenger vehicle,2,"152,977",2020 Dec 26 06:02:00 AM,2020 Dec 26 12:02:00 PM,"18,033,078",False,True,False,AMER. INDIAN/ALASKAN NATIVE,1.0,MALE,"308,391"
"381,449",1,21.0,2.0,Passenger car,1,"153,061",2020 Dec 28 03:31:00 PM,2020 Dec 28 09:31:00 PM,"18,033,819",False,True,False,HISPANIC,2.0,FEMALE,"308,560"
"381,502",4,35.0,2.0,Pedestrian,7,"153,088",2020 Dec 18 06:21:00 AM,2020 Dec 18 12:21:00 PM,"18,034,233",False,True,False,HISPANIC,1.0,MALE,"308,615"
"381,522",4,34.0,2.0,Passenger car,1,"153,100",2020 Dec 29 12:40:00 PM,2020 Dec 29 06:40:00 PM,"18,034,580",False,True,False,HISPANIC,2.0,FEMALE,"308,637"
"381,667",1,60.0,1.0,Large passenger vehicle,2,"153,184",2020 Dec 12 03:32:00 PM,2020 Dec 12 09:32:00 PM,"18,037,470",False,True,False,WHITE,1.0,MALE,"308,789"
"381,671",1,40.0,2.0,Passenger car,1,"153,186",2020 Dec 13 05:59:00 PM,2020 Dec 13 11:59:00 PM,"18,037,474",False,True,False,HISPANIC,2.0,FEMALE,"308,793"
"381,708",4,33.0,3.0,Pedestrian,7,"153,206",2020 Dec 29 09:33:00 PM,2020 Dec 30 03:33:00 AM,"18,037,613",False,True,False,BLACK,1.0,MALE,"308,833"
"381,756",4,55.0,1.0,Pedestrian,7,"153,234",2020 Dec 30 06:20:00 PM,2020 Dec 31 12:20:00 AM,"18,037,756",False,True,False,WHITE,1.0,MALE,"308,887"
"381,917",4,24.0,2.0,Large passenger vehicle,2,"153,327",2020 Dec 13 12:34:00 AM,2020 Dec 13 06:34:00 AM,"18,042,109",False,True,False,HISPANIC,1.0,MALE,"309,057"
"382,079",4,34.0,2.0,Passenger car,1,"153,411",2020 Dec 29 09:40:00 PM,2020 Dec 30 03:40:00 AM,"18,046,279",False,True,False,HISPANIC,1.0,MALE,"309,234"
"382,245",1,,0.0,Bicycle,5,"153,505",2020 Jul 31 01:17:00 PM,2020 Jul 31 06:17:00 PM,"18,057,143",False,True,False,UNKNOWN,1.0,MALE,"309,415"
"382,505",1,21.0,3.0,Large passenger vehicle,2,"126,810",2020 Jan 04 10:58:00 AM,2020 Jan 04 04:58:00 PM,"17,497,369",False,False,False,BLACK,2.0,FEMALE,"256,188"
"382,839",1,23.0,2.0,Passenger car,1,"127,278",2020 Jan 10 08:52:00 PM,2020 Jan 11 02:52:00 AM,"17,510,694",False,False,False,HISPANIC,2.0,FEMALE,"257,143"
"382,840",1,22.0,2.0,Passenger car,1,"127,278",2020 Jan 10 08:52:00 PM,2020 Jan 11 02:52:00 AM,"17,510,694",False,False,False,HISPANIC,2.0,FEMALE,"257,143"
"383,099",1,64.0,2.0,Passenger car,1,"127,666",2020 Jan 16 11:35:00 AM,2020 Jan 16 05:35:00 PM,"17,516,961",False,False,False,HISPANIC,2.0,FEMALE,"257,924"
"383,306",1,4.0,4.0,Passenger car,1,"127,969",2020 Jan 18 01:40:00 PM,2020 Jan 18 07:40:00 PM,"17,524,314",False,False,False,ASIAN,2.0,FEMALE,"258,510"
"383,512",1,20.0,2.0,Passenger car,1,"128,325",2020 Jan 19 09:37:00 PM,2020 Jan 20 03:37:00 AM,"17,530,634",False,False,False,HISPANIC,2.0,FEMALE,"259,209"
"383,677",1,13.0,2.0,Large passenger vehicle,2,"128,515",2020 Jan 26 02:22:00 AM,2020 Jan 26 08:22:00 AM,"17,534,739",False,False,False,HISPANIC,1.0,MALE,"259,593"
"383,696",1,32.0,3.0,Passenger car,1,"128,551",2020 Jan 26 11:05:00 PM,2020 Jan 27 05:05:00 AM,"17,534,971",False,False,False,BLACK,2.0,FEMALE,"259,661"
"383,928",1,57.0,2.0,Passenger car,1,"128,900",2020 Jan 29 05:55:00 PM,2020 Jan 29 11:55:00 PM,"17,541,368",False,False,False,HISPANIC,1.0,MALE,"260,375"
"384,172",4,50.0,3.0,Passenger car,1,"129,343",2020 Feb 04 01:07:00 PM,2020 Feb 04 07:07:00 PM,"17,549,563",False,False,False,BLACK,1.0,MALE,"261,301"
"384,446",1,63.0,,Passenger car,1,"129,810",2020 Feb 07 05:55:00 PM,2020 Feb 07 11:55:00 PM,"17,559,022",False,False,False,,2.0,FEMALE,"262,258"
"384,513",1,31.0,1.0,Passenger car,1,"129,898",2020 Feb 09 02:36:00 PM,2020 Feb 09 08:36:00 PM,"17,559,658",False,False,False,WHITE,1.0,MALE,"262,422"
"384,681",4,24.0,4.0,Passenger car,1,"130,203",2020 Feb 11 02:02:00 AM,2020 Feb 11 08:02:00 AM,"17,566,130",False,False,False,ASIAN,2.0,FEMALE,"263,035"
"385,031",1,32.0,2.0,Passenger car,1,"130,731",2020 Feb 18 12:49:00 PM,2020 Feb 18 06:49:00 PM,"17,576,198",False,False,False,HISPANIC,2.0,FEMALE,"264,118"
"385,236",1,21.0,3.0,Passenger car,1,"131,108",2020 Feb 23 06:30:00 AM,2020 Feb 23 12:30:00 PM,"17,583,769",False,False,False,BLACK,2.0,FEMALE,"264,851"
"386,288",1,60.0,2.0,Passenger car,1,"132,825",2020 Mar 10 04:43:00 PM,2020 Mar 10 09:43:00 PM,"17,613,935",False,False,False,HISPANIC,2.0,FEMALE,"268,328"
"386,501",4,22.0,1.0,Passenger car,1,"133,191",2020 Mar 13 02:10:00 AM,2020 Mar 13 07:10:00 AM,"17,622,093",False,False,False,WHITE,1.0,MALE,"269,091"
"386,668",1,21.0,3.0,Passenger car,1,"133,478",2020 Mar 17 01:03:00 PM,2020 Mar 17 06:03:00 PM,"17,626,334",False,False,False,BLACK,1.0,MALE,"269,659"
"386,844",1,35.0,3.0,Passenger car,1,"133,777",2020 Mar 21 08:01:00 PM,2020 Mar 22 01:01:00 AM,"17,634,212",False,False,False,BLACK,2.0,FEMALE,"270,213"
"386,871",1,6.0,2.0,Passenger car,1,"133,860",2020 Mar 22 09:53:00 PM,2020 Mar 23 02:53:00 AM,"17,635,577",False,False,False,HISPANIC,2.0,FEMALE,"270,368"
"386,872",1,7.0,2.0,Passenger car,1,"133,860",2020 Mar 22 09:53:00 PM,2020 Mar 23 02:53:00 AM,"17,635,577",False,False,False,HISPANIC,1.0,MALE,"270,368"
"386,946",1,37.0,1.0,Large passenger vehicle,2,"134,007",2020 Mar 10 06:32:00 PM,2020 Mar 10 11:32:00 PM,"17,639,894",False,False,False,WHITE,1.0,MALE,"270,659"
"387,044",1,16.0,2.0,Passenger car,1,"134,205",2020 Mar 28 01:37:00 AM,2020 Mar 28 06:37:00 AM,"17,644,659",False,False,False,HISPANIC,1.0,MALE,"271,022"
"387,082",1,,2.0,Passenger car,1,"134,325",2020 Mar 14 06:44:00 PM,2020 Mar 14 11:44:00 PM,"17,646,798",False,False,False,HISPANIC,1.0,MALE,"271,243"
"387,099",1,23.0,1.0,Large passenger vehicle,2,"134,354",2020 Mar 03 09:32:00 PM,2020 Mar 04 03:32:00 AM,"17,646,874",False,False,False,WHITE,1.0,MALE,"271,303"
"387,100",1,19.0,1.0,Large passenger vehicle,2,"134,354",2020 Mar 03 09:32:00 PM,2020 Mar 04 03:32:00 AM,"17,646,874",False,False,False,WHITE,2.0,FEMALE,"271,303"
"387,101",1,23.0,1.0,Large passenger vehicle,2,"134,354",2020 Mar 03 09:32:00 PM,2020 Mar 04 03:32:00 AM,"17,646,874",False,False,False,WHITE,1.0,MALE,"271,303"
"387,148",1,,2.0,Passenger car,1,"134,460",2020 Apr 05 09:34:00 AM,2020 Apr 05 02:34:00 PM,"17,648,786",False,False,False,HISPANIC,2.0,FEMALE,"271,492"
"387,183",4,,,Passenger car,1,"134,550",2020 Apr 07 11:55:00 PM,2020 Apr 08 04:55:00 AM,"17,651,047",False,False,False,,2.0,FEMALE,"271,665"
"387,289",1,16.0,1.0,Passenger car,1,"134,797",2020 Apr 14 11:56:00 AM,2020 Apr 14 04:56:00 PM,"17,656,871",False,False,False,WHITE,2.0,FEMALE,"272,125"
"387,311",1,74.0,2.0,Large passenger vehicle,2,"134,829",2020 Apr 15 09:35:00 AM,2020 Apr 15 02:35:00 PM,"17,657,849",False,False,False,HISPANIC,2.0,FEMALE,"272,190"
"387,554",1,25.0,1.0,Large passenger vehicle,2,"135,292",2020 Apr 24 06:12:00 PM,2020 Apr 24 11:12:00 PM,"17,668,633",False,False,False,WHITE,2.0,FEMALE,"273,050"
"387,565",1,16.0,2.0,Passenger car,1,"135,314",2020 Apr 25 06:36:00 PM,2020 Apr 25 11:36:00 PM,"17,668,709",False,False,False,HISPANIC,1.0,MALE,"273,088"
"387,566",1,17.0,2.0,Passenger car,1,"135,314",2020 Apr 25 06:36:00 PM,2020 Apr 25 11:36:00 PM,"17,668,709",False,False,False,HISPANIC,1.0,MALE,"273,088"
"387,803",1,19.0,3.0,Passenger car,1,"135,703",2020 May 03 08:56:00 PM,2020 May 04 01:56:00 AM,"17,676,799",False,False,False,BLACK,1.0,MALE,"273,862"
"387,883",1,31.0,1.0,Passenger car,1,"135,860",2020 May 06 07:48:00 PM,2020 May 07 12:48:00 AM,"17,681,329",False,False,False,WHITE,2.0,FEMALE,"274,173"
"387,985",1,36.0,3.0,Passenger car,1,"136,050",2020 Apr 28 12:19:00 PM,2020 Apr 28 05:19:00 PM,"17,686,765",False,False,False,BLACK,1.0,MALE,"274,547"
"388,100",4,66.0,1.0,Passenger car,1,"136,227",2020 May 08 03:03:00 PM,2020 May 08 08:03:00 PM,"17,689,982",False,False,False,WHITE,1.0,MALE,"274,876"
"388,194",1,17.0,2.0,Passenger car,1,"136,386",2020 May 19 06:19:00 PM,2020 May 19 11:19:00 PM,"17,693,667",False,False,False,HISPANIC,2.0,FEMALE,"275,210"
"388,498",1,42.0,1.0,Motorcycle,3,"136,854",2020 May 31 08:43:00 PM,2020 Jun 01 01:43:00 AM,"17,704,964",False,False,False,WHITE,2.0,FEMALE,"276,129"
"388,746",1,19.0,2.0,Passenger car,1,"137,253",2020 May 23 05:43:00 PM,2020 May 23 10:43:00 PM,"17,715,020",False,False,False,HISPANIC,2.0,FEMALE,"276,912"
"388,762",1,40.0,2.0,Passenger car,1,"137,284",2020 Jun 01 01:12:00 AM,2020 Jun 01 06:12:00 AM,"17,715,424",False,False,False,HISPANIC,1.0,MALE,"276,979"
"388,813",1,19.0,1.0,Passenger car,1,"137,356",2020 Jun 07 09:22:00 PM,2020 Jun 08 02:22:00 AM,"17,715,712",False,False,False,WHITE,2.0,FEMALE,"277,116"
"388,814",1,17.0,1.0,Passenger car,1,"137,356",2020 Jun 07 09:22:00 PM,2020 Jun 08 02:22:00 AM,"17,715,712",False,False,False,WHITE,2.0,FEMALE,"277,116"
"389,415",4,23.0,2.0,Passenger car,1,"138,358",2020 Jun 21 06:22:00 PM,2020 Jun 21 11:22:00 PM,"17,737,582",False,False,False,HISPANIC,1.0,MALE,"279,145"
"389,416",1,25.0,2.0,Passenger car,1,"138,359",2020 Jun 21 09:29:00 PM,2020 Jun 22 02:29:00 AM,"17,737,583",False,False,False,HISPANIC,2.0,FEMALE,"279,146"
"389,417",1,28.0,2.0,Large passenger vehicle,2,"138,359",2020 Jun 21 09:29:00 PM,2020 Jun 22 02:29:00 AM,"17,737,583",False,False,False,HISPANIC,2.0,FEMALE,"279,147"
"389,441",1,50.0,3.0,Passenger car,1,"138,388",2020 Jun 22 08:44:00 AM,2020 Jun 22 01:44:00 PM,"17,738,294",False,False,False,BLACK,1.0,MALE,"279,206"
"389,625",1,52.0,3.0,Motor vehicle – other,4,"138,682",2020 Jun 13 11:40:00 PM,2020 Jun 14 04:40:00 AM,"17,744,934",False,False,False,BLACK,1.0,MALE,"279,784"
"389,793",1,75.0,2.0,Passenger car,1,"139,052",2020 Jul 01 03:04:00 PM,2020 Jul 01 08:04:00 PM,"17,753,749",False,False,False,HISPANIC,2.0,FEMALE,"280,492"
"389,918",1,47.0,1.0,Passenger car,1,"139,274",2020 Jul 06 11:16:00 AM,2020 Jul 06 04:16:00 PM,"17,758,173",False,False,False,WHITE,2.0,FEMALE,"280,902"
"389,999",4,22.0,2.0,Large passenger vehicle,2,"139,390",2020 Jun 22 07:23:00 PM,2020 Jun 23 12:23:00 AM,"17,760,647",False,False,False,HISPANIC,1.0,MALE,"281,145"
"390,093",4,22.0,3.0,Large passenger vehicle,2,"139,504",2020 Jul 03 05:49:00 AM,2020 Jul 03 10:49:00 AM,"17,763,994",False,False,False,BLACK,2.0,FEMALE,"281,374"
"390,403",1,40.0,4.0,Passenger car,1,"140,053",2020 Jul 19 07:05:00 AM,2020 Jul 19 12:05:00 PM,"17,775,744",False,False,False,ASIAN,1.0,MALE,"282,458"
"390,434",1,9.0,2.0,Passenger car,1,"140,093",2020 Jul 02 12:18:00 AM,2020 Jul 02 05:18:00 AM,"17,776,639",False,False,False,HISPANIC,2.0,FEMALE,"282,535"
"390,578",1,10.0,2.0,Passenger car,1,"140,327",2020 Mar 30 09:15:00 PM,2020 Mar 31 02:15:00 AM,"17,780,738",False,False,False,HISPANIC,2.0,FEMALE,"283,016"
"390,579",4,9.0,2.0,Passenger car,1,"140,327",2020 Mar 30 09:15:00 PM,2020 Mar 31 02:15:00 AM,"17,780,738",False,False,False,HISPANIC,2.0,FEMALE,"283,016"
"390,651",1,47.0,2.0,Large passenger vehicle,2,"140,466",2020 Jul 24 12:42:00 AM,2020 Jul 24 05:42:00 AM,"17,783,491",False,False,False,HISPANIC,2.0,FEMALE,"283,294"
"391,216",1,29.0,1.0,Passenger car,1,"141,374",2020 Aug 02 07:20:00 PM,2020 Aug 03 12:20:00 AM,"17,804,147",False,False,False,WHITE,2.0,FEMALE,"285,142"
"391,745",4,16.0,2.0,Passenger car,1,"142,209",2020 Jul 24 03:29:00 AM,2020 Jul 24 08:29:00 AM,"17,822,219",False,False,False,HISPANIC,1.0,MALE,"286,813"
"391,746",4,15.0,2.0,Passenger car,1,"142,209",2020 Jul 24 03:29:00 AM,2020 Jul 24 08:29:00 AM,"17,822,219",False,False,False,HISPANIC,1.0,MALE,"286,813"
"391,749",4,53.0,1.0,Passenger car,1,"142,216",2020 Aug 01 07:54:00 PM,2020 Aug 02 12:54:00 AM,"17,822,386",False,False,False,WHITE,1.0,MALE,"286,827"
"392,142",1,40.0,2.0,Passenger car,1,"142,962",2020 Aug 29 10:43:00 PM,2020 Aug 30 03:43:00 AM,"17,838,359",False,False,False,HISPANIC,1.0,MALE,"288,320"
"392,179",1,31.0,1.0,Large passenger vehicle,2,"143,026",2020 Aug 23 06:04:00 PM,2020 Aug 23 11:04:00 PM,"17,839,095",False,False,False,WHITE,2.0,FEMALE,"288,446"
"392,543",1,19.0,2.0,Motorcycle,3,"143,628",2020 Sep 07 03:26:00 AM,2020 Sep 07 08:26:00 AM,"17,851,694",False,False,False,HISPANIC,2.0,FEMALE,"289,634"
"392,751",1,63.0,3.0,Passenger car,1,"144,038",2020 Jun 11 04:13:00 PM,2020 Jun 11 09:13:00 PM,"17,859,952",False,False,False,BLACK,2.0,FEMALE,"290,437"
"392,752",1,27.0,1.0,Passenger car,1,"144,040",2020 Jul 26 06:18:00 PM,2020 Jul 26 11:18:00 PM,"17,859,997",False,False,False,WHITE,1.0,MALE,"290,439"
"392,901",1,21.0,3.0,Passenger car,1,"144,400",2020 Sep 16 08:06:00 PM,2020 Sep 17 01:06:00 AM,"17,867,270",False,False,False,BLACK,2.0,FEMALE,"291,137"
"393,332",1,26.0,2.0,Large passenger vehicle,2,"145,106",2020 Sep 20 09:48:00 PM,2020 Sep 21 02:48:00 AM,"17,881,820",False,False,False,HISPANIC,2.0,FEMALE,"292,541"
"393,352",1,24.0,2.0,Passenger car,1,"145,143",2020 Sep 26 01:30:00 PM,2020 Sep 26 06:30:00 PM,"17,881,964",False,False,False,HISPANIC,2.0,FEMALE,"292,614"
"393,521",1,58.0,3.0,Passenger car,1,"145,361",2020 Sep 24 12:39:00 PM,2020 Sep 24 05:39:00 PM,"17,885,980",False,False,False,BLACK,2.0,FEMALE,"293,083"
"393,547",1,59.0,3.0,Large passenger vehicle,2,"145,420",2020 Sep 30 12:05:00 PM,2020 Sep 30 05:05:00 PM,"17,886,651",False,False,False,BLACK,2.0,FEMALE,"293,200"
"393,822",1,18.0,2.0,Passenger car,1,"145,796",2020 Oct 04 03:42:00 AM,2020 Oct 04 08:42:00 AM,"17,893,630",False,False,False,HISPANIC,2.0,FEMALE,"293,978"
"393,874",1,5.0,1.0,Passenger car,1,"145,863",2020 Oct 05 02:45:00 PM,2020 Oct 05 07:45:00 PM,"17,895,543",False,False,False,WHITE,2.0,FEMALE,"294,124"
"393,947",1,21.0,1.0,Passenger car,1,"145,954",2020 Sep 28 07:49:00 PM,2020 Sep 29 12:49:00 AM,"17,898,128",False,False,False,WHITE,2.0,FEMALE,"294,323"
"394,177",1,29.0,2.0,Passenger car,1,"146,405",2020 Oct 11 05:32:00 PM,2020 Oct 11 10:32:00 PM,"17,906,735",False,False,False,HISPANIC,2.0,FEMALE,"295,237"
"394,178",1,7.0,2.0,Passenger car,1,"146,405",2020 Oct 11 05:32:00 PM,2020 Oct 11 10:32:00 PM,"17,906,735",False,False,False,HISPANIC,2.0,FEMALE,"295,237"
"394,556",1,4.0,2.0,Large passenger vehicle,2,"147,038",2020 Oct 12 02:11:00 AM,2020 Oct 12 07:11:00 AM,"17,918,188",False,False,False,HISPANIC,2.0,FEMALE,"296,525"
"394,615",1,23.0,2.0,Passenger car,1,"147,142",2020 Oct 21 02:01:00 AM,2020 Oct 21 07:01:00 AM,"17,920,352",False,False,False,HISPANIC,2.0,FEMALE,"296,741"
"394,686",1,90.0,1.0,Passenger car,1,"147,266",2020 Oct 21 06:01:00 PM,2020 Oct 21 11:01:00 PM,"17,922,580",False,False,False,WHITE,1.0,MALE,"296,995"
"394,715",1,52.0,2.0,Passenger car,1,"147,312",2020 Oct 03 05:57:00 PM,2020 Oct 03 10:57:00 PM,"17,924,489",False,False,False,HISPANIC,2.0,FEMALE,"297,087"
"394,812",1,33.0,1.0,Passenger car,1,"147,458",2020 Oct 23 12:33:00 AM,2020 Oct 23 05:33:00 AM,"17,928,452",False,False,False,WHITE,2.0,FEMALE,"297,371"
"395,226",1,61.0,1.0,Large passenger vehicle,2,"148,164",2020 Oct 31 09:04:00 PM,2020 Nov 01 02:04:00 AM,"17,942,113",False,False,False,WHITE,2.0,FEMALE,"298,787"
"395,495",4,57.0,2.0,Large passenger vehicle,2,"148,676",2020 Nov 07 03:07:00 AM,2020 Nov 07 09:07:00 AM,"17,953,914",False,False,False,HISPANIC,2.0,FEMALE,"299,836"
"395,528",1,31.0,2.0,Bicycle,5,"148,712",2020 Nov 07 11:14:00 PM,2020 Nov 08 05:14:00 AM,"17,954,043",False,False,False,HISPANIC,2.0,FEMALE,"299,909"
"395,529",1,29.0,3.0,Passenger car,1,"148,714",2020 Nov 07 09:14:00 PM,2020 Nov 08 03:14:00 AM,"17,954,050",False,False,False,BLACK,2.0,FEMALE,"299,914"
"395,835",1,28.0,2.0,Large passenger vehicle,2,"149,298",2020 Nov 14 04:20:00 PM,2020 Nov 14 10:20:00 PM,"17,964,569",False,False,False,HISPANIC,2.0,FEMALE,"301,082"
"395,906",1,21.0,1.0,Passenger car,1,"149,385",2020 Nov 12 09:11:00 PM,2020 Nov 13 03:11:00 AM,"17,966,040",False,False,False,WHITE,2.0,FEMALE,"301,258"
"396,237",1,19.0,2.0,Passenger car,1,"149,955",2020 Nov 22 02:48:00 AM,2020 Nov 22 08:48:00 AM,"17,976,620",False,False,False,HISPANIC,1.0,MALE,"302,395"
"396,238",1,41.0,2.0,Passenger car,1,"149,955",2020 Nov 22 02:48:00 AM,2020 Nov 22 08:48:00 AM,"17,976,620",False,False,False,HISPANIC,2.0,FEMALE,"302,395"
"396,943",1,28.0,1.0,Large passenger vehicle,2,"151,116",2020 Dec 05 09:33:00 AM,2020 Dec 05 03:33:00 PM,"17,998,173",False,False,False,WHITE,2.0,FEMALE,"304,645"
"396,985",1,16.0,1.0,Passenger car,1,"151,161",2020 Dec 06 07:28:00 PM,2020 Dec 07 01:28:00 AM,"17,998,340",False,False,False,WHITE,2.0,FEMALE,"304,737"
"397,851",1,27.0,3.0,Large passenger vehicle,2,"152,501",2020 Dec 21 11:56:00 PM,2020 Dec 22 05:56:00 AM,"18,023,811",False,False,False,BLACK,1.0,MALE,"307,464"
"397,852",1,20.0,3.0,Large passenger vehicle,2,"152,501",2020 Dec 21 11:56:00 PM,2020 Dec 22 05:56:00 AM,"18,023,811",False,False,False,BLACK,1.0,MALE,"307,464"
"398,221",1,55.0,2.0,Passenger car,1,"153,018",2020 Dec 27 01:38:00 PM,2020 Dec 27 07:38:00 PM,"18,033,225",False,False,False,HISPANIC,2.0,FEMALE,"308,473"
"398,445",4,19.0,2.0,Large passenger vehicle,2,"153,327",2020 Dec 13 12:34:00 AM,2020 Dec 13 06:34:00 AM,"18,042,109",False,False,False,HISPANIC,1.0,MALE,"309,057"
"398,774",1,25.0,1.0,Passenger car,1,"153,695",2021 Jan 01 06:43:00 PM,2021 Jan 02 12:43:00 AM,"18,043,204",False,True,False,WHITE,1.0,MALE,"309,749"
"398,819",1,38.0,2.0,Motorcycle,3,"153,720",2021 Jan 02 05:32:00 PM,2021 Jan 02 11:32:00 PM,"18,043,416",False,True,False,HISPANIC,1.0,MALE,"309,798"
"398,833",1,61.0,1.0,Motorcycle,3,"153,728",2021 Jan 02 04:40:00 PM,2021 Jan 02 10:40:00 PM,"18,043,424",False,True,False,WHITE,1.0,MALE,"309,814"
"399,036",1,23.0,3.0,Passenger car,1,"153,841",2021 Jan 05 09:40:00 PM,2021 Jan 06 03:40:00 AM,"18,046,302",False,True,False,BLACK,2.0,FEMALE,"310,028"
"399,224",1,67.0,1.0,Pedestrian,7,"153,952",2021 Jan 05 06:41:00 PM,2021 Jan 06 12:41:00 AM,"18,049,006",False,True,False,WHITE,1.0,MALE,"310,229"
"399,286",1,19.0,1.0,Bicycle,5,"153,988",2021 Jan 06 09:25:00 PM,2021 Jan 07 03:25:00 AM,"18,049,995",False,True,False,WHITE,2.0,FEMALE,"310,297"
"399,525",1,29.0,2.0,Passenger car,1,"154,130",2021 Jan 08 03:59:00 PM,2021 Jan 08 09:59:00 PM,"18,054,650",False,True,False,HISPANIC,2.0,FEMALE,"310,559"
"399,538",1,27.0,1.0,Passenger car,1,"154,138",2021 Jan 08 11:14:00 PM,2021 Jan 09 05:14:00 AM,"18,054,660",False,True,False,WHITE,1.0,MALE,"310,573"
"399,574",1,20.0,1.0,Motorcycle,3,"154,162",2021 Jan 03 04:39:00 PM,2021 Jan 03 10:39:00 PM,"18,055,120",False,True,False,WHITE,1.0,MALE,"310,611"
"399,606",4,21.0,1.0,Pedestrian,7,"154,181",2021 Jan 09 09:21:00 PM,2021 Jan 10 03:21:00 AM,"18,055,143",False,True,False,WHITE,1.0,MALE,"310,648"
"399,632",4,62.0,1.0,Bicycle,5,"154,194",2021 Jan 10 01:26:00 AM,2021 Jan 10 07:26:00 AM,"18,055,384",False,True,False,WHITE,1.0,MALE,"310,679"
"399,707",1,18.0,2.0,Large passenger vehicle,2,"154,241",2021 Jan 11 07:50:00 AM,2021 Jan 11 01:50:00 PM,"18,055,529",False,True,False,HISPANIC,1.0,MALE,"310,756"
"399,736",1,18.0,2.0,Large passenger vehicle,2,"154,260",2021 Jan 11 07:48:00 AM,2021 Jan 11 01:48:00 PM,"18,055,549",False,True,False,HISPANIC,1.0,MALE,"310,786"
"400,169",1,19.0,1.0,Passenger car,1,"154,501",2021 Jan 14 06:41:00 AM,2021 Jan 14 12:41:00 PM,"18,060,447",False,True,False,WHITE,2.0,FEMALE,"311,272"
"400,249",4,41.0,1.0,Passenger car,1,"154,547",2021 Jan 09 01:21:00 AM,2021 Jan 09 07:21:00 AM,"18,061,620",False,True,False,WHITE,1.0,MALE,"311,355"
"400,261",4,28.0,3.0,Passenger car,1,"154,556",2021 Jan 13 11:40:00 PM,2021 Jan 14 05:40:00 AM,"18,061,630",False,True,False,BLACK,2.0,FEMALE,"311,368"
"400,262",1,74.0,1.0,Passenger car,1,"154,556",2021 Jan 13 11:40:00 PM,2021 Jan 14 05:40:00 AM,"18,061,630",False,True,False,WHITE,1.0,MALE,"311,369"
"400,456",1,59.0,3.0,Pedestrian,7,"154,670",2021 Jan 15 06:52:00 PM,2021 Jan 16 12:52:00 AM,"18,064,773",False,True,False,BLACK,1.0,MALE,"311,581"
"400,458",1,38.0,1.0,Pedestrian,7,"154,671",2021 Jan 15 07:20:00 PM,2021 Jan 16 01:20:00 AM,"18,064,774",False,True,False,WHITE,1.0,MALE,"311,583"
"400,466",1,44.0,1.0,Passenger car,1,"154,677",2021 Jan 16 09:18:00 AM,2021 Jan 16 03:18:00 PM,"18,064,780",False,True,False,WHITE,1.0,MALE,"311,593"
"400,532",1,36.0,3.0,Pedestrian,7,"154,713",2021 Jan 17 10:40:00 AM,2021 Jan 17 04:40:00 PM,"18,065,277",False,True,False,BLACK,1.0,MALE,"311,666"
"400,616",1,56.0,4.0,Pedestrian,7,"154,757",2021 Jan 18 05:27:00 PM,2021 Jan 18 11:27:00 PM,"18,065,820",False,True,False,ASIAN,2.0,FEMALE,"311,752"
"400,794",1,,0.0,Pedestrian,7,"154,852",2021 Jan 09 10:13:00 PM,2021 Jan 10 04:13:00 AM,"18,068,642",False,True,False,UNKNOWN,1.0,MALE,"311,941"
"400,809",1,28.0,1.0,Motorcycle,3,"154,860",2021 Jan 19 12:17:00 PM,2021 Jan 19 06:17:00 PM,"18,068,650",False,True,False,WHITE,1.0,MALE,"311,957"
"400,832",1,48.0,3.0,Bicycle,5,"154,873",2021 Jan 19 07:19:00 PM,2021 Jan 20 01:19:00 AM,"18,069,061",False,True,False,BLACK,1.0,MALE,"311,982"
"401,009",1,27.0,1.0,Pedestrian,7,"154,963",2021 Jan 16 02:58:00 PM,2021 Jan 16 08:58:00 PM,"18,070,816",False,True,False,WHITE,2.0,FEMALE,"312,176"
"401,095",1,62.0,1.0,Pedestrian,7,"155,012",2021 Jan 21 06:59:00 PM,2021 Jan 22 12:59:00 AM,"18,071,809",False,True,False,WHITE,1.0,MALE,"312,269"
"401,380",1,39.0,2.0,Large passenger vehicle,2,"155,166",2021 Jan 22 02:42:00 PM,2021 Jan 22 08:42:00 PM,"18,075,490",False,True,False,HISPANIC,2.0,FEMALE,"312,574"
"401,436",1,43.0,1.0,Motorcycle,3,"155,199",2021 Jan 23 12:06:00 AM,2021 Jan 23 06:06:00 AM,"18,075,975",False,True,False,WHITE,1.0,MALE,"312,637"
"401,579",1,42.0,3.0,Passenger car,1,"155,288",2021 Jan 25 02:09:00 AM,2021 Jan 25 08:09:00 AM,"18,076,897",False,True,False,BLACK,1.0,MALE,"312,791"
"401,670",1,43.0,1.0,Passenger car,1,"155,340",2021 Jan 26 06:59:00 AM,2021 Jan 26 12:59:00 PM,"18,077,784",False,True,False,WHITE,2.0,FEMALE,"312,891"
"401,766",1,46.0,0.0,Bicycle,5,"155,393",2021 Jan 26 04:10:00 PM,2021 Jan 26 10:10:00 PM,"18,079,145",False,True,False,UNKNOWN,1.0,MALE,"312,997"
"401,773",1,24.0,2.0,Passenger car,1,"155,397",2021 Jan 26 05:02:00 AM,2021 Jan 26 11:02:00 AM,"18,079,154",False,True,False,HISPANIC,1.0,MALE,"313,004"
"401,801",1,36.0,1.0,Bicycle,5,"155,414",2021 Jan 26 04:18:00 PM,2021 Jan 26 10:18:00 PM,"18,079,520",False,True,False,WHITE,1.0,MALE,"313,036"
"401,822",4,48.0,1.0,Motorcycle,3,"155,426",2021 Jan 26 06:38:00 PM,2021 Jan 27 12:38:00 AM,"18,079,993",False,True,False,WHITE,1.0,MALE,"313,061"
"402,226",1,29.0,1.0,Passenger car,1,"155,653",2021 Jan 30 06:24:00 PM,2021 Jan 31 12:24:00 AM,"18,084,335",False,True,False,WHITE,1.0,MALE,"313,504"
"402,258",1,33.0,1.0,Motorcycle,3,"155,670",2021 Jan 30 12:00:00 AM,2021 Jan 30 06:00:00 AM,"18,084,679",False,True,False,WHITE,1.0,MALE,"313,539"
"402,714",4,68.0,1.0,Bicycle,5,"155,914",2021 Feb 03 05:11:00 PM,2021 Feb 03 11:11:00 PM,"18,091,812",False,True,False,WHITE,1.0,MALE,"314,044"
"402,728",1,31.0,1.0,Motorcycle,3,"155,922",2021 Feb 03 06:48:00 PM,2021 Feb 04 12:48:00 AM,"18,091,823",False,True,False,WHITE,1.0,MALE,"314,060"
"402,746",4,51.0,2.0,Motor vehicle – other,4,"155,931",2021 Feb 04 01:03:00 AM,2021 Feb 04 07:03:00 AM,"18,091,832",False,True,False,HISPANIC,1.0,MALE,"314,081"
"402,869",1,60.0,1.0,Large passenger vehicle,2,"155,986",2021 Feb 04 04:07:00 PM,2021 Feb 04 10:07:00 PM,"18,092,935",False,True,False,WHITE,1.0,MALE,"314,209"
"402,948",4,56.0,1.0,Bicycle,5,"156,029",2021 Feb 05 12:11:00 PM,2021 Feb 05 06:11:00 PM,"18,093,808",False,True,False,WHITE,1.0,MALE,"314,301"
"403,252",4,20.0,2.0,Passenger car,1,"156,189",2021 Jan 29 03:06:00 AM,2021 Jan 29 09:06:00 AM,"18,097,687",False,True,False,HISPANIC,1.0,MALE,"314,632"
"403,291",4,34.0,2.0,Passenger car,1,"156,210",2021 Feb 07 02:57:00 AM,2021 Feb 07 08:57:00 AM,"18,097,709",False,True,False,HISPANIC,1.0,MALE,"314,674"
"403,353",4,65.0,1.0,Pedestrian,7,"156,243",2021 Feb 07 06:34:00 PM,2021 Feb 08 12:34:00 AM,"18,098,108",False,True,False,WHITE,1.0,MALE,"314,743"
"403,373",1,18.0,2.0,Passenger car,1,"156,254",2021 Feb 08 02:53:00 AM,2021 Feb 08 08:53:00 AM,"18,098,119",False,True,False,HISPANIC,1.0,MALE,"314,765"
"403,387",1,27.0,1.0,Passenger car,1,"156,262",2021 Feb 08 09:10:00 AM,2021 Feb 08 03:10:00 PM,"18,098,273",False,True,False,WHITE,2.0,FEMALE,"314,782"
"403,391",1,48.0,2.0,Passenger car,1,"156,263",2021 Feb 08 10:02:00 AM,2021 Feb 08 04:02:00 PM,"18,098,274",False,True,False,HISPANIC,2.0,FEMALE,"314,786"
"403,593",1,28.0,1.0,Bicycle,5,"156,371",2021 Feb 09 07:05:00 PM,2021 Feb 10 01:05:00 AM,"18,101,122",False,True,False,WHITE,1.0,MALE,"315,003"
"403,621",4,26.0,2.0,Large passenger vehicle,2,"156,387",2021 Jan 30 02:25:00 AM,2021 Jan 30 08:25:00 AM,"18,101,877",False,True,False,HISPANIC,2.0,FEMALE,"315,033"
"403,637",1,42.0,1.0,Passenger car,1,"156,395",2021 Feb 10 10:53:00 AM,2021 Feb 10 04:53:00 PM,"18,101,885",False,True,False,WHITE,2.0,FEMALE,"315,052"
"403,749",4,36.0,2.0,Pedestrian,7,"156,459",2021 Jan 31 07:56:00 PM,2021 Feb 01 01:56:00 AM,"18,103,361",False,True,False,HISPANIC,1.0,MALE,"315,177"
"403,828",1,48.0,3.0,Large passenger vehicle,2,"156,507",2021 Feb 10 06:41:00 PM,2021 Feb 11 12:41:00 AM,"18,104,709",False,True,False,BLACK,1.0,MALE,"315,270"
"403,851",1,34.0,3.0,Pedestrian,7,"156,518",2021 Feb 11 06:01:00 PM,2021 Feb 12 12:01:00 AM,"18,104,720",False,True,False,BLACK,1.0,MALE,"315,294"
"403,914",4,32.0,1.0,Pedestrian,7,"156,544",2021 Feb 11 09:54:00 PM,2021 Feb 12 03:54:00 AM,"18,104,973",False,True,False,WHITE,1.0,MALE,"315,365"
"403,957",1,41.0,2.0,Motor vehicle – other,4,"156,577",2021 Feb 12 04:55:00 AM,2021 Feb 12 10:55:00 AM,"18,105,300",False,True,False,HISPANIC,2.0,FEMALE,"315,413"
"404,101",1,21.0,2.0,Large passenger vehicle,2,"156,660",2021 Feb 13 09:58:00 AM,2021 Feb 13 03:58:00 PM,"18,106,299",False,True,False,HISPANIC,1.0,MALE,"315,566"
"404,131",1,28.0,1.0,Bicycle,5,"156,676",2021 Feb 09 06:58:00 PM,2021 Feb 10 12:58:00 AM,"18,107,159",False,True,False,WHITE,1.0,MALE,"315,597"
"404,149",1,29.0,3.0,Passenger car,1,"156,688",2021 Feb 13 05:32:00 PM,2021 Feb 13 11:32:00 PM,"18,107,174",False,True,False,BLACK,1.0,MALE,"315,618"
"404,543",4,25.0,2.0,Passenger car,1,"156,936",2021 Feb 19 08:47:00 PM,2021 Feb 20 02:47:00 AM,"18,117,753",False,True,False,HISPANIC,1.0,MALE,"316,060"
"404,594",4,67.0,2.0,Large passenger vehicle,2,"156,968",2021 Feb 21 02:35:00 AM,2021 Feb 21 08:35:00 AM,"18,118,161",False,True,False,HISPANIC,1.0,MALE,"316,120"
"404,602",1,17.0,2.0,Passenger car,1,"156,973",2021 Feb 21 03:46:00 PM,2021 Feb 21 09:46:00 PM,"18,118,166",False,True,False,HISPANIC,1.0,MALE,"316,128"
"404,798",1,47.0,1.0,Pedestrian,7,"157,080",2021 Feb 06 05:02:00 AM,2021 Feb 06 11:02:00 AM,"18,121,243",False,True,False,WHITE,1.0,MALE,"316,340"
"404,872",4,22.0,2.0,Motorcycle,3,"157,121",2021 Feb 09 10:30:00 PM,2021 Feb 10 04:30:00 AM,"18,122,087",False,True,False,HISPANIC,1.0,MALE,"316,421"
"404,949",1,28.0,3.0,Passenger car,1,"157,166",2021 Feb 25 06:53:00 AM,2021 Feb 25 12:53:00 PM,"18,122,906",False,True,False,BLACK,2.0,FEMALE,"316,508"
"405,061",1,58.0,1.0,Bicycle,5,"157,229",2021 Feb 21 05:01:00 PM,2021 Feb 21 11:01:00 PM,"18,124,856",False,True,False,WHITE,1.0,MALE,"316,635"
"405,153",1,29.0,2.0,Pedestrian,7,"157,281",2021 Feb 26 12:33:00 PM,2021 Feb 26 06:33:00 PM,"18,125,283",False,True,False,HISPANIC,1.0,MALE,"316,739"
"405,180",1,55.0,1.0,Large passenger vehicle,2,"157,298",2021 Feb 27 10:51:00 AM,2021 Feb 27 04:51:00 PM,"18,125,995",False,True,False,WHITE,1.0,MALE,"316,769"
"405,369",1,44.0,2.0,Large passenger vehicle,2,"157,403",2021 Feb 27 11:17:00 PM,2021 Feb 28 05:17:00 AM,"18,128,522",False,True,False,HISPANIC,2.0,FEMALE,"316,976"
"405,407",1,18.0,2.0,Large passenger vehicle,2,"157,427",2021 Feb 28 10:48:00 PM,2021 Mar 01 04:48:00 AM,"18,128,978",False,True,False,HISPANIC,1.0,MALE,"317,026"
"405,416",1,60.0,1.0,Large passenger vehicle,2,"157,431",2021 Mar 01 08:34:00 AM,2021 Mar 01 02:34:00 PM,"18,128,983",False,True,False,WHITE,1.0,MALE,"317,035"
"405,531",1,42.0,1.0,Large passenger vehicle,2,"157,502",2021 Mar 02 12:41:00 AM,2021 Mar 02 06:41:00 AM,"18,130,413",False,True,False,WHITE,1.0,MALE,"317,159"
"405,532",1,28.0,1.0,Passenger car,1,"157,502",2021 Mar 02 12:41:00 AM,2021 Mar 02 06:41:00 AM,"18,130,413",False,True,False,WHITE,1.0,MALE,"317,160"
"405,552",1,42.0,3.0,Passenger car,1,"157,513",2021 Mar 02 09:06:00 AM,2021 Mar 02 03:06:00 PM,"18,130,808",False,True,False,BLACK,1.0,MALE,"317,181"
"405,732",4,33.0,0.0,Large passenger vehicle,2,"157,609",2021 Feb 01 02:10:00 AM,2021 Feb 01 08:10:00 AM,"18,133,420",False,True,False,UNKNOWN,0.0,UNKNOWN,"317,369"
"405,740",1,38.0,2.0,Passenger car,1,"157,613",2021 Mar 03 01:18:00 PM,2021 Mar 03 07:18:00 PM,"18,133,424",False,True,False,HISPANIC,1.0,MALE,"317,379"
"405,901",1,74.0,1.0,Large passenger vehicle,2,"157,704",2021 Mar 05 09:06:00 AM,2021 Mar 05 03:06:00 PM,"18,135,246",False,True,False,WHITE,1.0,MALE,"317,552"
"406,045",1,32.0,2.0,Motorcycle,3,"157,787",2021 Mar 06 08:27:00 AM,2021 Mar 06 02:27:00 PM,"18,136,753",False,True,False,HISPANIC,1.0,MALE,"317,723"
"406,046",1,47.0,2.0,Passenger car,1,"157,788",2021 Mar 06 09:11:00 AM,2021 Mar 06 03:11:00 PM,"18,136,754",False,True,False,HISPANIC,2.0,FEMALE,"317,724"
"406,053",1,64.0,1.0,Large passenger vehicle,2,"157,791",2021 Mar 06 09:45:00 AM,2021 Mar 06 03:45:00 PM,"18,136,757",False,True,False,WHITE,2.0,FEMALE,"317,731"
"406,059",1,65.0,3.0,Passenger car,1,"157,794",2021 Mar 06 12:22:00 PM,2021 Mar 06 06:22:00 PM,"18,136,761",False,True,False,BLACK,2.0,FEMALE,"317,738"
"406,095",1,67.0,1.0,Pedestrian,7,"157,814",2021 Mar 06 04:51:00 PM,2021 Mar 06 10:51:00 PM,"18,136,931",False,True,False,WHITE,2.0,FEMALE,"317,778"
"406,302",1,22.0,0.0,Large passenger vehicle,2,"157,932",2021 Feb 26 01:33:00 AM,2021 Feb 26 07:33:00 AM,"18,139,307",False,True,False,UNKNOWN,2.0,FEMALE,"318,003"
"406,463",4,46.0,1.0,Pedestrian,7,"158,016",2021 Mar 04 09:41:00 PM,2021 Mar 05 03:41:00 AM,"18,141,565",False,True,False,WHITE,2.0,FEMALE,"318,176"
"406,670",1,,,Large passenger vehicle,2,"158,124",2021 Mar 11 05:32:00 AM,2021 Mar 11 11:32:00 AM,"18,144,360",False,True,False,,2.0,FEMALE,"318,404"
"407,392",1,35.0,2.0,Pedestrian,7,"158,527",2021 Mar 17 07:19:00 AM,2021 Mar 17 12:19:00 PM,"18,153,485",False,True,False,HISPANIC,1.0,MALE,"319,208"
"407,395",1,31.0,1.0,Passenger car,1,"158,529",2021 Mar 17 07:35:00 AM,2021 Mar 17 12:35:00 PM,"18,153,494",False,True,False,WHITE,1.0,MALE,"319,211"
"407,396",1,31.0,2.0,Large passenger vehicle,2,"158,529",2021 Mar 17 07:35:00 AM,2021 Mar 17 12:35:00 PM,"18,153,494",False,True,False,HISPANIC,2.0,FEMALE,"319,212"
"407,584",1,30.0,3.0,Passenger car,1,"158,629",2021 Feb 28 08:22:00 PM,2021 Mar 01 02:22:00 AM,"18,155,938",False,True,False,BLACK,2.0,FEMALE,"319,413"
"407,642",1,44.0,2.0,Large passenger vehicle,2,"158,663",2021 Mar 19 02:48:00 AM,2021 Mar 19 07:48:00 AM,"18,156,699",False,True,False,HISPANIC,2.0,FEMALE,"319,477"
"407,818",1,36.0,2.0,Large passenger vehicle,2,"158,763",2021 Mar 19 02:04:00 PM,2021 Mar 19 07:04:00 PM,"18,159,123",False,True,False,HISPANIC,2.0,FEMALE,"319,667"
"407,878",1,51.0,1.0,Passenger car,1,"158,793",2021 Mar 20 04:48:00 PM,2021 Mar 20 09:48:00 PM,"18,159,654",False,True,False,WHITE,2.0,FEMALE,"319,728"
"408,048",1,54.0,2.0,Passenger car,1,"158,886",2021 Mar 22 11:32:00 PM,2021 Mar 23 04:32:00 AM,"18,161,677",False,True,False,HISPANIC,2.0,FEMALE,"319,912"
"408,286",1,7.0,2.0,Pedestrian,7,"159,012",2021 Mar 23 05:45:00 PM,2021 Mar 23 10:45:00 PM,"18,164,404",False,True,False,HISPANIC,1.0,MALE,"320,159"
"408,431",1,21.0,3.0,Passenger car,1,"159,089",2021 Mar 24 06:08:00 PM,2021 Mar 24 11:08:00 PM,"18,166,054",False,True,False,BLACK,2.0,FEMALE,"320,319"
"408,469",1,47.0,1.0,Passenger car,1,"159,113",2021 Mar 25 08:54:00 AM,2021 Mar 25 01:54:00 PM,"18,166,345",False,True,False,WHITE,1.0,MALE,"320,361"
"408,540",1,41.0,3.0,Passenger car,1,"159,157",2021 Mar 25 12:26:00 PM,2021 Mar 25 05:26:00 PM,"18,167,969",False,True,False,BLACK,1.0,MALE,"320,439"
"408,558",1,30.0,1.0,Motorcycle,3,"159,166",2021 Mar 25 05:46:00 PM,2021 Mar 25 10:46:00 PM,"18,167,980",False,True,False,WHITE,1.0,MALE,"320,458"
"408,565",4,28.0,2.0,Passenger car,1,"159,170",2021 Mar 25 06:24:00 PM,2021 Mar 25 11:24:00 PM,"18,167,984",False,True,False,HISPANIC,1.0,MALE,"320,466"
"408,841",1,36.0,1.0,Passenger car,1,"159,318",2021 Mar 16 01:21:00 PM,2021 Mar 16 06:21:00 PM,"18,171,933",False,True,False,WHITE,1.0,MALE,"320,762"
"408,953",1,31.0,3.0,Passenger car,1,"159,376",2021 Mar 26 09:22:00 PM,2021 Mar 27 02:22:00 AM,"18,172,670",False,True,False,BLACK,1.0,MALE,"320,881"
"409,033",1,56.0,2.0,Bicycle,5,"159,418",2021 Mar 28 11:53:00 AM,2021 Mar 28 04:53:00 PM,"18,173,115",False,True,False,HISPANIC,1.0,MALE,"320,972"
"409,049",1,22.0,2.0,Large passenger vehicle,2,"159,426",2021 Mar 29 02:15:00 AM,2021 Mar 29 07:15:00 AM,"18,173,123",False,True,False,HISPANIC,1.0,MALE,"320,990"
"409,056",1,52.0,3.0,Passenger car,1,"159,429",2021 Mar 29 07:56:00 AM,2021 Mar 29 12:56:00 PM,"18,173,126",False,True,False,BLACK,1.0,MALE,"320,997"
"409,162",1,62.0,1.0,Large passenger vehicle,2,"159,487",2021 Mar 22 05:45:00 AM,2021 Mar 22 10:45:00 AM,"18,174,973",False,True,False,WHITE,1.0,MALE,"321,115"
"409,881",1,18.0,2.0,Passenger car,1,"159,874",2021 Apr 02 09:40:00 PM,2021 Apr 03 02:40:00 AM,"18,183,479",False,True,False,HISPANIC,1.0,MALE,"321,915"
"409,929",1,47.0,2.0,Large passenger vehicle,2,"159,902",2021 Apr 03 10:35:00 AM,2021 Apr 03 03:35:00 PM,"18,183,610",False,True,False,HISPANIC,1.0,MALE,"321,966"
"410,013",1,49.0,1.0,Motorcycle,3,"159,946",2021 Apr 05 01:41:00 AM,2021 Apr 05 06:41:00 AM,"18,183,815",False,True,False,WHITE,1.0,MALE,"322,056"
"410,165",1,17.0,1.0,Large passenger vehicle,2,"160,031",2021 Mar 30 08:14:00 AM,2021 Mar 30 01:14:00 PM,"18,186,145",False,True,False,WHITE,1.0,MALE,"322,215"
"410,215",1,19.0,1.0,Passenger car,1,"160,057",2021 Apr 06 12:06:00 PM,2021 Apr 06 05:06:00 PM,"18,186,992",False,True,False,WHITE,1.0,MALE,"322,270"
"410,331",1,27.0,1.0,Large passenger vehicle,2,"160,119",2021 Apr 07 11:38:00 AM,2021 Apr 07 04:38:00 PM,"18,188,651",False,True,False,WHITE,2.0,FEMALE,"322,390"
"410,388",4,35.0,2.0,Large passenger vehicle,2,"160,150",2021 Apr 05 11:20:00 AM,2021 Apr 05 04:20:00 PM,"18,190,192",False,True,False,HISPANIC,1.0,MALE,"322,452"
"410,475",1,34.0,1.0,Motorcycle,3,"160,193",2021 Apr 07 11:57:00 PM,2021 Apr 08 04:57:00 AM,"18,190,550",False,True,False,WHITE,2.0,FEMALE,"322,544"
"411,068",1,26.0,1.0,Passenger car,1,"160,519",2021 Apr 10 11:34:00 AM,2021 Apr 10 04:34:00 PM,"18,198,056",False,True,False,WHITE,2.0,FEMALE,"323,192"
"411,141",1,43.0,2.0,Large passenger vehicle,2,"160,556",2021 Apr 11 11:06:00 AM,2021 Apr 11 04:06:00 PM,"18,198,178",False,True,False,HISPANIC,1.0,MALE,"323,273"
"411,142",1,56.0,1.0,Large passenger vehicle,2,"160,556",2021 Apr 11 11:06:00 AM,2021 Apr 11 04:06:00 PM,"18,198,178",False,True,False,WHITE,1.0,MALE,"323,275"
"411,153",1,28.0,2.0,Motorcycle,3,"160,562",2021 Apr 11 03:41:00 PM,2021 Apr 11 08:41:00 PM,"18,198,188",False,True,False,HISPANIC,1.0,MALE,"323,286"
"411,391",4,39.0,1.0,Pedestrian,7,"160,698",2021 Apr 14 03:58:00 AM,2021 Apr 14 08:58:00 AM,"18,200,886",False,True,False,WHITE,1.0,MALE,"323,546"
"411,472",4,50.0,1.0,E-scooter,11,"160,741",2021 Apr 09 02:07:00 PM,2021 Apr 09 07:07:00 PM,"18,203,059",False,True,False,WHITE,1.0,MALE,"323,633"
"411,668",4,42.0,2.0,Passenger car,1,"160,851",2021 Apr 11 02:44:00 AM,2021 Apr 11 07:44:00 AM,"18,204,747",False,True,False,HISPANIC,1.0,MALE,"323,850"
"411,735",1,30.0,1.0,Large passenger vehicle,2,"160,883",2021 Apr 16 02:04:00 AM,2021 Apr 16 07:04:00 AM,"18,204,790",False,True,False,WHITE,1.0,MALE,"323,921"
"411,979",1,,1.0,Passenger car,1,"161,014",2021 Apr 15 06:22:00 PM,2021 Apr 15 11:22:00 PM,"18,208,861",False,True,False,WHITE,2.0,FEMALE,"324,188"
"412,397",1,62.0,2.0,Passenger car,1,"161,244",2021 Apr 10 04:30:00 PM,2021 Apr 10 09:30:00 PM,"18,214,382",False,True,False,HISPANIC,2.0,FEMALE,"324,649"
"412,517",4,24.0,1.0,Motorcycle,3,"161,304",2021 Apr 22 12:07:00 PM,2021 Apr 22 05:07:00 PM,"18,216,410",False,True,False,WHITE,1.0,MALE,"324,778"
"412,570",1,43.0,2.0,Passenger car,1,"161,335",2021 Apr 21 10:07:00 PM,2021 Apr 22 03:07:00 AM,"18,216,457",False,True,False,HISPANIC,1.0,MALE,"324,839"
"412,571",1,37.0,1.0,Passenger car,1,"161,335",2021 Apr 21 10:07:00 PM,2021 Apr 22 03:07:00 AM,"18,216,457",False,True,False,WHITE,2.0,FEMALE,"324,840"
"412,646",1,18.0,1.0,Large passenger vehicle,2,"161,378",2021 Apr 22 09:30:00 PM,2021 Apr 23 02:30:00 AM,"18,217,055",False,True,False,WHITE,1.0,MALE,"324,920"
"412,690",1,27.0,2.0,Large passenger vehicle,2,"161,404",2021 Apr 23 07:26:00 AM,2021 Apr 23 12:26:00 PM,"18,217,590",False,True,False,HISPANIC,2.0,FEMALE,"324,971"
"412,990",1,35.0,1.0,Passenger car,1,"161,564",2021 Apr 23 09:43:00 PM,2021 Apr 24 02:43:00 AM,"18,220,971",False,True,False,WHITE,1.0,MALE,"325,296"
"413,027",1,47.0,1.0,Motorcycle,3,"161,583",2021 Apr 24 03:16:00 PM,2021 Apr 24 08:16:00 PM,"18,221,068",False,True,False,WHITE,1.0,MALE,"325,336"
"413,075",1,64.0,1.0,Bicycle,5,"161,612",2021 Apr 24 01:17:00 PM,2021 Apr 24 06:17:00 PM,"18,221,171",False,True,False,WHITE,1.0,MALE,"325,393"
"413,181",4,57.0,3.0,Passenger car,1,"161,668",2021 Apr 11 01:58:00 AM,2021 Apr 11 06:58:00 AM,"18,221,940",False,True,False,BLACK,1.0,MALE,"325,511"
"413,190",1,65.0,4.0,Passenger car,1,"161,673",2021 Apr 26 10:58:00 AM,2021 Apr 26 03:58:00 PM,"18,222,114",False,True,False,ASIAN,2.0,FEMALE,"325,521"
"413,327",1,44.0,1.0,Motorcycle,3,"161,746",2021 Mar 04 06:58:00 AM,2021 Mar 04 12:58:00 PM,"18,223,992",False,True,False,WHITE,1.0,MALE,"325,665"
"413,417",4,66.0,1.0,Pedestrian,7,"161,797",2021 Apr 07 10:43:00 PM,2021 Apr 08 03:43:00 AM,"18,225,562",False,True,False,WHITE,1.0,MALE,"325,768"
"413,438",1,21.0,3.0,Passenger car,1,"161,808",2021 Apr 27 01:37:00 PM,2021 Apr 27 06:37:00 PM,"18,225,573",False,True,False,BLACK,2.0,FEMALE,"325,790"
"413,452",1,74.0,2.0,Pedestrian,7,"161,814",2021 Apr 27 05:27:00 PM,2021 Apr 27 10:27:00 PM,"18,225,579",False,True,False,HISPANIC,2.0,FEMALE,"325,804"
"413,462",1,30.0,6.0,Pedestrian,7,"161,819",2021 Apr 27 10:51:00 PM,2021 Apr 28 03:51:00 AM,"18,225,617",False,True,False,AMER. INDIAN/ALASKAN NATIVE,1.0,MALE,"325,814"
"413,659",1,23.0,1.0,Passenger car,1,"161,921",2021 Apr 27 06:14:00 PM,2021 Apr 27 11:14:00 PM,"18,227,495",False,True,False,WHITE,2.0,FEMALE,"326,027"
"413,668",1,36.0,1.0,Passenger car,1,"161,926",2021 Apr 28 04:25:00 PM,2021 Apr 28 09:25:00 PM,"18,227,500",False,True,False,WHITE,1.0,MALE,"326,038"
"413,672",1,42.0,3.0,Bicycle,5,"161,928",2021 Apr 28 06:14:00 PM,2021 Apr 28 11:14:00 PM,"18,227,502",False,True,False,BLACK,1.0,MALE,"326,042"
"413,905",1,25.0,1.0,Pedestrian,7,"162,058",2021 Apr 29 05:45:00 PM,2021 Apr 29 10:45:00 PM,"18,229,322",False,True,False,WHITE,1.0,MALE,"326,296"
"414,215",1,27.0,2.0,Large passenger vehicle,2,"162,231",2021 Apr 21 02:43:00 AM,2021 Apr 21 07:43:00 AM,"18,233,571",False,True,False,HISPANIC,1.0,MALE,"326,622"
"414,265",4,29.0,2.0,Passenger car,1,"162,254",2021 Apr 30 07:48:00 PM,2021 May 01 12:48:00 AM,"18,233,668",False,True,False,HISPANIC,2.0,FEMALE,"326,676"
"414,280",1,64.0,1.0,Pedestrian,7,"162,262",2021 Apr 30 08:20:00 PM,2021 May 01 01:20:00 AM,"18,233,676",False,True,False,WHITE,1.0,MALE,"326,691"
"414,291",4,23.0,1.0,Large passenger vehicle,2,"162,270",2021 May 01 01:57:00 AM,2021 May 01 06:57:00 AM,"18,233,761",False,True,False,WHITE,1.0,MALE,"326,702"
"414,398",1,26.0,1.0,Motorcycle,3,"162,328",2021 May 02 01:28:00 PM,2021 May 02 06:28:00 PM,"18,234,567",False,True,False,WHITE,1.0,MALE,"326,816"
"414,417",1,35.0,2.0,Passenger car,1,"162,337",2021 May 02 03:07:00 PM,2021 May 02 08:07:00 PM,"18,234,586",False,True,False,HISPANIC,2.0,FEMALE,"326,837"
"414,436",1,11.0,3.0,Pedestrian,7,"162,347",2021 May 02 06:50:00 PM,2021 May 02 11:50:00 PM,"18,234,666",False,True,False,BLACK,2.0,FEMALE,"326,858"
"414,531",1,37.0,1.0,Passenger car,1,"162,403",2021 Apr 10 01:07:00 AM,2021 Apr 10 06:07:00 AM,"18,235,850",False,True,False,WHITE,1.0,MALE,"326,963"
"414,669",1,35.0,2.0,Passenger car,1,"162,476",2021 Apr 23 05:03:00 PM,2021 Apr 23 10:03:00 PM,"18,238,134",False,True,False,HISPANIC,2.0,FEMALE,"327,114"
"414,833",1,53.0,1.0,E-scooter,11,"162,570",2021 Apr 09 10:40:00 AM,2021 Apr 09 03:40:00 PM,"18,240,013",False,True,False,WHITE,1.0,MALE,"327,296"
"414,915",1,51.0,1.0,Motorcycle,3,"162,619",2021 May 06 11:45:00 AM,2021 May 06 04:45:00 PM,"18,240,966",False,True,False,WHITE,1.0,MALE,"327,385"
"414,997",1,58.0,3.0,Passenger car,1,"162,664",2021 May 06 01:15:00 AM,2021 May 06 06:15:00 AM,"18,241,874",False,True,False,BLACK,1.0,MALE,"327,476"
"415,041",1,30.0,1.0,Motorcycle,3,"162,689",2021 May 07 02:12:00 AM,2021 May 07 07:12:00 AM,"18,241,943",False,True,False,WHITE,1.0,MALE,"327,527"
"415,107",1,39.0,1.0,Passenger car,1,"162,724",2021 May 07 02:01:00 PM,2021 May 07 07:01:00 PM,"18,242,812",False,True,False,WHITE,1.0,MALE,"327,601"
"415,108",1,53.0,3.0,Passenger car,1,"162,724",2021 May 07 02:01:00 PM,2021 May 07 07:01:00 PM,"18,242,812",False,True,False,BLACK,1.0,MALE,"327,602"
"415,411",1,16.0,2.0,Passenger car,1,"162,889",2021 May 09 02:07:00 AM,2021 May 09 07:07:00 AM,"18,245,867",False,True,False,HISPANIC,2.0,FEMALE,"327,924"
"415,477",4,49.0,2.0,Passenger car,1,"162,929",2021 Apr 28 09:31:00 AM,2021 Apr 28 02:31:00 PM,"18,246,742",False,True,False,HISPANIC,2.0,FEMALE,"328,000"
"415,490",1,36.0,1.0,E-scooter,11,"162,936",2021 Apr 27 08:36:00 PM,2021 Apr 28 01:36:00 AM,"18,246,812",False,True,False,WHITE,1.0,MALE,"328,014"
"415,531",1,34.0,2.0,Passenger car,1,"162,957",2021 May 10 01:19:00 PM,2021 May 10 06:19:00 PM,"18,247,672",False,True,False,HISPANIC,2.0,FEMALE,"328,060"
"415,560",1,18.0,2.0,Passenger car,1,"162,975",2021 May 09 03:14:00 AM,2021 May 09 08:14:00 AM,"18,248,173",False,True,False,HISPANIC,1.0,MALE,"328,091"
"415,694",4,62.0,3.0,Pedestrian,7,"163,045",2021 Apr 20 02:30:00 AM,2021 Apr 20 07:30:00 AM,"18,250,433",False,True,False,BLACK,1.0,MALE,"328,231"
"415,777",1,59.0,2.0,Large passenger vehicle,2,"163,087",2021 May 11 11:18:00 AM,2021 May 11 04:18:00 PM,"18,251,353",False,True,False,HISPANIC,2.0,FEMALE,"328,319"
"415,865",1,,0.0,Pedestrian,7,"163,135",2021 May 11 08:49:00 PM,2021 May 12 01:49:00 AM,"18,253,133",False,True,False,UNKNOWN,0.0,UNKNOWN,"328,415"
"416,022",1,35.0,1.0,Motorcycle,3,"163,219",2021 May 13 05:43:00 PM,2021 May 13 10:43:00 PM,"18,254,832",False,True,False,WHITE,1.0,MALE,"328,584"
"416,032",1,32.0,2.0,Passenger car,1,"163,227",2021 May 14 03:52:00 AM,2021 May 14 08:52:00 AM,"18,254,840",False,True,False,HISPANIC,2.0,FEMALE,"328,596"
"416,248",1,33.0,2.0,Motorcycle,3,"163,346",2021 May 09 05:31:00 AM,2021 May 09 10:31:00 AM,"18,258,553",False,True,False,HISPANIC,1.0,MALE,"328,827"
"416,406",4,51.0,1.0,Passenger car,1,"163,435",2021 May 16 02:12:00 PM,2021 May 16 07:12:00 PM,"18,258,882",False,True,False,WHITE,1.0,MALE,"328,999"
"416,540",1,45.0,1.0,Passenger car,1,"163,505",2021 May 17 02:08:00 PM,2021 May 17 07:08:00 PM,"18,260,899",False,True,False,WHITE,2.0,FEMALE,"329,143"
"416,543",1,38.0,3.0,Pedestrian,7,"163,507",2021 May 08 02:45:00 PM,2021 May 08 07:45:00 PM,"18,260,901",False,True,False,BLACK,1.0,MALE,"329,146"
"416,653",1,53.0,1.0,Pedestrian,7,"163,568",2021 May 18 10:59:00 AM,2021 May 18 03:59:00 PM,"18,262,959",False,True,False,WHITE,1.0,MALE,"329,264"
"416,747",1,66.0,2.0,Pedestrian,7,"163,625",2021 May 17 01:19:00 PM,2021 May 17 06:19:00 PM,"18,263,877",False,True,False,HISPANIC,1.0,MALE,"329,366"
"416,764",4,28.0,1.0,Pedestrian,7,"163,634",2021 May 11 08:43:00 PM,2021 May 12 01:43:00 AM,"18,264,093",False,True,False,WHITE,1.0,MALE,"329,384"
"416,996",1,22.0,2.0,Large passenger vehicle,2,"163,756",2021 May 19 11:29:00 PM,2021 May 20 04:29:00 AM,"18,267,531",False,True,False,HISPANIC,1.0,MALE,"329,626"
"417,035",1,53.0,1.0,Motor vehicle – other,4,"163,774",2021 May 20 10:38:00 PM,2021 May 21 03:38:00 AM,"18,267,549",False,True,False,WHITE,1.0,MALE,"329,667"
"417,266",1,40.0,3.0,Passenger car,1,"163,904",2021 May 21 03:19:00 AM,2021 May 21 08:19:00 AM,"18,271,438",False,True,False,BLACK,2.0,FEMALE,"329,912"
"417,334",1,51.0,2.0,Pedestrian,7,"163,941",2021 May 21 11:53:00 PM,2021 May 22 04:53:00 AM,"18,271,551",False,True,False,HISPANIC,1.0,MALE,"329,985"
"417,367",1,27.0,2.0,E-scooter,11,"163,962",2021 May 22 09:42:00 AM,2021 May 22 02:42:00 PM,"18,271,646",False,True,False,HISPANIC,2.0,FEMALE,"330,026"
"417,416",4,66.0,1.0,Pedestrian,7,"163,991",2021 May 22 08:40:00 PM,2021 May 23 01:40:00 AM,"18,271,823",False,True,False,WHITE,1.0,MALE,"330,080"
"417,420",1,27.0,2.0,Passenger car,1,"163,994",2021 May 23 03:27:00 AM,2021 May 23 08:27:00 AM,"18,271,826",False,True,False,HISPANIC,2.0,FEMALE,"330,085"
"417,450",1,19.0,3.0,Passenger car,1,"164,012",2021 May 23 06:42:00 PM,2021 May 23 11:42:00 PM,"18,271,918",False,True,False,BLACK,1.0,MALE,"330,116"
"417,664",1,23.0,2.0,Passenger car,1,"164,125",2021 May 24 01:36:00 PM,2021 May 24 06:36:00 PM,"18,274,334",False,True,False,HISPANIC,2.0,FEMALE,"330,343"
"417,907",1,32.0,3.0,Passenger car,1,"164,256",2021 May 02 10:57:00 PM,2021 May 03 03:57:00 AM,"18,278,535",False,True,False,BLACK,1.0,MALE,"330,611"
"418,354",1,26.0,2.0,Passenger car,1,"164,503",2021 May 17 05:50:00 AM,2021 May 17 10:50:00 AM,"18,284,056",False,True,False,HISPANIC,1.0,MALE,"331,096"
"418,384",1,58.0,1.0,Motorcycle,3,"164,521",2021 May 27 01:36:00 PM,2021 May 27 06:36:00 PM,"18,284,089",False,True,False,WHITE,1.0,MALE,"331,129"
"418,404",1,30.0,2.0,Bicycle,5,"164,531",2021 May 27 03:00:00 PM,2021 May 27 08:00:00 PM,"18,284,099",False,True,False,HISPANIC,2.0,FEMALE,"331,150"
"418,406",1,34.0,2.0,Bicycle,5,"164,532",2021 May 27 09:20:00 PM,2021 May 28 02:20:00 AM,"18,284,100",False,True,False,HISPANIC,1.0,MALE,"331,152"
"418,514",4,71.0,1.0,Motorcycle,3,"164,594",2021 May 29 07:36:00 PM,2021 May 30 12:36:00 AM,"18,284,216",False,True,False,WHITE,1.0,MALE,"331,267"
"418,537",1,61.0,1.0,Motorcycle,3,"164,607",2021 May 30 06:53:00 AM,2021 May 30 11:53:00 AM,"18,284,246",False,True,False,WHITE,1.0,MALE,"331,295"
"418,539",4,28.0,3.0,Pedestrian,7,"164,608",2021 May 30 03:29:00 AM,2021 May 30 08:29:00 AM,"18,284,247",False,True,False,BLACK,2.0,FEMALE,"331,297"
"418,589",1,26.0,1.0,Pedestrian,7,"164,636",2021 May 30 11:18:00 PM,2021 May 31 04:18:00 AM,"18,284,296",False,True,False,WHITE,1.0,MALE,"331,349"
"418,595",1,29.0,3.0,Passenger car,1,"164,641",2021 May 31 03:52:00 AM,2021 May 31 08:52:00 AM,"18,284,302",False,True,False,BLACK,1.0,MALE,"331,355"
"418,682",1,23.0,1.0,Passenger car,1,"164,696",2021 May 31 11:48:00 AM,2021 May 31 04:48:00 PM,"18,285,922",False,True,False,WHITE,2.0,FEMALE,"331,451"
"418,692",1,51.0,1.0,Bicycle,5,"164,700",2021 May 31 02:04:00 PM,2021 May 31 07:04:00 PM,"18,285,926",False,True,False,WHITE,1.0,MALE,"331,461"
"418,806",1,37.0,2.0,Passenger car,1,"164,761",2021 Jun 01 11:42:00 AM,2021 Jun 01 04:42:00 PM,"18,287,353",False,True,False,HISPANIC,2.0,FEMALE,"331,580"
"418,808",1,26.0,1.0,Pedestrian,7,"164,761",2021 Jun 01 11:42:00 AM,2021 Jun 01 04:42:00 PM,"18,287,353",False,True,False,WHITE,1.0,MALE,"331,582"
"418,980",1,38.0,2.0,Pedestrian,7,"164,853",2021 Jun 02 10:19:00 AM,2021 Jun 02 03:19:00 PM,"18,289,011",False,True,False,HISPANIC,2.0,FEMALE,"331,764"
"419,285",4,43.0,1.0,Pedestrian,7,"165,017",2021 Jun 03 11:24:00 AM,2021 Jun 03 04:24:00 PM,"18,293,073",False,True,False,WHITE,1.0,MALE,"332,096"
"419,615",1,35.0,1.0,Large passenger vehicle,2,"165,199",2021 Jun 07 07:44:00 PM,2021 Jun 08 12:44:00 AM,"18,297,701",False,True,False,WHITE,1.0,MALE,"332,442"
"419,625",1,59.0,2.0,Large passenger vehicle,2,"165,204",2021 Jun 07 06:51:00 PM,2021 Jun 07 11:51:00 PM,"18,297,752",False,True,False,HISPANIC,2.0,FEMALE,"332,452"
"419,668",1,28.0,1.0,Motorcycle,3,"165,229",2021 Jun 07 12:02:00 AM,2021 Jun 07 05:02:00 AM,"18,298,181",False,True,False,WHITE,1.0,MALE,"332,500"
"419,734",1,21.0,2.0,Passenger car,1,"165,264",2021 Jun 06 03:15:00 AM,2021 Jun 06 08:15:00 AM,"18,298,364",False,True,False,HISPANIC,1.0,MALE,"332,577"
"419,765",1,26.0,1.0,E-scooter,11,"165,284",2021 Jun 05 03:29:00 AM,2021 Jun 05 08:29:00 AM,"18,298,429",False,True,False,WHITE,1.0,MALE,"332,614"
"419,920",4,76.0,1.0,Passenger car,1,"165,370",2021 Jun 05 12:10:00 PM,2021 Jun 05 05:10:00 PM,"18,299,936",False,True,False,WHITE,1.0,MALE,"332,781"
"419,929",1,54.0,1.0,E-scooter,11,"165,373",2021 Jun 08 07:39:00 AM,2021 Jun 08 12:39:00 PM,"18,299,940",False,True,False,WHITE,1.0,MALE,"332,790"
"419,939",1,28.0,1.0,Motorcycle,3,"165,379",2021 Jun 08 04:41:00 PM,2021 Jun 08 09:41:00 PM,"18,299,950",False,True,False,WHITE,1.0,MALE,"332,800"
"420,043",1,47.0,1.0,Motorcycle,3,"165,434",2021 Jun 09 02:14:00 AM,2021 Jun 09 07:14:00 AM,"18,301,436",False,True,False,WHITE,1.0,MALE,"332,910"
"420,045",1,36.0,1.0,Motorcycle,3,"165,435",2021 Jun 09 07:57:00 AM,2021 Jun 09 12:57:00 PM,"18,301,437",False,True,False,WHITE,1.0,MALE,"332,912"
"420,491",1,21.0,2.0,Passenger car,1,"165,676",2021 May 16 12:27:00 AM,2021 May 16 05:27:00 AM,"18,308,297",False,True,False,HISPANIC,1.0,MALE,"333,403"
"420,496",4,61.0,3.0,Pedestrian,7,"165,679",2021 Jun 02 03:21:00 AM,2021 Jun 02 08:21:00 AM,"18,308,300",False,True,False,BLACK,2.0,FEMALE,"333,410"
"420,499",1,32.0,2.0,Passenger car,1,"165,681",2021 Jun 04 09:26:00 AM,2021 Jun 04 02:26:00 PM,"18,308,302",False,True,False,HISPANIC,1.0,MALE,"333,413"
"420,550",1,71.0,2.0,Passenger car,1,"165,707",2021 Jun 11 09:47:00 PM,2021 Jun 12 02:47:00 AM,"18,308,379",False,True,False,HISPANIC,2.0,FEMALE,"333,465"
"420,560",1,35.0,2.0,Passenger car,1,"165,713",2021 Jun 11 11:00:00 PM,2021 Jun 12 04:00:00 AM,"18,308,385",False,True,False,HISPANIC,1.0,MALE,"333,476"
"420,575",4,35.0,1.0,Motorcycle,3,"165,722",2021 Jun 12 08:14:00 AM,2021 Jun 12 01:14:00 PM,"18,308,402",False,True,False,WHITE,1.0,MALE,"333,494"
"420,619",1,50.0,2.0,Large passenger vehicle,2,"165,744",2021 Jun 12 06:53:00 PM,2021 Jun 12 11:53:00 PM,"18,308,457",False,True,False,HISPANIC,2.0,FEMALE,"333,541"
"420,645",4,58.0,1.0,Large passenger vehicle,2,"165,763",2021 Jun 13 10:11:00 AM,2021 Jun 13 03:11:00 PM,"18,308,554",False,True,False,WHITE,1.0,MALE,"333,575"
"420,646",1,33.0,3.0,Large passenger vehicle,2,"165,763",2021 Jun 13 10:11:00 AM,2021 Jun 13 03:11:00 PM,"18,308,554",False,True,False,BLACK,2.0,FEMALE,"333,576"
"420,707",1,32.0,1.0,Passenger car,1,"165,799",2021 Jun 08 10:58:00 PM,2021 Jun 09 03:58:00 AM,"18,309,355",False,True,False,WHITE,1.0,MALE,"333,640"
"420,775",1,42.0,2.0,Passenger car,1,"165,836",2021 Jun 14 07:57:00 PM,2021 Jun 15 12:57:00 AM,"18,310,153",False,True,False,HISPANIC,2.0,FEMALE,"333,711"
"420,788",1,50.0,2.0,Passenger car,1,"165,844",2021 Jun 15 12:32:00 AM,2021 Jun 15 05:32:00 AM,"18,310,163",False,True,False,HISPANIC,2.0,FEMALE,"333,725"
"421,191",1,31.0,1.0,Pedestrian,7,"166,058",2021 Jun 16 08:58:00 PM,2021 Jun 17 01:58:00 AM,"18,314,849",False,True,False,WHITE,2.0,FEMALE,"334,153"
"421,589",1,36.0,1.0,Passenger car,1,"166,269",2021 Jun 17 09:22:00 AM,2021 Jun 17 02:22:00 PM,"18,321,255",False,True,False,WHITE,1.0,MALE,"334,591"
"421,608",4,82.0,1.0,Passenger car,1,"166,278",2021 Jun 17 03:02:00 PM,2021 Jun 17 08:02:00 PM,"18,321,334",False,True,False,WHITE,2.0,FEMALE,"334,612"
"421,780",1,69.0,1.0,Motorcycle,3,"166,364",2021 Jun 19 02:30:00 PM,2021 Jun 19 07:30:00 PM,"18,321,569",False,True,False,WHITE,1.0,MALE,"334,791"
"421,860",4,76.0,0.0,Pedestrian,7,"166,408",2021 Jun 20 07:18:00 AM,2021 Jun 20 12:18:00 PM,"18,322,187",False,True,False,UNKNOWN,1.0,MALE,"334,878"
"421,937",1,21.0,3.0,Passenger car,1,"166,447",2021 Jun 19 01:37:00 AM,2021 Jun 19 06:37:00 AM,"18,323,569",False,True,False,BLACK,1.0,MALE,"334,962"
"421,969",1,20.0,2.0,Motorcycle,3,"166,461",2021 Jun 21 03:16:00 PM,2021 Jun 21 08:16:00 PM,"18,323,595",False,True,False,HISPANIC,1.0,MALE,"334,995"
"422,000",1,66.0,3.0,Passenger car,1,"166,478",2021 Jun 17 10:17:00 AM,2021 Jun 17 03:17:00 PM,"18,324,150",False,True,False,BLACK,2.0,FEMALE,"335,028"
"422,138",4,31.0,1.0,Pedestrian,7,"166,553",2021 May 18 06:20:00 AM,2021 May 18 11:20:00 AM,"18,326,142",False,True,False,WHITE,1.0,MALE,"335,178"
"422,383",1,59.0,1.0,Large passenger vehicle,2,"166,680",2021 Jun 23 05:26:00 PM,2021 Jun 23 10:26:00 PM,"18,330,090",False,True,False,WHITE,1.0,MALE,"335,454"
"422,443",1,20.0,1.0,Passenger car,1,"166,710",2021 Jun 24 07:06:00 PM,2021 Jun 25 12:06:00 AM,"18,330,160",False,True,False,WHITE,1.0,MALE,"335,517"
"422,692",1,28.0,1.0,Motorcycle,3,"166,839",2021 Jun 25 05:38:00 PM,2021 Jun 25 10:38:00 PM,"18,332,635",False,True,False,WHITE,1.0,MALE,"335,784"
"422,713",4,37.0,1.0,Motorcycle,3,"166,849",2021 Jun 26 12:10:00 AM,2021 Jun 26 05:10:00 AM,"18,332,661",False,True,False,WHITE,1.0,MALE,"335,806"
"422,739",4,51.0,1.0,Motorcycle,3,"166,865",2021 Jun 26 03:20:00 PM,2021 Jun 26 08:20:00 PM,"18,332,678",False,True,False,WHITE,1.0,MALE,"335,833"
"422,759",1,34.0,3.0,Pedestrian,7,"166,874",2021 Jun 26 07:52:00 PM,2021 Jun 27 12:52:00 AM,"18,332,719",False,True,False,BLACK,2.0,FEMALE,"335,854"
"422,880",1,29.0,2.0,Passenger car,1,"166,942",2021 Jun 26 09:42:00 PM,2021 Jun 27 02:42:00 AM,"18,333,638",False,True,False,HISPANIC,1.0,MALE,"335,985"
"422,883",1,,2.0,Passenger car,1,"166,944",2021 Jun 28 02:51:00 AM,2021 Jun 28 07:51:00 AM,"18,333,641",False,True,False,HISPANIC,1.0,MALE,"335,990"
"423,079",1,27.0,1.0,Passenger car,1,"167,046",2021 Jun 26 08:56:00 PM,2021 Jun 27 01:56:00 AM,"18,336,314",False,True,False,WHITE,1.0,MALE,"336,199"
"423,594",1,18.0,1.0,Passenger car,1,"167,331",2021 Jun 26 02:31:00 AM,2021 Jun 26 07:31:00 AM,"18,344,738",False,True,False,WHITE,1.0,MALE,"336,765"
"423,595",4,26.0,2.0,Passenger car,1,"167,331",2021 Jun 26 02:31:00 AM,2021 Jun 26 07:31:00 AM,"18,344,738",False,True,False,HISPANIC,2.0,FEMALE,"336,766"
"423,610",4,40.0,2.0,Pedestrian,7,"167,338",2021 Jun 29 11:08:00 AM,2021 Jun 29 04:08:00 PM,"18,344,745",False,True,False,HISPANIC,1.0,MALE,"336,782"
"423,614",1,29.0,2.0,Motorcycle,3,"167,340",2021 Jun 29 12:46:00 PM,2021 Jun 29 05:46:00 PM,"18,344,747",False,True,False,HISPANIC,1.0,MALE,"336,786"
"423,629",1,57.0,1.0,Large passenger vehicle,2,"167,348",2021 Jun 30 08:02:00 AM,2021 Jun 30 01:02:00 PM,"18,344,766",False,True,False,WHITE,1.0,MALE,"336,802"
"423,735",1,32.0,1.0,Bicycle,5,"167,402",2021 Jul 01 08:47:00 PM,2021 Jul 02 01:47:00 AM,"18,344,837",False,True,False,WHITE,1.0,MALE,"336,916"
"423,828",1,24.0,3.0,Passenger car,1,"167,455",2021 Jul 03 10:55:00 AM,2021 Jul 03 03:55:00 PM,"18,344,980",False,True,False,BLACK,1.0,MALE,"337,017"
"423,870",1,56.0,1.0,Large passenger vehicle,2,"167,478",2021 Jul 03 09:54:00 PM,2021 Jul 04 02:54:00 AM,"18,345,071",False,True,False,WHITE,1.0,MALE,"337,061"
"424,092",1,29.0,2.0,Passenger car,1,"167,593",2021 Jul 04 02:51:00 AM,2021 Jul 04 07:51:00 AM,"18,348,532",False,True,False,HISPANIC,1.0,MALE,"337,299"
"424,095",1,30.0,2.0,Large passenger vehicle,2,"167,597",2021 Jul 04 06:52:00 AM,2021 Jul 04 11:52:00 AM,"18,348,536",False,True,False,HISPANIC,1.0,MALE,"337,305"
"424,122",1,55.0,1.0,Passenger car,1,"167,613",2021 Jul 05 04:29:00 AM,2021 Jul 05 09:29:00 AM,"18,348,594",False,True,False,WHITE,2.0,FEMALE,"337,333"
"424,186",1,75.0,3.0,Large passenger vehicle,2,"167,651",2021 Jul 06 09:34:00 AM,2021 Jul 06 02:34:00 PM,"18,349,660",False,True,False,BLACK,1.0,MALE,"337,400"
"424,204",1,45.0,1.0,Large passenger vehicle,2,"167,660",2021 Jul 06 11:02:00 AM,2021 Jul 06 04:02:00 PM,"18,349,861",False,True,False,WHITE,1.0,MALE,"337,422"
"424,580",1,54.0,2.0,Pedestrian,7,"167,867",2021 Jun 29 04:30:00 AM,2021 Jun 29 09:30:00 AM,"18,355,580",False,True,False,HISPANIC,1.0,MALE,"337,827"
"424,618",1,25.0,1.0,Motorcycle,3,"167,885",2021 Jul 08 05:31:00 AM,2021 Jul 08 10:31:00 AM,"18,355,598",False,True,False,WHITE,1.0,MALE,"337,867"
"424,682",1,26.0,1.0,Passenger car,1,"167,921",2021 Jul 09 11:23:00 PM,2021 Jul 10 04:23:00 AM,"18,355,757",False,True,False,WHITE,2.0,FEMALE,"337,935"
"424,856",1,33.0,3.0,Passenger car,1,"168,018",2021 Jul 10 04:40:00 AM,2021 Jul 10 09:40:00 AM,"18,357,868",False,True,False,BLACK,1.0,MALE,"338,131"
"425,011",1,38.0,3.0,Passenger car,1,"168,103",2021 Jul 11 07:58:00 AM,2021 Jul 11 12:58:00 PM,"18,359,566",False,True,False,BLACK,1.0,MALE,"338,297"
"425,040",1,55.0,1.0,Motorcycle,3,"168,117",2021 Jul 10 12:40:00 AM,2021 Jul 10 05:40:00 AM,"18,359,648",False,True,False,WHITE,1.0,MALE,"338,326"
"425,085",1,34.0,2.0,Large passenger vehicle,2,"168,139",2021 Jul 11 07:40:00 PM,2021 Jul 12 12:40:00 AM,"18,359,699",False,True,False,HISPANIC,1.0,MALE,"338,372"
"425,443",4,21.0,1.0,Passenger car,1,"168,330",2021 Jul 11 08:11:00 PM,2021 Jul 12 01:11:00 AM,"18,367,105",False,True,False,WHITE,2.0,FEMALE,"338,774"
"425,495",1,35.0,1.0,Passenger car,1,"168,358",2021 Jul 13 07:33:00 PM,2021 Jul 14 12:33:00 AM,"18,367,140",False,True,False,WHITE,1.0,MALE,"338,828"
"425,554",1,,1.0,Passenger car,1,"168,390",2021 Jul 14 08:58:00 PM,2021 Jul 15 01:58:00 AM,"18,367,194",False,True,False,WHITE,1.0,MALE,"338,893"
"425,566",1,22.0,5.0,Large passenger vehicle,2,"168,397",2021 Jul 14 11:14:00 PM,2021 Jul 15 04:14:00 AM,"18,367,211",False,True,False,OTHER,1.0,MALE,"338,905"
"425,571",4,61.0,1.0,Pedestrian,7,"168,401",2021 Jul 15 06:18:00 AM,2021 Jul 15 11:18:00 AM,"18,367,215",False,True,False,WHITE,1.0,MALE,"338,910"
"425,694",1,57.0,3.0,Passenger car,1,"168,468",2021 Jul 15 04:11:00 PM,2021 Jul 15 09:11:00 PM,"18,368,194",False,True,False,BLACK,2.0,FEMALE,"339,041"
"425,696",1,53.0,2.0,Passenger car,1,"168,468",2021 Jul 15 04:11:00 PM,2021 Jul 15 09:11:00 PM,"18,368,194",False,True,False,HISPANIC,2.0,FEMALE,"339,043"
"425,933",1,21.0,0.0,Passenger car,1,"168,600",2021 Jun 22 12:56:00 PM,2021 Jun 22 05:56:00 PM,"18,373,059",False,True,False,UNKNOWN,1.0,MALE,"339,304"
"425,951",1,,2.0,Passenger car,1,"168,610",2021 Jul 01 06:49:00 PM,2021 Jul 01 11:49:00 PM,"18,373,070",False,True,False,HISPANIC,2.0,FEMALE,"339,325"
"426,041",4,38.0,3.0,Motorcycle,3,"168,658",2021 Jul 16 10:53:00 PM,2021 Jul 17 03:53:00 AM,"18,373,157",False,True,False,BLACK,1.0,MALE,"339,420"
"426,075",1,36.0,1.0,Large passenger vehicle,2,"168,674",2021 Jul 17 12:54:00 PM,2021 Jul 17 05:54:00 PM,"18,373,190",False,True,False,WHITE,2.0,FEMALE,"339,456"
"426,120",1,26.0,2.0,Passenger car,1,"168,698",2021 Jul 18 02:46:00 AM,2021 Jul 18 07:46:00 AM,"18,373,240",False,True,False,HISPANIC,1.0,MALE,"339,505"
"426,168",1,43.0,2.0,Passenger car,1,"168,722",2021 Jul 19 12:43:00 AM,2021 Jul 19 05:43:00 AM,"18,373,276",False,True,False,HISPANIC,1.0,MALE,"339,558"
"426,408",1,24.0,1.0,Large passenger vehicle,2,"168,845",2021 Jul 20 10:01:00 AM,2021 Jul 20 03:01:00 PM,"18,375,790",False,True,False,WHITE,2.0,FEMALE,"339,813"
"426,658",1,36.0,2.0,Passenger car,1,"168,976",2021 Jul 21 12:02:00 PM,2021 Jul 21 05:02:00 PM,"18,378,991",False,True,False,HISPANIC,2.0,FEMALE,"340,081"
"426,842",1,50.0,2.0,Pedestrian,7,"169,076",2021 Jul 23 02:46:00 PM,2021 Jul 23 07:46:00 PM,"18,380,499",False,True,False,HISPANIC,2.0,FEMALE,"340,281"
"426,982",1,28.0,2.0,Large passenger vehicle,2,"169,155",2021 Jul 24 01:09:00 AM,2021 Jul 24 06:09:00 AM,"18,382,341",False,True,False,HISPANIC,1.0,MALE,"340,428"
"426,985",1,27.0,2.0,Passenger car,1,"169,157",2021 Jul 24 02:20:00 AM,2021 Jul 24 07:20:00 AM,"18,382,343",False,True,False,HISPANIC,1.0,MALE,"340,431"
"427,211",1,79.0,3.0,Passenger car,1,"169,282",2021 Jul 25 05:11:00 PM,2021 Jul 25 10:11:00 PM,"18,385,109",False,True,False,BLACK,1.0,MALE,"340,674"
"427,214",1,31.0,1.0,Motorcycle,3,"169,283",2021 Jul 25 06:32:00 PM,2021 Jul 25 11:32:00 PM,"18,385,110",False,True,False,WHITE,1.0,MALE,"340,677"
"427,492",4,16.0,2.0,Large passenger vehicle,2,"169,435",2021 Jul 11 02:44:00 AM,2021 Jul 11 07:44:00 AM,"18,388,333",False,True,False,HISPANIC,1.0,MALE,"340,971"
"427,502",1,31.0,3.0,Motorcycle,3,"169,440",2021 Jul 27 06:22:00 AM,2021 Jul 27 11:22:00 AM,"18,388,338",False,True,False,BLACK,1.0,MALE,"340,981"
"427,743",1,45.0,1.0,Motorcycle,3,"169,566",2021 Jul 28 05:48:00 PM,2021 Jul 28 10:48:00 PM,"18,391,148",False,True,False,WHITE,1.0,MALE,"341,245"
"427,754",1,36.0,1.0,Passenger car,1,"169,571",2021 Jul 28 10:09:00 PM,2021 Jul 29 03:09:00 AM,"18,391,153",False,True,False,WHITE,1.0,MALE,"341,256"
"427,759",1,38.0,1.0,Pedestrian,7,"169,572",2021 Jul 28 10:48:00 PM,2021 Jul 29 03:48:00 AM,"18,391,154",False,True,False,WHITE,1.0,MALE,"341,261"
"427,912",1,28.0,2.0,E-scooter,11,"169,653",2021 Jul 21 01:41:00 AM,2021 Jul 21 06:41:00 AM,"18,391,833",False,True,False,HISPANIC,1.0,MALE,"341,427"
"427,929",4,22.0,2.0,Passenger car,1,"169,664",2021 Jul 30 01:02:00 AM,2021 Jul 30 06:02:00 AM,"18,391,851",False,True,False,HISPANIC,1.0,MALE,"341,448"
"427,982",1,19.0,1.0,Passenger car,1,"169,691",2021 Jun 29 08:30:00 AM,2021 Jun 29 01:30:00 PM,"18,392,765",False,True,False,WHITE,2.0,FEMALE,"341,504"
"428,013",1,47.0,2.0,Passenger car,1,"169,708",2021 Jul 30 11:19:00 AM,2021 Jul 30 04:19:00 PM,"18,392,786",False,True,False,HISPANIC,2.0,FEMALE,"341,535"
"428,021",1,32.0,2.0,Passenger car,1,"169,712",2021 Jul 25 08:14:00 PM,2021 Jul 26 01:14:00 AM,"18,392,790",False,True,False,HISPANIC,1.0,MALE,"341,544"
"428,039",1,24.0,1.0,Motorcycle,3,"169,720",2021 Jul 26 08:55:00 PM,2021 Jul 27 01:55:00 AM,"18,393,098",False,True,False,WHITE,1.0,MALE,"341,562"
"428,396",4,41.0,2.0,Large passenger vehicle,2,"169,907",2021 Aug 01 01:51:00 AM,2021 Aug 01 06:51:00 AM,"18,397,127",False,True,False,HISPANIC,1.0,MALE,"341,944"
"428,401",1,17.0,3.0,Pedestrian,7,"169,909",2021 Aug 01 02:12:00 PM,2021 Aug 01 07:12:00 PM,"18,397,129",False,True,False,BLACK,2.0,FEMALE,"341,949"
"428,447",1,27.0,4.0,Passenger car,1,"169,937",2021 Aug 02 08:22:00 AM,2021 Aug 02 01:22:00 PM,"18,397,220",False,True,False,ASIAN,2.0,FEMALE,"342,000"
"428,448",1,66.0,1.0,Large passenger vehicle,2,"169,937",2021 Aug 02 08:22:00 AM,2021 Aug 02 01:22:00 PM,"18,397,220",False,True,False,WHITE,2.0,FEMALE,"342,001"
"428,540",4,31.0,1.0,Motorcycle,3,"169,992",2021 Aug 03 01:43:00 AM,2021 Aug 03 06:43:00 AM,"18,398,118",False,True,False,WHITE,1.0,MALE,"342,103"
"428,554",1,41.0,2.0,Passenger car,1,"170,001",2021 Jul 31 08:46:00 PM,2021 Aug 01 01:46:00 AM,"18,398,218",False,True,False,HISPANIC,2.0,FEMALE,"342,121"
"428,689",1,24.0,2.0,Passenger car,1,"170,076",2021 Aug 03 10:55:00 PM,2021 Aug 04 03:55:00 AM,"18,400,326",False,True,False,HISPANIC,1.0,MALE,"342,272"
"428,703",1,42.0,2.0,Passenger car,1,"170,084",2021 Aug 04 07:50:00 AM,2021 Aug 04 12:50:00 PM,"18,400,512",False,True,False,HISPANIC,1.0,MALE,"342,287"
"428,839",1,36.0,2.0,Passenger car,1,"170,156",2021 Aug 02 04:00:00 PM,2021 Aug 02 09:00:00 PM,"18,403,347",False,True,False,HISPANIC,1.0,MALE,"342,438"
"428,863",1,27.0,1.0,Passenger car,1,"170,169",2021 Aug 04 05:16:00 PM,2021 Aug 04 10:16:00 PM,"18,403,361",False,True,False,WHITE,1.0,MALE,"342,462"
"428,955",1,22.0,2.0,Passenger car,1,"170,216",2021 May 31 05:56:00 PM,2021 May 31 10:56:00 PM,"18,403,558",False,True,False,HISPANIC,1.0,MALE,"342,558"
"429,240",1,31.0,1.0,Motorcycle,3,"170,372",2021 Aug 07 08:18:00 AM,2021 Aug 07 01:18:00 PM,"18,407,083",False,True,False,WHITE,1.0,MALE,"342,869"
"429,275",1,19.0,2.0,Passenger car,1,"170,393",2021 Aug 08 02:26:00 AM,2021 Aug 08 07:26:00 AM,"18,407,111",False,True,False,HISPANIC,1.0,MALE,"342,908"
"429,399",1,55.0,3.0,Passenger car,1,"170,462",2021 Aug 09 06:23:00 AM,2021 Aug 09 11:23:00 AM,"18,409,293",False,True,False,BLACK,1.0,MALE,"343,039"
"429,582",4,37.0,1.0,Motor vehicle – other,4,"170,558",2021 Jul 28 02:10:00 AM,2021 Jul 28 07:10:00 AM,"18,411,099",False,True,False,WHITE,1.0,MALE,"343,239"
"429,587",1,18.0,2.0,Passenger car,1,"170,561",2021 Aug 07 05:42:00 AM,2021 Aug 07 10:42:00 AM,"18,411,400",False,True,False,HISPANIC,1.0,MALE,"343,244"
"429,594",1,21.0,2.0,Passenger car,1,"170,564",2021 Aug 10 10:27:00 AM,2021 Aug 10 03:27:00 PM,"18,411,403",False,True,False,HISPANIC,2.0,FEMALE,"343,251"
"429,939",1,32.0,4.0,Pedestrian,7,"170,747",2021 Jul 25 12:09:00 AM,2021 Jul 25 05:09:00 AM,"18,415,643",False,True,False,ASIAN,1.0,MALE,"343,622"
"429,949",1,32.0,1.0,Large passenger vehicle,2,"170,752",2021 Aug 11 04:31:00 PM,2021 Aug 11 09:31:00 PM,"18,415,651",False,True,False,WHITE,1.0,MALE,"343,632"
"429,950",1,21.0,2.0,Passenger car,1,"170,752",2021 Aug 11 04:31:00 PM,2021 Aug 11 09:31:00 PM,"18,415,651",False,True,False,HISPANIC,1.0,MALE,"343,633"
"429,987",4,27.0,,Motorcycle,3,"170,773",2021 Aug 11 11:57:00 PM,2021 Aug 12 04:57:00 AM,"18,415,684",False,True,False,,1.0,MALE,"343,676"
"429,990",1,26.0,0.0,Motorcycle,3,"170,775",2021 Aug 12 02:19:00 AM,2021 Aug 12 07:19:00 AM,"18,415,687",False,True,False,UNKNOWN,1.0,MALE,"343,679"
"430,006",1,42.0,2.0,Passenger car,1,"170,783",2021 Aug 12 03:59:00 PM,2021 Aug 12 08:59:00 PM,"18,415,695",False,True,False,HISPANIC,2.0,FEMALE,"343,695"
"430,156",1,,3.0,Pedestrian,7,"170,865",2021 Aug 13 12:21:00 PM,2021 Aug 13 05:21:00 PM,"18,417,183",False,True,False,BLACK,1.0,MALE,"343,865"
"430,443",1,34.0,1.0,Motorcycle,3,"171,015",2021 Aug 01 01:36:00 AM,2021 Aug 01 06:36:00 AM,"18,421,827",False,True,False,WHITE,1.0,MALE,"344,168"
"430,501",1,30.0,1.0,Motorcycle,3,"171,049",2021 Aug 14 10:27:00 AM,2021 Aug 14 03:27:00 PM,"18,421,997",False,True,False,WHITE,1.0,MALE,"344,229"
"430,900",1,43.0,1.0,Passenger car,1,"171,259",2021 Aug 17 09:39:00 PM,2021 Aug 18 02:39:00 AM,"18,425,111",False,True,False,WHITE,1.0,MALE,"344,654"
"430,901",4,20.0,1.0,Passenger car,1,"171,259",2021 Aug 17 09:39:00 PM,2021 Aug 18 02:39:00 AM,"18,425,111",False,True,False,WHITE,1.0,MALE,"344,655"
"431,155",1,63.0,1.0,Pedestrian,7,"171,396",2021 Aug 19 10:27:00 AM,2021 Aug 19 03:27:00 PM,"18,428,395",False,True,False,WHITE,1.0,MALE,"344,928"
"431,210",1,30.0,2.0,E-scooter,11,"171,424",2021 Aug 14 09:26:00 PM,2021 Aug 15 02:26:00 AM,"18,428,891",False,True,False,HISPANIC,1.0,MALE,"344,985"
"431,254",1,56.0,3.0,Pedestrian,7,"171,447",2021 Aug 11 01:53:00 PM,2021 Aug 11 06:53:00 PM,"18,428,999",False,True,False,BLACK,2.0,FEMALE,"345,033"
"431,277",1,74.0,1.0,Large passenger vehicle,2,"171,460",2021 Aug 19 12:30:00 PM,2021 Aug 19 05:30:00 PM,"18,429,194",False,True,False,WHITE,2.0,FEMALE,"345,058"
"431,464",4,49.0,3.0,Pedestrian,7,"171,561",2021 Aug 15 05:35:00 AM,2021 Aug 15 10:35:00 AM,"18,431,595",False,True,False,BLACK,1.0,MALE,"345,255"
"431,501",1,50.0,2.0,Passenger car,1,"171,580",2021 Aug 20 11:33:00 PM,2021 Aug 21 04:33:00 AM,"18,431,631",False,True,False,HISPANIC,2.0,FEMALE,"345,293"
"431,508",1,25.0,0.0,Passenger car,1,"171,585",2021 Aug 21 01:44:00 AM,2021 Aug 21 06:44:00 AM,"18,431,636",False,True,False,UNKNOWN,2.0,FEMALE,"345,301"
"431,568",1,28.0,2.0,Passenger car,1,"171,616",2021 Aug 22 01:13:00 AM,2021 Aug 22 06:13:00 AM,"18,431,681",False,True,False,HISPANIC,1.0,MALE,"345,365"
"431,733",1,25.0,1.0,Passenger car,1,"171,706",2021 Aug 22 03:25:00 AM,2021 Aug 22 08:25:00 AM,"18,434,647",False,True,False,WHITE,1.0,MALE,"345,544"
"431,734",1,27.0,1.0,Passenger car,1,"171,706",2021 Aug 22 03:25:00 AM,2021 Aug 22 08:25:00 AM,"18,434,647",False,True,False,WHITE,1.0,MALE,"345,545"
"431,881",4,67.0,2.0,Pedestrian,7,"171,780",2021 Aug 24 06:30:00 AM,2021 Aug 24 11:30:00 AM,"18,436,267",False,True,False,HISPANIC,2.0,FEMALE,"345,703"
"432,022",1,24.0,2.0,Passenger car,1,"171,855",2021 Aug 25 12:54:00 AM,2021 Aug 25 05:54:00 AM,"18,437,757",False,True,False,HISPANIC,1.0,MALE,"345,855"
"432,288",1,25.0,2.0,Passenger car,1,"171,993",2021 Aug 26 12:42:00 AM,2021 Aug 26 05:42:00 AM,"18,440,640",False,True,False,HISPANIC,1.0,MALE,"346,143"
"432,330",1,39.0,1.0,Large passenger vehicle,2,"172,014",2021 Aug 26 05:45:00 PM,2021 Aug 26 10:45:00 PM,"18,440,910",False,True,False,WHITE,2.0,FEMALE,"346,187"
"432,423",1,50.0,2.0,Large passenger vehicle,2,"172,064",2021 Aug 27 12:10:00 PM,2021 Aug 27 05:10:00 PM,"18,442,167",False,True,False,HISPANIC,1.0,MALE,"346,292"
"432,574",1,21.0,2.0,Pedestrian,7,"172,145",2021 Aug 28 03:04:00 AM,2021 Aug 28 08:04:00 AM,"18,444,323",False,True,False,HISPANIC,2.0,FEMALE,"346,458"
"433,290",4,30.0,2.0,Large passenger vehicle,2,"172,538",2021 Aug 30 12:11:00 AM,2021 Aug 30 05:11:00 AM,"18,453,281",False,True,False,HISPANIC,1.0,MALE,"347,239"
"433,292",4,32.0,1.0,Pedestrian,7,"172,539",2021 Aug 29 11:22:00 PM,2021 Aug 30 04:22:00 AM,"18,453,282",False,True,False,WHITE,1.0,MALE,"347,241"
"433,582",1,57.0,1.0,Motorcycle,3,"172,692",2021 Sep 03 03:42:00 PM,2021 Sep 03 08:42:00 PM,"18,455,085",False,True,False,WHITE,1.0,MALE,"347,555"
"433,668",1,34.0,3.0,Motorcycle,3,"172,737",2021 Aug 31 11:52:00 PM,2021 Sep 01 04:52:00 AM,"18,456,558",False,True,False,BLACK,1.0,MALE,"347,647"
"433,681",1,57.0,1.0,Passenger car,1,"172,743",2021 Sep 03 07:44:00 PM,2021 Sep 04 12:44:00 AM,"18,456,564",False,True,False,WHITE,1.0,MALE,"347,661"
"433,720",1,56.0,2.0,Passenger car,1,"172,765",2021 Sep 04 02:15:00 PM,2021 Sep 04 07:15:00 PM,"18,456,607",False,True,False,HISPANIC,1.0,MALE,"347,702"
"433,729",1,31.0,1.0,Large passenger vehicle,2,"172,769",2021 Sep 04 05:39:00 PM,2021 Sep 04 10:39:00 PM,"18,456,612",False,True,False,WHITE,2.0,FEMALE,"347,711"
"433,756",1,25.0,2.0,Motorcycle,3,"172,783",2021 Sep 05 01:20:00 AM,2021 Sep 05 06:20:00 AM,"18,456,629",False,True,False,HISPANIC,1.0,MALE,"347,740"
"434,177",1,24.0,3.0,Passenger car,1,"173,013",2021 Aug 28 03:42:00 AM,2021 Aug 28 08:42:00 AM,"18,461,818",False,True,False,BLACK,2.0,FEMALE,"348,201"
"434,198",4,57.0,1.0,Passenger car,1,"173,025",2021 Sep 07 09:18:00 PM,2021 Sep 08 02:18:00 AM,"18,461,837",False,True,False,WHITE,1.0,MALE,"348,224"
"434,429",4,53.0,1.0,Pedestrian,7,"173,144",2021 Sep 05 10:58:00 PM,2021 Sep 06 03:58:00 AM,"18,465,449",False,True,False,WHITE,2.0,FEMALE,"348,473"
"434,967",1,55.0,1.0,Pedestrian,7,"173,412",2021 Sep 10 10:14:00 PM,2021 Sep 11 03:14:00 AM,"18,471,478",False,True,False,WHITE,1.0,MALE,"349,039"
"435,077",1,20.0,2.0,Passenger car,1,"173,474",2021 Sep 12 03:15:00 AM,2021 Sep 12 08:15:00 AM,"18,471,604",False,True,False,HISPANIC,1.0,MALE,"349,154"
"435,241",4,29.0,2.0,Pedestrian,7,"173,562",2021 Aug 19 11:36:00 PM,2021 Aug 20 04:36:00 AM,"18,473,670",False,True,False,HISPANIC,2.0,FEMALE,"349,336"
"435,503",1,62.0,1.0,Pedestrian,7,"173,699",2021 Sep 15 11:00:00 AM,2021 Sep 15 04:00:00 PM,"18,476,911",False,True,False,WHITE,2.0,FEMALE,"349,624"
"435,700",1,18.0,2.0,Passenger car,1,"173,806",2021 Sep 10 12:18:00 PM,2021 Sep 10 05:18:00 PM,"18,478,784",False,True,False,HISPANIC,2.0,FEMALE,"349,834"
"435,716",4,36.0,1.0,Motorcycle,3,"173,815",2021 Sep 08 05:53:00 PM,2021 Sep 08 10:53:00 PM,"18,479,019",False,True,False,WHITE,1.0,MALE,"349,850"
"435,753",1,30.0,3.0,Large passenger vehicle,2,"173,834",2021 Sep 16 06:55:00 PM,2021 Sep 16 11:55:00 PM,"18,479,479",False,True,False,BLACK,2.0,FEMALE,"349,888"
"435,946",1,25.0,2.0,Large passenger vehicle,2,"173,936",2021 Sep 18 07:48:00 AM,2021 Sep 18 12:48:00 PM,"18,481,253",False,True,False,HISPANIC,1.0,MALE,"350,091"
"435,947",1,51.0,4.0,Passenger car,1,"173,936",2021 Sep 18 07:48:00 AM,2021 Sep 18 12:48:00 PM,"18,481,253",False,True,False,ASIAN,2.0,FEMALE,"350,092"
"435,976",1,32.0,1.0,Motorcycle,3,"173,954",2021 Sep 19 03:00:00 AM,2021 Sep 19 08:00:00 AM,"18,481,304",False,True,False,WHITE,1.0,MALE,"350,124"
"435,981",1,72.0,1.0,Passenger car,1,"173,957",2021 Sep 19 08:43:00 AM,2021 Sep 19 01:43:00 PM,"18,481,311",False,True,False,WHITE,2.0,FEMALE,"350,129"
"436,157",1,21.0,2.0,Large passenger vehicle,2,"174,047",2021 Sep 11 01:50:00 AM,2021 Sep 11 06:50:00 AM,"18,484,266",False,True,False,HISPANIC,1.0,MALE,"350,318"
"436,201",4,52.0,1.0,Pedestrian,7,"174,070",2021 Sep 19 08:16:00 PM,2021 Sep 20 01:16:00 AM,"18,484,293",False,True,False,WHITE,2.0,FEMALE,"350,365"
"436,215",1,27.0,4.0,Passenger car,1,"174,078",2021 Sep 19 02:04:00 PM,2021 Sep 19 07:04:00 PM,"18,484,334",False,True,False,ASIAN,2.0,FEMALE,"350,379"
"436,252",1,21.0,3.0,Passenger car,1,"174,096",2021 Sep 20 01:37:00 PM,2021 Sep 20 06:37:00 PM,"18,484,353",False,True,False,BLACK,2.0,FEMALE,"350,419"
"436,441",1,28.0,3.0,Large passenger vehicle,2,"174,195",2021 Sep 21 12:54:00 PM,2021 Sep 21 05:54:00 PM,"18,486,156",False,True,False,BLACK,2.0,FEMALE,"350,625"
"436,557",1,29.0,1.0,Motorcycle,3,"174,257",2021 Sep 21 05:26:00 PM,2021 Sep 21 10:26:00 PM,"18,488,586",False,True,False,WHITE,1.0,MALE,"350,751"
"436,612",1,45.0,1.0,Pedestrian,7,"174,286",2021 Sep 22 06:59:00 AM,2021 Sep 22 11:59:00 AM,"18,488,633",False,True,False,WHITE,1.0,MALE,"350,809"
"436,622",1,59.0,0.0,Bicycle,5,"174,292",2021 Sep 22 11:45:00 AM,2021 Sep 22 04:45:00 PM,"18,488,639",False,True,False,UNKNOWN,1.0,MALE,"350,819"
"436,624",1,31.0,1.0,Motorcycle,3,"174,293",2021 Sep 22 11:07:00 AM,2021 Sep 22 04:07:00 PM,"18,488,640",False,True,False,WHITE,2.0,FEMALE,"350,821"
"436,716",1,22.0,1.0,Passenger car,1,"174,340",2021 Sep 05 04:23:00 PM,2021 Sep 05 09:23:00 PM,"18,489,426",False,True,False,WHITE,1.0,MALE,"350,923"
"436,891",1,21.0,3.0,Passenger car,1,"174,433",2021 Sep 23 02:09:00 PM,2021 Sep 23 07:09:00 PM,"18,491,508",False,True,False,BLACK,2.0,FEMALE,"351,110"
"436,896",4,62.0,3.0,Passenger car,1,"174,436",2021 Aug 31 06:23:00 PM,2021 Aug 31 11:23:00 PM,"18,491,511",False,True,False,BLACK,1.0,MALE,"351,115"
"436,912",1,,0.0,Pedestrian,7,"174,445",2021 Sep 24 02:33:00 AM,2021 Sep 24 07:33:00 AM,"18,491,551",False,True,False,UNKNOWN,1.0,MALE,"351,133"
"436,923",4,39.0,1.0,Motorcycle,3,"174,451",2021 Aug 15 11:16:00 PM,2021 Aug 16 04:16:00 AM,"18,491,711",False,True,False,WHITE,1.0,MALE,"351,145"
"436,933",1,31.0,1.0,Passenger car,1,"174,456",2021 Sep 24 11:24:00 AM,2021 Sep 24 04:24:00 PM,"18,491,903",False,True,False,WHITE,2.0,FEMALE,"351,158"
"437,282",1,60.0,1.0,Motorcycle,3,"174,642",2021 Sep 25 01:16:00 AM,2021 Sep 25 06:16:00 AM,"18,494,502",False,True,False,WHITE,1.0,MALE,"351,534"
"437,304",1,61.0,0.0,Motorcycle,3,"174,651",2021 Sep 25 01:17:00 AM,2021 Sep 25 06:17:00 AM,"18,494,511",False,True,False,UNKNOWN,1.0,MALE,"351,556"
"437,332",1,40.0,2.0,Large passenger vehicle,2,"174,669",2021 Sep 26 07:22:00 AM,2021 Sep 26 12:22:00 PM,"18,494,559",False,True,False,HISPANIC,1.0,MALE,"351,587"
"437,544",1,63.0,1.0,Bicycle,5,"174,778",2021 Sep 27 01:16:00 PM,2021 Sep 27 06:16:00 PM,"18,497,182",False,True,False,WHITE,1.0,MALE,"351,820"
"437,618",1,22.0,2.0,Passenger car,1,"174,817",2021 Sep 10 11:09:00 PM,2021 Sep 11 04:09:00 AM,"18,498,558",False,True,False,HISPANIC,1.0,MALE,"351,897"
"437,658",1,27.0,1.0,Motorcycle,3,"174,838",2021 Sep 27 08:51:00 PM,2021 Sep 28 01:51:00 AM,"18,498,586",False,True,False,WHITE,2.0,FEMALE,"351,942"
"437,863",1,26.0,1.0,E-scooter,11,"174,944",2021 Sep 17 09:31:00 PM,2021 Sep 18 02:31:00 AM,"18,501,614",False,True,False,WHITE,1.0,MALE,"352,173"
"437,928",1,29.0,2.0,Passenger car,1,"174,976",2021 Sep 28 08:31:00 AM,2021 Sep 28 01:31:00 PM,"18,501,928",False,True,False,HISPANIC,1.0,MALE,"352,239"
"438,086",1,18.0,2.0,Passenger car,1,"175,061",2021 Sep 11 09:16:00 PM,2021 Sep 12 02:16:00 AM,"18,503,177",False,True,False,HISPANIC,1.0,MALE,"352,409"
"438,210",1,75.0,1.0,Pedestrian,7,"175,126",2021 Sep 16 06:40:00 AM,2021 Sep 16 11:40:00 AM,"18,504,648",False,True,False,WHITE,1.0,MALE,"352,542"
"438,245",1,60.0,2.0,Motorcycle,3,"175,142",2021 Sep 30 09:14:00 PM,2021 Oct 01 02:14:00 AM,"18,504,684",False,True,False,HISPANIC,1.0,MALE,"352,578"
"438,259",1,48.0,1.0,Motorcycle,3,"175,150",2021 Oct 01 12:41:00 PM,2021 Oct 01 05:41:00 PM,"18,504,789",False,True,False,WHITE,1.0,MALE,"352,592"
"438,563",4,71.0,2.0,Pedestrian,7,"175,305",2021 Oct 01 08:56:00 PM,2021 Oct 02 01:56:00 AM,"18,507,348",False,True,False,HISPANIC,2.0,FEMALE,"352,909"
"438,814",1,56.0,1.0,Pedestrian,7,"175,438",2021 Oct 03 04:46:00 PM,2021 Oct 03 09:46:00 PM,"18,510,649",False,True,False,WHITE,2.0,FEMALE,"353,182"
"438,824",1,23.0,2.0,Passenger car,1,"175,445",2021 Oct 03 04:49:00 AM,2021 Oct 03 09:49:00 AM,"18,510,656",False,True,False,HISPANIC,2.0,FEMALE,"353,193"
"438,887",1,41.0,2.0,Pedestrian,7,"175,476",2021 Oct 04 08:06:00 PM,2021 Oct 05 01:06:00 AM,"18,510,710",False,True,False,HISPANIC,1.0,MALE,"353,258"
"439,107",1,34.0,1.0,Bicycle,5,"175,588",2021 Sep 30 01:21:00 PM,2021 Sep 30 06:21:00 PM,"18,514,107",False,True,False,WHITE,2.0,FEMALE,"353,499"
"439,375",4,52.0,1.0,Pedestrian,7,"175,728",2021 Sep 26 11:07:00 PM,2021 Sep 27 04:07:00 AM,"18,516,754",False,True,False,WHITE,1.0,MALE,"353,798"
"439,435",4,61.0,3.0,Motorcycle,3,"175,760",2021 Oct 06 11:26:00 PM,2021 Oct 07 04:26:00 AM,"18,517,848",False,True,False,BLACK,1.0,MALE,"353,861"
"439,867",1,42.0,1.0,Bicycle,5,"175,988",2021 Oct 08 05:25:00 PM,2021 Oct 08 10:25:00 PM,"18,522,428",False,True,False,WHITE,2.0,FEMALE,"354,323"
"439,943",1,40.0,3.0,Passenger car,1,"176,030",2021 Oct 10 01:30:00 PM,2021 Oct 10 06:30:00 PM,"18,522,573",False,True,False,BLACK,1.0,MALE,"354,408"
"440,151",4,45.0,2.0,Pedestrian,7,"176,145",2021 Oct 11 09:42:00 PM,2021 Oct 12 02:42:00 AM,"18,525,208",False,True,False,HISPANIC,1.0,MALE,"354,634"
"440,496",1,25.0,1.0,Motorcycle,3,"176,321",2021 Oct 13 05:37:00 PM,2021 Oct 13 10:37:00 PM,"18,528,793",False,True,False,WHITE,1.0,MALE,"354,998"
"440,576",1,30.0,1.0,Passenger car,1,"176,368",2021 Oct 14 11:23:00 AM,2021 Oct 14 04:23:00 PM,"18,530,025",False,True,False,WHITE,1.0,MALE,"355,087"
"440,665",1,21.0,3.0,Passenger car,1,"176,417",2021 Oct 14 06:14:00 PM,2021 Oct 14 11:14:00 PM,"18,531,274",False,True,False,BLACK,2.0,FEMALE,"355,186"
"440,747",4,63.0,3.0,Pedestrian,7,"176,468",2021 Oct 14 06:38:00 AM,2021 Oct 14 11:38:00 AM,"18,532,078",False,True,False,BLACK,1.0,MALE,"355,275"
"440,946",1,24.0,1.0,Pedestrian,7,"176,578",2021 Oct 16 02:29:00 AM,2021 Oct 16 07:29:00 AM,"18,535,085",False,True,False,WHITE,1.0,MALE,"355,488"
"441,075",1,22.0,1.0,Pedestrian,7,"176,643",2021 Oct 16 03:57:00 AM,2021 Oct 16 08:57:00 AM,"18,535,357",False,True,False,WHITE,2.0,FEMALE,"355,627"
"441,094",1,19.0,1.0,Bicycle,5,"176,651",2021 Oct 16 04:22:00 PM,2021 Oct 16 09:22:00 PM,"18,535,369",False,True,False,WHITE,2.0,FEMALE,"355,646"
"441,101",1,41.0,1.0,Passenger car,1,"176,654",2021 Oct 16 07:45:00 PM,2021 Oct 17 12:45:00 AM,"18,535,372",False,True,False,WHITE,1.0,MALE,"355,653"
"441,185",1,24.0,2.0,Passenger car,1,"176,703",2021 Sep 23 01:32:00 AM,2021 Sep 23 06:32:00 AM,"18,536,404",False,True,False,HISPANIC,1.0,MALE,"355,743"
"441,187",4,45.0,1.0,Pedestrian,7,"176,704",2021 Sep 29 05:08:00 AM,2021 Sep 29 10:08:00 AM,"18,536,405",False,True,False,WHITE,1.0,MALE,"355,745"
"441,189",4,36.0,1.0,Passenger car,1,"176,706",2021 Oct 03 09:09:00 AM,2021 Oct 03 02:09:00 PM,"18,536,407",False,True,False,WHITE,1.0,MALE,"355,748"
"441,314",4,16.0,2.0,Passenger car,1,"176,765",2021 Oct 04 09:59:00 PM,2021 Oct 05 02:59:00 AM,"18,539,504",False,True,False,HISPANIC,2.0,FEMALE,"355,880"
"441,385",1,23.0,1.0,Large passenger vehicle,2,"176,798",2021 Oct 19 04:31:00 PM,2021 Oct 19 09:31:00 PM,"18,539,562",False,True,False,WHITE,2.0,FEMALE,"355,957"
"441,476",1,18.0,2.0,Passenger car,1,"176,848",2021 Oct 15 07:33:00 AM,2021 Oct 15 12:33:00 PM,"18,540,638",False,True,False,HISPANIC,2.0,FEMALE,"356,056"
"441,762",1,45.0,3.0,Passenger car,1,"177,007",2021 Aug 25 02:46:00 PM,2021 Aug 25 07:46:00 PM,"18,544,238",False,True,False,BLACK,1.0,MALE,"356,361"
"441,775",1,54.0,3.0,Pedestrian,7,"177,013",2021 Oct 20 07:46:00 PM,2021 Oct 21 12:46:00 AM,"18,544,244",False,True,False,BLACK,2.0,FEMALE,"356,378"
"442,157",1,16.0,1.0,Large passenger vehicle,2,"177,206",2021 Oct 22 02:22:00 PM,2021 Oct 22 07:22:00 PM,"18,548,380",False,True,False,WHITE,1.0,MALE,"356,786"
"442,176",1,28.0,1.0,Motorcycle,3,"177,216",2021 Oct 23 08:41:00 AM,2021 Oct 23 01:41:00 PM,"18,548,391",False,True,False,WHITE,1.0,MALE,"356,810"
"442,206",1,40.0,2.0,Large passenger vehicle,2,"177,232",2021 Oct 22 03:52:00 PM,2021 Oct 22 08:52:00 PM,"18,548,534",False,True,False,HISPANIC,2.0,FEMALE,"356,842"
"442,292",1,23.0,1.0,E-scooter,11,"177,274",2021 Oct 24 12:31:00 AM,2021 Oct 24 05:31:00 AM,"18,548,692",False,True,False,WHITE,1.0,MALE,"356,933"
"442,297",1,25.0,1.0,Bicycle,5,"177,277",2021 Oct 24 04:12:00 AM,2021 Oct 24 09:12:00 AM,"18,548,695",False,True,False,WHITE,1.0,MALE,"356,939"
"442,397",1,,2.0,Pedestrian,7,"177,334",2021 Oct 20 04:03:00 PM,2021 Oct 20 09:03:00 PM,"18,549,805",False,True,False,HISPANIC,1.0,MALE,"357,054"
"442,407",4,35.0,2.0,Passenger car,1,"177,340",2021 Sep 26 02:54:00 AM,2021 Sep 26 07:54:00 AM,"18,550,066",False,True,False,HISPANIC,1.0,MALE,"357,066"
"442,702",1,46.0,2.0,Pedestrian,7,"177,484",2021 Jun 20 04:47:00 AM,2021 Jun 20 09:47:00 AM,"18,553,521",False,True,False,HISPANIC,1.0,MALE,"357,376"
"443,179",1,25.0,1.0,Bicycle,5,"177,732",2021 Oct 06 02:30:00 PM,2021 Oct 06 07:30:00 PM,"18,558,100",False,True,False,WHITE,1.0,MALE,"357,882"
"443,234",1,21.0,0.0,Bicycle,5,"177,760",2021 Oct 28 06:37:00 AM,2021 Oct 28 11:37:00 AM,"18,558,405",False,True,False,UNKNOWN,1.0,MALE,"357,938"
"443,479",1,45.0,1.0,Pedestrian,7,"177,889",2021 Oct 13 11:55:00 PM,2021 Oct 14 04:55:00 AM,"18,562,169",False,True,False,WHITE,1.0,MALE,"358,202"
"443,669",1,65.0,1.0,Pedestrian,7,"177,986",2021 Oct 31 11:23:00 AM,2021 Oct 31 04:23:00 PM,"18,562,681",False,True,False,WHITE,2.0,FEMALE,"358,410"
"443,677",1,71.0,2.0,Passenger car,1,"177,990",2021 Oct 31 04:35:00 PM,2021 Oct 31 09:35:00 PM,"18,562,685",False,True,False,HISPANIC,1.0,MALE,"358,418"
"443,684",1,18.0,2.0,Large passenger vehicle,2,"177,995",2021 Oct 31 06:56:00 PM,2021 Oct 31 11:56:00 PM,"18,562,690",False,True,False,HISPANIC,1.0,MALE,"358,429"
"443,720",1,34.0,1.0,Motorcycle,3,"178,016",2021 Oct 23 12:25:00 PM,2021 Oct 23 05:25:00 PM,"18,563,109",False,True,False,WHITE,1.0,MALE,"358,474"
"443,869",4,37.0,2.0,Large passenger vehicle,2,"178,101",2021 Oct 25 08:33:00 PM,2021 Oct 26 01:33:00 AM,"18,566,237",False,True,False,HISPANIC,2.0,FEMALE,"358,642"
"443,926",1,29.0,1.0,Motorcycle,3,"178,130",2021 Nov 02 07:31:00 AM,2021 Nov 02 12:31:00 PM,"18,566,296",False,True,False,WHITE,1.0,MALE,"358,703"
"444,016",1,18.0,1.0,Motorcycle,3,"178,174",2021 Nov 02 12:06:00 PM,2021 Nov 02 05:06:00 PM,"18,567,502",False,True,False,WHITE,1.0,MALE,"358,797"
"444,242",1,32.0,1.0,Motor vehicle – other,4,"178,293",2021 Nov 03 10:17:00 PM,2021 Nov 04 03:17:00 AM,"18,569,922",False,True,False,WHITE,1.0,MALE,"359,043"
"444,443",1,64.0,1.0,Pedestrian,7,"178,393",2021 Nov 02 05:28:00 PM,2021 Nov 02 10:28:00 PM,"18,571,963",False,True,False,WHITE,1.0,MALE,"359,254"
"444,874",1,65.0,1.0,Passenger car,1,"178,632",2021 Oct 18 02:59:00 PM,2021 Oct 18 07:59:00 PM,"18,576,382",False,True,False,WHITE,2.0,FEMALE,"359,729"
"444,877",1,23.0,3.0,Passenger car,1,"178,634",2021 Nov 02 06:49:00 AM,2021 Nov 02 11:49:00 AM,"18,576,384",False,True,False,BLACK,1.0,MALE,"359,732"
"445,054",1,51.0,1.0,Large passenger vehicle,2,"178,727",2021 Nov 06 10:22:00 AM,2021 Nov 06 03:22:00 PM,"18,576,788",False,True,False,WHITE,1.0,MALE,"359,921"
"445,152",1,22.0,2.0,Passenger car,1,"178,777",2021 Nov 08 10:47:00 AM,2021 Nov 08 04:47:00 PM,"18,578,062",False,True,False,HISPANIC,2.0,FEMALE,"360,029"
"445,158",1,30.0,1.0,Pedestrian,7,"178,781",2021 Nov 08 04:15:00 PM,2021 Nov 08 10:15:00 PM,"18,578,067",False,True,False,WHITE,2.0,FEMALE,"360,036"
"445,450",4,54.0,1.0,Pedestrian,7,"178,928",2021 Nov 09 07:57:00 PM,2021 Nov 10 01:57:00 AM,"18,581,498",False,True,False,WHITE,1.0,MALE,"360,350"
"445,678",1,52.0,1.0,E-scooter,11,"179,044",2021 Nov 10 08:50:00 PM,2021 Nov 11 02:50:00 AM,"18,584,572",False,True,False,WHITE,1.0,MALE,"360,592"
"445,692",1,30.0,1.0,Passenger car,1,"179,052",2021 Nov 10 11:52:00 AM,2021 Nov 10 05:52:00 PM,"18,584,592",False,True,False,WHITE,1.0,MALE,"360,608"
"445,697",1,53.0,1.0,Large passenger vehicle,2,"179,054",2021 Nov 11 08:25:00 AM,2021 Nov 11 02:25:00 PM,"18,584,594",False,True,False,WHITE,2.0,FEMALE,"360,614"
"446,167",1,77.0,1.0,Large passenger vehicle,2,"179,305",2021 Nov 13 05:16:00 PM,2021 Nov 13 11:16:00 PM,"18,589,973",False,True,False,WHITE,2.0,FEMALE,"361,119"
"446,196",1,119.0,3.0,Pedestrian,7,"179,321",2021 Nov 14 01:35:00 AM,2021 Nov 14 07:35:00 AM,"18,590,004",False,True,False,BLACK,1.0,MALE,"361,151"
"446,217",1,19.0,2.0,Passenger car,1,"179,332",2021 Nov 13 08:43:00 PM,2021 Nov 14 02:43:00 AM,"18,590,158",False,True,False,HISPANIC,1.0,MALE,"361,172"
"446,218",1,35.0,2.0,Passenger car,1,"179,332",2021 Nov 13 08:43:00 PM,2021 Nov 14 02:43:00 AM,"18,590,158",False,True,False,HISPANIC,1.0,MALE,"361,173"
"446,299",4,38.0,1.0,Passenger car,1,"179,374",2021 Nov 07 04:37:00 PM,2021 Nov 07 10:37:00 PM,"18,591,324",False,True,False,WHITE,1.0,MALE,"361,258"
"446,466",1,55.0,1.0,Large passenger vehicle,2,"179,465",2021 Nov 10 12:13:00 PM,2021 Nov 10 06:13:00 PM,"18,593,475",False,True,False,WHITE,2.0,FEMALE,"361,438"
"446,668",4,15.0,2.0,Passenger car,1,"179,574",2021 Nov 07 07:06:00 AM,2021 Nov 07 01:06:00 PM,"18,596,982",False,True,False,HISPANIC,1.0,MALE,"361,653"
"446,669",1,44.0,2.0,Large passenger vehicle,2,"179,574",2021 Nov 07 07:06:00 AM,2021 Nov 07 01:06:00 PM,"18,596,982",False,True,False,HISPANIC,1.0,MALE,"361,654"
"446,670",1,18.0,2.0,Passenger car,1,"179,575",2021 Nov 10 08:01:00 AM,2021 Nov 10 02:01:00 PM,"18,596,983",False,True,False,HISPANIC,1.0,MALE,"361,655"
"446,687",1,24.0,3.0,Pedestrian,7,"179,582",2021 Nov 15 11:03:00 PM,2021 Nov 16 05:03:00 AM,"18,596,997",False,True,False,BLACK,1.0,MALE,"361,674"
"446,718",4,64.0,2.0,Pedestrian,7,"179,599",2021 Nov 16 08:00:00 PM,2021 Nov 17 02:00:00 AM,"18,597,064",False,True,False,HISPANIC,1.0,MALE,"361,709"
"446,799",1,18.0,3.0,Passenger car,1,"179,641",2021 Nov 17 03:20:00 PM,2021 Nov 17 09:20:00 PM,"18,597,202",False,True,False,BLACK,1.0,MALE,"361,796"
"447,096",1,34.0,1.0,Motorcycle,3,"179,796",2021 Nov 18 07:46:00 PM,2021 Nov 19 01:46:00 AM,"18,600,516",False,True,False,WHITE,1.0,MALE,"362,118"
"447,104",1,30.0,3.0,Passenger car,1,"179,800",2021 Nov 18 11:32:00 PM,2021 Nov 19 05:32:00 AM,"18,600,520",False,True,False,BLACK,2.0,FEMALE,"362,126"
"447,127",1,19.0,1.0,Motorcycle,3,"179,813",2021 Nov 19 07:45:00 AM,2021 Nov 19 01:45:00 PM,"18,600,589",False,True,False,WHITE,1.0,MALE,"362,151"
"447,353",1,50.0,1.0,Passenger car,1,"179,927",2021 Nov 18 08:45:00 PM,2021 Nov 19 02:45:00 AM,"18,603,158",False,True,False,WHITE,1.0,MALE,"362,395"
"447,517",1,40.0,1.0,Motorcycle,3,"180,015",2021 Nov 18 01:07:00 PM,2021 Nov 18 07:07:00 PM,"18,605,826",False,True,False,WHITE,1.0,MALE,"362,576"
"447,574",1,43.0,5.0,Passenger car,1,"180,045",2021 Oct 19 07:52:00 AM,2021 Oct 19 12:52:00 PM,"18,605,909",False,True,False,OTHER,2.0,FEMALE,"362,636"
"447,590",1,35.0,2.0,Motorcycle,3,"180,054",2021 Nov 06 05:59:00 PM,2021 Nov 06 10:59:00 PM,"18,605,944",False,True,False,HISPANIC,1.0,MALE,"362,653"
"447,595",4,42.0,1.0,Pedestrian,7,"180,056",2021 Nov 10 07:39:00 PM,2021 Nov 11 01:39:00 AM,"18,605,946",False,True,False,WHITE,2.0,FEMALE,"362,658"
"447,643",1,45.0,4.0,Large passenger vehicle,2,"180,079",2021 Nov 17 07:34:00 AM,2021 Nov 17 01:34:00 PM,"18,606,463",False,True,False,ASIAN,2.0,FEMALE,"362,710"
"447,709",1,30.0,1.0,Micromobility device,6,"180,113",2021 Nov 21 01:36:00 AM,2021 Nov 21 07:36:00 AM,"18,606,568",False,True,False,WHITE,1.0,MALE,"362,785"
"447,713",1,28.0,1.0,Pedestrian,7,"180,117",2021 Nov 12 04:59:00 PM,2021 Nov 12 10:59:00 PM,"18,606,572",False,True,False,WHITE,1.0,MALE,"362,792"
"447,907",4,14.0,1.0,Pedestrian,7,"180,216",2021 Nov 23 08:53:00 PM,2021 Nov 24 02:53:00 AM,"18,607,397",False,True,False,WHITE,2.0,FEMALE,"363,005"
"448,094",4,84.0,2.0,Large passenger vehicle,2,"180,308",2021 Nov 24 02:38:00 PM,2021 Nov 24 08:38:00 PM,"18,609,556",False,True,False,HISPANIC,1.0,MALE,"363,204"
"448,100",1,29.0,1.0,Pedestrian,7,"180,310",2021 Nov 23 07:22:00 PM,2021 Nov 24 01:22:00 AM,"18,609,559",False,True,False,WHITE,1.0,MALE,"363,210"
"448,499",1,48.0,1.0,Large passenger vehicle,2,"180,538",2021 Nov 25 02:34:00 PM,2021 Nov 25 08:34:00 PM,"18,614,176",False,True,False,WHITE,1.0,MALE,"363,638"
"448,501",1,37.0,1.0,Passenger car,1,"180,538",2021 Nov 25 02:34:00 PM,2021 Nov 25 08:34:00 PM,"18,614,176",False,True,False,WHITE,2.0,FEMALE,"363,640"
"448,822",1,23.0,2.0,Large passenger vehicle,2,"180,709",2021 Nov 29 12:33:00 AM,2021 Nov 29 06:33:00 AM,"18,616,096",False,True,False,HISPANIC,1.0,MALE,"363,986"
"449,022",1,29.0,1.0,Motorcycle,3,"180,812",2021 Nov 30 04:30:00 PM,2021 Nov 30 10:30:00 PM,"18,618,531",False,True,False,WHITE,1.0,MALE,"364,206"
"449,131",4,24.0,2.0,Motorcycle,3,"180,867",2021 Nov 05 07:32:00 PM,2021 Nov 06 12:32:00 AM,"18,619,767",False,True,False,HISPANIC,1.0,MALE,"364,320"
"449,204",1,33.0,2.0,Pedestrian,7,"180,908",2021 Nov 20 05:31:00 PM,2021 Nov 20 11:31:00 PM,"18,620,560",False,True,False,HISPANIC,2.0,FEMALE,"364,397"
"449,490",1,34.0,1.0,Bicycle,5,"181,062",2021 Nov 14 04:25:00 PM,2021 Nov 14 10:25:00 PM,"18,624,187",False,True,False,WHITE,1.0,MALE,"364,711"
"449,528",1,65.0,1.0,Passenger car,1,"181,082",2021 Dec 03 01:31:00 PM,2021 Dec 03 07:31:00 PM,"18,624,324",False,True,False,WHITE,2.0,FEMALE,"364,749"
"449,793",1,68.0,1.0,Bicycle,5,"181,226",2021 Dec 03 07:24:00 PM,2021 Dec 04 01:24:00 AM,"18,628,072",False,True,False,WHITE,1.0,MALE,"365,026"
"449,805",1,18.0,1.0,Passenger car,1,"181,233",2021 Dec 05 01:37:00 AM,2021 Dec 05 07:37:00 AM,"18,628,081",False,True,False,WHITE,2.0,FEMALE,"365,038"
"449,927",1,63.0,1.0,Pedestrian,7,"181,298",2021 Dec 04 08:24:00 PM,2021 Dec 05 02:24:00 AM,"18,628,588",False,True,False,WHITE,1.0,MALE,"365,168"
"450,310",1,30.0,2.0,Motor vehicle – other,4,"181,506",2021 Dec 01 09:35:00 PM,2021 Dec 02 03:35:00 AM,"18,633,123",False,True,False,HISPANIC,1.0,MALE,"365,583"
"450,557",1,67.0,3.0,Pedestrian,7,"181,633",2021 Nov 17 12:40:00 AM,2021 Nov 17 06:40:00 AM,"18,634,763",False,True,False,BLACK,1.0,MALE,"365,839"
"450,578",1,17.0,2.0,Large passenger vehicle,2,"181,643",2021 Dec 01 08:45:00 PM,2021 Dec 02 02:45:00 AM,"18,635,010",False,True,False,HISPANIC,1.0,MALE,"365,860"
"450,594",4,61.0,1.0,Pedestrian,7,"181,651",2021 Dec 04 02:20:00 AM,2021 Dec 04 08:20:00 AM,"18,635,464",False,True,False,WHITE,1.0,MALE,"365,879"
"450,606",4,36.0,2.0,Pedestrian,7,"181,657",2021 Dec 04 04:49:00 AM,2021 Dec 04 10:49:00 AM,"18,635,524",False,True,False,HISPANIC,1.0,MALE,"365,892"
"450,633",1,18.0,5.0,Passenger car,1,"181,672",2021 Dec 08 02:35:00 PM,2021 Dec 08 08:35:00 PM,"18,635,700",False,True,False,OTHER,1.0,MALE,"365,928"
"450,789",1,44.0,1.0,Passenger car,1,"181,759",2021 Dec 10 09:24:00 AM,2021 Dec 10 03:24:00 PM,"18,637,173",False,True,False,WHITE,1.0,MALE,"366,098"
"450,790",4,30.0,3.0,Pedestrian,7,"181,759",2021 Dec 10 09:24:00 AM,2021 Dec 10 03:24:00 PM,"18,637,173",False,True,False,BLACK,1.0,MALE,"366,099"
"450,791",4,39.0,2.0,Pedestrian,7,"181,759",2021 Dec 10 09:24:00 AM,2021 Dec 10 03:24:00 PM,"18,637,173",False,True,False,HISPANIC,1.0,MALE,"366,100"
"451,114",1,32.0,4.0,Motorcycle,3,"181,924",2021 Dec 10 11:01:00 PM,2021 Dec 11 05:01:00 AM,"18,640,667",False,True,False,ASIAN,1.0,MALE,"366,445"
"451,147",1,,1.0,Pedestrian,7,"181,945",2021 Dec 11 03:27:00 PM,2021 Dec 11 09:27:00 PM,"18,640,800",False,True,False,WHITE,1.0,MALE,"366,483"
"451,148",1,24.0,1.0,Motorcycle,3,"181,946",2021 Dec 11 08:32:00 PM,2021 Dec 12 02:32:00 AM,"18,640,801",False,True,False,WHITE,1.0,MALE,"366,484"
"451,211",1,56.0,3.0,Pedestrian,7,"181,980",2021 Dec 12 02:42:00 PM,2021 Dec 12 08:42:00 PM,"18,640,931",False,True,False,BLACK,1.0,MALE,"366,548"
"451,269",4,40.0,1.0,E-scooter,11,"182,013",2021 Sep 18 02:51:00 AM,2021 Sep 18 07:51:00 AM,"18,641,849",False,True,False,WHITE,1.0,MALE,"366,616"
"451,466",1,23.0,3.0,Passenger car,1,"182,117",2021 Dec 13 06:25:00 PM,2021 Dec 14 12:25:00 AM,"18,644,787",False,True,False,BLACK,2.0,FEMALE,"366,829"
"451,468",1,63.0,1.0,Pedestrian,7,"182,118",2021 Dec 13 07:35:00 PM,2021 Dec 14 01:35:00 AM,"18,644,788",False,True,False,WHITE,1.0,MALE,"366,831"
"451,492",1,26.0,6.0,Pedestrian,7,"182,129",2021 Dec 07 07:26:00 PM,2021 Dec 08 01:26:00 AM,"18,644,815",False,True,False,AMER. INDIAN/ALASKAN NATIVE,1.0,MALE,"366,858"
"451,845",1,61.0,2.0,Large passenger vehicle,2,"182,311",2021 Dec 16 06:08:00 AM,2021 Dec 16 12:08:00 PM,"18,648,387",False,True,False,HISPANIC,1.0,MALE,"367,239"
"451,846",1,18.0,1.0,Passenger car,1,"182,311",2021 Dec 16 06:08:00 AM,2021 Dec 16 12:08:00 PM,"18,648,387",False,True,False,WHITE,1.0,MALE,"367,240"
"451,947",1,63.0,3.0,Pedestrian,7,"182,363",2021 Dec 07 11:35:00 PM,2021 Dec 08 05:35:00 AM,"18,650,131",False,True,False,BLACK,2.0,FEMALE,"367,348"
"452,051",4,51.0,1.0,Pedestrian,7,"182,415",2021 Dec 12 09:10:00 PM,2021 Dec 13 03:10:00 AM,"18,651,273",False,True,False,WHITE,1.0,MALE,"367,464"
"452,052",1,22.0,2.0,Passenger car,1,"182,416",2021 Dec 15 09:48:00 AM,2021 Dec 15 03:48:00 PM,"18,651,275",False,True,False,HISPANIC,2.0,FEMALE,"367,465"
"452,053",1,57.0,4.0,Pedestrian,7,"182,416",2021 Dec 15 09:48:00 AM,2021 Dec 15 03:48:00 PM,"18,651,275",False,True,False,ASIAN,1.0,MALE,"367,466"
"452,482",1,50.0,1.0,Large passenger vehicle,2,"182,639",2021 Dec 18 06:47:00 PM,2021 Dec 19 12:47:00 AM,"18,654,508",False,True,False,WHITE,2.0,FEMALE,"367,928"
"452,518",1,32.0,1.0,Motorcycle,3,"182,656",2021 Dec 18 06:52:00 PM,2021 Dec 19 12:52:00 AM,"18,654,600",False,True,False,WHITE,1.0,MALE,"367,966"
"452,535",1,18.0,2.0,Passenger car,1,"182,666",2021 Dec 19 06:40:00 AM,2021 Dec 19 12:40:00 PM,"18,654,622",False,True,False,HISPANIC,1.0,MALE,"367,987"
"452,538",1,36.0,1.0,Large passenger vehicle,2,"182,668",2021 Dec 19 11:03:00 AM,2021 Dec 19 05:03:00 PM,"18,654,625",False,True,False,WHITE,2.0,FEMALE,"367,990"
"452,634",1,54.0,3.0,Large passenger vehicle,2,"182,724",2021 Dec 20 01:09:00 PM,2021 Dec 20 07:09:00 PM,"18,656,342",False,True,False,BLACK,2.0,FEMALE,"368,096"
"452,716",1,38.0,1.0,Motorcycle,3,"182,770",2021 Dec 15 05:52:00 PM,2021 Dec 15 11:52:00 PM,"18,657,977",False,True,False,WHITE,1.0,MALE,"368,181"
"453,012",1,32.0,3.0,Passenger car,1,"182,928",2021 Dec 16 01:06:00 AM,2021 Dec 16 07:06:00 AM,"18,661,893",False,True,False,BLACK,1.0,MALE,"368,507"
"453,326",1,60.0,1.0,Motorcycle,3,"183,098",2021 Dec 22 05:51:00 PM,2021 Dec 22 11:51:00 PM,"18,666,524",False,True,False,WHITE,1.0,MALE,"368,844"
"453,376",1,20.0,1.0,Passenger car,1,"183,127",2021 Dec 24 10:42:00 AM,2021 Dec 24 04:42:00 PM,"18,666,610",False,True,False,WHITE,2.0,FEMALE,"368,902"
"454,039",4,21.0,2.0,Passenger car,1,"183,490",2021 Dec 26 06:36:00 AM,2021 Dec 26 12:36:00 PM,"18,675,714",False,True,False,HISPANIC,1.0,MALE,"369,621"
"454,336",1,50.0,2.0,Large passenger vehicle,2,"183,652",2021 Dec 29 08:11:00 AM,2021 Dec 29 02:11:00 PM,"18,684,671",False,True,False,HISPANIC,1.0,MALE,"369,947"
"454,337",1,59.0,2.0,Large passenger vehicle,2,"183,652",2021 Dec 29 08:11:00 AM,2021 Dec 29 02:11:00 PM,"18,684,671",False,True,False,HISPANIC,1.0,MALE,"369,948"
"454,338",4,27.0,3.0,Large passenger vehicle,2,"183,652",2021 Dec 29 08:11:00 AM,2021 Dec 29 02:11:00 PM,"18,684,671",False,True,False,BLACK,2.0,FEMALE,"369,949"
"454,343",1,19.0,1.0,Passenger car,1,"183,654",2021 Dec 30 10:04:00 PM,2021 Dec 31 04:04:00 AM,"18,684,723",False,True,False,WHITE,2.0,FEMALE,"369,954"
"454,345",1,66.0,1.0,Passenger car,1,"183,655",2021 Dec 25 08:44:00 AM,2021 Dec 25 02:44:00 PM,"18,684,825",False,True,False,WHITE,2.0,FEMALE,"369,956"
"454,406",4,24.0,2.0,Pedestrian,7,"183,688",2021 Dec 23 10:44:00 PM,2021 Dec 24 04:44:00 AM,"18,692,093",False,True,False,HISPANIC,1.0,MALE,"370,022"
"454,428",4,39.0,1.0,Pedestrian,7,"183,698",2021 Dec 22 10:30:00 PM,2021 Dec 23 04:30:00 AM,"18,692,921",False,True,False,WHITE,2.0,FEMALE,"370,045"
"454,471",1,23.0,3.0,Motorcycle,3,"183,721",2021 Dec 24 10:09:00 PM,2021 Dec 25 04:09:00 AM,"18,698,197",False,True,False,BLACK,1.0,MALE,"370,093"
"454,518",4,53.0,1.0,Pedestrian,7,"183,745",2021 Dec 17 09:49:00 PM,2021 Dec 18 03:49:00 AM,"18,709,927",False,True,False,WHITE,1.0,MALE,"370,145"
"454,522",1,54.0,1.0,Bicycle,5,"183,747",2021 Oct 25 08:00:00 AM,2021 Oct 25 01:00:00 PM,"18,709,935",False,True,False,WHITE,1.0,MALE,"370,149"
"454,538",4,18.0,2.0,Pedestrian,7,"183,756",2021 Nov 20 11:45:00 PM,2021 Nov 21 05:45:00 AM,"18,711,364",False,True,False,HISPANIC,1.0,MALE,"370,168"
"454,572",1,28.0,2.0,Passenger car,1,"183,776",2021 Nov 20 09:46:00 PM,2021 Nov 21 03:46:00 AM,"18,735,305",False,True,False,HISPANIC,2.0,FEMALE,"370,203"
"454,683",1,59.0,1.0,Motorcycle,3,"183,837",2021 Dec 30 10:09:00 PM,2021 Dec 31 04:09:00 AM,"19,175,627",False,True,False,WHITE,1.0,MALE,"370,326"
"454,868",1,22.0,1.0,Passenger car,1,"153,695",2021 Jan 01 06:43:00 PM,2021 Jan 02 12:43:00 AM,"18,043,204",False,False,False,WHITE,2.0,FEMALE,"309,749"
"454,942",1,22.0,2.0,Passenger car,1,"153,821",2021 Jan 05 12:26:00 PM,2021 Jan 05 06:26:00 PM,"18,045,564",False,False,False,HISPANIC,2.0,FEMALE,"309,989"
"455,112",1,20.0,2.0,Passenger car,1,"154,139",2021 Jan 08 07:45:00 PM,2021 Jan 09 01:45:00 AM,"18,054,661",False,False,False,HISPANIC,2.0,FEMALE,"310,575"
"455,167",1,23.0,2.0,Large passenger vehicle,2,"154,241",2021 Jan 11 07:50:00 AM,2021 Jan 11 01:50:00 PM,"18,055,529",False,False,False,HISPANIC,1.0,MALE,"310,757"
"455,608",1,23.0,3.0,Passenger car,1,"155,036",2021 Jan 21 02:03:00 PM,2021 Jan 21 08:03:00 PM,"18,072,327",False,False,False,BLACK,2.0,FEMALE,"312,323"
"455,822",1,25.0,1.0,Passenger car,1,"155,397",2021 Jan 26 05:02:00 AM,2021 Jan 26 11:02:00 AM,"18,079,154",False,False,False,WHITE,1.0,MALE,"313,004"
"456,033",1,25.0,2.0,Passenger car,1,"155,805",2021 Feb 02 02:20:00 AM,2021 Feb 02 08:20:00 AM,"18,088,363",False,False,False,HISPANIC,1.0,MALE,"313,822"
"456,128",1,30.0,3.0,Large passenger vehicle,2,"155,915",2021 Feb 03 12:47:00 AM,2021 Feb 03 06:47:00 AM,"18,091,813",False,False,False,BLACK,1.0,MALE,"314,045"
"456,170",1,23.0,2.0,Passenger car,1,"155,986",2021 Feb 04 04:07:00 PM,2021 Feb 04 10:07:00 PM,"18,092,935",False,False,False,HISPANIC,1.0,MALE,"314,208"
"456,252",1,25.0,3.0,Passenger car,1,"156,164",2021 Feb 07 08:31:00 PM,2021 Feb 08 02:31:00 AM,"18,097,230",False,False,False,BLACK,2.0,FEMALE,"314,577"
"456,281",4,19.0,2.0,Passenger car,1,"156,189",2021 Jan 29 03:06:00 AM,2021 Jan 29 09:06:00 AM,"18,097,687",False,False,False,HISPANIC,1.0,MALE,"314,632"
"456,495",1,21.0,2.0,Motor vehicle – other,4,"156,507",2021 Feb 10 06:41:00 PM,2021 Feb 11 12:41:00 AM,"18,104,709",False,False,False,HISPANIC,2.0,FEMALE,"315,269"
"456,737",1,26.0,3.0,Passenger car,1,"156,935",2021 Feb 19 08:58:00 PM,2021 Feb 20 02:58:00 AM,"18,117,752",False,False,False,BLACK,1.0,MALE,"316,059"
"456,738",4,21.0,2.0,Passenger car,1,"156,936",2021 Feb 19 08:47:00 PM,2021 Feb 20 02:47:00 AM,"18,117,753",False,False,False,HISPANIC,2.0,FEMALE,"316,060"
"457,031",1,27.0,1.0,Passenger car,1,"157,502",2021 Mar 02 12:41:00 AM,2021 Mar 02 06:41:00 AM,"18,130,413",False,False,False,WHITE,1.0,MALE,"317,160"
"457,035",1,39.0,3.0,Passenger car,1,"157,513",2021 Mar 02 09:06:00 AM,2021 Mar 02 03:06:00 PM,"18,130,808",False,False,False,BLACK,2.0,FEMALE,"317,181"
"457,036",1,26.0,3.0,Passenger car,1,"157,513",2021 Mar 02 09:06:00 AM,2021 Mar 02 03:06:00 PM,"18,130,808",False,False,False,BLACK,1.0,MALE,"317,181"
"457,279",1,30.0,1.0,Motorcycle,3,"157,924",2021 Mar 07 06:44:00 PM,2021 Mar 08 12:44:00 AM,"18,139,172",False,False,False,WHITE,2.0,FEMALE,"317,988"
"457,361",1,40.0,2.0,Passenger car,1,"158,105",2021 Mar 10 08:53:00 PM,2021 Mar 11 02:53:00 AM,"18,144,121",False,False,False,HISPANIC,2.0,FEMALE,"318,365"
"457,387",1,52.0,,Large passenger vehicle,2,"158,124",2021 Mar 11 05:32:00 AM,2021 Mar 11 11:32:00 AM,"18,144,360",False,False,False,,1.0,MALE,"318,404"
"457,388",1,53.0,,Large passenger vehicle,2,"158,124",2021 Mar 11 05:32:00 AM,2021 Mar 11 11:32:00 AM,"18,144,360",False,False,False,,1.0,MALE,"318,404"
"457,389",1,24.0,,Large passenger vehicle,2,"158,124",2021 Mar 11 05:32:00 AM,2021 Mar 11 11:32:00 AM,"18,144,360",False,False,False,,2.0,FEMALE,"318,404"
"457,444",1,3.0,2.0,Passenger car,1,"158,180",2021 Mar 07 03:32:00 AM,2021 Mar 07 09:32:00 AM,"18,145,702",False,False,False,HISPANIC,2.0,FEMALE,"318,517"
"458,217",1,32.0,2.0,Large passenger vehicle,2,"159,367",2021 Mar 26 10:43:00 PM,2021 Mar 27 03:43:00 AM,"18,172,322",False,False,False,HISPANIC,1.0,MALE,"320,866"
"458,570",1,41.0,2.0,Large passenger vehicle,2,"159,902",2021 Apr 03 10:35:00 AM,2021 Apr 03 03:35:00 PM,"18,183,610",False,False,False,HISPANIC,2.0,FEMALE,"321,966"
"458,745",1,53.0,2.0,Passenger car,1,"160,160",2021 Apr 07 06:46:00 AM,2021 Apr 07 11:46:00 AM,"18,190,210",False,False,False,HISPANIC,2.0,FEMALE,"322,474"
"459,002",1,69.0,1.0,Passenger car,1,"160,615",2021 Apr 12 12:02:00 PM,2021 Apr 12 05:02:00 PM,"18,198,916",False,False,False,WHITE,2.0,FEMALE,"323,387"
"459,402",1,20.0,2.0,Passenger car,1,"161,240",2021 Mar 31 07:26:00 PM,2021 Apr 01 12:26:00 AM,"18,214,377",False,False,False,HISPANIC,1.0,MALE,"324,640"
"459,404",1,38.0,2.0,Passenger car,1,"161,244",2021 Apr 10 04:30:00 PM,2021 Apr 10 09:30:00 PM,"18,214,382",False,False,False,HISPANIC,2.0,FEMALE,"324,649"
"459,495",1,4.0,2.0,Large passenger vehicle,2,"161,404",2021 Apr 23 07:26:00 AM,2021 Apr 23 12:26:00 PM,"18,217,590",False,False,False,HISPANIC,1.0,MALE,"324,971"
"459,553",1,11.0,2.0,Large passenger vehicle,2,"161,491",2021 Apr 25 12:41:00 PM,2021 Apr 25 05:41:00 PM,"18,219,730",False,False,False,HISPANIC,1.0,MALE,"325,152"
"459,856",1,20.0,2.0,Passenger car,1,"161,989",2021 Apr 29 01:44:00 PM,2021 Apr 29 06:44:00 PM,"18,228,307",False,False,False,HISPANIC,2.0,FEMALE,"326,163"
"459,991",4,25.0,1.0,Large passenger vehicle,2,"162,231",2021 Apr 21 02:43:00 AM,2021 Apr 21 07:43:00 AM,"18,233,571",False,False,False,WHITE,2.0,FEMALE,"326,622"
"459,993",4,22.0,2.0,Passenger car,1,"162,233",2021 Apr 24 01:55:00 AM,2021 Apr 24 06:55:00 AM,"18,233,573",False,False,False,HISPANIC,1.0,MALE,"326,628"
"460,097",1,23.0,2.0,Passenger car,1,"162,369",2021 May 02 02:31:00 PM,2021 May 02 07:31:00 PM,"18,234,692",False,False,False,HISPANIC,2.0,FEMALE,"326,895"
"460,272",1,39.0,3.0,Passenger car,1,"162,724",2021 May 07 02:01:00 PM,2021 May 07 07:01:00 PM,"18,242,812",False,False,False,BLACK,2.0,FEMALE,"327,601"
"460,365",1,18.0,2.0,Large passenger vehicle,2,"162,871",2021 May 08 04:26:00 PM,2021 May 08 09:26:00 PM,"18,245,761",False,False,False,HISPANIC,1.0,MALE,"327,884"
"460,449",1,3.0,2.0,Passenger car,1,"162,957",2021 May 10 01:19:00 PM,2021 May 10 06:19:00 PM,"18,247,672",False,False,False,HISPANIC,1.0,MALE,"328,060"
"460,456",4,17.0,2.0,Passenger car,1,"162,975",2021 May 09 03:14:00 AM,2021 May 09 08:14:00 AM,"18,248,173",False,False,False,HISPANIC,1.0,MALE,"328,091"
"460,457",1,18.0,1.0,Passenger car,1,"162,975",2021 May 09 03:14:00 AM,2021 May 09 08:14:00 AM,"18,248,173",False,False,False,WHITE,1.0,MALE,"328,091"
"460,458",1,17.0,2.0,Passenger car,1,"162,975",2021 May 09 03:14:00 AM,2021 May 09 08:14:00 AM,"18,248,173",False,False,False,HISPANIC,1.0,MALE,"328,091"
"460,806",4,46.0,3.0,Passenger car,1,"163,532",2021 May 17 01:51:00 PM,2021 May 17 06:51:00 PM,"18,261,442",False,False,False,BLACK,2.0,FEMALE,"329,196"
"460,820",1,11.0,,Large passenger vehicle,2,"163,561",2021 Apr 05 07:41:00 AM,2021 Apr 05 12:41:00 PM,"18,262,952",False,False,False,,2.0,FEMALE,"329,249"
"460,830",1,16.0,2.0,Passenger car,1,"163,579",2021 May 18 07:55:00 PM,2021 May 19 12:55:00 AM,"18,262,970",False,False,False,HISPANIC,2.0,FEMALE,"329,284"
"460,926",1,16.0,2.0,Large passenger vehicle,2,"163,756",2021 May 19 11:29:00 PM,2021 May 20 04:29:00 AM,"18,267,531",False,False,False,HISPANIC,1.0,MALE,"329,626"
"461,193",1,3.0,,Passenger car,1,"164,125",2021 May 24 01:36:00 PM,2021 May 24 06:36:00 PM,"18,274,334",False,False,False,,1.0,MALE,"330,343"
"461,560",1,12.0,2.0,Large passenger vehicle,2,"164,747",2021 Jun 01 12:12:00 PM,2021 Jun 01 05:12:00 PM,"18,287,066",False,False,False,HISPANIC,2.0,FEMALE,"331,554"
"461,564",1,60.0,2.0,Large passenger vehicle,2,"164,755",2021 May 22 07:39:00 PM,2021 May 23 12:39:00 AM,"18,287,346",False,False,False,HISPANIC,2.0,FEMALE,"331,570"
"461,718",1,41.0,3.0,Large passenger vehicle,2,"165,006",2021 Jun 03 05:48:00 PM,2021 Jun 03 10:48:00 PM,"18,293,035",False,False,False,BLACK,2.0,FEMALE,"332,078"
"461,839",1,36.0,2.0,Large passenger vehicle,2,"165,204",2021 Jun 07 06:51:00 PM,2021 Jun 07 11:51:00 PM,"18,297,752",False,False,False,HISPANIC,2.0,FEMALE,"332,451"
"462,009",1,27.0,1.0,Motorcycle,3,"165,434",2021 Jun 09 02:14:00 AM,2021 Jun 09 07:14:00 AM,"18,301,436",False,False,False,WHITE,2.0,FEMALE,"332,910"
"462,014",1,49.0,2.0,Passenger car,1,"165,441",2021 Jun 09 01:19:00 PM,2021 Jun 09 06:19:00 PM,"18,301,443",False,False,False,HISPANIC,1.0,MALE,"332,927"
"462,176",1,33.0,,Passenger car,1,"165,681",2021 Jun 04 09:26:00 AM,2021 Jun 04 02:26:00 PM,"18,308,302",False,False,False,,2.0,FEMALE,"333,413"
"462,219",1,44.0,2.0,Large passenger vehicle,2,"165,744",2021 Jun 12 06:53:00 PM,2021 Jun 12 11:53:00 PM,"18,308,457",False,False,False,HISPANIC,2.0,FEMALE,"333,541"
"462,541",1,26.0,2.0,Large passenger vehicle,2,"166,272",2021 Jun 17 11:46:00 AM,2021 Jun 17 04:46:00 PM,"18,321,317",False,False,False,HISPANIC,2.0,FEMALE,"334,597"
"462,659",1,1.0,2.0,Large passenger vehicle,2,"166,454",2021 Jun 21 03:18:00 PM,2021 Jun 21 08:18:00 PM,"18,323,577",False,False,False,HISPANIC,2.0,FEMALE,"334,981"
"462,680",1,63.0,2.0,Passenger car,1,"166,478",2021 Jun 17 10:17:00 AM,2021 Jun 17 03:17:00 PM,"18,324,150",False,False,False,HISPANIC,1.0,MALE,"335,028"
"462,907",1,77.0,1.0,Passenger car,1,"166,863",2021 Jun 26 03:40:00 PM,2021 Jun 26 08:40:00 PM,"18,332,676",False,False,False,WHITE,1.0,MALE,"335,828"
"463,212",1,27.0,2.0,Passenger car,1,"167,331",2021 Jun 26 02:31:00 AM,2021 Jun 26 07:31:00 AM,"18,344,738",False,False,False,HISPANIC,1.0,MALE,"336,766"
"463,229",1,47.0,1.0,Large passenger vehicle,2,"167,348",2021 Jun 30 08:02:00 AM,2021 Jun 30 01:02:00 PM,"18,344,766",False,False,False,WHITE,2.0,FEMALE,"336,802"
"463,308",1,11.0,2.0,Large passenger vehicle,2,"167,472",2021 Jul 03 10:39:00 PM,2021 Jul 04 03:39:00 AM,"18,344,997",False,False,False,HISPANIC,2.0,FEMALE,"337,050"
"463,361",1,21.0,6.0,Large passenger vehicle,2,"167,539",2021 Jun 14 02:50:00 AM,2021 Jun 14 07:50:00 AM,"18,347,834",False,False,False,AMER. INDIAN/ALASKAN NATIVE,2.0,FEMALE,"337,173"
"463,581",1,32.0,1.0,Large passenger vehicle,2,"167,845",2021 Jul 07 09:10:00 PM,2021 Jul 08 02:10:00 AM,"18,355,381",False,False,False,WHITE,2.0,FEMALE,"337,783"
"463,582",1,30.0,1.0,Large passenger vehicle,2,"167,845",2021 Jul 07 09:10:00 PM,2021 Jul 08 02:10:00 AM,"18,355,381",False,False,False,WHITE,2.0,FEMALE,"337,783"
"464,340",1,29.0,1.0,Large passenger vehicle,2,"168,845",2021 Jul 20 10:01:00 AM,2021 Jul 20 03:01:00 PM,"18,375,790",False,False,False,WHITE,1.0,MALE,"339,813"
"464,486",1,26.0,3.0,Passenger car,1,"169,061",2021 Jul 23 08:58:00 AM,2021 Jul 23 01:58:00 PM,"18,379,932",False,False,False,BLACK,2.0,FEMALE,"340,248"
"464,655",1,22.0,2.0,Passenger car,1,"169,282",2021 Jul 25 05:11:00 PM,2021 Jul 25 10:11:00 PM,"18,385,109",False,False,False,HISPANIC,2.0,FEMALE,"340,675"
"464,752",1,19.0,3.0,Passenger car,1,"169,434",2021 Jul 10 04:19:00 AM,2021 Jul 10 09:19:00 AM,"18,388,332",False,False,False,BLACK,1.0,MALE,"340,970"
"464,753",4,38.0,3.0,Passenger car,1,"169,434",2021 Jul 10 04:19:00 AM,2021 Jul 10 09:19:00 AM,"18,388,332",False,False,False,BLACK,1.0,MALE,"340,970"
"464,754",4,20.0,3.0,Passenger car,1,"169,434",2021 Jul 10 04:19:00 AM,2021 Jul 10 09:19:00 AM,"18,388,332",False,False,False,BLACK,1.0,MALE,"340,970"
"464,755",4,40.0,2.0,Large passenger vehicle,2,"169,435",2021 Jul 11 02:44:00 AM,2021 Jul 11 07:44:00 AM,"18,388,333",False,False,False,HISPANIC,1.0,MALE,"340,971"
"464,756",4,39.0,2.0,Large passenger vehicle,2,"169,435",2021 Jul 11 02:44:00 AM,2021 Jul 11 07:44:00 AM,"18,388,333",False,False,False,HISPANIC,1.0,MALE,"340,971"
"464,914",4,23.0,1.0,Passenger car,1,"169,664",2021 Jul 30 01:02:00 AM,2021 Jul 30 06:02:00 AM,"18,391,851",False,False,False,WHITE,2.0,FEMALE,"341,449"
"465,442",1,37.0,1.0,Motorcycle,3,"170,449",2021 Aug 08 02:45:00 AM,2021 Aug 08 07:45:00 AM,"18,409,280",False,False,False,WHITE,2.0,FEMALE,"343,017"
"465,514",1,14.0,2.0,Passenger car,1,"170,561",2021 Aug 07 05:42:00 AM,2021 Aug 07 10:42:00 AM,"18,411,400",False,False,False,HISPANIC,2.0,FEMALE,"343,244"
"465,516",1,16.0,2.0,Passenger car,1,"170,561",2021 Aug 07 05:42:00 AM,2021 Aug 07 10:42:00 AM,"18,411,400",False,False,False,HISPANIC,2.0,FEMALE,"343,244"
"465,841",1,28.0,1.0,Passenger car,1,"171,041",2021 Aug 13 09:51:00 PM,2021 Aug 14 02:51:00 AM,"18,421,985",False,False,False,WHITE,1.0,MALE,"344,219"
"466,009",4,37.0,3.0,Passenger car,1,"171,261",2021 Aug 18 01:13:00 AM,2021 Aug 18 06:13:00 AM,"18,425,113",False,False,False,BLACK,1.0,MALE,"344,658"
"466,540",1,51.0,1.0,Large passenger vehicle,2,"172,014",2021 Aug 26 05:45:00 PM,2021 Aug 26 10:45:00 PM,"18,440,910",False,False,False,WHITE,1.0,MALE,"346,187"
"466,599",1,68.0,1.0,Passenger car,1,"172,138",2021 Aug 27 05:53:00 PM,2021 Aug 27 10:53:00 PM,"18,444,272",False,False,False,WHITE,2.0,FEMALE,"346,443"
"466,600",1,72.0,1.0,Passenger car,1,"172,138",2021 Aug 27 05:53:00 PM,2021 Aug 27 10:53:00 PM,"18,444,272",False,False,False,WHITE,2.0,FEMALE,"346,443"
"466,608",1,,3.0,Passenger car,1,"172,167",2021 Aug 29 04:23:00 AM,2021 Aug 29 09:23:00 AM,"18,444,346",False,False,False,BLACK,2.0,FEMALE,"346,495"
"467,002",1,29.0,3.0,Passenger car,1,"172,690",2021 Aug 30 07:36:00 PM,2021 Aug 31 12:36:00 AM,"18,455,083",False,False,False,BLACK,1.0,MALE,"347,551"
"467,251",1,23.0,3.0,Passenger car,1,"173,013",2021 Aug 28 03:42:00 AM,2021 Aug 28 08:42:00 AM,"18,461,818",False,False,False,BLACK,2.0,FEMALE,"348,201"
"467,577",1,21.0,2.0,Passenger car,1,"173,474",2021 Sep 12 03:15:00 AM,2021 Sep 12 08:15:00 AM,"18,471,604",False,False,False,HISPANIC,2.0,FEMALE,"349,154"
"468,440",1,25.0,2.0,Passenger car,1,"174,753",2021 Sep 27 01:46:00 AM,2021 Sep 27 06:46:00 AM,"18,496,501",False,False,False,HISPANIC,1.0,MALE,"351,766"
"468,724",1,25.0,2.0,Passenger car,1,"175,248",2021 Sep 28 05:22:00 PM,2021 Sep 28 10:22:00 PM,"18,507,272",False,False,False,HISPANIC,1.0,MALE,"352,793"
"468,859",1,27.0,6.0,Passenger car,1,"175,445",2021 Oct 03 04:49:00 AM,2021 Oct 03 09:49:00 AM,"18,510,656",False,False,False,AMER. INDIAN/ALASKAN NATIVE,1.0,MALE,"353,193"
"469,457",1,26.0,3.0,Passenger car,1,"176,216",2021 Oct 06 09:27:00 PM,2021 Oct 07 02:27:00 AM,"18,526,795",False,False,False,BLACK,1.0,MALE,"354,775"
"469,658",1,13.0,2.0,Large passenger vehicle,2,"176,565",2021 Oct 15 03:39:00 PM,2021 Oct 15 08:39:00 PM,"18,535,048",False,False,False,HISPANIC,2.0,FEMALE,"355,466"
"469,730",4,34.0,1.0,Passenger car,1,"176,703",2021 Sep 23 01:32:00 AM,2021 Sep 23 06:32:00 AM,"18,536,404",False,False,False,WHITE,2.0,FEMALE,"355,743"
"469,731",4,37.0,1.0,Passenger car,1,"176,703",2021 Sep 23 01:32:00 AM,2021 Sep 23 06:32:00 AM,"18,536,404",False,False,False,WHITE,1.0,MALE,"355,743"
"470,148",1,36.0,1.0,Large passenger vehicle,2,"177,287",2021 Oct 23 10:57:00 PM,2021 Oct 24 03:57:00 AM,"18,548,707",False,False,False,WHITE,2.0,FEMALE,"356,957"
"470,572",1,25.0,3.0,Large passenger vehicle,2,"177,937",2021 Oct 29 11:40:00 PM,2021 Oct 30 04:40:00 AM,"18,562,422",False,False,False,BLACK,1.0,MALE,"358,306"
"470,620",1,33.0,2.0,Large passenger vehicle,2,"177,990",2021 Oct 31 04:35:00 PM,2021 Oct 31 09:35:00 PM,"18,562,685",False,False,False,HISPANIC,1.0,MALE,"358,417"
"470,694",4,15.0,2.0,Large passenger vehicle,2,"178,101",2021 Oct 25 08:33:00 PM,2021 Oct 26 01:33:00 AM,"18,566,237",False,False,False,HISPANIC,2.0,FEMALE,"358,642"
"470,924",1,19.0,1.0,Passenger car,1,"178,400",2021 Nov 04 10:00:00 PM,2021 Nov 05 03:00:00 AM,"18,571,990",False,False,False,WHITE,1.0,MALE,"359,268"
"471,346",1,17.0,1.0,Large passenger vehicle,2,"178,908",2021 Oct 18 08:08:00 PM,2021 Oct 19 01:08:00 AM,"18,581,467",False,False,False,WHITE,2.0,FEMALE,"360,305"
"471,591",1,30.0,1.0,Passenger car,1,"179,257",2021 Nov 11 07:31:00 PM,2021 Nov 12 01:31:00 AM,"18,589,747",False,False,False,WHITE,2.0,FEMALE,"361,019"
"471,836",1,15.0,2.0,Passenger car,1,"179,574",2021 Nov 07 07:06:00 AM,2021 Nov 07 01:06:00 PM,"18,596,982",False,False,False,HISPANIC,1.0,MALE,"361,653"
"472,195",1,25.0,2.0,Large passenger vehicle,2,"180,148",2021 Nov 23 01:51:00 AM,2021 Nov 23 07:51:00 AM,"18,606,645",False,False,False,HISPANIC,1.0,MALE,"362,852"
"472,455",1,48.0,1.0,Passenger car,1,"180,527",2021 Sep 21 08:02:00 AM,2021 Sep 21 01:02:00 PM,"18,614,160",False,False,False,WHITE,2.0,FEMALE,"363,616"
"472,461",1,45.0,1.0,Large passenger vehicle,2,"180,538",2021 Nov 25 02:34:00 PM,2021 Nov 25 08:34:00 PM,"18,614,176",False,False,False,WHITE,2.0,FEMALE,"363,638"
"473,225",1,22.0,3.0,Passenger car,1,"181,719",2021 Dec 08 03:33:00 AM,2021 Dec 08 09:33:00 AM,"18,636,518",False,False,False,BLACK,1.0,MALE,"366,017"
"473,798",1,31.0,2.0,Passenger car,1,"182,643",2021 Dec 18 07:45:00 PM,2021 Dec 19 01:45:00 AM,"18,654,515",False,False,False,HISPANIC,1.0,MALE,"367,938"
"473,829",1,58.0,1.0,Motor vehicle – other,4,"182,708",2021 Dec 14 08:25:00 AM,2021 Dec 14 02:25:00 PM,"18,655,686",False,False,False,WHITE,2.0,FEMALE,"368,061"
"473,840",1,23.0,3.0,Large passenger vehicle,2,"182,724",2021 Dec 20 01:09:00 PM,2021 Dec 20 07:09:00 PM,"18,656,342",False,False,False,BLACK,2.0,FEMALE,"368,096"
"473,971",1,32.0,1.0,Large passenger vehicle,2,"182,928",2021 Dec 16 01:06:00 AM,2021 Dec 16 07:06:00 AM,"18,661,893",False,False,False,WHITE,1.0,MALE,"368,508"
"474,143",1,6.0,2.0,Large passenger vehicle,2,"183,204",2021 Dec 23 01:29:00 PM,2021 Dec 23 07:29:00 PM,"18,667,067",False,False,False,HISPANIC,2.0,FEMALE,"369,049"
"474,609",1,81.0,2.0,Passenger car,1,"183,908",2021 Dec 31 11:35:00 AM,2021 Dec 31 05:35:00 PM,"18,673,924",False,True,False,HISPANIC,2.0,FEMALE,"370,467"
"474,610",1,51.0,1.0,Large passenger vehicle,2,"183,908",2021 Dec 31 11:35:00 AM,2021 Dec 31 05:35:00 PM,"18,673,924",False,True,False,WHITE,1.0,MALE,"370,468"
"474,712",1,16.0,4.0,Bicycle,5,"183,965",2021 Dec 31 05:32:00 PM,2021 Dec 31 11:32:00 PM,"18,677,045",False,True,False,ASIAN,1.0,MALE,"370,580"
"474,806",1,,1.0,Pedestrian,7,"184,021",2022 Jan 03 12:35:00 PM,2022 Jan 03 06:35:00 PM,"18,677,791",False,True,False,WHITE,2.0,FEMALE,"370,682"
"474,859",1,35.0,1.0,Pedestrian,7,"184,048",2022 Jan 03 08:47:00 PM,2022 Jan 04 02:47:00 AM,"18,678,867",False,True,False,WHITE,1.0,MALE,"370,737"
"475,473",1,32.0,2.0,Large passenger vehicle,2,"184,377",2022 Jan 08 02:18:00 AM,2022 Jan 08 08:18:00 AM,"18,687,982",False,True,False,HISPANIC,1.0,MALE,"371,396"
"475,691",1,43.0,4.0,Passenger car,1,"184,501",2022 Jan 10 11:40:00 PM,2022 Jan 11 05:40:00 AM,"18,690,096",False,True,False,ASIAN,1.0,MALE,"371,621"
"475,797",1,29.0,1.0,Large passenger vehicle,2,"184,557",2022 Jan 11 09:35:00 PM,2022 Jan 12 03:35:00 AM,"18,692,110",False,True,False,WHITE,2.0,FEMALE,"371,730"
"475,843",1,43.0,3.0,Passenger car,1,"184,582",2022 Jan 12 11:10:00 AM,2022 Jan 12 05:10:00 PM,"18,692,923",False,True,False,BLACK,1.0,MALE,"371,782"
"475,886",1,22.0,1.0,Motorcycle,3,"184,606",2022 Jan 11 07:39:00 PM,2022 Jan 12 01:39:00 AM,"18,694,185",False,True,False,WHITE,1.0,MALE,"371,828"
"476,080",1,20.0,2.0,Large passenger vehicle,2,"184,706",2022 Jan 13 09:38:00 AM,2022 Jan 13 03:38:00 PM,"18,695,798",False,True,False,HISPANIC,2.0,FEMALE,"372,034"
"476,120",1,31.0,1.0,Motorcycle,3,"184,723",2022 Jan 14 01:46:00 PM,2022 Jan 14 07:46:00 PM,"18,696,325",False,True,False,WHITE,1.0,MALE,"372,074"
"476,449",1,68.0,3.0,Passenger car,1,"184,903",2022 Jan 19 09:24:00 AM,2022 Jan 19 03:24:00 PM,"18,703,371",False,True,False,BLACK,2.0,FEMALE,"372,426"
"476,558",1,54.0,2.0,Passenger car,1,"184,957",2022 Jan 15 11:11:00 AM,2022 Jan 15 05:11:00 PM,"18,703,549",False,True,False,HISPANIC,2.0,FEMALE,"372,536"
"476,559",1,31.0,1.0,Motorcycle,3,"184,958",2022 Jan 15 09:26:00 AM,2022 Jan 15 03:26:00 PM,"18,703,550",False,True,False,WHITE,2.0,FEMALE,"372,537"
"476,593",1,68.0,4.0,Large passenger vehicle,2,"184,973",2022 Jan 15 07:37:00 PM,2022 Jan 16 01:37:00 AM,"18,703,602",False,True,False,ASIAN,1.0,MALE,"372,572"
"476,594",1,48.0,1.0,Passenger car,1,"184,973",2022 Jan 15 07:37:00 PM,2022 Jan 16 01:37:00 AM,"18,703,602",False,True,False,WHITE,2.0,FEMALE,"372,573"
"476,761",1,11.0,2.0,Pedestrian,7,"185,064",2022 Jan 19 06:40:00 AM,2022 Jan 19 12:40:00 PM,"18,703,864",False,True,False,HISPANIC,2.0,FEMALE,"372,762"
"476,997",1,46.0,3.0,Pedestrian,7,"185,192",2022 Jan 19 07:45:00 PM,2022 Jan 20 01:45:00 AM,"18,706,615",False,True,False,BLACK,2.0,FEMALE,"373,022"
"477,286",1,50.0,2.0,Passenger car,1,"185,345",2022 Jan 17 09:54:00 PM,2022 Jan 18 03:54:00 AM,"18,710,100",False,True,False,HISPANIC,1.0,MALE,"373,329"
"477,359",4,35.0,2.0,Passenger car,1,"185,386",2022 Jan 23 01:54:00 AM,2022 Jan 23 07:54:00 AM,"18,710,232",False,True,False,HISPANIC,1.0,MALE,"373,411"
"477,377",1,35.0,2.0,Passenger car,1,"185,397",2022 Jan 23 03:48:00 PM,2022 Jan 23 09:48:00 PM,"18,710,349",False,True,False,HISPANIC,1.0,MALE,"373,435"
"477,451",1,52.0,1.0,Large passenger vehicle,2,"185,440",2022 Jan 24 10:24:00 AM,2022 Jan 24 04:24:00 PM,"18,711,369",False,True,False,WHITE,2.0,FEMALE,"373,516"
"477,731",4,51.0,2.0,Motorcycle,3,"185,592",2022 Jan 16 11:02:00 PM,2022 Jan 17 05:02:00 AM,"18,714,996",False,True,False,HISPANIC,1.0,MALE,"373,824"
"478,169",1,66.0,1.0,Pedestrian,7,"185,825",2022 Jan 28 04:04:00 PM,2022 Jan 28 10:04:00 PM,"18,719,913",False,True,False,WHITE,1.0,MALE,"374,299"
"478,268",1,20.0,2.0,Passenger car,1,"185,876",2022 Jan 30 12:47:00 PM,2022 Jan 30 06:47:00 PM,"18,720,482",False,True,False,HISPANIC,2.0,FEMALE,"374,405"
"478,374",1,,0.0,Passenger car,1,"185,938",2022 Jan 31 07:30:00 AM,2022 Jan 31 01:30:00 PM,"18,722,137",False,True,False,UNKNOWN,1.0,MALE,"374,520"
"478,752",1,15.0,2.0,Pedestrian,7,"186,154",2022 Jan 31 04:30:00 PM,2022 Jan 31 10:30:00 PM,"18,725,963",False,True,False,HISPANIC,2.0,FEMALE,"374,929"
"478,786",1,54.0,1.0,Pedestrian,7,"186,172",2022 Feb 01 07:37:00 AM,2022 Feb 01 01:37:00 PM,"18,726,228",False,True,False,WHITE,1.0,MALE,"374,965"
"478,787",1,33.0,1.0,Pedestrian,7,"186,172",2022 Feb 01 07:37:00 AM,2022 Feb 01 01:37:00 PM,"18,726,228",False,True,False,WHITE,1.0,MALE,"374,966"
"478,820",1,72.0,1.0,Pedestrian,7,"186,187",2022 Feb 01 06:15:00 PM,2022 Feb 02 12:15:00 AM,"18,726,246",False,True,False,WHITE,2.0,FEMALE,"375,004"
"478,866",4,32.0,2.0,Passenger car,1,"186,212",2022 Jan 15 01:04:00 AM,2022 Jan 15 07:04:00 AM,"18,726,834",False,True,False,HISPANIC,1.0,MALE,"375,051"
"479,004",4,55.0,1.0,Pedestrian,7,"186,286",2022 Jan 29 10:21:00 PM,2022 Jan 30 04:21:00 AM,"18,729,463",False,True,False,WHITE,1.0,MALE,"375,201"
"479,308",4,41.0,2.0,Pedestrian,7,"186,467",2022 Jan 11 10:30:00 AM,2022 Jan 11 04:30:00 PM,"18,735,223",False,True,False,HISPANIC,1.0,MALE,"375,522"
"479,320",1,29.0,4.0,Passenger car,1,"186,474",2022 Jan 22 02:13:00 PM,2022 Jan 22 08:13:00 PM,"18,735,230",False,True,False,ASIAN,1.0,MALE,"375,534"
"479,345",1,50.0,3.0,Passenger car,1,"186,490",2022 Jan 03 11:56:00 PM,2022 Jan 04 05:56:00 AM,"18,735,258",False,True,False,BLACK,2.0,FEMALE,"375,561"
"479,433",1,63.0,1.0,Passenger car,1,"186,542",2022 Feb 04 12:04:00 PM,2022 Feb 04 06:04:00 PM,"18,735,350",False,True,False,WHITE,1.0,MALE,"375,654"
"479,462",1,28.0,2.0,Passenger car,1,"186,561",2022 Feb 05 02:10:00 AM,2022 Feb 05 08:10:00 AM,"18,735,376",False,True,False,HISPANIC,1.0,MALE,"375,687"
"479,463",1,22.0,2.0,Pedestrian,7,"186,561",2022 Feb 05 02:10:00 AM,2022 Feb 05 08:10:00 AM,"18,735,376",False,True,False,HISPANIC,1.0,MALE,"375,688"
"479,549",1,24.0,1.0,Passenger car,1,"186,607",2022 Feb 06 07:05:00 AM,2022 Feb 06 01:05:00 PM,"18,735,446",False,True,False,WHITE,1.0,MALE,"375,780"
"479,705",1,35.0,1.0,Passenger car,1,"186,689",2022 Feb 02 09:50:00 AM,2022 Feb 02 03:50:00 PM,"18,736,818",False,True,False,WHITE,1.0,MALE,"375,943"
"479,898",1,54.0,3.0,Pedestrian,7,"186,793",2022 Feb 08 05:31:00 PM,2022 Feb 08 11:31:00 PM,"18,738,379",False,True,False,BLACK,1.0,MALE,"376,150"
"479,900",1,67.0,1.0,Bicycle,5,"186,794",2022 Feb 08 01:39:00 PM,2022 Feb 08 07:39:00 PM,"18,738,380",False,True,False,WHITE,1.0,MALE,"376,152"
"479,902",1,32.0,2.0,Motorcycle,3,"186,795",2022 Feb 09 08:32:00 AM,2022 Feb 09 02:32:00 PM,"18,738,381",False,True,False,HISPANIC,1.0,MALE,"376,154"
"480,055",1,37.0,1.0,Large passenger vehicle,2,"186,874",2022 Feb 10 10:07:00 AM,2022 Feb 10 04:07:00 PM,"18,740,415",False,True,False,WHITE,2.0,FEMALE,"376,318"
"480,091",1,22.0,2.0,Large passenger vehicle,2,"186,890",2022 Feb 10 03:31:00 PM,2022 Feb 10 09:31:00 PM,"18,740,877",False,True,False,HISPANIC,2.0,FEMALE,"376,356"
"480,169",4,43.0,1.0,Motorcycle,3,"186,932",2022 Feb 10 07:44:00 PM,2022 Feb 11 01:44:00 AM,"18,742,077",False,True,False,WHITE,1.0,MALE,"376,439"
"480,170",4,35.0,1.0,Motorcycle,3,"186,933",2022 Feb 10 08:33:00 PM,2022 Feb 11 02:33:00 AM,"18,742,078",False,True,False,WHITE,1.0,MALE,"376,440"
"480,172",1,34.0,1.0,Motorcycle,3,"186,934",2022 Feb 10 09:32:00 PM,2022 Feb 11 03:32:00 AM,"18,742,079",False,True,False,WHITE,1.0,MALE,"376,442"
"480,364",1,40.0,1.0,Pedestrian,7,"187,035",2022 Feb 09 04:44:00 PM,2022 Feb 09 10:44:00 PM,"18,744,687",False,True,False,WHITE,1.0,MALE,"376,650"
"480,425",1,20.0,3.0,Motorcycle,3,"187,068",2022 Feb 11 11:33:00 AM,2022 Feb 11 05:33:00 PM,"18,744,727",False,True,False,BLACK,1.0,MALE,"376,716"
"480,440",1,20.0,4.0,Pedestrian,7,"187,075",2022 Feb 12 02:42:00 PM,2022 Feb 12 08:42:00 PM,"18,744,735",False,True,False,ASIAN,2.0,FEMALE,"376,731"
"480,653",1,16.0,1.0,Passenger car,1,"187,191",2022 Feb 13 08:49:00 PM,2022 Feb 14 02:49:00 AM,"18,746,891",False,True,False,WHITE,1.0,MALE,"376,958"
"480,654",1,31.0,1.0,Large passenger vehicle,2,"187,191",2022 Feb 13 08:49:00 PM,2022 Feb 14 02:49:00 AM,"18,746,891",False,True,False,WHITE,1.0,MALE,"376,959"
"480,831",1,32.0,0.0,Motorcycle,3,"187,284",2022 Feb 14 03:24:00 PM,2022 Feb 14 09:24:00 PM,"18,750,200",False,True,False,UNKNOWN,1.0,MALE,"377,150"
"480,907",4,21.0,2.0,Passenger car,1,"187,324",2022 Feb 15 02:10:00 PM,2022 Feb 15 08:10:00 PM,"18,750,350",False,True,False,HISPANIC,2.0,FEMALE,"377,232"
"481,136",1,55.0,1.0,Large passenger vehicle,2,"187,447",2022 Feb 17 08:26:00 AM,2022 Feb 17 02:26:00 PM,"18,752,738",False,True,False,WHITE,1.0,MALE,"377,473"
"481,790",1,24.0,1.0,Pedestrian,7,"187,786",2022 Feb 18 07:13:00 PM,2022 Feb 19 01:13:00 AM,"18,762,033",False,True,False,WHITE,1.0,MALE,"378,162"
"481,803",1,48.0,3.0,Passenger car,1,"187,794",2022 Feb 19 11:42:00 AM,2022 Feb 19 05:42:00 PM,"18,762,042",False,True,False,BLACK,2.0,FEMALE,"378,177"
"481,856",1,28.0,1.0,Passenger car,1,"187,820",2022 Feb 18 12:53:00 PM,2022 Feb 18 06:53:00 PM,"18,762,112",False,True,False,WHITE,2.0,FEMALE,"378,232"
"481,961",1,60.0,3.0,Large passenger vehicle,2,"187,879",2022 Feb 20 01:35:00 PM,2022 Feb 20 07:35:00 PM,"18,762,312",False,True,False,BLACK,2.0,FEMALE,"378,346"
"482,451",1,21.0,1.0,Pedestrian,7,"188,153",2022 Feb 25 08:26:00 AM,2022 Feb 25 02:26:00 PM,"18,766,450",False,True,False,WHITE,2.0,FEMALE,"378,884"
"482,541",1,34.0,1.0,Motorcycle,3,"188,200",2022 Feb 25 07:33:00 PM,2022 Feb 26 01:33:00 AM,"18,767,385",False,True,False,WHITE,1.0,MALE,"378,982"
"482,637",1,39.0,4.0,Passenger car,1,"188,259",2022 Feb 20 12:08:00 PM,2022 Feb 20 06:08:00 PM,"18,769,148",False,True,False,ASIAN,1.0,MALE,"379,093"
"482,662",1,27.0,0.0,Pedestrian,7,"188,270",2022 Feb 26 02:14:00 AM,2022 Feb 26 08:14:00 AM,"18,769,161",False,True,False,UNKNOWN,1.0,MALE,"379,118"
"482,674",4,83.0,2.0,Large passenger vehicle,2,"188,279",2022 Feb 26 06:47:00 AM,2022 Feb 26 12:47:00 PM,"18,769,172",False,True,False,HISPANIC,1.0,MALE,"379,131"
"482,730",1,39.0,1.0,Passenger car,1,"188,312",2022 Feb 27 01:58:00 AM,2022 Feb 27 07:58:00 AM,"18,769,239",False,True,False,WHITE,1.0,MALE,"379,193"
"482,737",1,33.0,2.0,Large passenger vehicle,2,"188,320",2022 Feb 27 10:12:00 AM,2022 Feb 27 04:12:00 PM,"18,769,247",False,True,False,HISPANIC,2.0,FEMALE,"379,203"
"482,738",1,56.0,3.0,Passenger car,1,"188,320",2022 Feb 27 10:12:00 AM,2022 Feb 27 04:12:00 PM,"18,769,247",False,True,False,BLACK,1.0,MALE,"379,204"
"482,783",4,67.0,1.0,Pedestrian,7,"188,347",2022 Feb 27 05:37:00 PM,2022 Feb 27 11:37:00 PM,"18,769,939",False,True,False,WHITE,1.0,MALE,"379,253"
"482,908",1,44.0,1.0,Passenger car,1,"188,421",2022 Feb 28 03:30:00 PM,2022 Feb 28 09:30:00 PM,"18,771,401",False,True,False,WHITE,2.0,FEMALE,"379,393"
"483,038",1,26.0,1.0,Passenger car,1,"188,490",2022 Mar 01 10:38:00 AM,2022 Mar 01 04:38:00 PM,"18,773,413",False,True,False,WHITE,2.0,FEMALE,"379,533"
"483,314",1,46.0,2.0,Large passenger vehicle,2,"188,630",2022 Mar 02 12:08:00 PM,2022 Mar 02 06:08:00 PM,"18,776,569",False,True,False,HISPANIC,1.0,MALE,"379,837"
"483,331",1,50.0,2.0,Pedestrian,7,"188,639",2022 Mar 02 07:41:00 PM,2022 Mar 03 01:41:00 AM,"18,776,580",False,True,False,HISPANIC,1.0,MALE,"379,854"
"483,333",1,43.0,3.0,Pedestrian,7,"188,640",2022 Mar 02 04:31:00 AM,2022 Mar 02 10:31:00 AM,"18,776,581",False,True,False,BLACK,1.0,MALE,"379,856"
"483,512",1,31.0,2.0,Large passenger vehicle,2,"188,738",2022 Feb 26 04:21:00 AM,2022 Feb 26 10:21:00 AM,"18,779,880",False,True,False,HISPANIC,1.0,MALE,"380,048"
"483,564",1,17.0,1.0,Bicycle,5,"188,766",2022 Mar 03 07:34:00 PM,2022 Mar 04 01:34:00 AM,"18,779,923",False,True,False,WHITE,1.0,MALE,"380,102"
"483,847",1,35.0,2.0,Passenger car,1,"188,916",2022 Mar 06 04:34:00 AM,2022 Mar 06 10:34:00 AM,"18,782,139",False,True,False,HISPANIC,1.0,MALE,"380,403"
"483,857",1,35.0,1.0,Bicycle,5,"188,923",2022 Mar 05 10:06:00 PM,2022 Mar 06 04:06:00 AM,"18,782,148",False,True,False,WHITE,1.0,MALE,"380,416"
"483,870",1,62.0,2.0,Motorcycle,3,"188,932",2022 Mar 06 07:26:00 PM,2022 Mar 07 01:26:00 AM,"18,782,176",False,True,False,HISPANIC,1.0,MALE,"380,431"
"484,078",1,22.0,2.0,Passenger car,1,"189,051",2022 Mar 07 05:02:00 PM,2022 Mar 07 11:02:00 PM,"18,785,961",False,True,False,HISPANIC,2.0,FEMALE,"380,666"
"484,088",1,25.0,1.0,Passenger car,1,"189,055",2022 Mar 07 07:02:00 PM,2022 Mar 08 01:02:00 AM,"18,785,973",False,True,False,WHITE,1.0,MALE,"380,676"
"484,240",4,29.0,2.0,Large passenger vehicle,2,"189,134",2022 Mar 07 07:15:00 AM,2022 Mar 07 01:15:00 PM,"18,787,434",False,True,False,HISPANIC,1.0,MALE,"380,836"
"484,287",1,22.0,3.0,Passenger car,1,"189,155",2022 Mar 09 02:21:00 PM,2022 Mar 09 08:21:00 PM,"18,787,883",False,True,False,BLACK,2.0,FEMALE,"380,885"
"484,319",1,49.0,2.0,Passenger car,1,"189,172",2022 Mar 09 01:36:00 PM,2022 Mar 09 07:36:00 PM,"18,788,674",False,True,False,HISPANIC,2.0,FEMALE,"380,919"
"484,326",1,40.0,1.0,Motorcycle,3,"189,175",2022 Feb 28 03:57:00 PM,2022 Feb 28 09:57:00 PM,"18,788,739",False,True,False,WHITE,1.0,MALE,"380,926"
"484,398",1,79.0,1.0,Passenger car,1,"189,215",2022 Mar 10 06:18:00 AM,2022 Mar 10 12:18:00 PM,"18,789,480",False,True,False,WHITE,1.0,MALE,"381,007"
"484,463",4,39.0,1.0,Large passenger vehicle,2,"189,248",2022 Feb 11 03:18:00 AM,2022 Feb 11 09:18:00 AM,"18,790,889",False,True,False,WHITE,1.0,MALE,"381,082"
"484,476",1,62.0,2.0,Pedestrian,7,"189,255",2022 Mar 10 01:26:00 PM,2022 Mar 10 07:26:00 PM,"18,790,896",False,True,False,HISPANIC,1.0,MALE,"381,098"
"484,737",1,30.0,2.0,Passenger car,1,"189,396",2022 Mar 10 09:56:00 PM,2022 Mar 11 03:56:00 AM,"18,793,960",False,True,False,HISPANIC,1.0,MALE,"381,384"
"484,908",4,46.0,1.0,Pedestrian,7,"189,491",2022 Mar 14 12:26:00 AM,2022 Mar 14 05:26:00 AM,"18,794,813",False,True,False,WHITE,1.0,MALE,"381,575"
"484,934",1,55.0,2.0,Passenger car,1,"189,506",2022 Mar 13 01:57:00 PM,2022 Mar 13 06:57:00 PM,"18,795,516",False,True,False,HISPANIC,1.0,MALE,"381,606"
"485,084",1,33.0,1.0,Motorcycle,3,"189,589",2022 Mar 14 08:45:00 PM,2022 Mar 15 01:45:00 AM,"18,797,293",False,True,False,WHITE,1.0,MALE,"381,766"
"485,185",1,54.0,1.0,Pedestrian,7,"189,640",2022 Mar 15 03:33:00 PM,2022 Mar 15 08:33:00 PM,"18,798,666",False,True,False,WHITE,1.0,MALE,"381,876"
"485,318",1,70.0,1.0,Large passenger vehicle,2,"189,710",2022 Mar 14 02:17:00 PM,2022 Mar 14 07:17:00 PM,"18,800,419",False,True,False,WHITE,1.0,MALE,"382,015"
"485,324",1,24.0,1.0,Passenger car,1,"189,713",2022 Mar 16 04:23:00 PM,2022 Mar 16 09:23:00 PM,"18,800,422",False,True,False,WHITE,1.0,MALE,"382,021"
"485,325",1,18.0,1.0,Large passenger vehicle,2,"189,713",2022 Mar 16 04:23:00 PM,2022 Mar 16 09:23:00 PM,"18,800,422",False,True,False,WHITE,2.0,FEMALE,"382,022"
"485,358",1,46.0,1.0,Passenger car,1,"189,728",2022 Mar 16 05:33:00 PM,2022 Mar 16 10:33:00 PM,"18,800,440",False,True,False,WHITE,2.0,FEMALE,"382,056"
"485,414",4,37.0,1.0,Pedestrian,7,"189,760",2022 Mar 14 11:47:00 PM,2022 Mar 15 04:47:00 AM,"18,800,909",False,True,False,WHITE,1.0,MALE,"382,120"
"485,533",1,26.0,2.0,Pedestrian,7,"189,825",2022 Mar 17 05:52:00 PM,2022 Mar 17 10:52:00 PM,"18,801,982",False,True,False,HISPANIC,1.0,MALE,"382,252"
"485,590",4,21.0,1.0,Motorcycle,3,"189,854",2022 Feb 09 10:38:00 AM,2022 Feb 09 04:38:00 PM,"18,802,653",False,True,False,WHITE,1.0,MALE,"382,313"
"485,592",4,27.0,1.0,Motorcycle,3,"189,855",2022 Mar 06 02:28:00 AM,2022 Mar 06 08:28:00 AM,"18,802,654",False,True,False,WHITE,1.0,MALE,"382,315"
"485,597",1,24.0,3.0,Passenger car,1,"189,857",2022 Mar 18 09:33:00 AM,2022 Mar 18 02:33:00 PM,"18,802,656",False,True,False,BLACK,2.0,FEMALE,"382,320"
"485,950",1,22.0,2.0,Large passenger vehicle,2,"190,045",2022 Mar 18 10:50:00 PM,2022 Mar 19 03:50:00 AM,"18,806,253",False,True,False,HISPANIC,2.0,FEMALE,"382,698"
"485,955",1,48.0,2.0,Passenger car,1,"190,049",2022 Mar 19 01:47:00 PM,2022 Mar 19 06:47:00 PM,"18,806,257",False,True,False,HISPANIC,2.0,FEMALE,"382,705"
"485,966",1,42.0,1.0,Motorcycle,3,"190,057",2022 Mar 20 06:25:00 AM,2022 Mar 20 11:25:00 AM,"18,806,281",False,True,False,WHITE,1.0,MALE,"382,719"
"485,986",4,51.0,2.0,Pedestrian,7,"190,068",2022 Feb 16 05:39:00 AM,2022 Feb 16 11:39:00 AM,"18,806,332",False,True,False,HISPANIC,1.0,MALE,"382,739"
"486,285",1,21.0,2.0,Passenger car,1,"190,234",2022 Mar 16 12:21:00 AM,2022 Mar 16 05:21:00 AM,"18,809,396",False,True,False,HISPANIC,2.0,FEMALE,"383,061"
"486,469",1,17.0,2.0,Passenger car,1,"190,329",2022 Mar 22 10:10:00 PM,2022 Mar 23 03:10:00 AM,"18,810,778",False,True,False,HISPANIC,1.0,MALE,"383,260"
"486,774",4,37.0,4.0,Passenger car,1,"190,483",2022 Mar 21 06:32:00 PM,2022 Mar 21 11:32:00 PM,"18,814,583",False,True,False,ASIAN,1.0,MALE,"383,587"
"486,837",1,40.0,1.0,Passenger car,1,"190,515",2022 Mar 24 12:02:00 PM,2022 Mar 24 05:02:00 PM,"18,814,661",False,True,False,WHITE,1.0,MALE,"383,658"
"486,847",4,28.0,1.0,Pedestrian,7,"190,519",2022 Mar 21 11:00:00 PM,2022 Mar 22 04:00:00 AM,"18,814,867",False,True,False,WHITE,2.0,FEMALE,"383,669"
"487,103",1,41.0,2.0,Motorcycle,3,"190,659",2022 Mar 27 01:27:00 PM,2022 Mar 27 06:27:00 PM,"18,818,586",False,True,False,HISPANIC,1.0,MALE,"383,947"
"487,197",1,40.0,1.0,Passenger car,1,"190,711",2022 Mar 26 04:46:00 AM,2022 Mar 26 09:46:00 AM,"18,818,910",False,True,False,WHITE,2.0,FEMALE,"384,054"
"487,263",1,34.0,1.0,Motorcycle,3,"190,751",2022 Mar 27 03:20:00 PM,2022 Mar 27 08:20:00 PM,"18,819,031",False,True,False,WHITE,1.0,MALE,"384,126"
"487,491",1,47.0,2.0,Passenger car,1,"190,869",2022 Mar 08 09:24:00 PM,2022 Mar 09 03:24:00 AM,"18,822,922",False,True,False,HISPANIC,1.0,MALE,"384,378"
"487,608",1,84.0,1.0,Pedestrian,7,"190,935",2022 Mar 28 08:30:00 PM,2022 Mar 29 01:30:00 AM,"18,823,680",False,True,False,WHITE,2.0,FEMALE,"384,504"
"487,670",1,62.0,3.0,Passenger car,1,"190,970",2022 Mar 30 07:22:00 AM,2022 Mar 30 12:22:00 PM,"18,824,796",False,True,False,BLACK,2.0,FEMALE,"384,574"
"487,767",1,42.0,1.0,Bicycle,5,"191,015",2022 Mar 30 11:00:00 AM,2022 Mar 30 04:00:00 PM,"18,825,770",False,True,False,WHITE,2.0,FEMALE,"384,675"
"488,006",1,40.0,1.0,Motorcycle,3,"191,141",2022 Apr 01 12:19:00 AM,2022 Apr 01 05:19:00 AM,"18,827,980",False,True,False,WHITE,1.0,MALE,"384,942"
"488,342",1,31.0,4.0,Passenger car,1,"191,318",2022 Apr 01 09:46:00 AM,2022 Apr 01 02:46:00 PM,"18,832,836",False,True,False,ASIAN,1.0,MALE,"385,298"
"488,441",1,21.0,1.0,Pedestrian,7,"191,375",2022 Apr 03 01:12:00 PM,2022 Apr 03 06:12:00 PM,"18,833,006",False,True,False,WHITE,1.0,MALE,"385,404"
"488,462",1,50.0,2.0,Passenger car,1,"191,386",2022 Apr 03 02:53:00 PM,2022 Apr 03 07:53:00 PM,"18,833,034",False,True,False,HISPANIC,2.0,FEMALE,"385,426"
"488,621",1,22.0,1.0,Passenger car,1,"191,470",2022 Apr 05 02:44:00 AM,2022 Apr 05 07:44:00 AM,"18,834,806",False,True,False,WHITE,2.0,FEMALE,"385,596"
"488,632",4,30.0,3.0,Pedestrian,7,"191,476",2022 Feb 20 04:02:00 AM,2022 Feb 20 10:02:00 AM,"18,835,031",False,True,False,BLACK,1.0,MALE,"385,610"
"488,895",1,30.0,2.0,Passenger car,1,"191,615",2022 Apr 01 05:19:00 PM,2022 Apr 01 10:19:00 PM,"18,838,700",False,True,False,HISPANIC,2.0,FEMALE,"385,892"
"488,902",1,53.0,2.0,Passenger car,1,"191,619",2022 Apr 06 04:11:00 AM,2022 Apr 06 09:11:00 AM,"18,838,704",False,True,False,HISPANIC,1.0,MALE,"385,900"
"489,037",4,50.0,1.0,Pedestrian,7,"191,690",2022 Apr 01 10:58:00 PM,2022 Apr 02 03:58:00 AM,"18,840,763",False,True,False,WHITE,2.0,FEMALE,"386,049"
"489,048",1,58.0,2.0,Motorcycle,3,"191,696",2022 Apr 07 07:01:00 AM,2022 Apr 07 12:01:00 PM,"18,840,771",False,True,False,HISPANIC,1.0,MALE,"386,061"
"489,066",1,48.0,1.0,Motorcycle,3,"191,706",2022 Apr 07 11:05:00 AM,2022 Apr 07 04:05:00 PM,"18,840,838",False,True,False,WHITE,1.0,MALE,"386,080"
"489,073",1,32.0,2.0,Large passenger vehicle,2,"191,709",2022 Apr 07 03:32:00 PM,2022 Apr 07 08:32:00 PM,"18,840,841",False,True,False,HISPANIC,1.0,MALE,"386,087"
"489,074",1,25.0,2.0,Large passenger vehicle,2,"191,709",2022 Apr 07 03:32:00 PM,2022 Apr 07 08:32:00 PM,"18,840,841",False,True,False,HISPANIC,2.0,FEMALE,"386,088"
"489,094",1,39.0,2.0,Passenger car,1,"191,720",2022 Apr 07 10:47:00 PM,2022 Apr 08 03:47:00 AM,"18,840,852",False,True,False,HISPANIC,1.0,MALE,"386,108"
"489,520",1,28.0,1.0,Passenger car,1,"191,945",2022 Apr 01 01:35:00 AM,2022 Apr 01 06:35:00 AM,"18,845,499",False,True,False,WHITE,1.0,MALE,"386,569"
"489,522",1,31.0,1.0,Pedestrian,7,"191,946",2022 Apr 05 08:16:00 PM,2022 Apr 06 01:16:00 AM,"18,845,500",False,True,False,WHITE,1.0,MALE,"386,571"
"489,525",1,24.0,1.0,Passenger car,1,"191,948",2022 Apr 06 11:27:00 PM,2022 Apr 07 04:27:00 AM,"18,845,502",False,True,False,WHITE,2.0,FEMALE,"386,574"
"489,552",1,33.0,1.0,Passenger car,1,"191,961",2022 Apr 08 08:18:00 PM,2022 Apr 09 01:18:00 AM,"18,845,529",False,True,False,WHITE,1.0,MALE,"386,601"
"489,554",1,30.0,4.0,Pedestrian,7,"191,961",2022 Apr 08 08:18:00 PM,2022 Apr 09 01:18:00 AM,"18,845,529",False,True,False,ASIAN,2.0,FEMALE,"386,603"
"489,555",1,45.0,1.0,Pedestrian,7,"191,961",2022 Apr 08 08:18:00 PM,2022 Apr 09 01:18:00 AM,"18,845,529",False,True,False,WHITE,2.0,FEMALE,"386,604"
"489,556",1,40.0,1.0,Pedestrian,7,"191,961",2022 Apr 08 08:18:00 PM,2022 Apr 09 01:18:00 AM,"18,845,529",False,True,False,WHITE,1.0,MALE,"386,605"
"489,557",1,38.0,4.0,Pedestrian,7,"191,961",2022 Apr 08 08:18:00 PM,2022 Apr 09 01:18:00 AM,"18,845,529",False,True,False,ASIAN,2.0,FEMALE,"386,606"
"489,558",1,65.0,2.0,Pedestrian,7,"191,961",2022 Apr 08 08:18:00 PM,2022 Apr 09 01:18:00 AM,"18,845,529",False,True,False,HISPANIC,1.0,MALE,"386,607"
"489,559",1,45.0,3.0,Pedestrian,7,"191,961",2022 Apr 08 08:18:00 PM,2022 Apr 09 01:18:00 AM,"18,845,529",False,True,False,BLACK,2.0,FEMALE,"386,608"
"489,560",1,56.0,1.0,Pedestrian,7,"191,961",2022 Apr 08 08:18:00 PM,2022 Apr 09 01:18:00 AM,"18,845,529",False,True,False,WHITE,2.0,FEMALE,"386,609"
"489,561",1,61.0,1.0,Pedestrian,7,"191,961",2022 Apr 08 08:18:00 PM,2022 Apr 09 01:18:00 AM,"18,845,529",False,True,False,WHITE,1.0,MALE,"386,610"
"489,564",1,55.0,3.0,Pedestrian,7,"191,961",2022 Apr 08 08:18:00 PM,2022 Apr 09 01:18:00 AM,"18,845,529",False,True,False,BLACK,1.0,MALE,"386,613"
"489,641",1,45.0,1.0,Motorcycle,3,"192,005",2022 Apr 10 03:47:00 PM,2022 Apr 10 08:47:00 PM,"18,845,660",False,True,False,WHITE,1.0,MALE,"386,700"
"489,657",1,30.0,2.0,Passenger car,1,"192,015",2022 Apr 11 02:07:00 AM,2022 Apr 11 07:07:00 AM,"18,845,670",False,True,False,HISPANIC,1.0,MALE,"386,719"
"489,701",1,78.0,4.0,Passenger car,1,"192,038",2022 Apr 11 12:47:00 PM,2022 Apr 11 05:47:00 PM,"18,846,333",False,True,False,ASIAN,1.0,MALE,"386,764"
"489,811",1,52.0,1.0,Passenger car,1,"192,098",2022 Apr 10 05:01:00 AM,2022 Apr 10 10:01:00 AM,"18,848,384",False,True,False,WHITE,1.0,MALE,"386,882"
"489,815",4,13.0,1.0,Pedestrian,7,"192,100",2022 Apr 10 05:38:00 PM,2022 Apr 10 10:38:00 PM,"18,848,386",False,True,False,WHITE,1.0,MALE,"386,886"
"489,848",1,70.0,1.0,Passenger car,1,"192,118",2022 Apr 11 10:28:00 PM,2022 Apr 12 03:28:00 AM,"18,848,446",False,True,False,WHITE,2.0,FEMALE,"386,924"
"489,986",1,27.0,2.0,Passenger car,1,"192,192",2022 Apr 12 08:06:00 AM,2022 Apr 12 01:06:00 PM,"18,850,298",False,True,False,HISPANIC,2.0,FEMALE,"387,073"
"490,103",1,43.0,2.0,Large passenger vehicle,2,"192,254",2022 Apr 13 09:05:00 PM,2022 Apr 14 02:05:00 AM,"18,851,686",False,True,False,HISPANIC,1.0,MALE,"387,195"
"490,357",1,50.0,4.0,Motorcycle,3,"192,380",2022 Apr 14 08:55:00 PM,2022 Apr 15 01:55:00 AM,"18,853,973",False,True,False,ASIAN,1.0,MALE,"387,459"
"490,494",1,24.0,3.0,Passenger car,1,"192,451",2022 Apr 16 12:11:00 AM,2022 Apr 16 05:11:00 AM,"18,855,421",False,True,False,BLACK,1.0,MALE,"387,607"
"490,497",1,34.0,1.0,Motorcycle,3,"192,453",2022 Apr 15 06:57:00 PM,2022 Apr 15 11:57:00 PM,"18,855,423",False,True,False,WHITE,1.0,MALE,"387,610"
"490,503",1,34.0,1.0,Bicycle,5,"192,456",2022 Apr 16 02:51:00 AM,2022 Apr 16 07:51:00 AM,"18,855,426",False,True,False,WHITE,2.0,FEMALE,"387,616"
"490,504",1,31.0,5.0,Bicycle,5,"192,456",2022 Apr 16 02:51:00 AM,2022 Apr 16 07:51:00 AM,"18,855,426",False,True,False,OTHER,1.0,MALE,"387,617"
"490,743",1,29.0,1.0,Bicycle,5,"192,587",2022 Apr 17 06:32:00 PM,2022 Apr 17 11:32:00 PM,"18,857,927",False,True,False,WHITE,2.0,FEMALE,"387,872"
"490,745",1,26.0,3.0,Large passenger vehicle,2,"192,588",2022 Apr 17 05:09:00 AM,2022 Apr 17 10:09:00 AM,"18,857,928",False,True,False,BLACK,1.0,MALE,"387,874"
"490,954",1,22.0,3.0,Large passenger vehicle,2,"192,703",2022 Apr 19 12:19:00 PM,2022 Apr 19 05:19:00 PM,"18,860,691",False,True,False,BLACK,1.0,MALE,"388,095"
"491,093",1,45.0,1.0,Motorcycle,3,"192,771",2022 Apr 19 04:55:00 PM,2022 Apr 19 09:55:00 PM,"18,862,050",False,True,False,WHITE,1.0,MALE,"388,247"
"491,206",1,47.0,1.0,Pedestrian,7,"192,835",2022 Apr 19 06:51:00 PM,2022 Apr 19 11:51:00 PM,"18,864,304",False,True,False,WHITE,1.0,MALE,"388,372"
"491,353",4,82.0,1.0,Passenger car,1,"192,912",2022 Apr 21 09:16:00 AM,2022 Apr 21 02:16:00 PM,"18,865,794",False,True,False,WHITE,2.0,FEMALE,"388,540"
"491,700",1,25.0,1.0,Passenger car,1,"193,099",2022 Apr 22 05:02:00 PM,2022 Apr 22 10:02:00 PM,"18,869,713",False,True,False,WHITE,2.0,FEMALE,"388,920"
"491,759",1,63.0,2.0,Bicycle,5,"193,129",2022 Apr 22 10:14:00 PM,2022 Apr 23 03:14:00 AM,"18,869,815",False,True,False,HISPANIC,1.0,MALE,"388,981"
"491,828",1,41.0,1.0,Motorcycle,3,"193,170",2022 Apr 24 06:30:00 PM,2022 Apr 24 11:30:00 PM,"18,869,998",False,True,False,WHITE,1.0,MALE,"389,064"
"491,834",1,33.0,1.0,E-scooter,11,"193,174",2022 Apr 24 03:42:00 AM,2022 Apr 24 08:42:00 AM,"18,870,003",False,True,False,WHITE,1.0,MALE,"389,071"
"491,839",1,25.0,1.0,Motorcycle,3,"193,176",2022 Apr 25 02:39:00 AM,2022 Apr 25 07:39:00 AM,"18,870,005",False,True,False,WHITE,1.0,MALE,"389,076"
"491,947",1,60.0,1.0,Motorcycle,3,"193,238",2022 Apr 10 05:07:00 PM,2022 Apr 10 10:07:00 PM,"18,871,818",False,True,False,WHITE,1.0,MALE,"389,190"
"491,948",1,58.0,1.0,Motorcycle,3,"193,238",2022 Apr 10 05:07:00 PM,2022 Apr 10 10:07:00 PM,"18,871,818",False,True,False,WHITE,1.0,MALE,"389,191"
"491,973",1,33.0,2.0,Passenger car,1,"193,253",2022 Apr 24 11:00:00 PM,2022 Apr 25 04:00:00 AM,"18,871,841",False,True,False,HISPANIC,1.0,MALE,"389,218"
"491,979",4,31.0,1.0,Passenger car,1,"193,257",2022 Apr 25 05:16:00 AM,2022 Apr 25 10:16:00 AM,"18,871,849",False,True,False,WHITE,2.0,FEMALE,"389,224"
"492,129",4,30.0,2.0,Passenger car,1,"193,338",2022 Apr 26 07:50:00 AM,2022 Apr 26 12:50:00 PM,"18,873,811",False,True,False,HISPANIC,1.0,MALE,"389,390"
"492,327",1,24.0,1.0,Large passenger vehicle,2,"193,444",2022 Apr 27 02:25:00 AM,2022 Apr 27 07:25:00 AM,"18,876,172",False,True,False,WHITE,2.0,FEMALE,"389,600"
"492,351",1,81.0,1.0,Passenger car,1,"193,456",2022 Apr 27 06:40:00 PM,2022 Apr 27 11:40:00 PM,"18,876,192",False,True,False,WHITE,2.0,FEMALE,"389,627"
"492,366",4,29.0,1.0,Motorcycle,3,"193,465",2022 Apr 27 09:50:00 AM,2022 Apr 27 02:50:00 PM,"18,876,202",False,True,False,WHITE,1.0,MALE,"389,643"
"492,376",1,83.0,1.0,Passenger car,1,"193,470",2022 Apr 02 05:38:00 PM,2022 Apr 02 10:38:00 PM,"18,876,550",False,True,False,WHITE,1.0,MALE,"389,654"
"492,474",4,28.0,3.0,Motorcycle,3,"193,522",2022 Mar 31 07:14:00 PM,2022 Apr 01 12:14:00 AM,"18,877,814",False,True,False,BLACK,1.0,MALE,"389,762"
"492,487",1,27.0,2.0,Passenger car,1,"193,528",2022 Apr 24 03:17:00 AM,2022 Apr 24 08:17:00 AM,"18,877,820",False,True,False,HISPANIC,1.0,MALE,"389,776"
"492,494",4,46.0,1.0,Pedestrian,7,"193,531",2022 Apr 28 02:02:00 AM,2022 Apr 28 07:02:00 AM,"18,877,823",False,True,False,WHITE,2.0,FEMALE,"389,783"
"492,641",1,39.0,2.0,Large passenger vehicle,2,"193,614",2022 Apr 25 12:35:00 PM,2022 Apr 25 05:35:00 PM,"18,879,768",False,True,False,HISPANIC,2.0,FEMALE,"389,953"
"492,794",1,40.0,1.0,Motorcycle,3,"193,691",2022 Apr 30 01:10:00 AM,2022 Apr 30 06:10:00 AM,"18,881,225",False,True,False,WHITE,1.0,MALE,"390,115"
"492,803",1,18.0,2.0,Passenger car,1,"193,694",2022 Apr 30 03:37:00 AM,2022 Apr 30 08:37:00 AM,"18,881,228",False,True,False,HISPANIC,1.0,MALE,"390,128"
"492,963",1,32.0,2.0,Passenger car,1,"193,781",2022 Apr 30 11:44:00 PM,2022 May 01 04:44:00 AM,"18,881,868",False,True,False,HISPANIC,1.0,MALE,"390,301"
"493,068",1,70.0,2.0,Passenger car,1,"193,839",2022 Apr 18 05:31:00 PM,2022 Apr 18 10:31:00 PM,"18,883,503",False,True,False,HISPANIC,2.0,FEMALE,"390,417"
"493,113",4,33.0,1.0,Motorcycle,3,"193,862",2022 Apr 26 10:37:00 PM,2022 Apr 27 03:37:00 AM,"18,884,106",False,True,False,WHITE,1.0,MALE,"390,465"
"493,278",1,43.0,1.0,Passenger car,1,"193,948",2022 May 02 01:28:00 PM,2022 May 02 06:28:00 PM,"18,886,360",False,True,False,WHITE,1.0,MALE,"390,641"
"493,299",1,74.0,2.0,Passenger car,1,"193,959",2022 May 03 06:39:00 PM,2022 May 03 11:39:00 PM,"18,886,374",False,True,False,HISPANIC,1.0,MALE,"390,662"
"493,300",1,67.0,2.0,Passenger car,1,"193,959",2022 May 03 06:39:00 PM,2022 May 03 11:39:00 PM,"18,886,374",False,True,False,HISPANIC,2.0,FEMALE,"390,663"
"493,304",1,56.0,2.0,Motorcycle,3,"193,961",2022 May 03 07:45:00 PM,2022 May 04 12:45:00 AM,"18,886,378",False,True,False,HISPANIC,1.0,MALE,"390,667"
"493,334",1,27.0,2.0,Passenger car,1,"193,976",2022 May 04 07:28:00 AM,2022 May 04 12:28:00 PM,"18,886,715",False,True,False,HISPANIC,2.0,FEMALE,"390,698"
"493,364",1,46.0,0.0,Motorcycle,3,"193,992",2022 May 04 12:04:00 PM,2022 May 04 05:04:00 PM,"18,887,185",False,True,False,UNKNOWN,1.0,MALE,"390,730"
"493,451",1,23.0,3.0,Large passenger vehicle,2,"194,037",2022 May 04 06:23:00 PM,2022 May 04 11:23:00 PM,"18,888,573",False,True,False,BLACK,2.0,FEMALE,"390,823"
"494,071",1,18.0,2.0,Large passenger vehicle,2,"194,379",2022 May 06 11:01:00 PM,2022 May 07 04:01:00 AM,"18,896,113",False,True,False,HISPANIC,1.0,MALE,"391,498"
"494,134",1,58.0,1.0,Large passenger vehicle,2,"194,411",2022 Feb 02 04:09:00 PM,2022 Feb 02 10:09:00 PM,"18,896,235",False,True,False,WHITE,1.0,MALE,"391,563"
"494,150",1,28.0,1.0,E-scooter,11,"194,420",2022 May 08 12:13:00 AM,2022 May 08 05:13:00 AM,"18,896,244",False,True,False,WHITE,1.0,MALE,"391,580"
"494,183",1,41.0,2.0,Bicycle,5,"194,438",2022 May 08 02:07:00 AM,2022 May 08 07:07:00 AM,"18,896,303",False,True,False,HISPANIC,1.0,MALE,"391,614"
"494,192",1,28.0,2.0,E-scooter,11,"194,443",2022 May 09 01:25:00 AM,2022 May 09 06:25:00 AM,"18,896,308",False,True,False,HISPANIC,1.0,MALE,"391,624"
"494,240",1,39.0,3.0,Pedestrian,7,"194,469",2022 May 09 08:28:00 PM,2022 May 10 01:28:00 AM,"18,896,387",False,True,False,BLACK,2.0,FEMALE,"391,677"
"494,292",4,73.0,1.0,Bicycle,5,"194,499",2022 Mar 30 08:56:00 AM,2022 Mar 30 01:56:00 PM,"18,897,327",False,True,False,WHITE,1.0,MALE,"391,737"
"494,294",4,32.0,1.0,Passenger car,1,"194,500",2022 Apr 04 05:59:00 PM,2022 Apr 04 10:59:00 PM,"18,897,328",False,True,False,WHITE,2.0,FEMALE,"391,739"
"494,295",4,23.0,2.0,Passenger car,1,"194,501",2022 Apr 15 02:38:00 AM,2022 Apr 15 07:38:00 AM,"18,897,329",False,True,False,HISPANIC,1.0,MALE,"391,740"
"494,298",4,32.0,1.0,E-scooter,11,"194,502",2022 Apr 29 02:31:00 AM,2022 Apr 29 07:31:00 AM,"18,897,331",False,True,False,WHITE,1.0,MALE,"391,744"
"494,300",4,64.0,2.0,Pedestrian,7,"194,503",2022 Apr 30 09:44:00 PM,2022 May 01 02:44:00 AM,"18,897,332",False,True,False,HISPANIC,1.0,MALE,"391,746"
"494,362",1,50.0,2.0,Passenger car,1,"194,538",2022 May 06 10:44:00 PM,2022 May 07 03:44:00 AM,"18,898,536",False,True,False,HISPANIC,1.0,MALE,"391,814"
"494,468",4,27.0,1.0,Motorcycle,3,"194,588",2022 May 04 07:48:00 PM,2022 May 05 12:48:00 AM,"18,899,255",False,True,False,WHITE,1.0,MALE,"391,929"
"494,615",1,58.0,1.0,Large passenger vehicle,2,"194,670",2022 May 10 09:42:00 PM,2022 May 11 02:42:00 AM,"18,900,575",False,True,False,WHITE,1.0,MALE,"392,094"
"494,690",1,48.0,2.0,Passenger car,1,"194,707",2022 May 12 08:56:00 AM,2022 May 12 01:56:00 PM,"18,901,164",False,True,False,HISPANIC,2.0,FEMALE,"392,172"
"495,082",1,34.0,1.0,Bicycle,5,"194,902",2022 May 13 01:37:00 PM,2022 May 13 06:37:00 PM,"18,905,978",False,True,False,WHITE,1.0,MALE,"392,588"
"495,092",1,20.0,1.0,Motorcycle,3,"194,907",2022 May 13 03:02:00 PM,2022 May 13 08:02:00 PM,"18,905,983",False,True,False,WHITE,1.0,MALE,"392,599"
"495,099",1,57.0,3.0,Bicycle,5,"194,911",2022 May 13 05:50:00 PM,2022 May 13 10:50:00 PM,"18,905,996",False,True,False,BLACK,1.0,MALE,"392,606"
"495,107",1,28.0,2.0,Passenger car,1,"194,915",2022 May 13 03:27:00 PM,2022 May 13 08:27:00 PM,"18,906,000",False,True,False,HISPANIC,1.0,MALE,"392,614"
"495,649",4,24.0,2.0,Passenger car,1,"195,197",2022 May 18 02:43:00 AM,2022 May 18 07:43:00 AM,"18,911,151",False,True,False,HISPANIC,2.0,FEMALE,"393,198"
"495,818",1,41.0,1.0,Large passenger vehicle,2,"195,288",2022 May 18 10:31:00 PM,2022 May 19 03:31:00 AM,"18,913,335",False,True,False,WHITE,1.0,MALE,"393,380"
"495,822",4,47.0,1.0,Pedestrian,7,"195,289",2022 May 18 03:09:00 AM,2022 May 18 08:09:00 AM,"18,913,336",False,True,False,WHITE,1.0,MALE,"393,384"
"495,825",1,25.0,2.0,Pedestrian,7,"195,291",2022 May 19 01:22:00 AM,2022 May 19 06:22:00 AM,"18,913,338",False,True,False,HISPANIC,1.0,MALE,"393,387"
"495,855",1,37.0,4.0,Passenger car,1,"195,307",2022 May 19 07:39:00 AM,2022 May 19 12:39:00 PM,"18,913,974",False,True,False,ASIAN,2.0,FEMALE,"393,419"
"495,980",1,18.0,2.0,Large passenger vehicle,2,"195,377",2022 May 15 07:14:00 AM,2022 May 15 12:14:00 PM,"18,915,953",False,True,False,HISPANIC,1.0,MALE,"393,553"
"496,015",1,28.0,1.0,E-scooter,11,"195,394",2022 Apr 22 04:48:00 PM,2022 Apr 22 09:48:00 PM,"18,915,979",False,True,False,WHITE,2.0,FEMALE,"393,589"
"496,342",1,29.0,1.0,Motorcycle,3,"195,571",2022 May 20 04:14:00 PM,2022 May 20 09:14:00 PM,"18,919,533",False,True,False,WHITE,1.0,MALE,"393,944"
"496,388",1,29.0,4.0,Motorcycle,3,"195,599",2022 May 21 05:36:00 PM,2022 May 21 10:36:00 PM,"18,919,593",False,True,False,ASIAN,1.0,MALE,"393,994"
"496,397",1,61.0,1.0,E-scooter,11,"195,604",2022 May 20 09:27:00 PM,2022 May 21 02:27:00 AM,"18,919,598",False,True,False,WHITE,1.0,MALE,"394,003"
"496,403",1,32.0,2.0,Bicycle,5,"195,607",2022 May 21 06:33:00 PM,2022 May 21 11:33:00 PM,"18,919,601",False,True,False,HISPANIC,1.0,MALE,"394,009"
"496,499",4,29.0,2.0,Pedestrian,7,"195,662",2022 May 21 03:46:00 AM,2022 May 21 08:46:00 AM,"18,921,388",False,True,False,HISPANIC,2.0,FEMALE,"394,118"
"496,510",1,40.0,1.0,Large passenger vehicle,2,"195,671",2022 Apr 25 08:34:00 AM,2022 Apr 25 01:34:00 PM,"18,921,582",False,True,False,WHITE,1.0,MALE,"394,130"
"496,532",4,37.0,2.0,Large passenger vehicle,2,"195,682",2022 May 23 05:45:00 AM,2022 May 23 10:45:00 AM,"18,921,873",False,True,False,HISPANIC,1.0,MALE,"394,154"
"496,537",1,30.0,2.0,Passenger car,1,"195,684",2022 May 23 07:05:00 AM,2022 May 23 12:05:00 PM,"18,921,875",False,True,False,HISPANIC,1.0,MALE,"394,159"
"496,559",1,27.0,2.0,Motorcycle,3,"195,696",2022 Mar 19 07:24:00 PM,2022 Mar 20 12:24:00 AM,"18,922,003",False,True,False,HISPANIC,1.0,MALE,"394,185"
"497,398",4,59.0,1.0,Motorcycle,3,"196,154",2022 May 26 01:35:00 PM,2022 May 26 06:35:00 PM,"18,937,094",False,True,False,WHITE,1.0,MALE,"395,098"
"497,475",1,35.0,1.0,Large passenger vehicle,2,"196,194",2022 May 24 01:58:00 PM,2022 May 24 06:58:00 PM,"18,938,994",False,True,False,WHITE,2.0,FEMALE,"395,180"
"497,484",1,34.0,2.0,Passenger car,1,"196,199",2022 May 25 11:56:00 AM,2022 May 25 04:56:00 PM,"18,939,007",False,True,False,HISPANIC,1.0,MALE,"395,189"
"497,485",1,28.0,0.0,Passenger car,1,"196,199",2022 May 25 11:56:00 AM,2022 May 25 04:56:00 PM,"18,939,007",False,True,False,UNKNOWN,1.0,MALE,"395,190"
"497,488",1,19.0,2.0,Passenger car,1,"196,201",2022 May 25 10:35:00 PM,2022 May 26 03:35:00 AM,"18,939,009",False,True,False,HISPANIC,2.0,FEMALE,"395,193"
"497,502",1,61.0,1.0,Large passenger vehicle,2,"196,207",2022 May 26 08:37:00 PM,2022 May 27 01:37:00 AM,"18,939,018",False,True,False,WHITE,1.0,MALE,"395,208"
"497,553",1,34.0,1.0,Motorcycle,3,"196,232",2022 May 25 07:27:00 PM,2022 May 26 12:27:00 AM,"18,939,102",False,True,False,WHITE,1.0,MALE,"395,266"
"497,558",1,25.0,1.0,E-scooter,11,"196,235",2022 May 26 07:50:00 PM,2022 May 27 12:50:00 AM,"18,939,105",False,True,False,WHITE,1.0,MALE,"395,273"
"497,614",4,58.0,1.0,E-scooter,11,"196,266",2022 May 29 09:48:00 PM,2022 May 30 02:48:00 AM,"18,939,208",False,True,False,WHITE,1.0,MALE,"395,336"
"497,668",4,53.0,1.0,Pedestrian,7,"196,296",2022 May 15 02:37:00 AM,2022 May 15 07:37:00 AM,"18,939,703",False,True,False,WHITE,2.0,FEMALE,"395,394"
"497,710",1,35.0,3.0,Passenger car,1,"196,319",2022 Apr 30 04:36:00 PM,2022 Apr 30 09:36:00 PM,"18,939,759",False,True,False,BLACK,1.0,MALE,"395,441"
"497,753",1,5.0,4.0,Pedestrian,7,"196,341",2022 May 30 10:35:00 AM,2022 May 30 03:35:00 PM,"18,939,788",False,True,False,ASIAN,2.0,FEMALE,"395,488"
"497,819",1,29.0,1.0,Passenger car,1,"196,374",2022 May 26 07:47:00 PM,2022 May 27 12:47:00 AM,"18,939,894",False,True,False,WHITE,1.0,MALE,"395,557"
"497,914",1,30.0,3.0,Passenger car,1,"196,421",2022 May 30 05:17:00 PM,2022 May 30 10:17:00 PM,"18,940,018",False,True,False,BLACK,1.0,MALE,"395,661"
"497,984",1,20.0,2.0,Bicycle,5,"196,456",2022 May 31 09:46:00 PM,2022 Jun 01 02:46:00 AM,"18,940,149",False,True,False,HISPANIC,1.0,MALE,"395,735"
"498,040",4,43.0,2.0,Large passenger vehicle,2,"196,487",2022 May 12 11:58:00 PM,2022 May 13 04:58:00 AM,"18,940,318",False,True,False,HISPANIC,1.0,MALE,"395,800"
"498,173",1,30.0,0.0,Pedestrian,7,"196,557",2022 Jun 02 09:30:00 PM,2022 Jun 03 02:30:00 AM,"18,941,442",False,True,False,UNKNOWN,1.0,MALE,"395,948"
"498,434",1,37.0,1.0,Pedestrian,7,"196,699",2022 Jun 03 07:55:00 PM,2022 Jun 04 12:55:00 AM,"18,945,117",False,True,False,WHITE,2.0,FEMALE,"396,230"
"498,445",1,27.0,2.0,Motorcycle,3,"196,706",2022 Jun 03 10:59:00 PM,2022 Jun 04 03:59:00 AM,"18,945,124",False,True,False,HISPANIC,1.0,MALE,"396,242"
"498,447",1,52.0,1.0,Passenger car,1,"196,707",2022 Jun 04 01:28:00 AM,2022 Jun 04 06:28:00 AM,"18,945,125",False,True,False,WHITE,2.0,FEMALE,"396,244"
"498,448",1,58.0,3.0,Passenger car,1,"196,708",2022 Jun 04 01:27:00 AM,2022 Jun 04 06:27:00 AM,"18,945,127",False,True,False,BLACK,1.0,MALE,"396,245"
"498,482",1,14.0,4.0,Bicycle,5,"196,728",2022 Jun 04 07:30:00 PM,2022 Jun 05 12:30:00 AM,"18,945,237",False,True,False,ASIAN,1.0,MALE,"396,283"
"498,543",1,39.0,2.0,Motorcycle,3,"196,760",2022 Jun 06 04:13:00 AM,2022 Jun 06 09:13:00 AM,"18,945,352",False,True,False,HISPANIC,1.0,MALE,"396,346"
"498,697",1,44.0,2.0,Passenger car,1,"196,839",2022 Jun 05 08:21:00 PM,2022 Jun 06 01:21:00 AM,"18,947,476",False,True,False,HISPANIC,1.0,MALE,"396,510"
"498,835",1,25.0,1.0,Motorcycle,3,"196,916",2022 Jun 01 11:49:00 PM,2022 Jun 02 04:49:00 AM,"18,949,376",False,True,False,WHITE,1.0,MALE,"396,660"
"498,851",1,78.0,1.0,Passenger car,1,"196,925",2022 Jun 07 03:10:00 PM,2022 Jun 07 08:10:00 PM,"18,949,386",False,True,False,WHITE,1.0,MALE,"396,677"
"498,888",1,60.0,4.0,Bicycle,5,"196,944",2022 Jun 07 07:43:00 PM,2022 Jun 08 12:43:00 AM,"18,949,444",False,True,False,ASIAN,2.0,FEMALE,"396,718"
"498,893",1,16.0,3.0,Pedestrian,7,"196,947",2022 May 15 02:57:00 AM,2022 May 15 07:57:00 AM,"18,949,447",False,True,False,BLACK,2.0,FEMALE,"396,724"
"499,304",1,33.0,4.0,Passenger car,1,"197,165",2022 May 16 02:24:00 AM,2022 May 16 07:24:00 AM,"18,953,077",False,True,False,ASIAN,2.0,FEMALE,"397,177"
"499,421",1,34.0,1.0,Motorcycle,3,"197,227",2022 Jun 10 06:39:00 AM,2022 Jun 10 11:39:00 AM,"18,954,025",False,True,False,WHITE,1.0,MALE,"397,302"
"499,641",1,27.0,3.0,Passenger car,1,"197,352",2022 Jun 11 06:43:00 AM,2022 Jun 11 11:43:00 AM,"18,957,034",False,True,False,BLACK,2.0,FEMALE,"397,535"
"499,726",4,47.0,1.0,Motorcycle,3,"197,401",2022 Jun 11 08:21:00 PM,2022 Jun 12 01:21:00 AM,"18,957,289",False,True,False,WHITE,1.0,MALE,"397,631"
"499,756",1,62.0,1.0,Bicycle,5,"197,417",2022 Jun 12 11:01:00 PM,2022 Jun 13 04:01:00 AM,"18,957,382",False,True,False,WHITE,1.0,MALE,"397,663"
"500,050",4,31.0,1.0,Pedestrian,7,"197,576",2022 Jun 05 07:05:00 AM,2022 Jun 05 12:05:00 PM,"18,962,368",False,True,False,WHITE,2.0,FEMALE,"397,981"
"500,052",1,37.0,1.0,Motorcycle,3,"197,577",2022 Jun 08 12:06:00 PM,2022 Jun 08 05:06:00 PM,"18,962,373",False,True,False,WHITE,1.0,MALE,"397,983"
"500,278",4,62.0,1.0,Motorcycle,3,"197,694",2022 Jun 10 12:28:00 AM,2022 Jun 10 05:28:00 AM,"18,963,963",False,True,False,WHITE,1.0,MALE,"398,222"
"500,494",1,20.0,3.0,Motorcycle,3,"197,809",2022 Jun 16 10:57:00 PM,2022 Jun 17 03:57:00 AM,"18,965,669",False,True,False,BLACK,1.0,MALE,"398,453"
"500,507",4,33.0,0.0,Large passenger vehicle,2,"197,817",2022 Jun 16 11:51:00 AM,2022 Jun 16 04:51:00 PM,"18,965,678",False,True,False,UNKNOWN,1.0,MALE,"398,467"
"500,630",1,69.0,1.0,Motorcycle,3,"197,884",2022 Jun 18 09:00:00 AM,2022 Jun 18 02:00:00 PM,"18,967,237",False,True,False,WHITE,1.0,MALE,"398,605"
"501,138",1,21.0,2.0,Passenger car,1,"198,153",2022 Jun 18 04:54:00 PM,2022 Jun 18 09:54:00 PM,"18,973,297",False,True,False,HISPANIC,2.0,FEMALE,"399,153"
"501,231",1,30.0,3.0,Passenger car,1,"198,200",2022 Jun 19 10:43:00 PM,2022 Jun 20 03:43:00 AM,"18,973,391",False,True,False,BLACK,1.0,MALE,"399,254"
"501,250",1,46.0,1.0,Large passenger vehicle,2,"198,212",2022 Jun 21 05:23:00 AM,2022 Jun 21 10:23:00 AM,"18,973,423",False,True,False,WHITE,1.0,MALE,"399,276"
"501,526",1,26.0,1.0,Passenger car,1,"198,357",2022 Jun 22 10:27:00 AM,2022 Jun 22 03:27:00 PM,"18,975,544",False,True,False,WHITE,2.0,FEMALE,"399,579"
"501,799",1,28.0,2.0,Motorcycle,3,"198,507",2022 Jun 17 07:21:00 PM,2022 Jun 18 12:21:00 AM,"18,980,666",False,True,False,HISPANIC,1.0,MALE,"399,873"
"501,841",4,36.0,2.0,Pedestrian,7,"198,529",2022 May 15 12:00:00 AM,2022 May 15 05:00:00 AM,"18,980,788",False,True,False,HISPANIC,1.0,MALE,"399,919"
"501,843",4,31.0,1.0,Pedestrian,7,"198,530",2022 May 28 01:20:00 AM,2022 May 28 06:20:00 AM,"18,980,790",False,True,False,WHITE,1.0,MALE,"399,921"
"501,900",1,34.0,1.0,Motorcycle,3,"198,559",2022 Jun 24 08:02:00 PM,2022 Jun 25 01:02:00 AM,"18,980,887",False,True,False,WHITE,1.0,MALE,"399,978"
"502,013",4,32.0,1.0,Pedestrian,7,"198,617",2022 Jun 25 11:44:00 PM,2022 Jun 26 04:44:00 AM,"18,981,079",False,True,False,WHITE,1.0,MALE,"400,105"
"502,026",1,58.0,3.0,Motorcycle,3,"198,624",2022 Jun 26 08:55:00 AM,2022 Jun 26 01:55:00 PM,"18,981,086",False,True,False,BLACK,1.0,MALE,"400,119"
"502,055",1,,3.0,Pedestrian,7,"198,640",2022 Jun 26 11:34:00 PM,2022 Jun 27 04:34:00 AM,"18,981,144",False,True,False,BLACK,2.0,FEMALE,"400,151"
"502,173",1,53.0,2.0,Large passenger vehicle,2,"198,704",2022 Jun 22 01:43:00 PM,2022 Jun 22 06:43:00 PM,"18,982,356",False,True,False,HISPANIC,2.0,FEMALE,"400,282"
"502,358",1,18.0,2.0,Large passenger vehicle,2,"198,804",2022 Jun 27 07:26:00 AM,2022 Jun 27 12:26:00 PM,"18,984,943",False,True,False,HISPANIC,1.0,MALE,"400,479"
"502,720",4,35.0,1.0,Pedestrian,7,"198,985",2022 Jun 29 03:54:00 AM,2022 Jun 29 08:54:00 AM,"18,988,572",False,True,False,WHITE,1.0,MALE,"400,871"
"502,735",1,70.0,1.0,Passenger car,1,"198,994",2022 Jun 30 03:37:00 PM,2022 Jun 30 08:37:00 PM,"18,988,581",False,True,False,WHITE,2.0,FEMALE,"400,887"
"502,821",1,48.0,3.0,Passenger car,1,"199,046",2022 Jun 30 09:35:00 AM,2022 Jun 30 02:35:00 PM,"18,989,423",False,True,False,BLACK,2.0,FEMALE,"400,984"
"503,122",1,41.0,2.0,Pedestrian,7,"199,213",2022 Jun 10 11:00:00 PM,2022 Jun 11 04:00:00 AM,"18,994,298",False,True,False,HISPANIC,1.0,MALE,"401,298"
"503,171",1,67.0,2.0,Large passenger vehicle,2,"199,237",2022 Jul 01 04:09:00 PM,2022 Jul 01 09:09:00 PM,"18,994,384",False,True,False,HISPANIC,2.0,FEMALE,"401,348"
"503,221",1,31.0,1.0,Passenger car,1,"199,267",2022 Jul 02 12:25:00 PM,2022 Jul 02 05:25:00 PM,"18,994,463",False,True,False,WHITE,1.0,MALE,"401,406"
"503,225",1,25.0,2.0,Passenger car,1,"199,269",2022 Jul 01 08:10:00 PM,2022 Jul 02 01:10:00 AM,"18,994,465",False,True,False,HISPANIC,1.0,MALE,"401,410"
"503,239",1,25.0,2.0,Pedestrian,7,"199,276",2022 Jul 03 02:15:00 AM,2022 Jul 03 07:15:00 AM,"18,994,472",False,True,False,HISPANIC,2.0,FEMALE,"401,427"
"503,258",1,66.0,3.0,Large passenger vehicle,2,"199,288",2022 Jul 03 10:40:00 AM,2022 Jul 03 03:40:00 PM,"18,994,536",False,True,False,BLACK,2.0,FEMALE,"401,455"
"503,298",1,23.0,1.0,Motorcycle,3,"199,314",2022 Jul 04 03:54:00 PM,2022 Jul 04 08:54:00 PM,"18,994,642",False,True,False,WHITE,1.0,MALE,"401,500"
"503,388",1,47.0,1.0,Motorcycle,3,"199,364",2022 Jul 05 11:17:00 PM,2022 Jul 06 04:17:00 AM,"18,995,619",False,True,False,WHITE,1.0,MALE,"401,595"
"503,417",4,27.0,3.0,Passenger car,1,"199,380",2022 Jun 24 02:58:00 AM,2022 Jun 24 07:58:00 AM,"18,996,137",False,True,False,BLACK,1.0,MALE,"401,627"
"503,549",4,21.0,1.0,Large passenger vehicle,2,"199,453",2022 Jun 29 06:45:00 PM,2022 Jun 29 11:45:00 PM,"18,998,311",False,True,False,WHITE,1.0,MALE,"401,780"
"503,581",1,34.0,1.0,Bicycle,5,"199,471",2022 Jul 06 11:30:00 AM,2022 Jul 06 04:30:00 PM,"18,998,337",False,True,False,WHITE,1.0,MALE,"401,813"
"503,774",1,26.0,4.0,Motorcycle,3,"199,571",2022 Jul 07 10:47:00 PM,2022 Jul 08 03:47:00 AM,"19,000,138",False,True,False,ASIAN,1.0,MALE,"402,017"
"503,782",1,61.0,1.0,Bicycle,5,"199,575",2022 Jul 08 01:05:00 AM,2022 Jul 08 06:05:00 AM,"19,000,143",False,True,False,WHITE,1.0,MALE,"402,025"
"504,341",1,26.0,1.0,Motorcycle,3,"199,871",2022 Jul 11 02:30:00 PM,2022 Jul 11 07:30:00 PM,"19,006,256",False,True,False,WHITE,1.0,MALE,"402,633"
"504,349",1,37.0,2.0,Passenger car,1,"199,875",2022 Jul 11 06:17:00 PM,2022 Jul 11 11:17:00 PM,"19,006,260",False,True,False,HISPANIC,1.0,MALE,"402,642"
"504,558",1,32.0,2.0,Passenger car,1,"199,984",2022 Jul 12 02:45:00 PM,2022 Jul 12 07:45:00 PM,"19,009,441",False,True,False,HISPANIC,1.0,MALE,"402,865"
"504,575",1,38.0,2.0,Large passenger vehicle,2,"199,993",2022 Jul 13 11:36:00 AM,2022 Jul 13 04:36:00 PM,"19,009,463",False,True,False,HISPANIC,2.0,FEMALE,"402,883"
"504,635",1,29.0,2.0,Passenger car,1,"200,024",2022 Jul 12 02:14:00 AM,2022 Jul 12 07:14:00 AM,"19,009,795",False,True,False,HISPANIC,1.0,MALE,"402,951"
"504,721",1,58.0,3.0,Pedestrian,7,"200,069",2022 Jul 14 05:24:00 AM,2022 Jul 14 10:24:00 AM,"19,010,769",False,True,False,BLACK,2.0,FEMALE,"403,041"
"504,729",1,18.0,3.0,Passenger car,1,"200,073",2022 Jul 14 11:00:00 AM,2022 Jul 14 04:00:00 PM,"19,010,773",False,True,False,BLACK,2.0,FEMALE,"403,049"
"505,119",1,41.0,2.0,Large passenger vehicle,2,"200,280",2022 Jun 18 05:33:00 PM,2022 Jun 18 10:33:00 PM,"19,016,167",False,True,False,HISPANIC,1.0,MALE,"403,470"
"505,198",1,26.0,3.0,Pedestrian,7,"200,319",2022 Jul 16 02:56:00 AM,2022 Jul 16 07:56:00 AM,"19,016,246",False,True,False,BLACK,2.0,FEMALE,"403,554"
"505,237",4,30.0,2.0,Passenger car,1,"200,343",2022 Jul 17 01:58:00 AM,2022 Jul 17 06:58:00 AM,"19,016,306",False,True,False,HISPANIC,2.0,FEMALE,"403,597"
"505,274",1,37.0,2.0,Passenger car,1,"200,365",2022 Jul 17 12:00:00 AM,2022 Jul 17 05:00:00 AM,"19,016,360",False,True,False,HISPANIC,1.0,MALE,"403,636"
"505,376",1,43.0,1.0,Passenger car,1,"200,418",2022 Jul 04 10:21:00 AM,2022 Jul 04 03:21:00 PM,"19,017,064",False,True,False,WHITE,1.0,MALE,"403,745"
"505,536",1,21.0,2.0,Passenger car,1,"200,504",2022 Jul 13 10:54:00 PM,2022 Jul 14 03:54:00 AM,"19,020,011",False,True,False,HISPANIC,2.0,FEMALE,"403,915"
"505,582",1,72.0,2.0,Large passenger vehicle,2,"200,530",2022 Jul 20 04:57:00 PM,2022 Jul 20 09:57:00 PM,"19,020,090",False,True,False,HISPANIC,1.0,MALE,"403,965"
"505,796",1,,1.0,Motor vehicle – other,4,"200,644",2022 Jul 21 10:32:00 PM,2022 Jul 22 03:32:00 AM,"19,021,690",False,True,False,WHITE,1.0,MALE,"404,195"
"505,804",1,18.0,1.0,Motorcycle,3,"200,649",2022 Jul 22 12:01:00 AM,2022 Jul 22 05:01:00 AM,"19,021,695",False,True,False,WHITE,1.0,MALE,"404,204"
"506,052",1,64.0,3.0,Pedestrian,7,"200,782",2022 Jul 16 11:57:00 PM,2022 Jul 17 04:57:00 AM,"19,026,083",False,True,False,BLACK,1.0,MALE,"404,474"
"506,053",1,64.0,2.0,Pedestrian,7,"200,782",2022 Jul 16 11:57:00 PM,2022 Jul 17 04:57:00 AM,"19,026,083",False,True,False,HISPANIC,2.0,FEMALE,"404,475"
"506,106",1,23.0,1.0,Motorcycle,3,"200,809",2022 Jul 22 05:39:00 PM,2022 Jul 22 10:39:00 PM,"19,026,122",False,True,False,WHITE,1.0,MALE,"404,530"
"506,129",1,28.0,1.0,Motorcycle,3,"200,825",2022 Jul 23 11:07:00 AM,2022 Jul 23 04:07:00 PM,"19,026,152",False,True,False,WHITE,1.0,MALE,"404,558"
"506,138",1,62.0,1.0,Large passenger vehicle,2,"200,829",2022 Jul 23 01:09:00 PM,2022 Jul 23 06:09:00 PM,"19,026,162",False,True,False,WHITE,2.0,FEMALE,"404,567"
"506,235",1,25.0,1.0,Motorcycle,3,"200,881",2022 Jul 24 08:29:00 PM,2022 Jul 25 01:29:00 AM,"19,026,249",False,True,False,WHITE,1.0,MALE,"404,675"
"506,318",4,51.0,2.0,Pedestrian,7,"200,925",2022 Jul 25 08:54:00 AM,2022 Jul 25 01:54:00 PM,"19,027,245",False,True,False,HISPANIC,1.0,MALE,"404,762"
"506,334",1,26.0,2.0,Large passenger vehicle,2,"200,933",2022 Jul 25 11:53:00 PM,2022 Jul 26 04:53:00 AM,"19,027,254",False,True,False,HISPANIC,1.0,MALE,"404,780"
"506,701",1,34.0,2.0,Motorcycle,3,"201,119",2022 Jul 27 04:07:00 PM,2022 Jul 27 09:07:00 PM,"19,030,659",False,True,False,HISPANIC,1.0,MALE,"405,172"
"506,714",1,,3.0,Bicycle,5,"201,125",2022 Jul 27 09:46:00 PM,2022 Jul 28 02:46:00 AM,"19,030,665",False,True,False,BLACK,1.0,MALE,"405,187"
"507,647",4,46.0,2.0,Passenger car,1,"201,633",2022 Jul 26 11:55:00 PM,2022 Jul 27 04:55:00 AM,"19,043,740",False,True,False,HISPANIC,2.0,FEMALE,"406,214"
"507,675",1,59.0,1.0,Large passenger vehicle,2,"201,649",2022 Jul 29 02:55:00 PM,2022 Jul 29 07:55:00 PM,"19,043,796",False,True,False,WHITE,2.0,FEMALE,"406,245"
"507,683",1,62.0,2.0,Passenger car,1,"201,653",2022 Jul 29 04:08:00 PM,2022 Jul 29 09:08:00 PM,"19,043,801",False,True,False,HISPANIC,1.0,MALE,"406,253"
"507,745",1,29.0,1.0,E-scooter,11,"201,681",2022 Jul 30 02:47:00 AM,2022 Jul 30 07:47:00 AM,"19,043,868",False,True,False,WHITE,1.0,MALE,"406,320"
"507,805",1,24.0,1.0,Passenger car,1,"201,713",2022 Jul 31 12:23:00 AM,2022 Jul 31 05:23:00 AM,"19,043,929",False,True,False,WHITE,1.0,MALE,"406,385"
"507,809",1,56.0,1.0,Motorcycle,3,"201,716",2022 Jul 31 01:33:00 AM,2022 Jul 31 06:33:00 AM,"19,043,946",False,True,False,WHITE,1.0,MALE,"406,390"
"507,847",1,27.0,2.0,Pedestrian,7,"201,738",2022 Jul 31 06:30:00 PM,2022 Jul 31 11:30:00 PM,"19,043,973",False,True,False,HISPANIC,2.0,FEMALE,"406,434"
"507,871",1,65.0,1.0,Bicycle,5,"201,750",2022 Aug 01 08:14:00 AM,2022 Aug 01 01:14:00 PM,"19,043,995",False,True,False,WHITE,2.0,FEMALE,"406,461"
"507,905",1,27.0,1.0,Motorcycle,3,"201,769",2022 Aug 01 07:03:00 PM,2022 Aug 02 12:03:00 AM,"19,044,040",False,True,False,WHITE,1.0,MALE,"406,497"
"507,931",1,37.0,1.0,Pedestrian,7,"201,782",2022 Jul 27 03:34:00 PM,2022 Jul 27 08:34:00 PM,"19,044,053",False,True,False,WHITE,1.0,MALE,"406,525"
"507,941",1,61.0,1.0,Large passenger vehicle,2,"201,788",2022 Aug 02 08:40:00 AM,2022 Aug 02 01:40:00 PM,"19,044,059",False,True,False,WHITE,1.0,MALE,"406,538"
"507,942",1,31.0,2.0,Large passenger vehicle,2,"201,788",2022 Aug 02 08:40:00 AM,2022 Aug 02 01:40:00 PM,"19,044,059",False,True,False,HISPANIC,1.0,MALE,"406,539"
"507,980",1,22.0,3.0,Pedestrian,7,"201,804",2022 Aug 02 07:23:00 PM,2022 Aug 03 12:23:00 AM,"19,044,097",False,True,False,BLACK,2.0,FEMALE,"406,578"
"507,982",1,28.0,1.0,Pedestrian,7,"201,805",2022 Aug 02 05:27:00 PM,2022 Aug 02 10:27:00 PM,"19,044,098",False,True,False,WHITE,1.0,MALE,"406,580"
"507,996",1,37.0,3.0,Large passenger vehicle,2,"201,815",2022 Aug 03 03:28:00 AM,2022 Aug 03 08:28:00 AM,"19,044,116",False,True,False,BLACK,1.0,MALE,"406,596"
"508,034",1,65.0,1.0,Large passenger vehicle,2,"201,832",2022 Aug 03 02:38:00 PM,2022 Aug 03 07:38:00 PM,"19,044,166",False,True,False,WHITE,1.0,MALE,"406,638"
"508,383",1,23.0,2.0,Motorcycle,3,"202,017",2022 Aug 06 06:48:00 PM,2022 Aug 06 11:48:00 PM,"19,047,085",False,True,False,HISPANIC,1.0,MALE,"407,008"
"508,492",1,50.0,1.0,Passenger car,1,"202,076",2022 Jul 24 04:36:00 PM,2022 Jul 24 09:36:00 PM,"19,048,637",False,True,False,WHITE,2.0,FEMALE,"407,130"
"508,895",1,62.0,1.0,Motorcycle,3,"202,292",2022 Jul 23 10:12:00 PM,2022 Jul 24 03:12:00 AM,"19,054,433",False,True,False,WHITE,1.0,MALE,"407,564"
"509,070",1,40.0,1.0,Passenger car,1,"202,384",2022 Aug 12 09:38:00 AM,2022 Aug 12 02:38:00 PM,"19,055,797",False,True,False,WHITE,1.0,MALE,"407,752"
"509,389",1,64.0,1.0,Large passenger vehicle,2,"202,551",2022 Aug 12 03:40:00 PM,2022 Aug 12 08:40:00 PM,"19,060,263",False,True,False,WHITE,1.0,MALE,"408,096"
"509,556",1,34.0,1.0,Passenger car,1,"202,633",2022 Aug 14 11:49:00 PM,2022 Aug 15 04:49:00 AM,"19,060,503",False,True,False,WHITE,1.0,MALE,"408,275"
"509,978",1,26.0,1.0,Passenger car,1,"202,848",2022 Jun 05 02:36:00 AM,2022 Jun 05 07:36:00 AM,"19,066,273",False,True,False,WHITE,1.0,MALE,"408,722"
"509,979",1,22.0,2.0,Passenger car,1,"202,848",2022 Jun 05 02:36:00 AM,2022 Jun 05 07:36:00 AM,"19,066,273",False,True,False,HISPANIC,2.0,FEMALE,"408,723"
"510,042",4,33.0,2.0,Passenger car,1,"202,880",2022 Aug 04 07:59:00 PM,2022 Aug 05 12:59:00 AM,"19,066,367",False,True,False,HISPANIC,2.0,FEMALE,"408,791"
"510,085",4,70.0,1.0,Pedestrian,7,"202,902",2022 Aug 17 08:35:00 AM,2022 Aug 17 01:35:00 PM,"19,066,422",False,True,False,WHITE,2.0,FEMALE,"408,837"
"510,463",1,30.0,1.0,Passenger car,1,"203,104",2022 Aug 15 12:24:00 PM,2022 Aug 15 05:24:00 PM,"19,070,739",False,True,False,WHITE,1.0,MALE,"409,256"
"510,533",1,66.0,2.0,Pedestrian,7,"203,140",2022 Aug 19 08:37:00 PM,2022 Aug 20 01:37:00 AM,"19,070,841",False,True,False,HISPANIC,1.0,MALE,"409,330"
"510,875",1,63.0,3.0,Passenger car,1,"203,316",2022 Aug 22 01:10:00 PM,2022 Aug 22 06:10:00 PM,"19,073,847",False,True,False,BLACK,1.0,MALE,"409,699"
"510,883",1,50.0,1.0,Pedestrian,7,"203,323",2022 Aug 23 07:18:00 AM,2022 Aug 23 12:18:00 PM,"19,073,893",False,True,False,WHITE,2.0,FEMALE,"409,710"
"510,886",1,40.0,2.0,Large passenger vehicle,2,"203,325",2022 Aug 23 06:22:00 AM,2022 Aug 23 11:22:00 AM,"19,073,895",False,True,False,HISPANIC,1.0,MALE,"409,713"
"511,018",1,69.0,1.0,Bicycle,5,"203,392",2022 Aug 22 09:59:00 PM,2022 Aug 23 02:59:00 AM,"19,075,333",False,True,False,WHITE,1.0,MALE,"409,851"
"511,022",4,33.0,2.0,Pedestrian,7,"203,394",2022 Aug 23 10:47:00 PM,2022 Aug 24 03:47:00 AM,"19,075,335",False,True,False,HISPANIC,1.0,MALE,"409,855"
"511,151",4,52.0,1.0,Passenger car,1,"203,463",2022 Aug 22 05:02:00 AM,2022 Aug 22 10:02:00 AM,"19,077,570",False,True,False,WHITE,2.0,FEMALE,"409,991"
"511,158",1,30.0,1.0,Motorcycle,3,"203,465",2022 Aug 24 11:20:00 PM,2022 Aug 25 04:20:00 AM,"19,077,572",False,True,False,WHITE,1.0,MALE,"409,998"
"511,319",1,18.0,2.0,Passenger car,1,"203,549",2022 Aug 21 03:55:00 AM,2022 Aug 21 08:55:00 AM,"19,079,305",False,True,False,HISPANIC,2.0,FEMALE,"410,163"
"511,764",1,53.0,1.0,Motorcycle,3,"203,791",2022 Aug 27 10:04:00 AM,2022 Aug 27 03:04:00 PM,"19,083,391",False,True,False,WHITE,1.0,MALE,"410,656"
"512,038",1,58.0,2.0,Large passenger vehicle,2,"203,936",2022 Aug 29 05:38:00 PM,2022 Aug 29 10:38:00 PM,"19,085,968",False,True,False,HISPANIC,1.0,MALE,"410,954"
"512,138",1,35.0,1.0,Motorcycle,3,"203,989",2022 Jul 21 10:08:00 PM,2022 Jul 22 03:08:00 AM,"19,088,173",False,True,False,WHITE,1.0,MALE,"411,062"
"512,327",1,26.0,1.0,Large passenger vehicle,2,"204,086",2022 Aug 29 07:21:00 PM,2022 Aug 30 12:21:00 AM,"19,089,983",False,True,False,WHITE,1.0,MALE,"411,265"
"512,494",1,19.0,2.0,Passenger car,1,"204,176",2022 Aug 30 05:46:00 AM,2022 Aug 30 10:46:00 AM,"19,091,710",False,True,False,HISPANIC,1.0,MALE,"411,449"
"512,503",1,42.0,1.0,E-scooter,11,"204,179",2022 Sep 02 12:29:00 AM,2022 Sep 02 05:29:00 AM,"19,091,713",False,True,False,WHITE,1.0,MALE,"411,458"
"512,683",1,43.0,2.0,Passenger car,1,"204,281",2022 Aug 25 04:13:00 PM,2022 Aug 25 09:13:00 PM,"19,094,503",False,True,False,HISPANIC,2.0,FEMALE,"411,659"
"512,702",1,33.0,2.0,Passenger car,1,"204,291",2022 Sep 02 03:23:00 PM,2022 Sep 02 08:23:00 PM,"19,094,517",False,True,False,HISPANIC,1.0,MALE,"411,679"
"512,731",1,40.0,1.0,Pedestrian,7,"204,305",2022 Sep 02 02:35:00 AM,2022 Sep 02 07:35:00 AM,"19,094,539",False,True,False,WHITE,1.0,MALE,"411,710"
"512,773",1,64.0,3.0,Large passenger vehicle,2,"204,328",2022 Sep 03 11:40:00 AM,2022 Sep 03 04:40:00 PM,"19,094,564",False,True,False,BLACK,1.0,MALE,"411,756"
"512,781",1,7.0,4.0,Bicycle,5,"204,332",2022 Sep 03 03:29:00 PM,2022 Sep 03 08:29:00 PM,"19,094,568",False,True,False,ASIAN,1.0,MALE,"411,764"
"513,416",4,21.0,2.0,Pedestrian,7,"204,663",2022 Aug 31 05:23:00 AM,2022 Aug 31 10:23:00 AM,"19,101,522",False,True,False,HISPANIC,1.0,MALE,"412,450"
"513,436",1,31.0,1.0,Passenger car,1,"204,674",2022 Sep 06 05:31:00 PM,2022 Sep 06 10:31:00 PM,"19,101,534",False,True,False,WHITE,1.0,MALE,"412,474"
"513,861",1,27.0,2.0,Passenger car,1,"204,901",2022 Sep 06 11:58:00 PM,2022 Sep 07 04:58:00 AM,"19,107,436",False,True,False,HISPANIC,1.0,MALE,"412,923"
"513,864",1,46.0,2.0,Large passenger vehicle,2,"204,902",2022 Sep 08 08:10:00 AM,2022 Sep 08 01:10:00 PM,"19,107,437",False,True,False,HISPANIC,1.0,MALE,"412,928"
"513,865",1,36.0,3.0,Large passenger vehicle,2,"204,902",2022 Sep 08 08:10:00 AM,2022 Sep 08 01:10:00 PM,"19,107,437",False,True,False,BLACK,1.0,MALE,"412,929"
"513,929",1,26.0,2.0,Passenger car,1,"204,933",2022 Sep 10 12:10:00 PM,2022 Sep 10 05:10:00 PM,"19,107,529",False,True,False,HISPANIC,1.0,MALE,"412,999"
"513,940",1,34.0,2.0,Large passenger vehicle,2,"204,939",2022 Sep 11 09:12:00 PM,2022 Sep 12 02:12:00 AM,"19,107,535",False,True,False,HISPANIC,1.0,MALE,"413,011"
"513,947",1,24.0,2.0,Pedestrian,7,"204,943",2022 Sep 12 05:58:00 AM,2022 Sep 12 10:58:00 AM,"19,107,539",False,True,False,HISPANIC,2.0,FEMALE,"413,019"
"514,012",1,41.0,1.0,Motorcycle,3,"204,978",2022 Sep 09 05:05:00 PM,2022 Sep 09 10:05:00 PM,"19,107,640",False,True,False,WHITE,1.0,MALE,"413,089"
"514,083",1,62.0,1.0,Large passenger vehicle,2,"205,016",2022 Sep 10 01:23:00 PM,2022 Sep 10 06:23:00 PM,"19,107,703",False,True,False,WHITE,2.0,FEMALE,"413,164"
"514,098",1,30.0,1.0,Passenger car,1,"205,025",2022 Sep 11 10:15:00 AM,2022 Sep 11 03:15:00 PM,"19,107,741",False,True,False,WHITE,2.0,FEMALE,"413,181"
"514,256",4,23.0,1.0,Passenger car,1,"205,109",2022 Sep 06 08:15:00 AM,2022 Sep 06 01:15:00 PM,"19,109,838",False,True,False,WHITE,1.0,MALE,"413,351"
"514,570",4,24.0,1.0,Pedestrian,7,"205,272",2022 Aug 27 12:54:00 AM,2022 Aug 27 05:54:00 AM,"19,113,648",False,True,False,WHITE,1.0,MALE,"413,691"
"514,764",1,,1.0,Passenger car,1,"205,374",2022 Aug 27 08:43:00 PM,2022 Aug 28 01:43:00 AM,"19,116,229",False,True,False,WHITE,1.0,MALE,"413,897"
"514,776",1,23.0,1.0,Pedestrian,7,"205,381",2022 Sep 16 01:59:00 AM,2022 Sep 16 06:59:00 AM,"19,116,236",False,True,False,WHITE,1.0,MALE,"413,911"
"514,777",1,65.0,3.0,Passenger car,1,"205,382",2022 Sep 16 03:49:00 AM,2022 Sep 16 08:49:00 AM,"19,116,237",False,True,False,BLACK,1.0,MALE,"413,912"
"514,780",1,46.0,1.0,Pedestrian,7,"205,382",2022 Sep 16 03:49:00 AM,2022 Sep 16 08:49:00 AM,"19,116,237",False,True,False,WHITE,1.0,MALE,"413,915"
"514,835",1,21.0,1.0,Passenger car,1,"205,412",2022 Sep 16 07:57:00 AM,2022 Sep 16 12:57:00 PM,"19,116,312",False,True,False,WHITE,1.0,MALE,"413,974"
"515,193",1,36.0,1.0,Large passenger vehicle,2,"205,597",2022 Sep 17 02:25:00 AM,2022 Sep 17 07:25:00 AM,"19,120,272",False,True,False,WHITE,1.0,MALE,"414,360"
"515,212",1,40.0,1.0,Passenger car,1,"205,608",2022 Sep 17 11:49:00 AM,2022 Sep 17 04:49:00 PM,"19,120,284",False,True,False,WHITE,1.0,MALE,"414,382"
"515,648",1,,4.0,Bicycle,5,"205,833",2022 Sep 20 01:42:00 PM,2022 Sep 20 06:42:00 PM,"19,124,194",False,True,False,ASIAN,1.0,MALE,"414,853"
"516,064",1,57.0,3.0,Passenger car,1,"206,047",2022 Sep 20 08:06:00 PM,2022 Sep 21 01:06:00 AM,"19,128,734",False,True,False,BLACK,1.0,MALE,"415,303"
"516,065",1,17.0,2.0,Passenger car,1,"206,047",2022 Sep 20 08:06:00 PM,2022 Sep 21 01:06:00 AM,"19,128,734",False,True,False,HISPANIC,1.0,MALE,"415,304"
"516,126",1,27.0,1.0,Pedestrian,7,"206,075",2022 Sep 23 06:27:00 AM,2022 Sep 23 11:27:00 AM,"19,129,279",False,True,False,WHITE,1.0,MALE,"415,367"
"516,659",1,24.0,2.0,Pedestrian,7,"206,350",2022 Sep 23 11:50:00 PM,2022 Sep 24 04:50:00 AM,"19,136,176",False,True,False,HISPANIC,1.0,MALE,"415,943"
"516,675",1,43.0,2.0,Large passenger vehicle,2,"206,359",2022 Sep 24 02:39:00 PM,2022 Sep 24 07:39:00 PM,"19,136,187",False,True,False,HISPANIC,1.0,MALE,"415,963"
"516,691",1,,2.0,Pedestrian,7,"206,368",2022 Sep 24 08:49:00 PM,2022 Sep 25 01:49:00 AM,"19,136,230",False,True,False,HISPANIC,1.0,MALE,"415,979"
"516,739",1,29.0,2.0,Passenger car,1,"206,393",2022 Sep 25 03:52:00 PM,2022 Sep 25 08:52:00 PM,"19,136,334",False,True,False,HISPANIC,2.0,FEMALE,"416,029"
"516,740",1,36.0,2.0,Passenger car,1,"206,393",2022 Sep 25 03:52:00 PM,2022 Sep 25 08:52:00 PM,"19,136,334",False,True,False,HISPANIC,1.0,MALE,"416,030"
"516,787",1,,2.0,Pedestrian,7,"206,418",2022 Sep 26 12:00:00 AM,2022 Sep 26 05:00:00 AM,"19,136,402",False,True,False,HISPANIC,1.0,MALE,"416,079"
"516,953",1,50.0,1.0,Pedestrian,7,"206,504",2022 Sep 26 09:10:00 PM,2022 Sep 27 02:10:00 AM,"19,137,455",False,True,False,WHITE,1.0,MALE,"416,255"
"516,983",4,53.0,3.0,Passenger car,1,"206,519",2022 Sep 27 07:56:00 PM,2022 Sep 28 12:56:00 AM,"19,137,476",False,True,False,BLACK,2.0,FEMALE,"416,285"
"517,104",4,29.0,0.0,Large passenger vehicle,2,"206,585",2022 Aug 28 10:20:00 PM,2022 Aug 29 03:20:00 AM,"19,140,063",False,True,False,UNKNOWN,1.0,MALE,"416,418"
"517,147",1,37.0,2.0,Passenger car,1,"206,608",2022 Sep 28 04:17:00 PM,2022 Sep 28 09:17:00 PM,"19,140,114",False,True,False,HISPANIC,1.0,MALE,"416,465"
"517,454",1,28.0,1.0,Motorcycle,3,"206,759",2022 Sep 30 06:11:00 AM,2022 Sep 30 11:11:00 AM,"19,142,203",False,True,False,WHITE,1.0,MALE,"416,789"
"517,737",1,34.0,4.0,Passenger car,1,"206,914",2022 Sep 23 05:29:00 PM,2022 Sep 23 10:29:00 PM,"19,146,969",False,True,False,ASIAN,1.0,MALE,"417,094"
"517,752",4,72.0,1.0,Pedestrian,7,"206,922",2022 Sep 30 10:54:00 PM,2022 Oct 01 03:54:00 AM,"19,146,977",False,True,False,WHITE,1.0,MALE,"417,109"
"517,803",4,75.0,2.0,Pedestrian,7,"206,949",2022 Oct 01 08:00:00 PM,2022 Oct 02 01:00:00 AM,"19,147,065",False,True,False,HISPANIC,2.0,FEMALE,"417,162"
"517,839",1,63.0,1.0,Pedestrian,7,"206,971",2022 Oct 02 01:00:00 PM,2022 Oct 02 06:00:00 PM,"19,147,138",False,True,False,WHITE,1.0,MALE,"417,204"
"517,842",1,32.0,3.0,Passenger car,1,"206,973",2022 Oct 03 12:12:00 AM,2022 Oct 03 05:12:00 AM,"19,147,141",False,True,False,BLACK,2.0,FEMALE,"417,207"
"518,251",1,34.0,2.0,Motor vehicle – other,4,"207,182",2022 Sep 20 01:14:00 AM,2022 Sep 20 06:14:00 AM,"19,151,435",False,True,False,HISPANIC,1.0,MALE,"417,644"
"518,255",4,40.0,3.0,Pedestrian,7,"207,184",2022 Sep 23 06:44:00 AM,2022 Sep 23 11:44:00 AM,"19,151,437",False,True,False,BLACK,2.0,FEMALE,"417,650"
"518,449",1,31.0,1.0,Motorcycle,3,"207,286",2022 Oct 04 07:55:00 PM,2022 Oct 05 12:55:00 AM,"19,153,734",False,True,False,WHITE,1.0,MALE,"417,863"
"518,456",1,18.0,1.0,Passenger car,1,"207,289",2022 Oct 05 12:29:00 PM,2022 Oct 05 05:29:00 PM,"19,153,737",False,True,False,WHITE,2.0,FEMALE,"417,871"
"518,481",1,39.0,1.0,Bicycle,5,"207,302",2022 Oct 05 07:33:00 PM,2022 Oct 06 12:33:00 AM,"19,153,750",False,True,False,WHITE,1.0,MALE,"417,898"
"518,499",1,34.0,3.0,Motorcycle,3,"207,312",2022 Oct 06 06:28:00 AM,2022 Oct 06 11:28:00 AM,"19,153,773",False,True,False,BLACK,1.0,MALE,"417,919"
"518,625",1,21.0,2.0,Large passenger vehicle,2,"207,370",2022 Oct 06 12:13:00 PM,2022 Oct 06 05:13:00 PM,"19,155,538",False,True,False,HISPANIC,1.0,MALE,"418,056"
"518,901",4,28.0,2.0,Motorcycle,3,"207,512",2022 Sep 28 09:16:00 PM,2022 Sep 29 02:16:00 AM,"19,159,145",False,True,False,HISPANIC,1.0,MALE,"418,347"
"518,952",1,35.0,3.0,Motorcycle,3,"207,540",2022 Sep 23 09:59:00 PM,2022 Sep 24 02:59:00 AM,"19,159,798",False,True,False,BLACK,1.0,MALE,"418,402"
"519,094",4,51.0,1.0,Large passenger vehicle,2,"207,612",2022 Oct 09 04:31:00 AM,2022 Oct 09 09:31:00 AM,"19,159,982",False,True,False,WHITE,1.0,MALE,"418,553"
"519,105",1,21.0,2.0,Passenger car,1,"207,618",2022 Oct 09 11:02:00 AM,2022 Oct 09 04:02:00 PM,"19,159,988",False,True,False,HISPANIC,1.0,MALE,"418,564"
"519,122",1,18.0,1.0,Motorcycle,3,"207,626",2022 Oct 09 01:40:00 PM,2022 Oct 09 06:40:00 PM,"19,159,996",False,True,False,WHITE,1.0,MALE,"418,581"
"519,154",1,32.0,2.0,Passenger car,1,"207,644",2022 Oct 09 11:30:00 PM,2022 Oct 10 04:30:00 AM,"19,160,052",False,True,False,HISPANIC,1.0,MALE,"418,613"
"519,178",1,24.0,1.0,Large passenger vehicle,2,"207,658",2022 Oct 10 10:00:00 AM,2022 Oct 10 03:00:00 PM,"19,160,196",False,True,False,WHITE,2.0,FEMALE,"418,638"
"519,243",1,36.0,2.0,Motorcycle,3,"207,691",2022 Oct 09 01:03:00 PM,2022 Oct 09 06:03:00 PM,"19,161,685",False,True,False,HISPANIC,1.0,MALE,"418,707"
"519,291",1,57.0,1.0,Pedestrian,7,"207,713",2022 Oct 10 05:14:00 PM,2022 Oct 10 10:14:00 PM,"19,161,758",False,True,False,WHITE,1.0,MALE,"418,757"
"519,351",1,35.0,3.0,Passenger car,1,"207,743",2022 Sep 14 09:40:00 PM,2022 Sep 15 02:40:00 AM,"19,162,448",False,True,False,BLACK,1.0,MALE,"418,821"
"519,367",4,19.0,3.0,Pedestrian,7,"207,750",2022 Sep 24 10:56:00 PM,2022 Sep 25 03:56:00 AM,"19,162,659",False,True,False,BLACK,1.0,MALE,"418,839"
"519,798",1,35.0,3.0,Pedestrian,7,"207,970",2022 Oct 11 08:29:00 PM,2022 Oct 12 01:29:00 AM,"19,166,971",False,True,False,BLACK,1.0,MALE,"419,301"
"520,309",1,31.0,2.0,Motorcycle,3,"208,240",2022 Oct 14 11:19:00 PM,2022 Oct 15 04:19:00 AM,"19,172,434",False,True,False,HISPANIC,1.0,MALE,"419,850"
"520,347",1,21.0,2.0,Large passenger vehicle,2,"208,264",2022 Oct 07 01:00:00 PM,2022 Oct 07 06:00:00 PM,"19,172,643",False,True,False,HISPANIC,2.0,FEMALE,"419,891"
"520,449",1,32.0,3.0,Passenger car,1,"208,318",2022 Oct 16 04:31:00 PM,2022 Oct 16 09:31:00 PM,"19,172,790",False,True,False,BLACK,2.0,FEMALE,"419,999"
"520,506",1,31.0,2.0,Passenger car,1,"208,352",2022 Oct 16 02:23:00 PM,2022 Oct 16 07:23:00 PM,"19,173,056",False,True,False,HISPANIC,2.0,FEMALE,"420,058"
"520,814",1,56.0,1.0,Bicycle,5,"208,516",2022 Oct 18 10:03:00 AM,2022 Oct 18 03:03:00 PM,"19,175,831",False,True,False,WHITE,1.0,MALE,"420,391"
"520,820",1,26.0,3.0,Motorcycle,3,"208,519",2022 Oct 11 08:08:00 AM,2022 Oct 11 01:08:00 PM,"19,175,916",False,True,False,BLACK,1.0,MALE,"420,397"
"521,042",1,50.0,2.0,Motorcycle,3,"208,634",2022 Oct 19 07:39:00 AM,2022 Oct 19 12:39:00 PM,"19,177,869",False,True,False,HISPANIC,1.0,MALE,"420,631"
"521,246",1,26.0,2.0,Passenger car,1,"208,733",2022 Oct 19 07:47:00 PM,2022 Oct 20 12:47:00 AM,"19,179,514",False,True,False,HISPANIC,1.0,MALE,"420,850"
"521,261",4,76.0,1.0,Pedestrian,7,"208,740",2022 Oct 19 09:21:00 PM,2022 Oct 20 02:21:00 AM,"19,179,527",False,True,False,WHITE,2.0,FEMALE,"420,866"
"521,269",1,43.0,1.0,Passenger car,1,"208,745",2022 Oct 20 08:55:00 AM,2022 Oct 20 01:55:00 PM,"19,179,532",False,True,False,WHITE,1.0,MALE,"420,876"
"521,337",1,,3.0,Pedestrian,7,"208,777",2022 Oct 19 01:34:00 PM,2022 Oct 19 06:34:00 PM,"19,180,064",False,True,False,BLACK,1.0,MALE,"420,946"
"521,464",1,25.0,1.0,Pedestrian,7,"208,846",2022 Jul 31 04:47:00 AM,2022 Jul 31 09:47:00 AM,"19,181,480",False,True,False,WHITE,2.0,FEMALE,"421,081"
"521,490",4,24.0,2.0,Pedestrian,7,"208,861",2022 Oct 12 06:59:00 AM,2022 Oct 12 11:59:00 AM,"19,181,526",False,True,False,HISPANIC,1.0,MALE,"421,112"
"521,509",4,24.0,1.0,Motorcycle,3,"208,872",2022 Oct 20 03:17:00 PM,2022 Oct 20 08:17:00 PM,"19,181,537",False,True,False,WHITE,1.0,MALE,"421,132"
"521,559",1,26.0,2.0,Large passenger vehicle,2,"208,897",2022 Oct 20 07:30:00 PM,2022 Oct 21 12:30:00 AM,"19,181,579",False,True,False,HISPANIC,1.0,MALE,"421,182"
"521,998",1,25.0,1.0,Passenger car,1,"209,127",2022 Oct 22 02:04:00 AM,2022 Oct 22 07:04:00 AM,"19,186,633",False,True,False,WHITE,2.0,FEMALE,"421,650"
"522,033",1,35.0,2.0,Pedestrian,7,"209,147",2022 Oct 22 07:09:00 PM,2022 Oct 23 12:09:00 AM,"19,186,656",False,True,False,HISPANIC,1.0,MALE,"421,689"
"522,111",1,31.0,1.0,Passenger car,1,"209,189",2022 Oct 23 07:01:00 PM,2022 Oct 24 12:01:00 AM,"19,186,798",False,True,False,WHITE,1.0,MALE,"421,781"
"522,254",1,35.0,2.0,Pedestrian,7,"209,266",2022 Jun 17 11:59:00 PM,2022 Jun 18 04:59:00 AM,"19,188,111",False,True,False,HISPANIC,1.0,MALE,"421,935"
"522,264",1,59.0,2.0,Pedestrian,7,"209,273",2022 Oct 11 07:04:00 PM,2022 Oct 12 12:04:00 AM,"19,188,118",False,True,False,HISPANIC,2.0,FEMALE,"421,946"
"522,299",1,68.0,2.0,Passenger car,1,"209,289",2022 Oct 24 09:48:00 PM,2022 Oct 25 02:48:00 AM,"19,188,179",False,True,False,HISPANIC,2.0,FEMALE,"421,981"
"522,425",1,34.0,3.0,Passenger car,1,"209,358",2022 Feb 12 07:34:00 PM,2022 Feb 13 01:34:00 AM,"19,190,857",False,True,False,BLACK,1.0,MALE,"422,119"
"522,448",1,46.0,2.0,Passenger car,1,"209,372",2022 Oct 17 02:37:00 PM,2022 Oct 17 07:37:00 PM,"19,190,871",False,True,False,HISPANIC,1.0,MALE,"422,146"
"522,812",4,35.0,2.0,Pedestrian,7,"209,556",2022 Oct 26 07:24:00 PM,2022 Oct 27 12:24:00 AM,"19,193,299",False,True,False,HISPANIC,1.0,MALE,"422,535"
"522,989",1,37.0,3.0,Passenger car,1,"209,647",2022 Oct 27 05:50:00 PM,2022 Oct 27 10:50:00 PM,"19,195,331",False,True,False,BLACK,2.0,FEMALE,"422,725"
"523,052",4,40.0,4.0,Passenger car,1,"209,682",2022 Oct 12 04:59:00 PM,2022 Oct 12 09:59:00 PM,"19,195,589",False,True,False,ASIAN,1.0,MALE,"422,798"
"523,318",1,50.0,2.0,Bicycle,5,"209,833",2022 Feb 01 03:38:00 PM,2022 Feb 01 09:38:00 PM,"19,200,021",False,True,False,HISPANIC,1.0,MALE,"423,090"
"523,487",1,21.0,2.0,Passenger car,1,"209,919",2022 Oct 30 01:15:00 AM,2022 Oct 30 06:15:00 AM,"19,200,631",False,True,False,HISPANIC,2.0,FEMALE,"423,271"
"523,520",1,51.0,0.0,Bicycle,5,"209,938",2022 Oct 30 12:59:00 AM,2022 Oct 30 05:59:00 AM,"19,200,655",False,True,False,UNKNOWN,0.0,UNKNOWN,"423,310"
"523,791",1,31.0,1.0,Pedestrian,7,"210,068",2022 Oct 31 07:45:00 PM,2022 Nov 01 12:45:00 AM,"19,204,983",False,True,False,WHITE,1.0,MALE,"423,594"
"523,837",4,34.0,3.0,Pedestrian,7,"210,095",2022 Oct 15 11:24:00 PM,2022 Oct 16 04:24:00 AM,"19,205,070",False,True,False,BLACK,1.0,MALE,"423,645"
"523,838",4,36.0,0.0,Motorcycle,3,"210,096",2022 Oct 20 01:13:00 AM,2022 Oct 20 06:13:00 AM,"19,205,071",False,True,False,UNKNOWN,2.0,FEMALE,"423,646"
"523,903",1,38.0,1.0,Bicycle,5,"210,127",2022 Nov 02 11:39:00 AM,2022 Nov 02 04:39:00 PM,"19,205,146",False,True,False,WHITE,1.0,MALE,"423,717"
"523,924",1,39.0,2.0,Passenger car,1,"210,139",2022 Oct 15 08:57:00 PM,2022 Oct 16 01:57:00 AM,"19,205,527",False,True,False,HISPANIC,1.0,MALE,"423,742"
"524,212",1,41.0,2.0,Passenger car,1,"210,299",2022 Oct 27 05:43:00 PM,2022 Oct 27 10:43:00 PM,"19,208,447",False,True,False,HISPANIC,2.0,FEMALE,"424,054"
"524,435",1,32.0,3.0,Pedestrian,7,"210,418",2022 Oct 31 11:18:00 PM,2022 Nov 01 04:18:00 AM,"19,210,777",False,True,False,BLACK,1.0,MALE,"424,287"
"524,715",1,30.0,2.0,Passenger car,1,"210,567",2022 Nov 04 05:22:00 PM,2022 Nov 04 10:22:00 PM,"19,215,382",False,True,False,HISPANIC,2.0,FEMALE,"424,583"
"524,716",4,62.0,1.0,Pedestrian,7,"210,567",2022 Nov 04 05:22:00 PM,2022 Nov 04 10:22:00 PM,"19,215,382",False,True,False,WHITE,1.0,MALE,"424,584"
"524,717",1,60.0,1.0,Pedestrian,7,"210,567",2022 Nov 04 05:22:00 PM,2022 Nov 04 10:22:00 PM,"19,215,382",False,True,False,WHITE,2.0,FEMALE,"424,585"
"524,999",4,65.0,3.0,Pedestrian,7,"210,720",2022 Sep 27 08:55:00 PM,2022 Sep 28 01:55:00 AM,"19,218,100",False,True,False,BLACK,1.0,MALE,"424,891"
"525,167",1,54.0,2.0,Passenger car,1,"210,812",2022 Nov 09 02:53:00 PM,2022 Nov 09 08:53:00 PM,"19,218,761",False,True,False,HISPANIC,2.0,FEMALE,"425,075"
"525,318",1,36.0,1.0,Motorcycle,3,"210,889",2022 Nov 09 08:36:00 PM,2022 Nov 10 02:36:00 AM,"19,220,003",False,True,False,WHITE,1.0,MALE,"425,238"
"525,744",1,36.0,1.0,Pedestrian,7,"211,111",2022 Nov 10 06:25:00 PM,2022 Nov 11 12:25:00 AM,"19,226,712",False,True,False,WHITE,1.0,MALE,"425,703"
"525,745",1,34.0,1.0,Pedestrian,7,"211,111",2022 Nov 10 06:25:00 PM,2022 Nov 11 12:25:00 AM,"19,226,712",False,True,False,WHITE,1.0,MALE,"425,704"
"525,836",1,45.0,1.0,Passenger car,1,"211,164",2022 Nov 12 10:30:00 AM,2022 Nov 12 04:30:00 PM,"19,226,904",False,True,False,WHITE,1.0,MALE,"425,803"
"525,841",1,29.0,3.0,Large passenger vehicle,2,"211,167",2022 Nov 12 02:13:00 PM,2022 Nov 12 08:13:00 PM,"19,226,907",False,True,False,BLACK,2.0,FEMALE,"425,808"
"525,907",1,35.0,3.0,Passenger car,1,"211,206",2022 Nov 13 06:41:00 AM,2022 Nov 13 12:41:00 PM,"19,227,071",False,True,False,BLACK,1.0,MALE,"425,882"
"526,269",1,27.0,2.0,Passenger car,1,"211,401",2022 Nov 15 06:50:00 AM,2022 Nov 15 12:50:00 PM,"19,230,945",False,True,False,HISPANIC,1.0,MALE,"426,273"
"526,303",1,32.0,2.0,Passenger car,1,"211,421",2022 Mar 09 07:45:00 PM,2022 Mar 10 01:45:00 AM,"19,231,091",False,True,False,HISPANIC,1.0,MALE,"426,310"
"526,325",1,36.0,1.0,Pedestrian,7,"211,432",2022 Nov 14 08:23:00 PM,2022 Nov 15 02:23:00 AM,"19,231,102",False,True,False,WHITE,1.0,MALE,"426,335"
"526,438",4,21.0,2.0,Passenger car,1,"211,487",2022 Nov 13 06:33:00 PM,2022 Nov 14 12:33:00 AM,"19,232,772",False,True,False,HISPANIC,1.0,MALE,"426,452"
"527,100",4,37.0,4.0,Pedestrian,7,"211,844",2022 Oct 30 04:34:00 AM,2022 Oct 30 09:34:00 AM,"19,239,326",False,True,False,ASIAN,1.0,MALE,"427,159"
"527,179",4,65.0,3.0,Pedestrian,7,"211,891",2022 Nov 17 07:17:00 PM,2022 Nov 18 01:17:00 AM,"19,239,490",False,True,False,BLACK,1.0,MALE,"427,247"
"527,213",1,66.0,3.0,Passenger car,1,"211,911",2022 Nov 19 09:57:00 PM,2022 Nov 20 03:57:00 AM,"19,239,537",False,True,False,BLACK,1.0,MALE,"427,284"
"527,446",4,42.0,2.0,Motor vehicle – other,4,"212,034",2022 Sep 17 08:33:00 PM,2022 Sep 18 01:33:00 AM,"19,242,295",False,True,False,HISPANIC,1.0,MALE,"427,537"
"527,631",4,63.0,1.0,Passenger car,1,"212,140",2022 Nov 22 11:34:00 AM,2022 Nov 22 05:34:00 PM,"19,243,828",False,True,False,WHITE,1.0,MALE,"427,741"
"528,054",1,31.0,2.0,Passenger car,1,"212,377",2022 Nov 21 05:47:00 PM,2022 Nov 21 11:47:00 PM,"19,250,939",False,True,False,HISPANIC,1.0,MALE,"428,190"
"528,114",1,34.0,3.0,Large passenger vehicle,2,"212,414",2022 Nov 24 07:57:00 AM,2022 Nov 24 01:57:00 PM,"19,251,022",False,True,False,BLACK,1.0,MALE,"428,257"
"528,178",4,31.0,3.0,Motorcycle,3,"212,456",2022 Nov 25 02:36:00 PM,2022 Nov 25 08:36:00 PM,"19,251,180",False,True,False,BLACK,1.0,MALE,"428,329"
"528,229",1,22.0,2.0,Pedestrian,7,"212,488",2022 Nov 19 12:50:00 AM,2022 Nov 19 06:50:00 AM,"19,251,267",False,True,False,HISPANIC,2.0,FEMALE,"428,383"
"528,241",1,47.0,1.0,Pedestrian,7,"212,496",2022 Nov 22 01:01:00 AM,2022 Nov 22 07:01:00 AM,"19,251,284",False,True,False,WHITE,1.0,MALE,"428,395"
"528,245",4,23.0,1.0,Large passenger vehicle,2,"212,499",2022 Nov 27 01:26:00 AM,2022 Nov 27 07:26:00 AM,"19,251,287",False,True,False,WHITE,1.0,MALE,"428,399"
"528,295",1,42.0,2.0,Passenger car,1,"212,529",2022 Nov 28 08:50:00 AM,2022 Nov 28 02:50:00 PM,"19,251,617",False,True,False,HISPANIC,2.0,FEMALE,"428,454"
"528,456",1,,1.0,Pedestrian,7,"212,611",2022 Nov 28 10:53:00 PM,2022 Nov 29 04:53:00 AM,"19,253,535",False,True,False,WHITE,1.0,MALE,"428,631"
"528,482",1,53.0,2.0,Pedestrian,7,"212,625",2022 Nov 28 05:59:00 PM,2022 Nov 28 11:59:00 PM,"19,253,589",False,True,False,HISPANIC,1.0,MALE,"428,658"
"528,633",1,24.0,1.0,Motorcycle,3,"212,710",2022 Nov 29 07:00:00 PM,2022 Nov 30 01:00:00 AM,"19,255,641",False,True,False,WHITE,1.0,MALE,"428,821"
"528,771",4,54.0,1.0,Pedestrian,7,"212,786",2022 Nov 30 08:37:00 AM,2022 Nov 30 02:37:00 PM,"19,258,385",False,True,False,WHITE,2.0,FEMALE,"428,974"
"528,793",1,37.0,1.0,Bicycle,5,"212,797",2022 Nov 30 03:23:00 PM,2022 Nov 30 09:23:00 PM,"19,258,450",False,True,False,WHITE,1.0,MALE,"428,997"
"528,989",1,24.0,1.0,Large passenger vehicle,2,"212,903",2022 Dec 01 08:21:00 AM,2022 Dec 01 02:21:00 PM,"19,260,314",False,True,False,WHITE,1.0,MALE,"429,206"
"529,067",1,35.0,1.0,Passenger car,1,"212,942",2022 Nov 08 02:19:00 AM,2022 Nov 08 08:19:00 AM,"19,260,924",False,True,False,WHITE,1.0,MALE,"429,290"
"529,315",1,22.0,0.0,Passenger car,1,"213,079",2022 Dec 02 09:17:00 AM,2022 Dec 02 03:17:00 PM,"19,264,098",False,True,False,UNKNOWN,2.0,FEMALE,"429,554"
"529,325",1,18.0,5.0,Passenger car,1,"213,085",2022 Dec 03 03:00:00 AM,2022 Dec 03 09:00:00 AM,"19,264,105",False,True,False,OTHER,1.0,MALE,"429,564"
"529,339",4,28.0,2.0,Large passenger vehicle,2,"213,093",2022 Dec 03 08:51:00 PM,2022 Dec 04 02:51:00 AM,"19,264,113",False,True,False,HISPANIC,2.0,FEMALE,"429,579"
"529,375",1,44.0,3.0,Pedestrian,7,"213,116",2022 Dec 04 03:23:00 PM,2022 Dec 04 09:23:00 PM,"19,264,196",False,True,False,BLACK,1.0,MALE,"429,623"
"529,416",1,25.0,3.0,Pedestrian,7,"213,140",2022 Dec 03 10:00:00 PM,2022 Dec 04 04:00:00 AM,"19,264,258",False,True,False,BLACK,1.0,MALE,"429,675"
"529,457",1,46.0,2.0,Large passenger vehicle,2,"213,166",2022 Dec 05 09:12:00 AM,2022 Dec 05 03:12:00 PM,"19,264,815",False,True,False,HISPANIC,2.0,FEMALE,"429,722"
"529,458",1,37.0,1.0,Large passenger vehicle,2,"213,166",2022 Dec 05 09:12:00 AM,2022 Dec 05 03:12:00 PM,"19,264,815",False,True,False,WHITE,1.0,MALE,"429,723"
"529,877",4,56.0,2.0,Motorcycle,3,"213,386",2022 Dec 06 05:35:00 PM,2022 Dec 06 11:35:00 PM,"19,270,958",False,True,False,HISPANIC,1.0,MALE,"430,175"
"529,928",1,27.0,1.0,Large passenger vehicle,2,"213,411",2022 Dec 08 02:20:00 AM,2022 Dec 08 08:20:00 AM,"19,271,018",False,True,False,WHITE,1.0,MALE,"430,227"
"530,415",1,32.0,1.0,Large passenger vehicle,2,"213,668",2022 Dec 09 11:50:00 AM,2022 Dec 09 05:50:00 PM,"19,278,151",False,True,False,WHITE,2.0,FEMALE,"430,747"
"530,498",1,42.0,4.0,E-scooter,11,"213,711",2022 Dec 10 01:44:00 PM,2022 Dec 10 07:44:00 PM,"19,278,287",False,True,False,ASIAN,2.0,FEMALE,"430,835"
"530,582",1,33.0,2.0,Large passenger vehicle,2,"213,762",2022 Dec 11 12:41:00 AM,2022 Dec 11 06:41:00 AM,"19,278,396",False,True,False,HISPANIC,1.0,MALE,"430,933"
"530,755",4,52.0,2.0,Large passenger vehicle,2,"213,858",2022 Oct 30 09:32:00 PM,2022 Oct 31 02:32:00 AM,"19,279,838",False,True,False,HISPANIC,1.0,MALE,"431,124"
"530,799",1,43.0,1.0,Motorcycle,3,"213,880",2022 Nov 23 10:38:00 AM,2022 Nov 23 04:38:00 PM,"19,279,898",False,True,False,WHITE,1.0,MALE,"431,175"
"530,807",1,22.0,2.0,Large passenger vehicle,2,"213,885",2022 Dec 06 06:35:00 AM,2022 Dec 06 12:35:00 PM,"19,279,998",False,True,False,HISPANIC,1.0,MALE,"431,183"
"530,945",4,34.0,2.0,Pedestrian,7,"213,957",2022 Nov 10 11:26:00 PM,2022 Nov 11 05:26:00 AM,"19,281,144",False,True,False,HISPANIC,1.0,MALE,"431,336"
"531,056",4,20.0,0.0,Pedestrian,7,"214,021",2022 Dec 14 02:02:00 AM,2022 Dec 14 08:02:00 AM,"19,282,047",False,True,False,UNKNOWN,1.0,MALE,"431,452"
"531,458",4,36.0,1.0,Passenger car,1,"214,234",2022 Dec 15 10:57:00 PM,2022 Dec 16 04:57:00 AM,"19,286,841",False,True,False,WHITE,2.0,FEMALE,"431,878"
"531,657",4,64.0,1.0,Pedestrian,7,"214,333",2022 Dec 16 03:11:00 AM,2022 Dec 16 09:11:00 AM,"19,288,565",False,True,False,WHITE,1.0,MALE,"432,096"
"531,707",1,30.0,3.0,Passenger car,1,"214,358",2022 Dec 16 07:37:00 PM,2022 Dec 17 01:37:00 AM,"19,288,598",False,True,False,BLACK,2.0,FEMALE,"432,151"
"531,931",4,56.0,1.0,Large passenger vehicle,2,"214,474",2022 Dec 17 04:46:00 PM,2022 Dec 17 10:46:00 PM,"19,290,969",False,True,False,WHITE,2.0,FEMALE,"432,389"
"531,932",4,29.0,2.0,Passenger car,1,"214,474",2022 Dec 17 04:46:00 PM,2022 Dec 17 10:46:00 PM,"19,290,969",False,True,False,HISPANIC,1.0,MALE,"432,390"
"531,977",4,50.0,1.0,Pedestrian,7,"214,499",2022 Dec 18 07:41:00 PM,2022 Dec 19 01:41:00 AM,"19,291,025",False,True,False,WHITE,1.0,MALE,"432,438"
"531,983",1,28.0,1.0,Pedestrian,7,"214,503",2022 Dec 18 10:35:00 PM,2022 Dec 19 04:35:00 AM,"19,291,029",False,True,False,WHITE,1.0,MALE,"432,445"
"531,992",1,60.0,3.0,Passenger car,1,"214,509",2022 Dec 19 05:43:00 AM,2022 Dec 19 11:43:00 AM,"19,291,036",False,True,False,BLACK,1.0,MALE,"432,456"
"531,996",1,50.0,1.0,Pedestrian,7,"214,511",2022 Dec 18 01:16:00 PM,2022 Dec 18 07:16:00 PM,"19,291,038",False,True,False,WHITE,1.0,MALE,"432,460"
"532,152",1,46.0,0.0,Passenger car,1,"214,598",2022 Dec 19 01:57:00 PM,2022 Dec 19 07:57:00 PM,"19,293,401",False,True,False,UNKNOWN,1.0,MALE,"432,630"
"532,179",1,44.0,3.0,Pedestrian,7,"214,610",2022 Dec 19 06:11:00 PM,2022 Dec 20 12:11:00 AM,"19,293,447",False,True,False,BLACK,2.0,FEMALE,"432,658"
"532,875",4,53.0,2.0,Pedestrian,7,"214,985",2022 Dec 22 08:00:00 AM,2022 Dec 22 02:00:00 PM,"19,304,355",False,True,False,HISPANIC,1.0,MALE,"433,399"
"533,054",1,42.0,1.0,Motorcycle,3,"215,077",2022 Dec 21 07:30:00 PM,2022 Dec 22 01:30:00 AM,"19,304,844",False,True,False,WHITE,1.0,MALE,"433,591"
"533,209",4,0.0,0.0,Pedestrian,7,"215,160",2022 Dec 22 07:49:00 PM,2022 Dec 23 01:49:00 AM,"19,307,024",False,True,False,UNKNOWN,1.0,MALE,"433,761"
"533,344",1,26.0,2.0,Passenger car,1,"215,230",2022 Dec 29 03:51:00 AM,2022 Dec 29 09:51:00 AM,"19,308,402",False,True,False,HISPANIC,1.0,MALE,"433,905"
"533,737",1,44.0,2.0,Passenger car,1,"215,441",2022 Dec 30 06:53:00 PM,2022 Dec 31 12:53:00 AM,"19,315,122",False,True,False,HISPANIC,1.0,MALE,"434,333"
"533,952",4,23.0,1.0,Motorcycle,3,"215,555",2022 Dec 18 02:44:00 AM,2022 Dec 18 08:44:00 AM,"19,321,449",False,True,False,WHITE,1.0,MALE,"434,561"
"534,080",4,63.0,0.0,Pedestrian,7,"215,620",2022 Sep 17 09:53:00 PM,2022 Sep 18 02:53:00 AM,"19,329,551",False,True,False,UNKNOWN,1.0,MALE,"434,696"
"534,106",4,55.0,2.0,Pedestrian,7,"215,636",2022 Dec 16 02:25:00 AM,2022 Dec 16 08:25:00 AM,"19,330,984",False,True,False,HISPANIC,2.0,FEMALE,"434,723"
"534,107",4,22.0,2.0,Passenger car,1,"215,637",2022 Dec 17 01:14:00 AM,2022 Dec 17 07:14:00 AM,"19,330,988",False,True,False,HISPANIC,2.0,FEMALE,"434,724"
"534,207",1,54.0,4.0,Passenger car,1,"215,696",2022 Dec 27 07:45:00 PM,2022 Dec 28 01:45:00 AM,"19,345,428",False,True,False,ASIAN,1.0,MALE,"434,839"
"534,219",1,67.0,2.0,Passenger car,1,"215,703",2022 Dec 12 04:11:00 PM,2022 Dec 12 10:11:00 PM,"19,348,922",False,True,False,HISPANIC,2.0,FEMALE,"434,852"
"534,220",1,,2.0,Passenger car,1,"215,703",2022 Dec 12 04:11:00 PM,2022 Dec 12 10:11:00 PM,"19,348,922",False,True,False,HISPANIC,1.0,MALE,"434,853"
"534,376",1,35.0,1.0,Pedestrian,7,"215,788",2022 Nov 08 09:51:00 PM,2022 Nov 09 03:51:00 AM,"19,555,100",False,True,False,WHITE,1.0,MALE,"435,024"
"534,423",1,34.0,2.0,Passenger car,1,"215,814",2022 Sep 23 04:30:00 AM,2022 Sep 23 09:30:00 AM,"19,574,547",False,True,False,HISPANIC,2.0,FEMALE,"435,076"
"534,868",1,49.0,1.0,Passenger car,1,"184,582",2022 Jan 12 11:10:00 AM,2022 Jan 12 05:10:00 PM,"18,692,923",False,False,False,WHITE,2.0,FEMALE,"371,782"
"535,005",1,51.0,2.0,Large passenger vehicle,2,"184,826",2022 Jan 16 02:12:00 PM,2022 Jan 16 08:12:00 PM,"18,699,239",False,False,False,HISPANIC,2.0,FEMALE,"372,279"
"535,112",1,48.0,1.0,Passenger car,1,"184,973",2022 Jan 15 07:37:00 PM,2022 Jan 16 01:37:00 AM,"18,703,602",False,False,False,WHITE,1.0,MALE,"372,573"
"535,113",1,10.0,1.0,Passenger car,1,"184,973",2022 Jan 15 07:37:00 PM,2022 Jan 16 01:37:00 AM,"18,703,602",False,False,False,WHITE,1.0,MALE,"372,573"
"535,114",1,12.0,1.0,Passenger car,1,"184,973",2022 Jan 15 07:37:00 PM,2022 Jan 16 01:37:00 AM,"18,703,602",False,False,False,WHITE,2.0,FEMALE,"372,573"
"535,124",1,28.0,2.0,Passenger car,1,"184,986",2022 Jan 16 02:29:00 AM,2022 Jan 16 08:29:00 AM,"18,703,630",False,False,False,HISPANIC,1.0,MALE,"372,599"
"535,222",1,19.0,2.0,Large passenger vehicle,2,"185,146",2022 Jan 15 04:41:00 AM,2022 Jan 15 10:41:00 AM,"18,705,509",False,False,False,HISPANIC,1.0,MALE,"372,926"
"535,363",1,14.0,2.0,Passenger car,1,"185,345",2022 Jan 17 09:54:00 PM,2022 Jan 18 03:54:00 AM,"18,710,100",False,False,False,HISPANIC,1.0,MALE,"373,329"
"535,364",1,12.0,2.0,Passenger car,1,"185,345",2022 Jan 17 09:54:00 PM,2022 Jan 18 03:54:00 AM,"18,710,100",False,False,False,HISPANIC,1.0,MALE,"373,329"
"535,656",1,7.0,1.0,Passenger car,1,"185,846",2022 Jan 29 04:30:00 PM,2022 Jan 29 10:30:00 PM,"18,719,951",False,False,False,WHITE,2.0,FEMALE,"374,343"
"535,751",1,24.0,3.0,Passenger car,1,"185,986",2022 Jan 30 10:30:00 PM,2022 Jan 31 04:30:00 AM,"18,722,324",False,False,False,BLACK,1.0,MALE,"374,614"
"535,828",1,23.0,3.0,Large passenger vehicle,2,"186,179",2022 Feb 01 12:55:00 PM,2022 Feb 01 06:55:00 PM,"18,726,237",False,False,False,BLACK,2.0,FEMALE,"374,981"
"535,985",4,3.0,,Passenger car,1,"186,467",2022 Jan 11 10:30:00 AM,2022 Jan 11 04:30:00 PM,"18,735,223",False,False,False,,2.0,FEMALE,"375,521"
"536,026",1,,3.0,Passenger car,1,"186,529",2022 Feb 04 07:50:00 AM,2022 Feb 04 01:50:00 PM,"18,735,334",False,False,False,BLACK,1.0,MALE,"375,639"
"536,029",1,30.0,3.0,Passenger car,1,"186,542",2022 Feb 04 12:04:00 PM,2022 Feb 04 06:04:00 PM,"18,735,350",False,False,False,BLACK,1.0,MALE,"375,654"
"536,268",1,72.0,1.0,Large passenger vehicle,2,"186,949",2022 Jan 02 01:06:00 PM,2022 Jan 02 07:06:00 PM,"18,742,377",False,False,False,WHITE,2.0,FEMALE,"376,470"
"536,587",1,8.0,4.0,Passenger car,1,"187,495",2022 Feb 17 05:18:00 PM,2022 Feb 17 11:18:00 PM,"18,753,486",False,False,False,ASIAN,2.0,FEMALE,"377,573"
"536,777",1,15.0,1.0,Large passenger vehicle,2,"187,764",2022 Feb 14 08:49:00 PM,2022 Feb 15 02:49:00 AM,"18,761,861",False,False,False,WHITE,2.0,FEMALE,"378,117"
"536,784",1,38.0,2.0,Large passenger vehicle,2,"187,794",2022 Feb 19 11:42:00 AM,2022 Feb 19 05:42:00 PM,"18,762,042",False,False,False,HISPANIC,2.0,FEMALE,"378,176"
"537,093",1,53.0,3.0,Passenger car,1,"188,320",2022 Feb 27 10:12:00 AM,2022 Feb 27 04:12:00 PM,"18,769,247",False,False,False,BLACK,2.0,FEMALE,"379,204"
"537,361",1,11.0,1.0,Passenger car,1,"188,727",2022 Feb 07 11:16:00 PM,2022 Feb 08 05:16:00 AM,"18,779,869",False,False,False,WHITE,2.0,FEMALE,"380,026"
"537,381",4,6.0,3.0,Passenger car,1,"188,740",2022 Feb 27 02:43:00 PM,2022 Feb 27 08:43:00 PM,"18,779,882",False,False,False,BLACK,2.0,FEMALE,"380,052"
"537,436",1,15.0,1.0,Large passenger vehicle,2,"188,802",2022 Mar 04 09:12:00 PM,2022 Mar 05 03:12:00 AM,"18,780,010",False,False,False,WHITE,2.0,FEMALE,"380,181"
"537,757",1,21.0,4.0,Motorcycle,3,"189,256",2022 Mar 10 03:03:00 PM,2022 Mar 10 09:03:00 PM,"18,790,897",False,False,False,ASIAN,2.0,FEMALE,"381,100"
"539,208",1,40.0,3.0,Passenger car,1,"191,248",2022 Mar 27 02:26:00 AM,2022 Mar 27 07:26:00 AM,"18,831,668",False,False,False,BLACK,1.0,MALE,"385,153"
"539,298",1,51.0,2.0,Passenger car,1,"191,393",2022 Apr 03 09:18:00 PM,2022 Apr 04 02:18:00 AM,"18,833,045",False,False,False,HISPANIC,2.0,FEMALE,"385,439"
"539,306",1,29.0,2.0,Large passenger vehicle,2,"191,396",2022 Jan 04 12:38:00 AM,2022 Jan 04 06:38:00 AM,"18,833,048",False,False,False,HISPANIC,1.0,MALE,"385,444"
"539,333",1,22.0,1.0,Passenger car,1,"191,452",2022 Apr 04 12:53:00 AM,2022 Apr 04 05:53:00 AM,"18,834,784",False,False,False,WHITE,1.0,MALE,"385,558"
"539,617",1,20.0,1.0,Passenger car,1,"191,928",2022 Apr 08 11:05:00 AM,2022 Apr 08 04:05:00 PM,"18,845,427",False,False,False,WHITE,2.0,FEMALE,"386,525"
"539,630",1,24.0,1.0,Passenger car,1,"191,945",2022 Apr 01 01:35:00 AM,2022 Apr 01 06:35:00 AM,"18,845,499",False,False,False,WHITE,1.0,MALE,"386,569"
"540,864",1,14.0,2.0,Passenger car,1,"193,527",2022 Apr 23 04:47:00 AM,2022 Apr 23 09:47:00 AM,"18,877,819",False,False,False,HISPANIC,2.0,FEMALE,"389,774"
"540,867",1,33.0,2.0,Passenger car,1,"193,528",2022 Apr 24 03:17:00 AM,2022 Apr 24 08:17:00 AM,"18,877,820",False,False,False,HISPANIC,1.0,MALE,"389,776"
"541,003",1,36.0,3.0,Large passenger vehicle,2,"193,685",2022 Apr 29 09:30:00 PM,2022 Apr 30 02:30:00 AM,"18,881,219",False,False,False,BLACK,2.0,FEMALE,"390,104"
"541,525",1,22.0,1.0,E-scooter,11,"194,443",2022 May 09 01:25:00 AM,2022 May 09 06:25:00 AM,"18,896,308",False,False,False,WHITE,2.0,FEMALE,"391,624"
"541,557",1,7.0,1.0,Passenger car,1,"194,500",2022 Apr 04 05:59:00 PM,2022 Apr 04 10:59:00 PM,"18,897,328",False,False,False,WHITE,1.0,MALE,"391,739"
"541,558",1,9.0,1.0,Passenger car,1,"194,500",2022 Apr 04 05:59:00 PM,2022 Apr 04 10:59:00 PM,"18,897,328",False,False,False,WHITE,1.0,MALE,"391,739"
"541,559",1,9.0,1.0,Passenger car,1,"194,500",2022 Apr 04 05:59:00 PM,2022 Apr 04 10:59:00 PM,"18,897,328",False,False,False,WHITE,2.0,FEMALE,"391,739"
"541,662",1,38.0,2.0,Passenger car,1,"194,681",2022 May 11 06:17:00 PM,2022 May 11 11:17:00 PM,"18,900,601",False,False,False,HISPANIC,1.0,MALE,"392,118"
"541,739",1,17.0,2.0,Passenger car,1,"194,776",2022 May 12 10:16:00 PM,2022 May 13 03:16:00 AM,"18,902,538",False,False,False,HISPANIC,1.0,MALE,"392,318"
"542,428",1,30.0,3.0,Passenger car,1,"195,825",2022 May 16 02:37:00 PM,2022 May 16 07:37:00 PM,"18,926,701",False,False,False,BLACK,2.0,FEMALE,"394,444"
"542,676",1,29.0,,Passenger car,1,"196,199",2022 May 25 11:56:00 AM,2022 May 25 04:56:00 PM,"18,939,007",False,False,False,,2.0,FEMALE,"395,190"
"542,677",1,29.0,2.0,Passenger car,1,"196,201",2022 May 25 10:35:00 PM,2022 May 26 03:35:00 AM,"18,939,009",False,False,False,HISPANIC,2.0,FEMALE,"395,193"
"542,680",1,53.0,1.0,Large passenger vehicle,2,"196,207",2022 May 26 08:37:00 PM,2022 May 27 01:37:00 AM,"18,939,018",False,False,False,WHITE,1.0,MALE,"395,208"
"542,996",1,63.0,3.0,Large passenger vehicle,2,"196,673",2022 May 30 09:29:00 AM,2022 May 30 02:29:00 PM,"18,945,031",False,False,False,BLACK,2.0,FEMALE,"396,174"
"543,055",1,36.0,1.0,Motorcycle,3,"196,760",2022 Jun 06 04:13:00 AM,2022 Jun 06 09:13:00 AM,"18,945,352",False,False,False,WHITE,2.0,FEMALE,"396,346"
"543,188",1,73.0,2.0,Passenger car,1,"196,883",2022 Jun 03 02:55:00 PM,2022 Jun 03 07:55:00 PM,"18,948,320",False,False,False,HISPANIC,2.0,FEMALE,"396,593"
"543,466",1,19.0,2.0,Large passenger vehicle,2,"197,319",2022 Jun 10 09:44:00 PM,2022 Jun 11 02:44:00 AM,"18,956,928",False,False,False,HISPANIC,1.0,MALE,"397,471"
"543,638",4,19.0,2.0,Large passenger vehicle,2,"197,571",2022 May 30 07:40:00 PM,2022 May 31 12:40:00 AM,"18,962,363",False,False,False,HISPANIC,2.0,FEMALE,"397,972"
"543,666",1,21.0,3.0,Passenger car,1,"197,623",2022 Jun 14 08:32:00 AM,2022 Jun 14 01:32:00 PM,"18,962,469",False,False,False,BLACK,2.0,FEMALE,"398,070"
"543,694",1,31.0,1.0,Passenger car,1,"197,710",2022 Jun 15 03:50:00 PM,2022 Jun 15 08:50:00 PM,"18,963,980",False,False,False,WHITE,2.0,FEMALE,"398,254"
"543,760",4,32.0,2.0,Motorcycle,3,"197,850",2022 Jun 11 02:23:00 AM,2022 Jun 11 07:23:00 AM,"18,967,169",False,False,False,HISPANIC,2.0,FEMALE,"398,538"
"544,779",1,19.0,2.0,Large passenger vehicle,2,"199,257",2022 Jul 02 08:20:00 AM,2022 Jul 02 01:20:00 PM,"18,994,404",False,False,False,HISPANIC,1.0,MALE,"401,385"
"544,833",1,19.0,3.0,Passenger car,1,"199,313",2022 Jul 04 04:05:00 PM,2022 Jul 04 09:05:00 PM,"18,994,641",False,False,False,BLACK,2.0,FEMALE,"401,498"
"544,834",1,25.0,3.0,Passenger car,1,"199,313",2022 Jul 04 04:05:00 PM,2022 Jul 04 09:05:00 PM,"18,994,641",False,False,False,BLACK,1.0,MALE,"401,498"
"545,295",1,14.0,2.0,Large passenger vehicle,2,"199,993",2022 Jul 13 11:36:00 AM,2022 Jul 13 04:36:00 PM,"19,009,463",False,False,False,HISPANIC,2.0,FEMALE,"402,884"
"545,339",1,35.0,3.0,Passenger car,1,"200,073",2022 Jul 14 11:00:00 AM,2022 Jul 14 04:00:00 PM,"19,010,773",False,False,False,BLACK,2.0,FEMALE,"403,049"
"545,366",1,30.0,2.0,Passenger car,1,"200,110",2022 Jul 15 07:47:00 AM,2022 Jul 15 12:47:00 PM,"19,011,178",False,False,False,HISPANIC,2.0,FEMALE,"403,125"
"545,805",1,20.0,2.0,Passenger car,1,"200,844",2022 Jul 24 12:01:00 AM,2022 Jul 24 05:01:00 AM,"19,026,179",False,False,False,HISPANIC,2.0,FEMALE,"404,597"
"545,871",1,,2.0,Large passenger vehicle,2,"200,929",2022 Jul 25 07:01:00 PM,2022 Jul 26 12:01:00 AM,"19,027,250",False,False,False,HISPANIC,2.0,FEMALE,"404,773"
"546,324",1,38.0,2.0,Passenger car,1,"201,633",2022 Jul 26 11:55:00 PM,2022 Jul 27 04:55:00 AM,"19,043,740",False,False,False,HISPANIC,1.0,MALE,"406,214"
"546,365",1,62.0,1.0,Passenger car,1,"201,687",2022 Jul 30 10:39:00 AM,2022 Jul 30 03:39:00 PM,"19,043,874",False,False,False,WHITE,2.0,FEMALE,"406,330"
"546,437",1,41.0,1.0,Passenger car,1,"201,813",2022 Aug 02 11:09:00 PM,2022 Aug 03 04:09:00 AM,"19,044,113",False,False,False,WHITE,2.0,FEMALE,"406,594"
"546,517",1,,2.0,Passenger car,1,"201,980",2022 Aug 05 08:06:00 PM,2022 Aug 06 01:06:00 AM,"19,047,026",False,False,False,HISPANIC,2.0,FEMALE,"406,936"
"546,553",1,4.0,2.0,Large passenger vehicle,2,"202,024",2022 Aug 07 05:52:00 AM,2022 Aug 07 10:52:00 AM,"19,047,099",False,False,False,HISPANIC,1.0,MALE,"407,021"
"546,694",1,46.0,2.0,Large passenger vehicle,2,"202,232",2022 Aug 09 06:42:00 PM,2022 Aug 09 11:42:00 PM,"19,052,421",False,False,False,HISPANIC,2.0,FEMALE,"407,441"
"547,135",1,44.0,1.0,Passenger car,1,"202,848",2022 Jun 05 02:36:00 AM,2022 Jun 05 07:36:00 AM,"19,066,273",False,False,False,WHITE,2.0,FEMALE,"408,722"
"547,150",1,29.0,3.0,Passenger car,1,"202,896",2022 Aug 16 07:42:00 PM,2022 Aug 17 12:42:00 AM,"19,066,416",False,False,False,BLACK,1.0,MALE,"408,825"
"547,474",1,30.0,2.0,Passenger car,1,"203,316",2022 Aug 22 01:10:00 PM,2022 Aug 22 06:10:00 PM,"19,073,847",False,False,False,HISPANIC,2.0,FEMALE,"409,699"
"547,632",1,46.0,,Passenger car,1,"203,558",2022 Aug 25 12:13:00 PM,2022 Aug 25 05:13:00 PM,"19,079,316",False,False,False,,2.0,FEMALE,"410,184"
"547,981",1,28.0,3.0,Passenger car,1,"204,105",2022 Sep 01 02:06:00 AM,2022 Sep 01 07:06:00 AM,"19,090,018",False,False,False,BLACK,1.0,MALE,"411,304"
"548,127",1,34.0,3.0,Large passenger vehicle,2,"204,346",2022 Sep 03 08:21:00 PM,2022 Sep 04 01:21:00 AM,"19,094,583",False,False,False,BLACK,1.0,MALE,"411,788"
"548,266",1,11.0,2.0,Large passenger vehicle,2,"204,501",2022 Sep 03 10:52:00 PM,2022 Sep 04 03:52:00 AM,"19,097,543",False,False,False,HISPANIC,2.0,FEMALE,"412,115"
"548,267",1,12.0,2.0,Large passenger vehicle,2,"204,501",2022 Sep 03 10:52:00 PM,2022 Sep 04 03:52:00 AM,"19,097,543",False,False,False,HISPANIC,2.0,FEMALE,"412,115"
"548,268",1,10.0,2.0,Large passenger vehicle,2,"204,501",2022 Sep 03 10:52:00 PM,2022 Sep 04 03:52:00 AM,"19,097,543",False,False,False,HISPANIC,1.0,MALE,"412,115"
"548,269",1,7.0,2.0,Large passenger vehicle,2,"204,501",2022 Sep 03 10:52:00 PM,2022 Sep 04 03:52:00 AM,"19,097,543",False,False,False,HISPANIC,1.0,MALE,"412,115"
"548,270",1,42.0,2.0,Large passenger vehicle,2,"204,501",2022 Sep 03 10:52:00 PM,2022 Sep 04 03:52:00 AM,"19,097,543",False,False,False,HISPANIC,2.0,FEMALE,"412,115"
"548,612",1,23.0,2.0,Passenger car,1,"205,014",2022 Sep 10 02:43:00 AM,2022 Sep 10 07:43:00 AM,"19,107,701",False,False,False,HISPANIC,1.0,MALE,"413,161"
"548,626",4,9.0,2.0,Passenger car,1,"205,032",2022 Sep 11 04:49:00 PM,2022 Sep 11 09:49:00 PM,"19,107,748",False,False,False,HISPANIC,1.0,MALE,"413,195"
"548,683",4,36.0,3.0,Passenger car,1,"205,109",2022 Sep 06 08:15:00 AM,2022 Sep 06 01:15:00 PM,"19,109,838",False,False,False,BLACK,1.0,MALE,"413,351"
"549,323",1,18.0,2.0,Passenger car,1,"206,047",2022 Sep 20 08:06:00 PM,2022 Sep 21 01:06:00 AM,"19,128,734",False,False,False,HISPANIC,1.0,MALE,"415,304"
"549,870",1,36.0,2.0,Passenger car,1,"206,952",2022 Oct 01 03:25:00 AM,2022 Oct 01 08:25:00 AM,"19,147,068",False,False,False,HISPANIC,1.0,MALE,"417,168"
"550,362",1,20.0,2.0,Passenger car,1,"207,618",2022 Oct 09 11:02:00 AM,2022 Oct 09 04:02:00 PM,"19,159,988",False,False,False,HISPANIC,2.0,FEMALE,"418,564"
"550,391",1,39.0,2.0,Passenger car,1,"207,641",2022 Oct 03 02:51:00 AM,2022 Oct 03 07:51:00 AM,"19,160,049",False,False,False,HISPANIC,2.0,FEMALE,"418,607"
"550,458",1,77.0,2.0,Passenger car,1,"207,698",2022 Oct 10 11:40:00 AM,2022 Oct 10 04:40:00 PM,"19,161,692",False,False,False,HISPANIC,2.0,FEMALE,"418,725"
"550,480",1,17.0,3.0,Passenger car,1,"207,750",2022 Sep 24 10:56:00 PM,2022 Sep 25 03:56:00 AM,"19,162,659",False,False,False,BLACK,2.0,FEMALE,"418,838"
"551,078",1,30.0,2.0,Passenger car,1,"208,742",2022 Oct 20 01:04:00 AM,2022 Oct 20 06:04:00 AM,"19,179,529",False,False,False,HISPANIC,1.0,MALE,"420,869"
"551,225",4,23.0,2.0,Large passenger vehicle,2,"208,897",2022 Oct 20 07:30:00 PM,2022 Oct 21 12:30:00 AM,"19,181,579",False,False,False,HISPANIC,1.0,MALE,"421,182"
"551,227",4,29.0,2.0,Large passenger vehicle,2,"208,897",2022 Oct 20 07:30:00 PM,2022 Oct 21 12:30:00 AM,"19,181,579",False,False,False,HISPANIC,1.0,MALE,"421,182"
"551,368",1,66.0,1.0,Passenger car,1,"209,102",2022 Oct 21 09:19:00 AM,2022 Oct 21 02:19:00 PM,"19,186,515",False,False,False,WHITE,2.0,FEMALE,"421,599"
"551,433",1,27.0,2.0,Large passenger vehicle,2,"209,189",2022 Oct 23 07:01:00 PM,2022 Oct 24 12:01:00 AM,"19,186,798",False,False,False,HISPANIC,2.0,FEMALE,"421,782"
"551,551",1,48.0,2.0,Micromobility device,6,"209,376",2022 Oct 25 05:00:00 AM,2022 Oct 25 10:00:00 AM,"19,190,875",False,False,False,HISPANIC,2.0,FEMALE,"422,154"
"551,552",1,30.0,2.0,Micromobility device,6,"209,376",2022 Oct 25 05:00:00 AM,2022 Oct 25 10:00:00 AM,"19,190,875",False,False,False,HISPANIC,2.0,FEMALE,"422,154"
"551,553",1,43.0,1.0,Micromobility device,6,"209,376",2022 Oct 25 05:00:00 AM,2022 Oct 25 10:00:00 AM,"19,190,875",False,False,False,WHITE,1.0,MALE,"422,154"
"551,983",1,47.0,2.0,Large passenger vehicle,2,"209,934",2022 Oct 30 07:30:00 PM,2022 Oct 31 12:30:00 AM,"19,200,648",False,False,False,HISPANIC,2.0,FEMALE,"423,302"
"552,758",1,22.0,3.0,Large passenger vehicle,2,"211,167",2022 Nov 12 02:13:00 PM,2022 Nov 12 08:13:00 PM,"19,226,907",False,False,False,BLACK,2.0,FEMALE,"425,808"
"552,759",1,7.0,3.0,Large passenger vehicle,2,"211,167",2022 Nov 12 02:13:00 PM,2022 Nov 12 08:13:00 PM,"19,226,907",False,False,False,BLACK,2.0,FEMALE,"425,808"
"552,777",1,25.0,2.0,Passenger car,1,"211,182",2022 Nov 12 04:35:00 AM,2022 Nov 12 10:35:00 AM,"19,226,996",False,False,False,HISPANIC,2.0,FEMALE,"425,835"
"552,954",1,22.0,2.0,Passenger car,1,"211,487",2022 Nov 13 06:33:00 PM,2022 Nov 14 12:33:00 AM,"19,232,772",False,False,False,HISPANIC,1.0,MALE,"426,452"
"553,461",1,,2.0,Passenger car,1,"212,377",2022 Nov 21 05:47:00 PM,2022 Nov 21 11:47:00 PM,"19,250,939",False,False,False,HISPANIC,1.0,MALE,"428,190"
"553,503",1,18.0,2.0,Large passenger vehicle,2,"212,458",2022 Nov 25 05:38:00 PM,2022 Nov 25 11:38:00 PM,"19,251,182",False,False,False,HISPANIC,2.0,FEMALE,"428,332"
"553,629",4,37.0,1.0,Passenger car,1,"212,681",2022 Nov 14 01:48:00 AM,2022 Nov 14 07:48:00 AM,"19,255,568",False,False,False,WHITE,1.0,MALE,"428,765"
"553,630",4,29.0,1.0,Passenger car,1,"212,681",2022 Nov 14 01:48:00 AM,2022 Nov 14 07:48:00 AM,"19,255,568",False,False,False,WHITE,1.0,MALE,"428,765"
"553,678",4,23.0,2.0,Large passenger vehicle,2,"212,774",2022 Nov 25 04:59:00 AM,2022 Nov 25 10:59:00 AM,"19,258,357",False,False,False,HISPANIC,2.0,FEMALE,"428,947"
"553,925",1,17.0,2.0,Passenger car,1,"213,085",2022 Dec 03 03:00:00 AM,2022 Dec 03 09:00:00 AM,"19,264,105",False,False,False,HISPANIC,1.0,MALE,"429,564"
"554,327",1,33.0,2.0,Passenger car,1,"213,709",2022 Dec 10 10:48:00 AM,2022 Dec 10 04:48:00 PM,"19,278,285",False,False,False,HISPANIC,2.0,FEMALE,"430,829"
"554,426",1,18.0,2.0,Passenger car,1,"213,851",2022 Nov 13 02:41:00 AM,2022 Nov 13 08:41:00 AM,"19,279,759",False,False,False,HISPANIC,2.0,FEMALE,"431,107"
"554,436",1,25.0,3.0,Passenger car,1,"213,857",2022 Oct 27 04:39:00 PM,2022 Oct 27 09:39:00 PM,"19,279,837",False,False,False,BLACK,2.0,FEMALE,"431,122"
"554,849",1,28.0,2.0,Passenger car,1,"214,474",2022 Dec 17 04:46:00 PM,2022 Dec 17 10:46:00 PM,"19,290,969",False,False,False,HISPANIC,2.0,FEMALE,"432,390"
"554,850",1,21.0,2.0,Passenger car,1,"214,474",2022 Dec 17 04:46:00 PM,2022 Dec 17 10:46:00 PM,"19,290,969",False,False,False,HISPANIC,2.0,FEMALE,"432,390"
"554,851",1,2.0,2.0,Passenger car,1,"214,474",2022 Dec 17 04:46:00 PM,2022 Dec 17 10:46:00 PM,"19,290,969",False,False,False,HISPANIC,2.0,FEMALE,"432,390"
"554,852",1,1.0,2.0,Passenger car,1,"214,474",2022 Dec 17 04:46:00 PM,2022 Dec 17 10:46:00 PM,"19,290,969",False,False,False,HISPANIC,1.0,MALE,"432,390"
"555,625",4,22.0,1.0,Motorcycle,3,"215,555",2022 Dec 18 02:44:00 AM,2022 Dec 18 08:44:00 AM,"19,321,449",False,False,False,WHITE,2.0,FEMALE,"434,561"
"555,680",1,22.0,1.0,Passenger car,1,"215,637",2022 Dec 17 01:14:00 AM,2022 Dec 17 07:14:00 AM,"19,330,988",False,False,False,WHITE,2.0,FEMALE,"434,724"
"556,072",1,32.0,1.0,Motorcycle,3,"215,995",2015 Jan 05 08:16:00 AM,2015 Jan 05 02:16:00 PM,"14,206,098",False,True,False,WHITE,1.0,MALE,"435,413"
"556,248",4,32.0,2.0,Large passenger vehicle,2,"216,088",2015 Jan 06 05:04:00 PM,2015 Jan 06 11:04:00 PM,"14,212,227",False,True,False,HISPANIC,1.0,MALE,"435,593"
"556,249",1,37.0,3.0,Passenger car,1,"216,088",2015 Jan 06 05:04:00 PM,2015 Jan 06 11:04:00 PM,"14,212,227",False,True,False,BLACK,2.0,FEMALE,"435,594"
"556,288",1,52.0,2.0,Passenger car,1,"216,108",2015 Jan 08 02:50:00 PM,2015 Jan 08 08:50:00 PM,"14,212,411",False,True,False,HISPANIC,2.0,FEMALE,"435,636"
"556,360",1,62.0,3.0,Passenger car,1,"216,145",2015 Jan 09 07:54:00 AM,2015 Jan 09 01:54:00 PM,"14,215,060",False,True,False,BLACK,2.0,FEMALE,"435,709"
"556,492",1,24.0,2.0,Passenger car,1,"216,219",2015 Jan 10 02:05:00 PM,2015 Jan 10 08:05:00 PM,"14,218,468",False,True,False,HISPANIC,1.0,MALE,"435,848"
"556,686",4,22.0,1.0,Motorcycle,3,"216,327",2015 Jan 13 09:31:00 PM,2015 Jan 14 03:31:00 AM,"14,222,783",False,True,False,WHITE,1.0,MALE,"436,054"
"556,752",1,50.0,1.0,Pedestrian,7,"216,363",2015 Jan 05 08:05:00 PM,2015 Jan 06 02:05:00 AM,"14,223,471",False,True,False,WHITE,1.0,MALE,"436,127"
"556,895",1,32.0,1.0,Pedestrian,7,"216,442",2015 Jan 05 01:50:00 PM,2015 Jan 05 07:50:00 PM,"14,226,532",False,True,False,WHITE,1.0,MALE,"436,275"
"556,933",1,20.0,3.0,Motor vehicle – other,4,"216,462",2015 Jan 05 12:19:00 PM,2015 Jan 05 06:19:00 PM,"14,226,957",False,True,False,BLACK,2.0,FEMALE,"436,316"
"556,962",1,55.0,1.0,Pedestrian,7,"216,475",2015 Jan 07 08:30:00 AM,2015 Jan 07 02:30:00 PM,"14,227,004",False,True,False,WHITE,1.0,MALE,"436,348"
"556,982",1,54.0,,Passenger car,1,"216,485",2015 Jan 10 12:16:00 PM,2015 Jan 10 06:16:00 PM,"14,227,048",False,True,False,,2.0,FEMALE,"436,369"
"557,588",1,26.0,4.0,Passenger car,1,"216,806",2015 Jan 22 06:44:00 AM,2015 Jan 22 12:44:00 PM,"14,235,293",False,True,False,ASIAN,2.0,FEMALE,"437,014"
"557,589",1,42.0,1.0,Passenger car,1,"216,806",2015 Jan 22 06:44:00 AM,2015 Jan 22 12:44:00 PM,"14,235,293",False,True,False,WHITE,2.0,FEMALE,"437,015"
"557,672",4,12.0,3.0,Pedestrian,7,"216,857",2015 Jan 07 06:36:00 PM,2015 Jan 08 12:36:00 AM,"14,236,980",False,True,False,BLACK,2.0,FEMALE,"437,101"
"557,723",4,25.0,2.0,Passenger car,1,"216,888",2015 Jan 09 02:57:00 AM,2015 Jan 09 08:57:00 AM,"14,237,572",False,True,False,HISPANIC,1.0,MALE,"437,153"
"557,919",4,30.0,1.0,Passenger car,1,"216,998",2015 Jan 24 04:17:00 AM,2015 Jan 24 10:17:00 AM,"14,240,926",False,True,False,WHITE,2.0,FEMALE,"437,359"
"557,988",4,49.0,1.0,Pedestrian,7,"217,032",2015 Jan 18 07:37:00 PM,2015 Jan 19 01:37:00 AM,"14,241,555",False,True,False,WHITE,1.0,MALE,"437,433"
"558,120",1,14.0,2.0,Pedestrian,7,"217,103",2015 Jan 15 04:12:00 PM,2015 Jan 15 10:12:00 PM,"14,243,121",False,True,False,HISPANIC,1.0,MALE,"437,572"
"558,140",1,51.0,3.0,Bicycle,5,"217,114",2015 Jan 24 05:38:00 AM,2015 Jan 24 11:38:00 AM,"14,243,394",False,True,False,BLACK,1.0,MALE,"437,597"
"558,191",1,25.0,1.0,Pedestrian,7,"217,139",2015 Jan 21 01:00:00 PM,2015 Jan 21 07:00:00 PM,"14,243,595",False,True,False,WHITE,2.0,FEMALE,"437,651"
"558,277",1,21.0,,Bicycle,5,"217,181",2015 Jan 27 03:25:00 PM,2015 Jan 27 09:25:00 PM,"14,245,420",False,True,False,,1.0,MALE,"437,741"
"558,289",4,,,Passenger car,1,"217,188",2015 Jan 27 09:42:00 PM,2015 Jan 28 03:42:00 AM,"14,245,450",False,True,False,,0.0,UNKNOWN,"437,753"
"558,292",1,25.0,2.0,Passenger car,1,"217,190",2015 Jan 28 07:55:00 AM,2015 Jan 28 01:55:00 PM,"14,245,486",False,True,False,HISPANIC,2.0,FEMALE,"437,756"
"558,382",4,25.0,2.0,Pedestrian,7,"217,236",2015 Jan 10 03:10:00 AM,2015 Jan 10 09:10:00 AM,"14,246,623",False,True,False,HISPANIC,1.0,MALE,"437,854"
"558,391",4,58.0,1.0,Passenger car,1,"217,241",2015 Jan 15 01:40:00 AM,2015 Jan 15 07:40:00 AM,"14,246,860",False,True,False,WHITE,1.0,MALE,"437,863"
"558,465",4,41.0,1.0,Pedestrian,7,"217,279",2015 Jan 20 06:36:00 PM,2015 Jan 21 12:36:00 AM,"14,247,569",False,True,False,WHITE,1.0,MALE,"437,940"
"558,502",1,53.0,1.0,Passenger car,1,"217,295",2015 Jan 29 06:50:00 PM,2015 Jan 30 12:50:00 AM,"14,247,820",False,True,False,WHITE,1.0,MALE,"437,979"
"558,737",1,79.0,1.0,Passenger car,1,"217,421",2015 Jan 28 06:15:00 PM,2015 Jan 29 12:15:00 AM,"14,251,580",False,True,False,WHITE,1.0,MALE,"438,229"
"558,765",1,40.0,4.0,Passenger car,1,"217,434",2015 Jan 30 11:35:00 AM,2015 Jan 30 05:35:00 PM,"14,251,699",False,True,False,ASIAN,2.0,FEMALE,"438,260"
"558,950",1,22.0,2.0,Pedestrian,7,"217,540",2015 Feb 02 03:16:00 PM,2015 Feb 02 09:16:00 PM,"14,253,860",False,True,False,HISPANIC,1.0,MALE,"438,458"
"559,036",1,37.0,2.0,Pedestrian,7,"217,590",2015 Jan 01 12:26:00 AM,2015 Jan 01 06:26:00 AM,"14,255,573",False,True,False,HISPANIC,1.0,MALE,"438,551"
"559,160",4,24.0,1.0,Large passenger vehicle,2,"217,656",2015 Jan 18 09:23:00 PM,2015 Jan 19 03:23:00 AM,"14,257,584",False,True,False,WHITE,1.0,MALE,"438,680"
"559,219",1,12.0,,Pedestrian,7,"217,685",2015 Jan 19 05:18:00 PM,2015 Jan 19 11:18:00 PM,"14,257,759",False,True,False,,1.0,MALE,"438,747"
"559,253",1,27.0,3.0,Pedestrian,7,"217,704",2015 Jan 21 07:18:00 PM,2015 Jan 22 01:18:00 AM,"14,257,778",False,True,False,BLACK,2.0,FEMALE,"438,783"
"559,255",1,59.0,3.0,Pedestrian,7,"217,705",2015 Jan 21 07:40:00 PM,2015 Jan 22 01:40:00 AM,"14,257,779",False,True,False,BLACK,1.0,MALE,"438,785"
"559,270",1,65.0,3.0,Pedestrian,7,"217,713",2015 Feb 04 05:15:00 PM,2015 Feb 04 11:15:00 PM,"14,257,790",False,True,False,BLACK,2.0,FEMALE,"438,800"
"559,276",1,27.0,2.0,Passenger car,1,"217,717",2015 Feb 05 06:56:00 AM,2015 Feb 05 12:56:00 PM,"14,257,795",False,True,False,HISPANIC,1.0,MALE,"438,806"
"560,018",1,20.0,3.0,Passenger car,1,"218,115",2015 Feb 10 10:27:00 AM,2015 Feb 10 04:27:00 PM,"14,266,518",False,True,False,BLACK,1.0,MALE,"439,595"
"560,069",1,45.0,1.0,Passenger car,1,"218,143",2015 Feb 10 04:01:00 PM,2015 Feb 10 10:01:00 PM,"14,267,096",False,True,False,WHITE,2.0,FEMALE,"439,649"
"560,249",1,31.0,1.0,Passenger car,1,"218,234",2015 Feb 11 06:22:00 PM,2015 Feb 12 12:22:00 AM,"14,270,276",False,True,False,WHITE,2.0,FEMALE,"439,836"
"560,380",1,21.0,2.0,Passenger car,1,"218,304",2015 Feb 04 10:05:00 PM,2015 Feb 05 04:05:00 AM,"14,271,485",False,True,False,HISPANIC,1.0,MALE,"439,969"
"560,381",1,53.0,1.0,Pedestrian,7,"218,304",2015 Feb 04 10:05:00 PM,2015 Feb 05 04:05:00 AM,"14,271,485",False,True,False,WHITE,1.0,MALE,"439,970"
"560,743",1,52.0,2.0,Pedestrian,7,"218,504",2015 Feb 04 09:03:00 PM,2015 Feb 05 03:03:00 AM,"14,280,453",False,True,False,HISPANIC,2.0,FEMALE,"440,361"
"560,939",1,42.0,,Pedestrian,7,"218,606",2015 Feb 15 07:20:00 PM,2015 Feb 16 01:20:00 AM,"14,281,288",False,True,False,,2.0,FEMALE,"440,574"
"560,946",1,62.0,1.0,Large passenger vehicle,2,"218,611",2015 Feb 15 05:20:00 PM,2015 Feb 15 11:20:00 PM,"14,281,313",False,True,False,WHITE,2.0,FEMALE,"440,582"
"560,947",1,25.0,2.0,Large passenger vehicle,2,"218,611",2015 Feb 15 05:20:00 PM,2015 Feb 15 11:20:00 PM,"14,281,313",False,True,False,HISPANIC,2.0,FEMALE,"440,583"
"560,975",1,22.0,1.0,Passenger car,1,"218,629",2015 Feb 16 04:08:00 PM,2015 Feb 16 10:08:00 PM,"14,281,377",False,True,False,WHITE,2.0,FEMALE,"440,617"
"561,441",1,21.0,2.0,Passenger car,1,"218,881",2015 Feb 18 12:06:00 AM,2015 Feb 18 06:06:00 AM,"14,289,849",False,True,False,HISPANIC,1.0,MALE,"441,122"
"561,464",1,50.0,2.0,Large passenger vehicle,2,"218,889",2015 Feb 19 04:56:00 PM,2015 Feb 19 10:56:00 PM,"14,289,921",False,True,False,HISPANIC,2.0,FEMALE,"441,145"
"561,581",1,52.0,1.0,Passenger car,1,"218,953",2015 Feb 06 07:05:00 PM,2015 Feb 07 01:05:00 AM,"14,290,540",False,True,False,WHITE,1.0,MALE,"441,269"
"561,585",1,22.0,1.0,Bicycle,5,"218,956",2015 Feb 11 10:05:00 PM,2015 Feb 12 04:05:00 AM,"14,290,543",False,True,False,WHITE,2.0,FEMALE,"441,273"
"561,694",4,37.0,4.0,Large passenger vehicle,2,"219,018",2015 Feb 22 06:13:00 AM,2015 Feb 22 12:13:00 PM,"14,292,614",False,True,False,ASIAN,1.0,MALE,"441,392"
"561,811",1,48.0,3.0,Passenger car,1,"219,073",2015 Feb 24 02:21:00 PM,2015 Feb 24 08:21:00 PM,"14,293,106",False,True,False,BLACK,2.0,FEMALE,"441,518"
"561,870",1,28.0,2.0,Passenger car,1,"219,103",2015 Feb 08 02:50:00 PM,2015 Feb 08 08:50:00 PM,"14,294,051",False,True,False,HISPANIC,2.0,FEMALE,"441,579"
"561,871",1,34.0,1.0,Passenger car,1,"219,103",2015 Feb 08 02:50:00 PM,2015 Feb 08 08:50:00 PM,"14,294,051",False,True,False,WHITE,1.0,MALE,"441,580"
"562,030",4,82.0,1.0,Large passenger vehicle,2,"219,187",2015 Feb 12 12:23:00 PM,2015 Feb 12 06:23:00 PM,"14,296,473",False,True,False,WHITE,2.0,FEMALE,"441,747"
"562,062",1,46.0,1.0,Passenger car,1,"219,201",2015 Feb 24 10:33:00 AM,2015 Feb 24 04:33:00 PM,"14,296,598",False,True,False,WHITE,1.0,MALE,"441,781"
"562,215",1,,2.0,Bicycle,5,"219,280",2015 Feb 21 12:35:00 PM,2015 Feb 21 06:35:00 PM,"14,298,031",False,True,False,HISPANIC,1.0,MALE,"441,941"
"562,308",1,17.0,2.0,Motorcycle,3,"219,331",2015 Feb 10 08:41:00 AM,2015 Feb 10 02:41:00 PM,"14,298,895",False,True,False,HISPANIC,1.0,MALE,"442,037"
"562,565",1,27.0,2.0,Passenger car,1,"219,476",2015 Mar 02 02:35:00 AM,2015 Mar 02 08:35:00 AM,"14,306,311",False,True,False,HISPANIC,1.0,MALE,"442,304"
"562,778",1,29.0,1.0,Passenger car,1,"219,596",2015 Feb 25 07:16:00 PM,2015 Feb 26 01:16:00 AM,"14,311,483",False,True,False,WHITE,1.0,MALE,"442,529"
"562,783",1,23.0,1.0,Passenger car,1,"219,598",2015 Jan 21 01:12:00 PM,2015 Jan 21 07:12:00 PM,"14,311,619",False,True,False,WHITE,2.0,FEMALE,"442,534"
"563,320",1,19.0,1.0,Passenger car,1,"219,878",2015 Mar 09 05:44:00 AM,2015 Mar 09 10:44:00 AM,"14,315,986",False,True,False,WHITE,1.0,MALE,"443,100"
"563,397",4,30.0,1.0,Passenger car,1,"219,917",2015 Feb 23 01:17:00 AM,2015 Feb 23 07:17:00 AM,"14,318,250",False,True,False,WHITE,1.0,MALE,"443,181"
"563,649",1,24.0,1.0,Motorcycle,3,"220,057",2015 Mar 12 11:47:00 AM,2015 Mar 12 04:47:00 PM,"14,321,328",False,True,False,WHITE,2.0,FEMALE,"443,455"
"563,802",1,26.0,1.0,Passenger car,1,"220,149",2015 Mar 08 04:03:00 PM,2015 Mar 08 09:03:00 PM,"14,326,487",False,True,False,WHITE,1.0,MALE,"443,620"
"563,819",1,29.0,,Bicycle,5,"220,155",2015 Mar 11 10:59:00 PM,2015 Mar 12 03:59:00 AM,"14,326,544",False,True,False,,2.0,FEMALE,"443,637"
"563,824",1,22.0,1.0,Passenger car,1,"220,158",2015 Mar 12 04:29:00 PM,2015 Mar 12 09:29:00 PM,"14,326,643",False,True,False,WHITE,1.0,MALE,"443,642"
"563,866",1,51.0,1.0,Bicycle,5,"220,178",2015 Mar 13 12:29:00 PM,2015 Mar 13 05:29:00 PM,"14,326,815",False,True,False,WHITE,1.0,MALE,"443,687"
"563,883",1,23.0,,Motorcycle,3,"220,186",2015 Mar 13 06:24:00 PM,2015 Mar 13 11:24:00 PM,"14,326,969",False,True,False,,2.0,FEMALE,"443,704"
"563,960",1,49.0,1.0,Motorcycle,3,"220,226",2015 Feb 23 05:45:00 PM,2015 Feb 23 11:45:00 PM,"14,327,633",False,True,False,WHITE,1.0,MALE,"443,788"
"563,991",1,19.0,2.0,Passenger car,1,"220,241",2015 Feb 25 05:53:00 AM,2015 Feb 25 11:53:00 AM,"14,327,686",False,True,False,HISPANIC,1.0,MALE,"443,820"
"564,054",1,33.0,1.0,Pedestrian,7,"220,273",2015 Mar 15 02:19:00 AM,2015 Mar 15 07:19:00 AM,"14,327,813",False,True,False,WHITE,1.0,MALE,"443,888"
"564,154",1,30.0,0.0,Motor vehicle – other,4,"220,329",2015 Mar 16 03:31:00 AM,2015 Mar 16 08:31:00 AM,"14,329,323",False,True,False,UNKNOWN,1.0,MALE,"443,999"
"564,157",1,50.0,1.0,Large passenger vehicle,2,"220,330",2015 Mar 16 03:09:00 PM,2015 Mar 16 08:09:00 PM,"14,329,324",False,True,False,WHITE,2.0,FEMALE,"444,004"
"564,176",4,49.0,2.0,Pedestrian,7,"220,340",2015 Feb 11 02:46:00 AM,2015 Feb 11 08:46:00 AM,"14,329,590",False,True,False,HISPANIC,1.0,MALE,"444,024"
"564,240",1,30.0,1.0,Large passenger vehicle,2,"220,371",2015 Mar 17 02:23:00 PM,2015 Mar 17 07:23:00 PM,"14,330,067",False,True,False,WHITE,1.0,MALE,"444,092"
"564,402",4,22.0,2.0,Passenger car,1,"220,461",2015 Feb 15 01:07:00 AM,2015 Feb 15 07:07:00 AM,"14,334,262",False,True,False,HISPANIC,1.0,MALE,"444,266"
"564,453",1,34.0,3.0,Passenger car,1,"220,489",2015 Feb 28 06:24:00 PM,2015 Mar 01 12:24:00 AM,"14,334,387",False,True,False,BLACK,1.0,MALE,"444,319"
"564,581",1,26.0,,Passenger car,1,"220,557",2015 Mar 19 06:45:00 AM,2015 Mar 19 11:45:00 AM,"14,334,666",False,True,False,,2.0,FEMALE,"444,451"
"564,587",1,86.0,1.0,Passenger car,1,"220,560",2015 Mar 19 10:18:00 AM,2015 Mar 19 03:18:00 PM,"14,334,669",False,True,False,WHITE,1.0,MALE,"444,457"
"564,782",1,31.0,3.0,Pedestrian,7,"220,665",2015 Mar 09 10:02:00 PM,2015 Mar 10 03:02:00 AM,"14,340,212",False,True,False,BLACK,2.0,FEMALE,"444,672"
"564,864",1,22.0,1.0,Motorcycle,3,"220,716",2015 Mar 05 08:59:00 PM,2015 Mar 06 02:59:00 AM,"14,341,228",False,True,False,WHITE,2.0,FEMALE,"444,760"
"564,876",1,48.0,2.0,Pedestrian,7,"220,722",2015 Mar 06 08:21:00 PM,2015 Mar 07 02:21:00 AM,"14,341,261",False,True,False,HISPANIC,1.0,MALE,"444,772"
"564,877",1,41.0,1.0,Passenger car,1,"220,723",2015 Mar 06 09:17:00 PM,2015 Mar 07 03:17:00 AM,"14,341,262",False,True,False,WHITE,2.0,FEMALE,"444,773"
"564,966",1,22.0,1.0,Pedestrian,7,"220,768",2015 Mar 18 11:44:00 PM,2015 Mar 19 04:44:00 AM,"14,341,470",False,True,False,WHITE,2.0,FEMALE,"444,867"
"565,005",1,,2.0,Pedestrian,7,"220,789",2015 Mar 19 09:02:00 PM,2015 Mar 20 02:02:00 AM,"14,341,537",False,True,False,HISPANIC,1.0,MALE,"444,912"
"565,113",4,26.0,1.0,Motorcycle,3,"220,844",2015 Mar 23 03:39:00 PM,2015 Mar 23 08:39:00 PM,"14,341,897",False,True,False,WHITE,1.0,MALE,"445,023"
"565,199",1,17.0,2.0,Large passenger vehicle,2,"220,893",2015 Mar 10 06:28:00 AM,2015 Mar 10 11:28:00 AM,"14,342,754",False,True,False,HISPANIC,2.0,FEMALE,"445,113"
"565,307",1,28.0,1.0,Pedestrian,7,"220,948",2015 Mar 22 09:25:00 PM,2015 Mar 23 02:25:00 AM,"14,343,348",False,True,False,WHITE,1.0,MALE,"445,224"
"565,449",1,18.0,1.0,Large passenger vehicle,2,"221,016",2015 Mar 17 09:29:00 PM,2015 Mar 18 02:29:00 AM,"14,344,636",False,True,False,WHITE,2.0,FEMALE,"445,372"
"565,491",1,36.0,1.0,Motorcycle,3,"221,035",2015 Mar 25 06:28:00 PM,2015 Mar 25 11:28:00 PM,"14,344,906",False,True,False,WHITE,1.0,MALE,"445,418"
"565,512",4,39.0,2.0,Pedestrian,7,"221,047",2015 Mar 15 03:27:00 AM,2015 Mar 15 08:27:00 AM,"14,345,291",False,True,False,HISPANIC,1.0,MALE,"445,443"
"565,697",1,23.0,1.0,Pedestrian,7,"221,144",2015 Mar 17 10:17:00 PM,2015 Mar 18 03:17:00 AM,"14,347,356",False,True,False,WHITE,2.0,FEMALE,"445,635"
"565,718",1,23.0,1.0,Bicycle,5,"221,155",2015 Mar 19 09:05:00 PM,2015 Mar 20 02:05:00 AM,"14,347,436",False,True,False,WHITE,2.0,FEMALE,"445,656"
"565,942",1,20.0,1.0,Pedestrian,7,"221,279",2015 Mar 21 01:13:00 AM,2015 Mar 21 06:13:00 AM,"14,350,966",False,True,False,WHITE,1.0,MALE,"445,900"
"565,985",1,28.0,1.0,Motorcycle,3,"221,300",2015 Mar 23 04:10:00 PM,2015 Mar 23 09:10:00 PM,"14,351,250",False,True,False,WHITE,1.0,MALE,"445,945"
"566,038",1,67.0,3.0,Pedestrian,7,"221,330",2015 Mar 23 10:31:00 PM,2015 Mar 24 03:31:00 AM,"14,351,585",False,True,False,BLACK,2.0,FEMALE,"446,002"
"566,039",1,44.0,2.0,Large passenger vehicle,2,"221,331",2015 Mar 23 09:02:00 PM,2015 Mar 24 02:02:00 AM,"14,351,586",False,True,False,HISPANIC,2.0,FEMALE,"446,003"
"566,148",4,20.0,1.0,Motorcycle,3,"221,384",2015 Mar 29 01:17:00 AM,2015 Mar 29 06:17:00 AM,"14,351,793",False,True,False,WHITE,1.0,MALE,"446,117"
"566,195",4,24.0,1.0,Motorcycle,3,"221,412",2015 Mar 30 06:50:00 AM,2015 Mar 30 11:50:00 AM,"14,351,875",False,True,False,WHITE,2.0,FEMALE,"446,172"
"566,519",1,35.0,1.0,Motorcycle,3,"221,582",2015 Mar 31 09:14:00 PM,2015 Apr 01 02:14:00 AM,"14,356,240",False,True,False,WHITE,1.0,MALE,"446,515"
"566,792",1,61.0,3.0,Pedestrian,7,"221,727",2015 Mar 20 04:38:00 PM,2015 Mar 20 09:38:00 PM,"14,360,187",False,True,False,BLACK,1.0,MALE,"446,810"
"566,850",4,27.0,1.0,Passenger car,1,"221,758",2015 Mar 23 09:03:00 PM,2015 Mar 24 02:03:00 AM,"14,360,324",False,True,False,WHITE,1.0,MALE,"446,869"
"566,851",1,44.0,2.0,Large passenger vehicle,2,"221,758",2015 Mar 23 09:03:00 PM,2015 Mar 24 02:03:00 AM,"14,360,324",False,True,False,HISPANIC,2.0,FEMALE,"446,870"
"566,931",4,18.0,1.0,Large passenger vehicle,2,"221,800",2015 Mar 28 04:12:00 AM,2015 Mar 28 09:12:00 AM,"14,360,461",False,True,False,WHITE,1.0,MALE,"446,957"
"567,154",1,35.0,1.0,Motorcycle,3,"221,930",2015 Mar 14 05:49:00 PM,2015 Mar 14 10:49:00 PM,"14,363,340",False,True,False,WHITE,1.0,MALE,"447,192"
"567,234",1,18.0,2.0,Passenger car,1,"221,974",2015 Apr 04 01:13:00 AM,2015 Apr 04 06:13:00 AM,"14,364,017",False,True,False,HISPANIC,1.0,MALE,"447,273"
"567,290",1,24.0,3.0,Passenger car,1,"222,004",2015 Apr 05 02:15:00 PM,2015 Apr 05 07:15:00 PM,"14,364,292",False,True,False,BLACK,1.0,MALE,"447,336"
"567,292",1,52.0,3.0,Passenger car,1,"222,004",2015 Apr 05 02:15:00 PM,2015 Apr 05 07:15:00 PM,"14,364,292",False,True,False,BLACK,1.0,MALE,"447,338"
"567,392",4,42.0,3.0,Motorcycle,3,"222,055",2015 Mar 28 06:07:00 PM,2015 Mar 28 11:07:00 PM,"14,365,770",False,True,False,BLACK,1.0,MALE,"447,444"
"567,393",1,42.0,3.0,Motorcycle,3,"222,055",2015 Mar 28 06:07:00 PM,2015 Mar 28 11:07:00 PM,"14,365,770",False,True,False,BLACK,2.0,FEMALE,"447,445"
"567,471",1,21.0,2.0,Passenger car,1,"222,093",2015 Mar 31 10:59:00 PM,2015 Apr 01 03:59:00 AM,"14,366,319",False,True,False,HISPANIC,2.0,FEMALE,"447,530"
"567,618",4,24.0,3.0,Passenger car,1,"222,169",2015 Mar 18 02:23:00 AM,2015 Mar 18 07:23:00 AM,"14,368,451",False,True,False,BLACK,1.0,MALE,"447,687"
"567,623",4,43.0,,Large passenger vehicle,2,"222,172",2015 Mar 27 07:17:00 PM,2015 Mar 28 12:17:00 AM,"14,368,484",False,True,False,,1.0,MALE,"447,692"
"567,625",1,29.0,1.0,Bicycle,5,"222,173",2015 Apr 01 09:16:00 PM,2015 Apr 02 02:16:00 AM,"14,368,486",False,True,False,WHITE,2.0,FEMALE,"447,694"
"567,656",1,22.0,3.0,Passenger car,1,"222,189",2015 Apr 07 11:15:00 AM,2015 Apr 07 04:15:00 PM,"14,368,583",False,True,False,BLACK,2.0,FEMALE,"447,725"
"567,874",4,15.0,2.0,Pedestrian,7,"222,305",2015 Mar 19 10:32:00 PM,2015 Mar 20 03:32:00 AM,"14,372,493",False,True,False,HISPANIC,2.0,FEMALE,"447,967"
"568,270",1,,1.0,Pedestrian,7,"222,520",2015 Apr 10 06:52:00 AM,2015 Apr 10 11:52:00 AM,"14,376,215",False,True,False,WHITE,1.0,MALE,"448,384"
"568,274",1,62.0,2.0,Large passenger vehicle,2,"222,523",2015 Apr 10 08:00:00 AM,2015 Apr 10 01:00:00 PM,"14,376,219",False,True,False,HISPANIC,1.0,MALE,"448,388"
"568,378",1,35.0,3.0,Passenger car,1,"222,587",2015 Apr 13 06:43:00 AM,2015 Apr 13 11:43:00 AM,"14,376,917",False,True,False,BLACK,2.0,FEMALE,"448,503"
"568,723",1,45.0,1.0,Passenger car,1,"222,771",2015 Apr 14 08:24:00 PM,2015 Apr 15 01:24:00 AM,"14,381,347",False,True,False,WHITE,2.0,FEMALE,"448,866"
"568,724",1,22.0,2.0,Passenger car,1,"222,771",2015 Apr 14 08:24:00 PM,2015 Apr 15 01:24:00 AM,"14,381,347",False,True,False,HISPANIC,1.0,MALE,"448,867"
"568,828",1,52.0,1.0,Large passenger vehicle,2,"222,823",2015 Apr 04 11:59:00 PM,2015 Apr 05 04:59:00 AM,"14,383,807",False,True,False,WHITE,2.0,FEMALE,"448,976"
"568,914",1,63.0,1.0,Bicycle,5,"222,870",2015 Apr 12 07:58:00 PM,2015 Apr 13 12:58:00 AM,"14,384,049",False,True,False,WHITE,1.0,MALE,"449,063"
"568,986",1,31.0,1.0,Large passenger vehicle,2,"222,905",2015 Apr 16 09:09:00 AM,2015 Apr 16 02:09:00 PM,"14,384,185",False,True,False,WHITE,2.0,FEMALE,"449,137"
"569,440",1,53.0,3.0,Large passenger vehicle,2,"223,166",2015 Apr 12 06:50:00 PM,2015 Apr 12 11:50:00 PM,"14,392,558",False,True,False,BLACK,2.0,FEMALE,"449,624"
"569,574",1,21.0,1.0,Passenger car,1,"223,235",2015 Apr 17 08:35:00 AM,2015 Apr 17 01:35:00 PM,"14,393,415",False,True,False,WHITE,2.0,FEMALE,"449,763"
"569,701",1,19.0,1.0,Passenger car,1,"223,302",2015 Apr 16 08:09:00 PM,2015 Apr 17 01:09:00 AM,"14,394,249",False,True,False,WHITE,2.0,FEMALE,"449,897"
"570,072",1,43.0,3.0,Passenger car,1,"223,500",2015 Apr 24 07:35:00 AM,2015 Apr 24 12:35:00 PM,"14,398,524",False,True,False,BLACK,2.0,FEMALE,"450,293"
"570,493",1,57.0,1.0,Large passenger vehicle,2,"223,730",2015 Apr 25 10:12:00 AM,2015 Apr 25 03:12:00 PM,"14,403,254",False,True,False,WHITE,1.0,MALE,"450,742"
"570,565",1,37.0,1.0,Passenger car,1,"223,769",2015 Apr 26 07:04:00 PM,2015 Apr 27 12:04:00 AM,"14,403,572",False,True,False,WHITE,1.0,MALE,"450,820"
"570,642",1,22.0,1.0,Large passenger vehicle,2,"223,812",2015 Apr 19 12:06:00 AM,2015 Apr 19 05:06:00 AM,"14,404,468",False,True,False,WHITE,1.0,MALE,"450,903"
"570,662",1,50.0,2.0,Motorcycle,3,"223,822",2015 Apr 27 06:40:00 AM,2015 Apr 27 11:40:00 AM,"14,404,741",False,True,False,HISPANIC,1.0,MALE,"450,923"
"570,685",1,46.0,2.0,Large passenger vehicle,2,"223,832",2015 Apr 21 05:50:00 PM,2015 Apr 21 10:50:00 PM,"14,404,973",False,True,False,HISPANIC,1.0,MALE,"450,948"
"570,959",4,20.0,3.0,Passenger car,1,"223,975",2015 Apr 12 10:31:00 PM,2015 Apr 13 03:31:00 AM,"14,408,637",False,True,False,BLACK,2.0,FEMALE,"451,236"
"570,964",4,48.0,1.0,Motorcycle,3,"223,978",2015 Apr 22 08:52:00 PM,2015 Apr 23 01:52:00 AM,"14,408,692",False,True,False,WHITE,1.0,MALE,"451,241"
"570,974",1,23.0,2.0,Passenger car,1,"223,983",2015 Apr 24 02:26:00 AM,2015 Apr 24 07:26:00 AM,"14,408,734",False,True,False,HISPANIC,2.0,FEMALE,"451,251"
"571,018",1,37.0,3.0,Passenger car,1,"224,004",2015 Apr 29 09:29:00 AM,2015 Apr 29 02:29:00 PM,"14,408,891",False,True,False,BLACK,1.0,MALE,"451,297"
"571,019",1,40.0,3.0,Large passenger vehicle,2,"224,004",2015 Apr 29 09:29:00 AM,2015 Apr 29 02:29:00 PM,"14,408,891",False,True,False,BLACK,2.0,FEMALE,"451,298"
"571,022",4,34.0,0.0,Motorcycle,3,"224,006",2015 Apr 29 08:35:00 AM,2015 Apr 29 01:35:00 PM,"14,408,910",False,True,False,UNKNOWN,1.0,MALE,"451,301"
"571,123",1,37.0,1.0,Passenger car,1,"224,062",2015 Apr 29 01:14:00 AM,2015 Apr 29 06:14:00 AM,"14,410,401",False,True,False,WHITE,1.0,MALE,"451,407"
"571,472",4,50.0,2.0,Passenger car,1,"224,251",2015 May 01 09:17:00 AM,2015 May 01 02:17:00 PM,"14,415,145",False,True,False,HISPANIC,2.0,FEMALE,"451,777"
"571,493",1,80.0,3.0,Passenger car,1,"224,261",2015 May 01 04:00:00 PM,2015 May 01 09:00:00 PM,"14,415,171",False,True,False,BLACK,2.0,FEMALE,"451,798"
"571,527",1,17.0,2.0,Passenger car,1,"224,278",2015 May 02 02:42:00 PM,2015 May 02 07:42:00 PM,"14,415,213",False,True,False,HISPANIC,2.0,FEMALE,"451,834"
"571,532",1,60.0,1.0,Bicycle,5,"224,280",2015 May 02 06:37:00 PM,2015 May 02 11:37:00 PM,"14,415,232",False,True,False,WHITE,2.0,FEMALE,"451,839"
"571,560",1,45.0,1.0,Motorcycle,3,"224,294",2015 May 03 07:30:00 PM,2015 May 04 12:30:00 AM,"14,415,295",False,True,False,WHITE,1.0,MALE,"451,867"
"571,634",1,32.0,2.0,Large passenger vehicle,2,"224,335",2015 Apr 30 09:26:00 PM,2015 May 01 02:26:00 AM,"14,416,685",False,True,False,HISPANIC,1.0,MALE,"451,947"
"571,780",1,61.0,1.0,Large passenger vehicle,2,"224,418",2015 Apr 30 03:42:00 PM,2015 Apr 30 08:42:00 PM,"14,418,470",False,True,False,WHITE,2.0,FEMALE,"452,105"
"571,820",1,22.0,1.0,Motorcycle,3,"224,439",2015 Apr 29 04:12:00 PM,2015 Apr 29 09:12:00 PM,"14,418,688",False,True,False,WHITE,1.0,MALE,"452,150"
"572,125",1,23.0,2.0,Passenger car,1,"224,604",2015 Apr 11 02:37:00 AM,2015 Apr 11 07:37:00 AM,"14,423,126",False,True,False,HISPANIC,2.0,FEMALE,"452,478"
"572,147",4,26.0,1.0,Pedestrian,7,"224,613",2015 Apr 22 05:59:00 AM,2015 Apr 22 10:59:00 AM,"14,423,177",False,True,False,WHITE,1.0,MALE,"452,501"
"572,148",4,34.0,3.0,Pedestrian,7,"224,613",2015 Apr 22 05:59:00 AM,2015 Apr 22 10:59:00 AM,"14,423,177",False,True,False,BLACK,1.0,MALE,"452,502"
"572,161",4,29.0,1.0,Pedestrian,7,"224,619",2015 Apr 26 02:24:00 AM,2015 Apr 26 07:24:00 AM,"14,423,214",False,True,False,WHITE,1.0,MALE,"452,515"
"572,204",1,51.0,1.0,Pedestrian,7,"224,639",2015 May 01 09:16:00 PM,2015 May 02 02:16:00 AM,"14,423,472",False,True,False,WHITE,1.0,MALE,"452,561"
"572,214",4,53.0,1.0,Pedestrian,7,"224,644",2015 May 04 12:12:00 AM,2015 May 04 05:12:00 AM,"14,423,483",False,True,False,WHITE,1.0,MALE,"452,571"
"572,470",1,43.0,3.0,Passenger car,1,"224,784",2015 May 04 11:54:00 PM,2015 May 05 04:54:00 AM,"14,426,304",False,True,False,BLACK,1.0,MALE,"452,841"
"572,579",1,54.0,1.0,Large passenger vehicle,2,"224,843",2015 May 09 10:55:00 AM,2015 May 09 03:55:00 PM,"14,426,886",False,True,False,WHITE,1.0,MALE,"452,957"
"572,602",1,,2.0,Large passenger vehicle,2,"224,855",2015 May 10 09:27:00 PM,2015 May 11 02:27:00 AM,"14,427,036",False,True,False,HISPANIC,2.0,FEMALE,"452,981"
"572,695",1,34.0,1.0,Motorcycle,3,"224,906",2015 May 02 02:11:00 AM,2015 May 02 07:11:00 AM,"14,428,435",False,True,False,WHITE,1.0,MALE,"453,083"
"572,835",1,25.0,1.0,Passenger car,1,"224,985",2015 May 11 05:12:00 PM,2015 May 11 10:12:00 PM,"14,429,416",False,True,False,WHITE,2.0,FEMALE,"453,237"
"572,843",1,26.0,1.0,Motorcycle,3,"224,989",2015 May 11 10:42:00 PM,2015 May 12 03:42:00 AM,"14,429,437",False,True,False,WHITE,2.0,FEMALE,"453,245"
"572,960",1,81.0,2.0,Pedestrian,7,"225,056",2015 Apr 23 08:41:00 AM,2015 Apr 23 01:41:00 PM,"14,431,733",False,True,False,HISPANIC,2.0,FEMALE,"453,372"
"572,973",1,36.0,1.0,Bicycle,5,"225,063",2015 Apr 29 05:26:00 PM,2015 Apr 29 10:26:00 PM,"14,431,782",False,True,False,WHITE,1.0,MALE,"453,385"
"573,131",1,31.0,1.0,Large passenger vehicle,2,"225,149",2015 May 11 09:40:00 AM,2015 May 11 02:40:00 PM,"14,433,511",False,True,False,WHITE,1.0,MALE,"453,550"
"573,616",1,35.0,2.0,Large passenger vehicle,2,"225,413",2015 May 14 06:31:00 AM,2015 May 14 11:31:00 AM,"14,440,058",False,True,False,HISPANIC,2.0,FEMALE,"454,062"
"573,645",1,30.0,1.0,Motorcycle,3,"225,428",2015 May 14 06:00:00 PM,2015 May 14 11:00:00 PM,"14,440,130",False,True,False,WHITE,1.0,MALE,"454,091"
"573,713",4,59.0,2.0,Pedestrian,7,"225,461",2015 May 15 08:48:00 PM,2015 May 16 01:48:00 AM,"14,440,279",False,True,False,HISPANIC,1.0,MALE,"454,162"
"573,851",1,37.0,5.0,Passenger car,1,"225,533",2015 May 10 08:04:00 PM,2015 May 11 01:04:00 AM,"14,441,847",False,True,False,OTHER,1.0,MALE,"454,307"
"574,257",4,39.0,1.0,Motorcycle,3,"225,756",2015 May 16 01:08:00 AM,2015 May 16 06:08:00 AM,"14,448,363",False,True,False,WHITE,1.0,MALE,"454,740"
"574,611",1,47.0,2.0,Pedestrian,7,"225,945",2015 Apr 18 10:40:00 PM,2015 Apr 19 03:40:00 AM,"14,452,685",False,True,False,HISPANIC,2.0,FEMALE,"455,113"
"574,660",1,36.0,1.0,Large passenger vehicle,2,"225,971",2015 May 14 04:41:00 PM,2015 May 14 09:41:00 PM,"14,453,031",False,True,False,WHITE,1.0,MALE,"455,165"
"574,728",1,28.0,1.0,Pedestrian,7,"226,007",2015 May 16 05:49:00 PM,2015 May 16 10:49:00 PM,"14,453,381",False,True,False,WHITE,1.0,MALE,"455,240"
"574,750",1,28.0,3.0,Passenger car,1,"226,019",2015 May 21 02:07:00 AM,2015 May 21 07:07:00 AM,"14,453,476",False,True,False,BLACK,1.0,MALE,"455,263"
"574,834",1,31.0,2.0,Large passenger vehicle,2,"226,064",2015 May 23 12:28:00 AM,2015 May 23 05:28:00 AM,"14,453,650",False,True,False,HISPANIC,1.0,MALE,"455,349"
"574,835",1,27.0,4.0,Large passenger vehicle,2,"226,064",2015 May 23 12:28:00 AM,2015 May 23 05:28:00 AM,"14,453,650",False,True,False,ASIAN,1.0,MALE,"455,350"
"574,889",1,46.0,1.0,Motorcycle,3,"226,097",2015 May 24 08:20:00 PM,2015 May 25 01:20:00 AM,"14,453,764",False,True,False,WHITE,1.0,MALE,"455,406"
"574,897",1,16.0,2.0,Pedestrian,7,"226,100",2015 May 24 03:21:00 AM,2015 May 24 08:21:00 AM,"14,453,783",False,True,False,HISPANIC,2.0,FEMALE,"455,414"
"574,958",1,19.0,1.0,Passenger car,1,"226,136",2015 May 19 01:33:00 PM,2015 May 19 06:33:00 PM,"14,454,522",False,True,False,WHITE,2.0,FEMALE,"455,481"
"574,959",1,30.0,1.0,Large passenger vehicle,2,"226,136",2015 May 19 01:33:00 PM,2015 May 19 06:33:00 PM,"14,454,522",False,True,False,WHITE,2.0,FEMALE,"455,482"
"575,295",1,30.0,2.0,Large passenger vehicle,2,"226,318",2015 May 10 03:24:00 AM,2015 May 10 08:24:00 AM,"14,459,428",False,True,False,HISPANIC,1.0,MALE,"455,840"
"575,297",1,30.0,2.0,Large passenger vehicle,2,"226,319",2015 May 10 03:24:00 AM,2015 May 10 08:24:00 AM,"14,459,429",False,True,False,HISPANIC,1.0,MALE,"455,842"
"575,429",1,43.0,1.0,Motorcycle,3,"226,384",2015 May 28 09:13:00 AM,2015 May 28 02:13:00 PM,"14,459,781",False,True,False,WHITE,1.0,MALE,"455,977"
"575,628",1,27.0,1.0,Passenger car,1,"226,494",2015 Apr 24 10:19:00 AM,2015 Apr 24 03:19:00 PM,"14,462,530",False,True,False,WHITE,2.0,FEMALE,"456,191"
"575,733",1,29.0,3.0,Passenger car,1,"226,551",2015 May 29 06:26:00 PM,2015 May 29 11:26:00 PM,"14,463,275",False,True,False,BLACK,1.0,MALE,"456,300"
"575,773",1,43.0,1.0,Large passenger vehicle,2,"226,574",2015 Jun 01 09:37:00 AM,2015 Jun 01 02:37:00 PM,"14,463,459",False,True,False,WHITE,1.0,MALE,"456,344"
"575,817",1,23.0,1.0,Passenger car,1,"226,601",2015 May 21 04:19:00 AM,2015 May 21 09:19:00 AM,"14,464,962",False,True,False,WHITE,2.0,FEMALE,"456,390"
"575,873",1,36.0,1.0,Bicycle,5,"226,630",2015 May 30 04:50:00 PM,2015 May 30 09:50:00 PM,"14,465,210",False,True,False,WHITE,1.0,MALE,"456,449"
"576,017",1,24.0,5.0,Motorcycle,3,"226,701",2015 May 29 07:54:00 PM,2015 May 30 12:54:00 AM,"14,466,813",False,True,False,OTHER,1.0,MALE,"456,599"
"576,104",1,35.0,2.0,Large passenger vehicle,2,"226,744",2015 May 22 03:50:00 PM,2015 May 22 08:50:00 PM,"14,467,256",False,True,False,HISPANIC,1.0,MALE,"456,688"
"576,222",4,55.0,1.0,Pedestrian,7,"226,803",2015 Jun 01 09:55:00 AM,2015 Jun 01 02:55:00 PM,"14,468,942",False,True,False,WHITE,2.0,FEMALE,"456,810"
"576,273",1,33.0,3.0,Passenger car,1,"226,834",2015 May 25 10:26:00 AM,2015 May 25 03:26:00 PM,"14,469,169",False,True,False,BLACK,1.0,MALE,"456,864"
"576,977",1,35.0,1.0,Motorcycle,3,"227,196",2015 Jun 07 10:15:00 AM,2015 Jun 07 03:15:00 PM,"14,475,263",False,True,False,WHITE,1.0,MALE,"457,607"
"577,239",4,20.0,2.0,Pedestrian,7,"227,338",2015 May 22 02:22:00 AM,2015 May 22 07:22:00 AM,"14,478,892",False,True,False,HISPANIC,2.0,FEMALE,"457,886"
"577,266",4,29.0,1.0,Passenger car,1,"227,356",2015 May 27 09:30:00 PM,2015 May 28 02:30:00 AM,"14,479,182",False,True,False,WHITE,1.0,MALE,"457,915"
"577,323",4,46.0,2.0,Pedestrian,7,"227,387",2015 Jun 06 11:04:00 PM,2015 Jun 07 04:04:00 AM,"14,480,097",False,True,False,HISPANIC,1.0,MALE,"457,976"
"577,425",4,62.0,3.0,Motorcycle,3,"227,445",2015 Jun 08 03:24:00 PM,2015 Jun 08 08:24:00 PM,"14,481,321",False,True,False,BLACK,1.0,MALE,"458,091"
"577,477",1,5.0,1.0,Pedestrian,7,"227,471",2015 May 29 06:18:00 PM,2015 May 29 11:18:00 PM,"14,481,526",False,True,False,WHITE,2.0,FEMALE,"458,147"
"577,497",4,16.0,2.0,Bicycle,5,"227,483",2015 Jun 06 06:34:00 PM,2015 Jun 06 11:34:00 PM,"14,481,594",False,True,False,HISPANIC,1.0,MALE,"458,168"
"577,641",1,16.0,1.0,Bicycle,5,"227,562",2015 Jun 09 07:00:00 AM,2015 Jun 09 12:00:00 PM,"14,483,564",False,True,False,WHITE,2.0,FEMALE,"458,326"
"577,708",1,30.0,1.0,Large passenger vehicle,2,"227,594",2015 Jun 12 06:19:00 AM,2015 Jun 12 11:19:00 AM,"14,483,745",False,True,False,WHITE,2.0,FEMALE,"458,396"
"577,864",4,35.0,2.0,Passenger car,1,"227,678",2015 May 25 09:04:00 AM,2015 May 25 02:04:00 PM,"14,486,838",False,True,False,HISPANIC,2.0,FEMALE,"458,566"
"577,884",1,25.0,1.0,Passenger car,1,"227,689",2015 Jun 03 04:14:00 AM,2015 Jun 03 09:14:00 AM,"14,486,938",False,True,False,WHITE,1.0,MALE,"458,587"
"577,964",1,44.0,1.0,Pedestrian,7,"227,729",2015 Jun 12 05:22:00 PM,2015 Jun 12 10:22:00 PM,"14,487,394",False,True,False,WHITE,1.0,MALE,"458,669"
"577,989",1,21.0,2.0,Passenger car,1,"227,741",2015 Jun 12 05:39:00 PM,2015 Jun 12 10:39:00 PM,"14,487,453",False,True,False,HISPANIC,2.0,FEMALE,"458,694"
"578,000",1,25.0,1.0,Pedestrian,7,"227,748",2015 Jun 12 07:35:00 PM,2015 Jun 13 12:35:00 AM,"14,487,508",False,True,False,WHITE,1.0,MALE,"458,709"
"578,012",1,37.0,1.0,Motorcycle,3,"227,755",2015 Jun 13 08:41:00 AM,2015 Jun 13 01:41:00 PM,"14,487,574",False,True,False,WHITE,1.0,MALE,"458,722"
"578,075",4,47.0,3.0,Pedestrian,7,"227,789",2015 Jun 14 10:51:00 PM,2015 Jun 15 03:51:00 AM,"14,487,701",False,True,False,BLACK,1.0,MALE,"458,790"
"578,307",1,27.0,1.0,Passenger car,1,"227,917",2015 Jun 13 11:48:00 AM,2015 Jun 13 04:48:00 PM,"14,492,054",False,True,False,WHITE,2.0,FEMALE,"459,045"
"578,481",1,26.0,1.0,Large passenger vehicle,2,"228,009",2015 May 29 09:00:00 PM,2015 May 30 02:00:00 AM,"14,495,236",False,True,False,WHITE,2.0,FEMALE,"459,227"
"578,550",1,25.0,5.0,Passenger car,1,"228,048",2015 Jun 14 03:40:00 AM,2015 Jun 14 08:40:00 AM,"14,495,707",False,True,False,OTHER,1.0,MALE,"459,300"
"578,713",1,22.0,4.0,Passenger car,1,"228,137",2015 May 20 09:34:00 PM,2015 May 21 02:34:00 AM,"14,498,606",False,True,False,ASIAN,1.0,MALE,"459,474"
"578,718",1,61.0,1.0,Passenger car,1,"228,139",2015 May 25 02:40:00 AM,2015 May 25 07:40:00 AM,"14,498,678",False,True,False,WHITE,1.0,MALE,"459,479"
"578,734",1,46.0,1.0,Bicycle,5,"228,146",2015 Jun 07 09:00:00 AM,2015 Jun 07 02:00:00 PM,"14,498,737",False,True,False,WHITE,2.0,FEMALE,"459,496"
"579,313",1,39.0,1.0,Bicycle,5,"228,459",2015 Jun 02 07:54:00 PM,2015 Jun 03 12:54:00 AM,"14,502,768",False,True,False,WHITE,1.0,MALE,"460,111"
"579,354",1,29.0,1.0,Large passenger vehicle,2,"228,482",2015 Jun 14 02:27:00 PM,2015 Jun 14 07:27:00 PM,"14,504,302",False,True,False,WHITE,2.0,FEMALE,"460,155"
"579,684",1,38.0,2.0,Large passenger vehicle,2,"228,660",2015 Jun 19 10:08:00 PM,2015 Jun 20 03:08:00 AM,"14,506,837",False,True,False,HISPANIC,2.0,FEMALE,"460,506"
"579,760",1,52.0,2.0,Passenger car,1,"228,700",2015 Jun 24 03:20:00 PM,2015 Jun 24 08:20:00 PM,"14,507,124",False,True,False,HISPANIC,2.0,FEMALE,"460,590"
"579,945",1,39.0,2.0,Passenger car,1,"228,802",2015 Jun 26 03:23:00 PM,2015 Jun 26 08:23:00 PM,"14,509,596",False,True,False,HISPANIC,1.0,MALE,"460,786"
"579,946",1,66.0,2.0,Passenger car,1,"228,802",2015 Jun 26 03:23:00 PM,2015 Jun 26 08:23:00 PM,"14,509,596",False,True,False,HISPANIC,1.0,MALE,"460,787"
"580,123",1,68.0,1.0,Passenger car,1,"228,899",2015 Jun 08 05:25:00 PM,2015 Jun 08 10:25:00 PM,"14,511,431",False,True,False,WHITE,2.0,FEMALE,"460,971"
"580,166",1,56.0,1.0,Pedestrian,7,"228,920",2015 Jun 28 08:19:00 PM,2015 Jun 29 01:19:00 AM,"14,511,612",False,True,False,WHITE,1.0,MALE,"461,015"
"580,299",1,89.0,1.0,Passenger car,1,"228,991",2015 Jun 19 12:34:00 PM,2015 Jun 19 05:34:00 PM,"14,513,954",False,True,False,WHITE,2.0,FEMALE,"461,156"
"580,329",4,43.0,3.0,Passenger car,1,"229,004",2015 Jun 28 01:51:00 AM,2015 Jun 28 06:51:00 AM,"14,514,014",False,True,False,BLACK,2.0,FEMALE,"461,187"
"580,376",1,13.0,2.0,Pedestrian,7,"229,027",2015 Jun 30 03:45:00 PM,2015 Jun 30 08:45:00 PM,"14,514,118",False,True,False,HISPANIC,2.0,FEMALE,"461,236"
"580,549",1,25.0,3.0,Large passenger vehicle,2,"229,123",2015 Jun 30 05:45:00 PM,2015 Jun 30 10:45:00 PM,"14,515,942",False,True,False,BLACK,1.0,MALE,"461,432"
"580,588",1,45.0,1.0,Large passenger vehicle,2,"229,142",2015 Jul 02 12:28:00 PM,2015 Jul 02 05:28:00 PM,"14,516,154",False,True,False,WHITE,1.0,MALE,"461,472"
"580,775",1,39.0,2.0,Motorcycle,3,"229,251",2015 Jun 28 12:16:00 AM,2015 Jun 28 05:16:00 AM,"14,520,441",False,True,False,HISPANIC,1.0,MALE,"461,685"
"580,807",1,34.0,2.0,Large passenger vehicle,2,"229,267",2015 Jul 01 05:21:00 PM,2015 Jul 01 10:21:00 PM,"14,520,641",False,True,False,HISPANIC,1.0,MALE,"461,720"
"580,838",1,34.0,2.0,Passenger car,1,"229,282",2015 Jul 02 06:13:00 PM,2015 Jul 02 11:13:00 PM,"14,520,728",False,True,False,HISPANIC,1.0,MALE,"461,753"
"580,839",4,50.0,3.0,Passenger car,1,"229,282",2015 Jul 02 06:13:00 PM,2015 Jul 02 11:13:00 PM,"14,520,728",False,True,False,BLACK,1.0,MALE,"461,754"
"580,861",4,55.0,2.0,Passenger car,1,"229,293",2015 Jul 03 01:42:00 PM,2015 Jul 03 06:42:00 PM,"14,520,794",False,True,False,HISPANIC,1.0,MALE,"461,777"
"580,912",1,21.0,3.0,Passenger car,1,"229,322",2015 Jul 05 09:41:00 AM,2015 Jul 05 02:41:00 PM,"14,520,935",False,True,False,BLACK,2.0,FEMALE,"461,833"
"581,045",1,27.0,1.0,Passenger car,1,"229,394",2015 Jul 06 12:08:00 PM,2015 Jul 06 05:08:00 PM,"14,522,133",False,True,False,WHITE,2.0,FEMALE,"461,971"
"581,351",1,38.0,1.0,Motorcycle,3,"229,553",2015 Jul 02 02:10:00 AM,2015 Jul 02 07:10:00 AM,"14,526,324",False,True,False,WHITE,1.0,MALE,"462,290"
"581,502",1,39.0,1.0,Pedestrian,7,"229,626",2015 Jul 08 11:07:00 AM,2015 Jul 08 04:07:00 PM,"14,526,885",False,True,False,WHITE,1.0,MALE,"462,449"
"581,865",4,54.0,1.0,Pedestrian,7,"229,831",2015 Jul 08 09:54:00 PM,2015 Jul 09 02:54:00 AM,"14,531,306",False,True,False,WHITE,1.0,MALE,"462,847"
"581,915",1,24.0,2.0,Large passenger vehicle,2,"229,855",2015 Jul 10 05:15:00 PM,2015 Jul 10 10:15:00 PM,"14,531,646",False,True,False,HISPANIC,1.0,MALE,"462,905"
"581,974",1,61.0,1.0,Motorcycle,3,"229,888",2015 Jul 12 03:19:00 PM,2015 Jul 12 08:19:00 PM,"14,531,853",False,True,False,WHITE,1.0,MALE,"462,969"
"581,984",1,23.0,2.0,Motor vehicle – other,4,"229,894",2015 Jul 13 02:30:00 AM,2015 Jul 13 07:30:00 AM,"14,531,880",False,True,False,HISPANIC,1.0,MALE,"462,979"
"582,341",1,26.0,2.0,Passenger car,1,"230,083",2015 Jul 12 03:18:00 AM,2015 Jul 12 08:18:00 AM,"14,537,332",False,True,False,HISPANIC,2.0,FEMALE,"463,357"
"582,395",1,17.0,3.0,Pedestrian,7,"230,110",2015 Jul 14 09:20:00 PM,2015 Jul 15 02:20:00 AM,"14,537,555",False,True,False,BLACK,0.0,UNKNOWN,"463,414"
"582,468",4,55.0,1.0,Passenger car,1,"230,143",2015 Jul 15 08:07:00 PM,2015 Jul 16 01:07:00 AM,"14,537,729",False,True,False,WHITE,1.0,MALE,"463,490"
"582,488",1,60.0,1.0,Passenger car,1,"230,152",2015 Jul 15 03:42:00 PM,2015 Jul 15 08:42:00 PM,"14,537,789",False,True,False,WHITE,1.0,MALE,"463,514"
"582,498",4,24.0,1.0,Pedestrian,7,"230,157",2015 Jul 16 02:23:00 AM,2015 Jul 16 07:23:00 AM,"14,537,815",False,True,False,WHITE,2.0,FEMALE,"463,524"
"582,624",1,65.0,3.0,Pedestrian,7,"230,226",2015 Jul 14 01:05:00 PM,2015 Jul 14 06:05:00 PM,"14,538,986",False,True,False,BLACK,2.0,FEMALE,"463,658"
"582,667",1,25.0,3.0,Passenger car,1,"230,249",2015 Jul 08 09:59:00 AM,2015 Jul 08 02:59:00 PM,"14,539,330",False,True,False,BLACK,1.0,MALE,"463,701"
"582,899",1,22.0,2.0,Passenger car,1,"230,377",2015 Jul 06 09:48:00 PM,2015 Jul 07 02:48:00 AM,"14,542,288",False,True,False,HISPANIC,1.0,MALE,"463,948"
"583,166",1,43.0,1.0,Passenger car,1,"230,512",2015 Jun 22 10:20:00 PM,2015 Jun 23 03:20:00 AM,"14,547,702",False,True,False,WHITE,2.0,FEMALE,"464,229"
"583,262",4,39.0,3.0,Pedestrian,7,"230,566",2015 Jul 11 03:14:00 AM,2015 Jul 11 08:14:00 AM,"14,549,107",False,True,False,BLACK,2.0,FEMALE,"464,332"
"583,276",1,57.0,2.0,Passenger car,1,"230,573",2015 Jul 18 10:00:00 PM,2015 Jul 19 03:00:00 AM,"14,549,180",False,True,False,HISPANIC,1.0,MALE,"464,346"
"583,341",1,45.0,1.0,Large passenger vehicle,2,"230,603",2015 Jul 20 04:23:00 PM,2015 Jul 20 09:23:00 PM,"14,549,369",False,True,False,WHITE,1.0,MALE,"464,412"
"583,840",4,34.0,2.0,Pedestrian,7,"230,868",2015 Jul 13 11:02:00 PM,2015 Jul 14 04:02:00 AM,"14,555,483",False,True,False,HISPANIC,2.0,FEMALE,"464,949"
"583,889",1,42.0,3.0,Motorcycle,3,"230,894",2015 Jul 17 08:57:00 PM,2015 Jul 18 01:57:00 AM,"14,555,808",False,True,False,BLACK,1.0,MALE,"465,002"
"584,334",1,50.0,2.0,Motorcycle,3,"231,130",2015 Jul 26 05:27:00 PM,2015 Jul 26 10:27:00 PM,"14,559,978",False,True,False,HISPANIC,1.0,MALE,"465,474"
"584,391",1,47.0,2.0,Pedestrian,7,"231,161",2015 Jan 12 12:25:00 PM,2015 Jan 12 06:25:00 PM,"14,560,903",False,True,False,HISPANIC,2.0,FEMALE,"465,533"
"584,445",4,48.0,2.0,Pedestrian,7,"231,190",2015 Jul 27 09:18:00 PM,2015 Jul 28 02:18:00 AM,"14,561,255",False,True,False,HISPANIC,1.0,MALE,"465,589"
"585,086",1,48.0,1.0,Passenger car,1,"231,528",2015 Jul 25 08:00:00 PM,2015 Jul 26 01:00:00 AM,"14,569,579",False,True,False,WHITE,1.0,MALE,"466,277"
"585,171",4,72.0,2.0,Passenger car,1,"231,567",2015 Jul 31 12:23:00 PM,2015 Jul 31 05:23:00 PM,"14,570,030",False,True,False,HISPANIC,2.0,FEMALE,"466,369"
"585,182",1,25.0,2.0,Passenger car,1,"231,570",2015 Jul 31 01:48:00 PM,2015 Jul 31 06:48:00 PM,"14,570,058",False,True,False,HISPANIC,2.0,FEMALE,"466,381"
"585,441",1,40.0,2.0,Pedestrian,7,"231,708",2015 Jul 24 09:16:00 PM,2015 Jul 25 02:16:00 AM,"14,572,450",False,True,False,HISPANIC,1.0,MALE,"466,657"
"585,506",1,30.0,1.0,Motorcycle,3,"231,739",2015 Jul 31 02:47:00 AM,2015 Jul 31 07:47:00 AM,"14,572,664",False,True,False,WHITE,1.0,MALE,"466,725"
"585,675",1,20.0,1.0,Pedestrian,7,"231,835",2015 Aug 01 05:11:00 AM,2015 Aug 01 10:11:00 AM,"14,574,405",False,True,False,WHITE,1.0,MALE,"466,905"
"585,867",1,23.0,1.0,Passenger car,1,"231,932",2015 Aug 04 04:44:00 PM,2015 Aug 04 09:44:00 PM,"14,576,007",False,True,False,WHITE,2.0,FEMALE,"467,110"
"586,237",1,52.0,1.0,Motorcycle,3,"232,133",2015 Aug 06 02:50:00 PM,2015 Aug 06 07:50:00 PM,"14,579,716",False,True,False,WHITE,1.0,MALE,"467,503"
"586,272",1,38.0,2.0,Passenger car,1,"232,151",2015 Aug 07 06:35:00 AM,2015 Aug 07 11:35:00 AM,"14,579,821",False,True,False,HISPANIC,1.0,MALE,"467,539"
"586,429",1,25.0,2.0,Passenger car,1,"232,231",2015 Aug 04 11:41:00 PM,2015 Aug 05 04:41:00 AM,"14,581,853",False,True,False,HISPANIC,1.0,MALE,"467,702"
"586,471",1,27.0,1.0,Passenger car,1,"232,253",2015 Aug 09 03:23:00 AM,2015 Aug 09 08:23:00 AM,"14,582,037",False,True,False,WHITE,2.0,FEMALE,"467,745"
"586,587",1,31.0,1.0,Large passenger vehicle,2,"232,313",2015 Aug 10 08:58:00 AM,2015 Aug 10 01:58:00 PM,"14,582,826",False,True,False,WHITE,1.0,MALE,"467,868"
"586,609",4,18.0,1.0,Passenger car,1,"232,325",2015 Jul 30 12:02:00 AM,2015 Jul 30 05:02:00 AM,"14,583,064",False,True,False,WHITE,1.0,MALE,"467,890"
"586,906",1,36.0,2.0,Passenger car,1,"232,488",2015 Jul 29 04:25:00 PM,2015 Jul 29 09:25:00 PM,"14,586,645",False,True,False,HISPANIC,1.0,MALE,"468,217"
"586,912",1,43.0,1.0,Motorcycle,3,"232,492",2015 Aug 03 06:02:00 PM,2015 Aug 03 11:02:00 PM,"14,586,708",False,True,False,WHITE,1.0,MALE,"468,224"
"587,034",1,26.0,1.0,Pedestrian,7,"232,557",2015 Aug 12 12:07:00 PM,2015 Aug 12 05:07:00 PM,"14,587,260",False,True,False,WHITE,2.0,FEMALE,"468,350"
"587,393",1,20.0,1.0,Pedestrian,7,"232,743",2015 Aug 16 12:36:00 AM,2015 Aug 16 05:36:00 AM,"14,590,939",False,True,False,WHITE,1.0,MALE,"468,739"
"587,453",1,44.0,1.0,Motorcycle,3,"232,778",2015 Aug 16 06:01:00 PM,2015 Aug 16 11:01:00 PM,"14,592,599",False,True,False,WHITE,1.0,MALE,"468,803"
"587,647",1,52.0,3.0,Bicycle,5,"232,880",2015 Aug 14 07:23:00 PM,2015 Aug 15 12:23:00 AM,"14,594,774",False,True,False,BLACK,1.0,MALE,"469,009"
"587,842",1,23.0,2.0,Passenger car,1,"232,984",2015 Aug 19 02:36:00 AM,2015 Aug 19 07:36:00 AM,"14,596,506",False,True,False,HISPANIC,2.0,FEMALE,"469,218"
"587,843",4,26.0,1.0,Passenger car,1,"232,984",2015 Aug 19 02:36:00 AM,2015 Aug 19 07:36:00 AM,"14,596,506",False,True,False,WHITE,1.0,MALE,"469,219"
"588,035",1,28.0,2.0,Passenger car,1,"233,086",2015 Aug 20 07:29:00 PM,2015 Aug 21 12:29:00 AM,"14,598,212",False,True,False,HISPANIC,1.0,MALE,"469,423"
"588,487",1,45.0,1.0,Large passenger vehicle,2,"233,321",2015 Aug 21 06:50:00 PM,2015 Aug 21 11:50:00 PM,"14,604,814",False,True,False,WHITE,1.0,MALE,"469,907"
"588,591",1,32.0,1.0,Large passenger vehicle,2,"233,380",2015 Aug 22 07:43:00 PM,2015 Aug 23 12:43:00 AM,"14,606,082",False,True,False,WHITE,1.0,MALE,"470,021"
"588,790",1,36.0,1.0,Bicycle,5,"233,487",2015 Aug 11 08:25:00 AM,2015 Aug 11 01:25:00 PM,"14,607,975",False,True,False,WHITE,1.0,MALE,"470,239"
"588,791",1,28.0,1.0,Motorcycle,3,"233,488",2015 Aug 13 02:36:00 AM,2015 Aug 13 07:36:00 AM,"14,608,004",False,True,False,WHITE,1.0,MALE,"470,240"
"588,850",1,22.0,2.0,Passenger car,1,"233,520",2015 Aug 16 02:07:00 AM,2015 Aug 16 07:07:00 AM,"14,608,438",False,True,False,HISPANIC,1.0,MALE,"470,302"
"589,077",1,46.0,1.0,Motorcycle,3,"233,642",2015 Aug 19 10:19:00 PM,2015 Aug 20 03:19:00 AM,"14,610,286",False,True,False,WHITE,1.0,MALE,"470,547"
"589,121",1,22.0,2.0,Passenger car,1,"233,665",2015 Aug 23 12:19:00 AM,2015 Aug 23 05:19:00 AM,"14,610,495",False,True,False,HISPANIC,1.0,MALE,"470,593"
"589,227",1,37.0,3.0,Motorcycle,3,"233,722",2015 Aug 27 08:28:00 AM,2015 Aug 27 01:28:00 PM,"14,610,808",False,True,False,BLACK,1.0,MALE,"470,707"
"589,245",1,19.0,2.0,Passenger car,1,"233,730",2015 Aug 27 04:16:00 PM,2015 Aug 27 09:16:00 PM,"14,610,875",False,True,False,HISPANIC,1.0,MALE,"470,727"
"589,506",1,48.0,1.0,Motorcycle,3,"233,872",2015 Aug 28 12:41:00 PM,2015 Aug 28 05:41:00 PM,"14,613,839",False,True,False,WHITE,2.0,FEMALE,"471,004"
"589,530",1,31.0,2.0,Passenger car,1,"233,884",2015 Aug 28 10:57:00 PM,2015 Aug 29 03:57:00 AM,"14,613,958",False,True,False,HISPANIC,2.0,FEMALE,"471,029"
"589,552",1,23.0,2.0,Passenger car,1,"233,894",2015 Aug 29 09:51:00 AM,2015 Aug 29 02:51:00 PM,"14,613,992",False,True,False,HISPANIC,1.0,MALE,"471,053"
"589,814",1,25.0,2.0,Passenger car,1,"234,033",2015 Aug 25 09:12:00 PM,2015 Aug 26 02:12:00 AM,"14,617,727",False,True,False,HISPANIC,1.0,MALE,"471,335"
"589,815",1,24.0,2.0,Passenger car,1,"234,033",2015 Aug 25 09:12:00 PM,2015 Aug 26 02:12:00 AM,"14,617,727",False,True,False,HISPANIC,2.0,FEMALE,"471,336"
"589,879",1,51.0,1.0,Large passenger vehicle,2,"234,064",2015 Sep 01 06:58:00 PM,2015 Sep 01 11:58:00 PM,"14,618,346",False,True,False,WHITE,2.0,FEMALE,"471,403"
"589,914",1,34.0,3.0,Passenger car,1,"234,083",2015 Aug 24 11:00:00 AM,2015 Aug 24 04:00:00 PM,"14,618,797",False,True,False,BLACK,2.0,FEMALE,"471,442"
"590,434",4,30.0,1.0,Pedestrian,7,"234,367",2015 Jul 11 01:21:00 AM,2015 Jul 11 06:21:00 AM,"14,625,870",False,True,False,WHITE,1.0,MALE,"471,999"
"590,592",1,35.0,1.0,Motorcycle,3,"234,451",2015 Sep 03 09:55:00 PM,2015 Sep 04 02:55:00 AM,"14,627,389",False,True,False,WHITE,1.0,MALE,"472,164"
"590,618",1,35.0,1.0,Motorcycle,3,"234,465",2015 Sep 04 01:07:00 PM,2015 Sep 04 06:07:00 PM,"14,628,049",False,True,False,WHITE,1.0,MALE,"472,191"
"590,654",1,45.0,1.0,Large passenger vehicle,2,"234,485",2015 Sep 04 03:18:00 PM,2015 Sep 04 08:18:00 PM,"14,628,574",False,True,False,WHITE,1.0,MALE,"472,229"
"590,985",4,27.0,1.0,Motorcycle,3,"234,663",2015 Aug 09 01:30:00 AM,2015 Aug 09 06:30:00 AM,"14,632,627",False,True,False,WHITE,1.0,MALE,"472,578"
"591,108",1,23.0,1.0,Passenger car,1,"234,732",2015 Sep 08 05:44:00 PM,2015 Sep 08 10:44:00 PM,"14,633,728",False,True,False,WHITE,2.0,FEMALE,"472,711"
"591,231",1,24.0,1.0,Passenger car,1,"234,796",2015 Sep 10 10:21:00 PM,2015 Sep 11 03:21:00 AM,"14,634,290",False,True,False,WHITE,2.0,FEMALE,"472,840"
"591,232",1,34.0,1.0,Large passenger vehicle,2,"234,797",2015 Sep 10 02:23:00 PM,2015 Sep 10 07:23:00 PM,"14,634,292",False,True,False,WHITE,1.0,MALE,"472,841"
"591,240",1,24.0,2.0,Large passenger vehicle,2,"234,803",2015 Sep 11 08:45:00 AM,2015 Sep 11 01:45:00 PM,"14,634,343",False,True,False,HISPANIC,2.0,FEMALE,"472,852"
"591,249",1,26.0,1.0,Passenger car,1,"234,808",2015 Sep 11 08:30:00 AM,2015 Sep 11 01:30:00 PM,"14,634,370",False,True,False,WHITE,1.0,MALE,"472,861"
"591,352",4,13.0,2.0,Large passenger vehicle,2,"234,864",2015 Aug 20 12:34:00 PM,2015 Aug 20 05:34:00 PM,"14,636,665",False,True,False,HISPANIC,1.0,MALE,"472,970"
"591,404",1,83.0,2.0,Passenger car,1,"234,890",2015 Sep 10 01:09:00 PM,2015 Sep 10 06:09:00 PM,"14,637,298",False,True,False,HISPANIC,1.0,MALE,"473,028"
"591,425",1,29.0,1.0,Large passenger vehicle,2,"234,900",2015 Sep 11 01:16:00 PM,2015 Sep 11 06:16:00 PM,"14,637,362",False,True,False,WHITE,2.0,FEMALE,"473,051"
"591,643",1,56.0,1.0,Passenger car,1,"235,005",2015 Sep 11 10:22:00 AM,2015 Sep 11 03:22:00 PM,"14,640,068",False,True,False,WHITE,2.0,FEMALE,"473,276"
"591,644",1,56.0,1.0,Passenger car,1,"235,005",2015 Sep 11 10:22:00 AM,2015 Sep 11 03:22:00 PM,"14,640,068",False,True,False,WHITE,2.0,FEMALE,"473,277"
"591,702",1,36.0,1.0,Motorcycle,3,"235,035",2015 Sep 12 11:56:00 PM,2015 Sep 13 04:56:00 AM,"14,640,773",False,True,False,WHITE,1.0,MALE,"473,339"
"591,763",1,48.0,1.0,Passenger car,1,"235,068",2015 Sep 14 04:20:00 PM,2015 Sep 14 09:20:00 PM,"14,640,963",False,True,False,WHITE,1.0,MALE,"473,407"
"591,891",1,29.0,2.0,Passenger car,1,"235,135",2015 Aug 31 03:16:00 AM,2015 Aug 31 08:16:00 AM,"14,642,636",False,True,False,HISPANIC,1.0,MALE,"473,546"
"591,909",1,41.0,2.0,Motorcycle,3,"235,145",2015 Sep 13 06:04:00 PM,2015 Sep 13 11:04:00 PM,"14,642,799",False,True,False,HISPANIC,1.0,MALE,"473,566"
"592,122",4,22.0,2.0,Passenger car,1,"235,262",2015 Sep 05 06:03:00 AM,2015 Sep 05 11:03:00 AM,"14,646,981",False,True,False,HISPANIC,1.0,MALE,"473,799"
"592,130",1,50.0,2.0,Large passenger vehicle,2,"235,266",2015 Sep 09 08:19:00 PM,2015 Sep 10 01:19:00 AM,"14,647,010",False,True,False,HISPANIC,1.0,MALE,"473,807"
"592,286",1,33.0,2.0,Passenger car,1,"235,340",2015 Sep 17 02:17:00 PM,2015 Sep 17 07:17:00 PM,"14,647,605",False,True,False,HISPANIC,1.0,MALE,"473,968"
"592,315",1,60.0,1.0,Bicycle,5,"235,353",2015 Sep 17 07:57:00 PM,2015 Sep 18 12:57:00 AM,"14,647,651",False,True,False,WHITE,2.0,FEMALE,"473,997"
"592,407",4,48.0,1.0,Pedestrian,7,"235,404",2015 Sep 08 09:02:00 PM,2015 Sep 09 02:02:00 AM,"14,649,375",False,True,False,WHITE,1.0,MALE,"474,094"
"592,491",1,20.0,2.0,Passenger car,1,"235,448",2015 Sep 12 06:06:00 PM,2015 Sep 12 11:06:00 PM,"14,650,881",False,True,False,HISPANIC,1.0,MALE,"474,182"
"592,520",1,26.0,2.0,Passenger car,1,"235,466",2015 Sep 14 04:54:00 PM,2015 Sep 14 09:54:00 PM,"14,650,906",False,True,False,HISPANIC,2.0,FEMALE,"474,211"
"592,529",1,,1.0,Pedestrian,7,"235,470",2015 Sep 15 04:09:00 PM,2015 Sep 15 09:09:00 PM,"14,650,910",False,True,False,WHITE,1.0,MALE,"474,220"
"592,581",1,27.0,1.0,Passenger car,1,"235,494",2015 Sep 18 05:20:00 PM,2015 Sep 18 10:20:00 PM,"14,650,949",False,True,False,WHITE,2.0,FEMALE,"474,277"
"592,601",1,29.0,2.0,Large passenger vehicle,2,"235,504",2015 Sep 18 08:28:00 PM,2015 Sep 19 01:28:00 AM,"14,650,959",False,True,False,HISPANIC,1.0,MALE,"474,297"
"592,906",1,34.0,3.0,Passenger car,1,"235,665",2015 Sep 09 08:04:00 PM,2015 Sep 10 01:04:00 AM,"14,653,053",False,True,False,BLACK,2.0,FEMALE,"474,622"
"592,919",1,47.0,2.0,Passenger car,1,"235,671",2015 Sep 13 04:01:00 PM,2015 Sep 13 09:01:00 PM,"14,653,059",False,True,False,HISPANIC,2.0,FEMALE,"474,636"
"593,060",4,28.0,0.0,Passenger car,1,"235,744",2015 Aug 30 04:53:00 AM,2015 Aug 30 09:53:00 AM,"14,655,390",False,True,False,UNKNOWN,1.0,MALE,"474,785"
"593,072",1,58.0,1.0,Bicycle,5,"235,750",2015 Sep 17 10:09:00 PM,2015 Sep 18 03:09:00 AM,"14,655,582",False,True,False,WHITE,1.0,MALE,"474,797"
"593,075",1,27.0,2.0,Large passenger vehicle,2,"235,752",2015 Sep 17 05:35:00 PM,2015 Sep 17 10:35:00 PM,"14,655,585",False,True,False,HISPANIC,2.0,FEMALE,"474,800"
"593,567",1,38.0,1.0,Passenger car,1,"236,017",2015 Sep 10 11:25:00 PM,2015 Sep 11 04:25:00 AM,"14,663,305",False,True,False,WHITE,2.0,FEMALE,"475,327"
"593,591",1,28.0,1.0,Motorcycle,3,"236,028",2015 Sep 01 08:26:00 PM,2015 Sep 02 01:26:00 AM,"14,663,767",False,True,False,WHITE,1.0,MALE,"475,356"
"593,611",4,20.0,1.0,Pedestrian,7,"236,039",2015 Sep 14 08:48:00 PM,2015 Sep 15 01:48:00 AM,"14,663,788",False,True,False,WHITE,2.0,FEMALE,"475,378"
"593,615",4,23.0,1.0,Large passenger vehicle,2,"236,040",2015 Sep 14 05:00:00 AM,2015 Sep 14 10:00:00 AM,"14,663,789",False,True,False,WHITE,1.0,MALE,"475,385"
"593,682",1,36.0,2.0,Passenger car,1,"236,067",2015 Sep 19 03:29:00 PM,2015 Sep 19 08:29:00 PM,"14,663,845",False,True,False,HISPANIC,1.0,MALE,"475,455"
"593,688",1,39.0,2.0,Passenger car,1,"236,072",2015 Sep 20 04:53:00 PM,2015 Sep 20 09:53:00 PM,"14,663,851",False,True,False,HISPANIC,1.0,MALE,"475,461"
"593,715",4,37.0,1.0,Pedestrian,7,"236,087",2015 Sep 22 08:27:00 AM,2015 Sep 22 01:27:00 PM,"14,663,869",False,True,False,WHITE,1.0,MALE,"475,489"
"593,758",1,28.0,1.0,Passenger car,1,"236,111",2015 Sep 22 04:02:00 PM,2015 Sep 22 09:02:00 PM,"14,663,906",False,True,False,WHITE,1.0,MALE,"475,532"
"593,822",1,33.0,1.0,Pedestrian,7,"236,144",2015 Sep 24 07:20:00 AM,2015 Sep 24 12:20:00 PM,"14,663,946",False,True,False,WHITE,1.0,MALE,"475,604"
"593,950",1,41.0,1.0,Motorcycle,3,"236,209",2015 Sep 26 12:35:00 PM,2015 Sep 26 05:35:00 PM,"14,664,036",False,True,False,WHITE,1.0,MALE,"475,738"
"593,997",1,40.0,3.0,Large passenger vehicle,2,"236,235",2015 Sep 27 03:32:00 PM,2015 Sep 27 08:32:00 PM,"14,664,074",False,True,False,BLACK,2.0,FEMALE,"475,785"
"593,998",1,45.0,1.0,Large passenger vehicle,2,"236,235",2015 Sep 27 03:32:00 PM,2015 Sep 27 08:32:00 PM,"14,664,074",False,True,False,WHITE,1.0,MALE,"475,786"
"594,630",1,24.0,1.0,Motorcycle,3,"236,563",2015 Sep 30 01:10:00 PM,2015 Sep 30 06:10:00 PM,"14,670,852",False,True,False,WHITE,1.0,MALE,"476,457"
"594,821",1,40.0,1.0,Motor vehicle – other,4,"236,661",2015 Sep 23 05:13:00 AM,2015 Sep 23 10:13:00 AM,"14,674,042",False,True,False,WHITE,1.0,MALE,"476,656"
"595,006",1,21.0,1.0,Motorcycle,3,"236,758",2015 Oct 02 04:48:00 PM,2015 Oct 02 09:48:00 PM,"14,675,783",False,True,False,WHITE,1.0,MALE,"476,857"
"595,029",1,63.0,3.0,Passenger car,1,"236,769",2015 Oct 03 12:13:00 AM,2015 Oct 03 05:13:00 AM,"14,675,846",False,True,False,BLACK,2.0,FEMALE,"476,880"
"595,043",1,7.0,2.0,Pedestrian,7,"236,777",2015 Oct 03 01:50:00 PM,2015 Oct 03 06:50:00 PM,"14,675,854",False,True,False,HISPANIC,2.0,FEMALE,"476,896"
"595,233",1,45.0,1.0,Passenger car,1,"236,878",2015 Sep 18 06:07:00 PM,2015 Sep 18 11:07:00 PM,"14,677,072",False,True,False,WHITE,2.0,FEMALE,"477,099"
"595,247",1,48.0,5.0,Passenger car,1,"236,886",2015 Sep 18 09:00:00 AM,2015 Sep 18 02:00:00 PM,"14,677,512",False,True,False,OTHER,2.0,FEMALE,"477,114"
"595,482",1,20.0,4.0,Passenger car,1,"237,010",2015 Oct 04 11:04:00 AM,2015 Oct 04 04:04:00 PM,"14,679,951",False,True,False,ASIAN,2.0,FEMALE,"477,368"
"595,503",1,44.0,1.0,Motorcycle,3,"237,019",2015 Oct 06 08:13:00 PM,2015 Oct 07 01:13:00 AM,"14,679,960",False,True,False,WHITE,1.0,MALE,"477,390"
"595,618",1,54.0,3.0,Pedestrian,7,"237,077",2015 Oct 05 11:45:00 AM,2015 Oct 05 04:45:00 PM,"14,681,861",False,True,False,BLACK,1.0,MALE,"477,517"
"596,133",1,50.0,1.0,Pedestrian,7,"237,355",2015 Oct 01 09:04:00 PM,2015 Oct 02 02:04:00 AM,"14,688,919",False,True,False,WHITE,2.0,FEMALE,"478,076"
"596,554",1,78.0,1.0,Passenger car,1,"237,579",2015 Oct 08 09:41:00 AM,2015 Oct 08 02:41:00 PM,"14,694,953",False,True,False,WHITE,1.0,MALE,"478,520"
"596,556",1,35.0,3.0,Passenger car,1,"237,580",2015 Oct 09 01:56:00 AM,2015 Oct 09 06:56:00 AM,"14,694,954",False,True,False,BLACK,2.0,FEMALE,"478,522"
"596,600",1,17.0,5.0,Large passenger vehicle,2,"237,602",2015 Oct 09 08:20:00 AM,2015 Oct 09 01:20:00 PM,"14,695,055",False,True,False,OTHER,2.0,FEMALE,"478,569"
"596,997",1,31.0,2.0,Pedestrian,7,"237,800",2015 Oct 13 07:07:00 PM,2015 Oct 14 12:07:00 AM,"14,697,545",False,True,False,HISPANIC,1.0,MALE,"478,980"
"597,497",1,26.0,2.0,Large passenger vehicle,2,"238,062",2015 Oct 12 01:05:00 AM,2015 Oct 12 06:05:00 AM,"14,704,123",False,True,False,HISPANIC,1.0,MALE,"479,518"
"597,683",1,56.0,1.0,Passenger car,1,"238,160",2015 Oct 18 02:41:00 AM,2015 Oct 18 07:41:00 AM,"14,706,311",False,True,False,WHITE,1.0,MALE,"479,722"
"597,734",1,56.0,1.0,Motorcycle,3,"238,186",2015 Oct 13 10:59:00 PM,2015 Oct 14 03:59:00 AM,"14,706,685",False,True,False,WHITE,1.0,MALE,"479,776"
"597,735",4,33.0,2.0,Pedestrian,7,"238,186",2015 Oct 13 10:59:00 PM,2015 Oct 14 03:59:00 AM,"14,706,685",False,True,False,HISPANIC,1.0,MALE,"479,777"
"598,135",1,31.0,3.0,Passenger car,1,"238,409",2015 Sep 04 03:37:00 PM,2015 Sep 04 08:37:00 PM,"14,710,923",False,True,False,BLACK,1.0,MALE,"480,205"
"598,215",1,58.0,1.0,Large passenger vehicle,2,"238,451",2015 Oct 21 11:50:00 AM,2015 Oct 21 04:50:00 PM,"14,711,072",False,True,False,WHITE,2.0,FEMALE,"480,285"
"598,353",1,89.0,2.0,Passenger car,1,"238,525",2015 Oct 23 12:02:00 PM,2015 Oct 23 05:02:00 PM,"14,711,231",False,True,False,HISPANIC,1.0,MALE,"480,428"
"598,625",1,27.0,1.0,Passenger car,1,"238,675",2015 Oct 20 02:41:00 AM,2015 Oct 20 07:41:00 AM,"14,714,886",False,True,False,WHITE,1.0,MALE,"480,720"
"598,629",1,30.0,1.0,Passenger car,1,"238,677",2015 Oct 22 09:50:00 PM,2015 Oct 23 02:50:00 AM,"14,714,888",False,True,False,WHITE,1.0,MALE,"480,724"
"598,763",1,25.0,3.0,Motorcycle,3,"238,758",2015 Oct 18 05:44:00 PM,2015 Oct 18 10:44:00 PM,"14,715,243",False,True,False,BLACK,1.0,MALE,"480,867"
"598,892",1,56.0,6.0,Motorcycle,3,"238,824",2015 Oct 14 03:45:00 PM,2015 Oct 14 08:45:00 PM,"14,717,816",False,True,False,AMER. INDIAN/ALASKAN NATIVE,1.0,MALE,"481,005"
"599,272",1,23.0,2.0,Passenger car,1,"239,028",2015 Oct 27 12:49:00 PM,2015 Oct 27 05:49:00 PM,"14,719,771",False,True,False,HISPANIC,2.0,FEMALE,"481,401"
"599,486",4,55.0,1.0,Motorcycle,3,"239,129",2015 Oct 10 09:46:00 PM,2015 Oct 11 02:46:00 AM,"14,722,423",False,True,False,WHITE,1.0,MALE,"481,620"
"599,488",1,20.0,1.0,Motorcycle,3,"239,130",2015 Oct 11 08:21:00 PM,2015 Oct 12 01:21:00 AM,"14,722,424",False,True,False,WHITE,1.0,MALE,"481,622"
"599,755",1,28.0,3.0,Pedestrian,7,"239,283",2015 May 11 06:52:00 PM,2015 May 11 11:52:00 PM,"14,728,133",False,True,False,BLACK,2.0,FEMALE,"481,908"
"600,068",1,39.0,1.0,Bicycle,5,"239,444",2015 Nov 01 05:30:00 PM,2015 Nov 01 11:30:00 PM,"14,728,542",False,True,False,WHITE,1.0,MALE,"482,226"
"600,076",1,45.0,1.0,Passenger car,1,"239,449",2015 Nov 01 07:40:00 PM,2015 Nov 02 01:40:00 AM,"14,728,547",False,True,False,WHITE,1.0,MALE,"482,234"
"600,164",1,51.0,1.0,Pedestrian,7,"239,495",2015 Oct 10 12:09:00 PM,2015 Oct 10 05:09:00 PM,"14,731,334",False,True,False,WHITE,1.0,MALE,"482,328"
"600,235",4,24.0,2.0,Passenger car,1,"239,532",2015 Oct 31 07:32:00 PM,2015 Nov 01 12:32:00 AM,"14,731,423",False,True,False,HISPANIC,1.0,MALE,"482,403"
"600,243",1,40.0,1.0,Motorcycle,3,"239,537",2015 Oct 31 06:40:00 PM,2015 Oct 31 11:40:00 PM,"14,731,442",False,True,False,WHITE,1.0,MALE,"482,411"
"600,251",1,57.0,2.0,Motorcycle,3,"239,541",2015 Nov 02 06:14:00 AM,2015 Nov 02 12:14:00 PM,"14,731,446",False,True,False,HISPANIC,1.0,MALE,"482,420"
"600,374",1,45.0,1.0,Motorcycle,3,"239,609",2015 Oct 31 07:04:00 PM,2015 Nov 01 12:04:00 AM,"14,733,739",False,True,False,WHITE,1.0,MALE,"482,549"
"600,693",4,17.0,3.0,Passenger car,1,"239,768",2015 Nov 03 12:04:00 AM,2015 Nov 03 06:04:00 AM,"14,735,890",False,True,False,BLACK,1.0,MALE,"482,887"
"600,706",1,30.0,1.0,Motorcycle,3,"239,775",2015 Nov 03 06:56:00 AM,2015 Nov 03 12:56:00 PM,"14,735,917",False,True,False,WHITE,1.0,MALE,"482,903"
"600,709",1,51.0,1.0,Passenger car,1,"239,777",2015 Nov 03 07:50:00 AM,2015 Nov 03 01:50:00 PM,"14,735,919",False,True,False,WHITE,1.0,MALE,"482,906"
"600,737",1,52.0,2.0,Large passenger vehicle,2,"239,789",2015 Nov 03 07:35:00 PM,2015 Nov 04 01:35:00 AM,"14,735,931",False,True,False,HISPANIC,2.0,FEMALE,"482,934"
"600,745",1,18.0,2.0,Pedestrian,7,"239,793",2015 Nov 03 07:34:00 PM,2015 Nov 04 01:34:00 AM,"14,735,935",False,True,False,HISPANIC,2.0,FEMALE,"482,942"
"601,135",1,66.0,1.0,Pedestrian,7,"240,001",2015 Nov 06 08:35:00 PM,2015 Nov 07 02:35:00 AM,"14,741,971",False,True,False,WHITE,1.0,MALE,"483,358"
"601,150",1,50.0,3.0,Large passenger vehicle,2,"240,010",2015 Apr 14 12:21:00 PM,2015 Apr 14 05:21:00 PM,"14,742,585",False,True,False,BLACK,2.0,FEMALE,"483,375"
"601,172",4,26.0,2.0,Large passenger vehicle,2,"240,023",2015 Sep 23 01:09:00 AM,2015 Sep 23 06:09:00 AM,"14,742,598",False,True,False,HISPANIC,1.0,MALE,"483,399"
"601,384",1,31.0,3.0,Passenger car,1,"240,134",2015 Nov 07 08:32:00 PM,2015 Nov 08 02:32:00 AM,"14,742,820",False,True,False,BLACK,1.0,MALE,"483,620"
"601,404",4,42.0,2.0,Pedestrian,7,"240,145",2015 Nov 08 05:05:00 AM,2015 Nov 08 11:05:00 AM,"14,742,831",False,True,False,HISPANIC,1.0,MALE,"483,640"
"601,521",1,22.0,1.0,Passenger car,1,"240,203",2015 Nov 05 07:04:00 PM,2015 Nov 06 01:04:00 AM,"14,744,371",False,True,False,WHITE,1.0,MALE,"483,771"
"601,565",1,46.0,1.0,Passenger car,1,"240,226",2015 Nov 08 08:24:00 PM,2015 Nov 09 02:24:00 AM,"14,744,780",False,True,False,WHITE,1.0,MALE,"483,821"
"601,651",1,37.0,2.0,Passenger car,1,"240,270",2015 Nov 10 07:35:00 PM,2015 Nov 11 01:35:00 AM,"14,747,175",False,True,False,HISPANIC,2.0,FEMALE,"483,909"
"601,727",1,55.0,1.0,Bicycle,5,"240,306",2015 Nov 03 08:54:00 AM,2015 Nov 03 02:54:00 PM,"14,748,054",False,True,False,WHITE,2.0,FEMALE,"483,988"
"601,789",1,31.0,3.0,Passenger car,1,"240,338",2015 Nov 10 02:58:00 PM,2015 Nov 10 08:58:00 PM,"14,748,471",False,True,False,BLACK,1.0,MALE,"484,052"
"601,804",1,29.0,2.0,Passenger car,1,"240,346",2015 Nov 11 12:58:00 AM,2015 Nov 11 06:58:00 AM,"14,748,479",False,True,False,HISPANIC,1.0,MALE,"484,067"
"602,274",1,48.0,5.0,Pedestrian,7,"240,596",2015 Nov 04 01:04:00 PM,2015 Nov 04 07:04:00 PM,"14,754,941",False,True,False,OTHER,1.0,MALE,"484,562"
"602,284",1,62.0,2.0,Pedestrian,7,"240,600",2015 Nov 10 06:29:00 PM,2015 Nov 11 12:29:00 AM,"14,754,945",False,True,False,HISPANIC,2.0,FEMALE,"484,572"
"602,308",1,38.0,2.0,Large passenger vehicle,2,"240,613",2015 Nov 08 02:19:00 AM,2015 Nov 08 08:19:00 AM,"14,755,111",False,True,False,HISPANIC,1.0,MALE,"484,596"
"602,603",4,29.0,1.0,Passenger car,1,"240,767",2015 Nov 09 12:21:00 AM,2015 Nov 09 06:21:00 AM,"14,757,614",False,True,False,WHITE,2.0,FEMALE,"484,910"
"602,604",1,25.0,2.0,Large passenger vehicle,2,"240,767",2015 Nov 09 12:21:00 AM,2015 Nov 09 06:21:00 AM,"14,757,614",False,True,False,HISPANIC,1.0,MALE,"484,911"
"602,726",4,34.0,2.0,Passenger car,1,"240,838",2015 Nov 06 02:09:00 AM,2015 Nov 06 08:09:00 AM,"14,759,282",False,True,False,HISPANIC,1.0,MALE,"485,051"
"602,731",1,19.0,2.0,Large passenger vehicle,2,"240,842",2015 Nov 06 06:39:00 AM,2015 Nov 06 12:39:00 PM,"14,759,294",False,True,False,HISPANIC,2.0,FEMALE,"485,057"
"602,732",1,22.0,2.0,Passenger car,1,"240,842",2015 Nov 06 06:39:00 AM,2015 Nov 06 12:39:00 PM,"14,759,294",False,True,False,HISPANIC,2.0,FEMALE,"485,058"
"602,751",1,22.0,2.0,Passenger car,1,"240,853",2015 Nov 12 02:28:00 AM,2015 Nov 12 08:28:00 AM,"14,759,307",False,True,False,HISPANIC,2.0,FEMALE,"485,077"
"602,765",4,60.0,1.0,Passenger car,1,"240,860",2015 Nov 14 01:45:00 AM,2015 Nov 14 07:45:00 AM,"14,759,341",False,True,False,WHITE,1.0,MALE,"485,092"
"602,804",1,43.0,1.0,Large passenger vehicle,2,"240,877",2015 Nov 17 01:12:00 PM,2015 Nov 17 07:12:00 PM,"14,759,364",False,True,False,WHITE,1.0,MALE,"485,131"
"603,002",1,43.0,1.0,Motorcycle,3,"240,975",2015 Nov 18 06:45:00 AM,2015 Nov 18 12:45:00 PM,"14,761,923",False,True,False,WHITE,1.0,MALE,"485,334"
"603,425",1,28.0,1.0,Passenger car,1,"241,197",2015 Nov 02 09:57:00 AM,2015 Nov 02 03:57:00 PM,"14,767,642",False,True,False,WHITE,1.0,MALE,"485,784"
"603,702",4,51.0,2.0,Motorcycle,3,"241,337",2015 Nov 18 07:52:00 PM,2015 Nov 19 01:52:00 AM,"14,770,541",False,True,False,HISPANIC,1.0,MALE,"486,069"
"603,738",1,28.0,1.0,Motorcycle,3,"241,356",2015 Nov 11 03:49:00 PM,2015 Nov 11 09:49:00 PM,"14,770,817",False,True,False,WHITE,1.0,MALE,"486,106"
"604,049",1,56.0,1.0,Passenger car,1,"241,521",2015 Nov 26 11:05:00 PM,2015 Nov 27 05:05:00 AM,"14,774,356",False,True,False,WHITE,2.0,FEMALE,"486,435"
"604,283",1,26.0,2.0,Passenger car,1,"241,648",2015 Nov 21 06:25:00 PM,2015 Nov 22 12:25:00 AM,"14,778,708",False,True,False,HISPANIC,1.0,MALE,"486,679"
"604,287",1,46.0,1.0,Bicycle,5,"241,650",2015 Nov 22 05:49:00 PM,2015 Nov 22 11:49:00 PM,"14,778,710",False,True,False,WHITE,1.0,MALE,"486,683"
"604,358",1,26.0,2.0,Motorcycle,3,"241,684",2015 Nov 25 02:50:00 AM,2015 Nov 25 08:50:00 AM,"14,778,832",False,True,False,HISPANIC,1.0,MALE,"486,754"
"604,382",1,36.0,1.0,Pedestrian,7,"241,697",2015 Nov 26 03:03:00 PM,2015 Nov 26 09:03:00 PM,"14,778,852",False,True,False,WHITE,2.0,FEMALE,"486,779"
"604,447",1,43.0,3.0,Passenger car,1,"241,732",2015 Nov 27 05:59:00 PM,2015 Nov 27 11:59:00 PM,"14,778,978",False,True,False,BLACK,2.0,FEMALE,"486,844"
"604,654",1,25.0,3.0,Pedestrian,7,"241,850",2015 Nov 21 06:11:00 AM,2015 Nov 21 12:11:00 PM,"14,782,671",False,True,False,BLACK,1.0,MALE,"487,067"
"604,763",1,34.0,2.0,Pedestrian,7,"241,908",2015 Nov 09 09:55:00 PM,2015 Nov 10 03:55:00 AM,"14,784,593",False,True,False,HISPANIC,1.0,MALE,"487,184"
"604,796",1,32.0,1.0,Bicycle,5,"241,925",2015 Nov 23 07:51:00 PM,2015 Nov 24 01:51:00 AM,"14,784,752",False,True,False,WHITE,1.0,MALE,"487,223"
"604,934",1,17.0,2.0,Passenger car,1,"242,003",2015 Nov 29 12:26:00 AM,2015 Nov 29 06:26:00 AM,"14,787,066",False,True,False,HISPANIC,1.0,MALE,"487,373"
"604,935",1,21.0,2.0,Large passenger vehicle,2,"242,003",2015 Nov 29 12:26:00 AM,2015 Nov 29 06:26:00 AM,"14,787,066",False,True,False,HISPANIC,2.0,FEMALE,"487,374"
"604,944",4,26.0,1.0,Pedestrian,7,"242,008",2015 Nov 30 05:23:00 AM,2015 Nov 30 11:23:00 AM,"14,787,072",False,True,False,WHITE,2.0,FEMALE,"487,383"
"605,027",1,26.0,1.0,Passenger car,1,"242,047",2015 Dec 01 05:40:00 PM,2015 Dec 01 11:40:00 PM,"14,787,157",False,True,False,WHITE,1.0,MALE,"487,470"
"605,052",1,28.0,2.0,Motorcycle,3,"242,062",2015 Dec 02 01:38:00 PM,2015 Dec 02 07:38:00 PM,"14,787,199",False,True,False,HISPANIC,1.0,MALE,"487,497"
"605,467",1,64.0,2.0,Passenger car,1,"242,274",2015 Nov 30 12:24:00 PM,2015 Nov 30 06:24:00 PM,"14,792,789",False,True,False,HISPANIC,1.0,MALE,"487,929"
"605,549",1,23.0,1.0,Pedestrian,7,"242,314",2015 Dec 04 02:44:00 AM,2015 Dec 04 08:44:00 AM,"14,792,938",False,True,False,WHITE,1.0,MALE,"488,011"
"605,605",1,37.0,2.0,Passenger car,1,"242,343",2015 Dec 06 12:16:00 PM,2015 Dec 06 06:16:00 PM,"14,793,014",False,True,False,HISPANIC,2.0,FEMALE,"488,069"
"605,692",1,67.0,2.0,Large passenger vehicle,2,"242,389",2015 Nov 20 01:48:00 PM,2015 Nov 20 07:48:00 PM,"14,793,504",False,True,False,HISPANIC,1.0,MALE,"488,160"
"605,694",1,36.0,1.0,Large passenger vehicle,2,"242,390",2015 Nov 20 02:55:00 PM,2015 Nov 20 08:55:00 PM,"14,793,506",False,True,False,WHITE,2.0,FEMALE,"488,162"
"605,903",1,22.0,1.0,Passenger car,1,"242,500",2015 Nov 20 09:00:00 PM,2015 Nov 21 03:00:00 AM,"14,796,400",False,True,False,WHITE,1.0,MALE,"488,384"
"605,905",1,22.0,1.0,Passenger car,1,"242,501",2015 Nov 20 09:00:00 PM,2015 Nov 21 03:00:00 AM,"14,796,402",False,True,False,WHITE,1.0,MALE,"488,386"
"605,907",1,22.0,1.0,Passenger car,1,"242,502",2015 Nov 20 09:00:00 PM,2015 Nov 21 03:00:00 AM,"14,796,403",False,True,False,WHITE,1.0,MALE,"488,388"
"606,083",1,31.0,3.0,Large passenger vehicle,2,"242,601",2015 Dec 04 06:51:00 AM,2015 Dec 04 12:51:00 PM,"14,798,568",False,True,False,BLACK,1.0,MALE,"488,579"
"606,098",1,37.0,3.0,Pedestrian,7,"242,608",2015 Dec 06 07:36:00 PM,2015 Dec 07 01:36:00 AM,"14,798,577",False,True,False,BLACK,2.0,FEMALE,"488,596"
"606,202",1,33.0,2.0,Passenger car,1,"242,659",2015 Dec 08 05:08:00 AM,2015 Dec 08 11:08:00 AM,"14,798,709",False,True,False,HISPANIC,1.0,MALE,"488,706"
"606,414",1,66.0,1.0,Passenger car,1,"242,763",2015 Dec 09 02:31:00 PM,2015 Dec 09 08:31:00 PM,"14,800,302",False,True,False,WHITE,2.0,FEMALE,"488,924"
"606,429",1,55.0,3.0,Passenger car,1,"242,770",2015 Dec 09 11:24:00 PM,2015 Dec 10 05:24:00 AM,"14,800,313",False,True,False,BLACK,2.0,FEMALE,"488,939"
"606,430",1,28.0,1.0,Passenger car,1,"242,770",2015 Dec 09 11:24:00 PM,2015 Dec 10 05:24:00 AM,"14,800,313",False,True,False,WHITE,2.0,FEMALE,"488,940"
"606,597",1,82.0,1.0,Passenger car,1,"242,861",2015 Dec 09 02:03:00 PM,2015 Dec 09 08:03:00 PM,"14,802,488",False,True,False,WHITE,2.0,FEMALE,"489,115"
"607,004",1,84.0,1.0,Passenger car,1,"243,076",2015 Dec 09 06:25:00 PM,2015 Dec 10 12:25:00 AM,"14,809,465",False,True,False,WHITE,2.0,FEMALE,"489,550"
"607,081",4,45.0,3.0,Pedestrian,7,"243,108",2015 Dec 11 07:19:00 PM,2015 Dec 12 01:19:00 AM,"14,809,536",False,True,False,BLACK,1.0,MALE,"489,627"
"607,618",1,6.0,2.0,Pedestrian,7,"243,388",2015 Dec 15 06:52:00 AM,2015 Dec 15 12:52:00 PM,"14,815,946",False,True,False,HISPANIC,2.0,FEMALE,"490,195"
"607,658",1,68.0,1.0,Large passenger vehicle,2,"243,408",2015 Dec 16 09:52:00 AM,2015 Dec 16 03:52:00 PM,"14,816,261",False,True,False,WHITE,2.0,FEMALE,"490,236"
"607,674",1,70.0,2.0,Passenger car,1,"243,416",2015 Dec 16 02:31:00 PM,2015 Dec 16 08:31:00 PM,"14,816,269",False,True,False,HISPANIC,1.0,MALE,"490,255"
"607,769",1,28.0,1.0,Large passenger vehicle,2,"243,465",2015 Dec 15 04:50:00 PM,2015 Dec 15 10:50:00 PM,"14,816,380",False,True,False,WHITE,1.0,MALE,"490,356"
"607,793",1,32.0,1.0,Motorcycle,3,"243,475",2015 Dec 15 05:21:00 PM,2015 Dec 15 11:21:00 PM,"14,816,390",False,True,False,WHITE,1.0,MALE,"490,380"
"608,168",1,23.0,2.0,Motorcycle,3,"243,665",2015 Dec 20 06:36:00 AM,2015 Dec 20 12:36:00 PM,"14,820,018",False,True,False,HISPANIC,1.0,MALE,"490,774"
"608,170",1,22.0,1.0,Large passenger vehicle,2,"243,666",2015 Dec 20 08:02:00 AM,2015 Dec 20 02:02:00 PM,"14,820,019",False,True,False,WHITE,2.0,FEMALE,"490,776"
"608,283",1,51.0,2.0,Large passenger vehicle,2,"243,724",2015 Dec 20 06:41:00 PM,2015 Dec 21 12:41:00 AM,"14,822,187",False,True,False,HISPANIC,1.0,MALE,"490,893"
"608,370",1,24.0,2.0,Passenger car,1,"243,772",2015 Dec 20 03:34:00 AM,2015 Dec 20 09:34:00 AM,"14,823,233",False,True,False,HISPANIC,2.0,FEMALE,"490,988"
"608,373",1,17.0,2.0,Passenger car,1,"243,775",2015 Dec 21 07:02:00 AM,2015 Dec 21 01:02:00 PM,"14,823,236",False,True,False,HISPANIC,2.0,FEMALE,"490,991"
"608,374",1,34.0,2.0,Large passenger vehicle,2,"243,775",2015 Dec 21 07:02:00 AM,2015 Dec 21 01:02:00 PM,"14,823,236",False,True,False,HISPANIC,1.0,MALE,"490,992"
"608,406",1,58.0,1.0,Passenger car,1,"243,792",2015 Dec 21 02:58:00 PM,2015 Dec 21 08:58:00 PM,"14,823,259",False,True,False,WHITE,1.0,MALE,"491,031"
"608,431",1,24.0,2.0,Passenger car,1,"243,804",2015 Dec 21 09:27:00 PM,2015 Dec 22 03:27:00 AM,"14,823,316",False,True,False,HISPANIC,1.0,MALE,"491,056"
"608,442",1,26.0,2.0,Passenger car,1,"243,810",2015 Dec 22 02:20:00 AM,2015 Dec 22 08:20:00 AM,"14,823,322",False,True,False,HISPANIC,1.0,MALE,"491,067"
"608,459",4,39.0,2.0,Pedestrian,7,"243,819",2015 Dec 12 07:48:00 PM,2015 Dec 13 01:48:00 AM,"14,823,360",False,True,False,HISPANIC,1.0,MALE,"491,085"
"608,566",1,13.0,1.0,Pedestrian,7,"243,877",2015 Dec 08 07:45:00 AM,2015 Dec 08 01:45:00 PM,"14,825,594",False,True,False,WHITE,1.0,MALE,"491,196"
"608,598",1,23.0,1.0,Passenger car,1,"243,897",2015 Dec 21 06:45:00 AM,2015 Dec 21 12:45:00 PM,"14,825,723",False,True,False,WHITE,2.0,FEMALE,"491,235"
"609,131",1,32.0,1.0,Passenger car,1,"244,193",2015 Dec 26 06:28:00 PM,2015 Dec 27 12:28:00 AM,"14,831,455",False,True,False,WHITE,1.0,MALE,"491,793"
"609,333",4,22.0,5.0,Passenger car,1,"244,311",2015 Jun 19 12:55:00 AM,2015 Jun 19 05:55:00 AM,"14,834,887",False,True,False,OTHER,2.0,FEMALE,"492,004"
"609,334",1,50.0,1.0,Passenger car,1,"244,311",2015 Jun 19 12:55:00 AM,2015 Jun 19 05:55:00 AM,"14,834,887",False,True,False,WHITE,1.0,MALE,"492,005"
"609,348",4,38.0,1.0,Passenger car,1,"244,321",2015 Dec 26 10:26:00 PM,2015 Dec 27 04:26:00 AM,"14,834,897",False,True,False,WHITE,2.0,FEMALE,"492,021"
"609,358",1,24.0,2.0,Large passenger vehicle,2,"244,328",2015 Dec 28 09:16:00 AM,2015 Dec 28 03:16:00 PM,"14,834,906",False,True,False,HISPANIC,2.0,FEMALE,"492,032"
"609,375",1,24.0,1.0,Pedestrian,7,"244,334",2015 Dec 28 07:54:00 PM,2015 Dec 29 01:54:00 AM,"14,834,950",False,True,False,WHITE,2.0,FEMALE,"492,049"
"609,550",4,41.0,2.0,Large passenger vehicle,2,"244,427",2015 Dec 30 05:50:00 AM,2015 Dec 30 11:50:00 AM,"14,836,565",False,True,False,HISPANIC,1.0,MALE,"492,240"
"609,556",1,51.0,1.0,Passenger car,1,"244,431",2015 Dec 30 10:32:00 AM,2015 Dec 30 04:32:00 PM,"14,836,571",False,True,False,WHITE,1.0,MALE,"492,247"
"609,755",4,33.0,1.0,Motorcycle,3,"244,542",2015 Dec 30 07:32:00 PM,2015 Dec 31 01:32:00 AM,"14,841,999",False,True,False,WHITE,1.0,MALE,"492,458"
"609,833",4,55.0,1.0,Bicycle,5,"244,584",2015 Dec 22 06:31:00 AM,2015 Dec 22 12:31:00 PM,"14,844,698",False,True,False,WHITE,1.0,MALE,"492,545"
"609,872",1,51.0,1.0,Motorcycle,3,"244,605",2015 Dec 14 10:55:00 PM,2015 Dec 15 04:55:00 AM,"14,844,933",False,True,False,WHITE,1.0,MALE,"492,588"
"609,911",1,54.0,1.0,Passenger car,1,"244,625",2015 Dec 12 10:30:00 PM,2015 Dec 13 04:30:00 AM,"14,845,081",False,True,False,WHITE,2.0,FEMALE,"492,630"
"609,953",4,31.0,1.0,Passenger car,1,"244,649",2015 Nov 14 05:03:00 PM,2015 Nov 14 11:03:00 PM,"14,846,548",False,True,False,WHITE,1.0,MALE,"492,677"
"610,015",4,45.0,1.0,Pedestrian,7,"244,683",2015 Dec 14 08:15:00 PM,2015 Dec 15 02:15:00 AM,"14,848,750",False,True,False,WHITE,1.0,MALE,"492,739"
"610,019",1,26.0,5.0,Passenger car,1,"244,687",2015 Dec 27 02:40:00 AM,2015 Dec 27 08:40:00 AM,"14,848,754",False,True,False,OTHER,2.0,FEMALE,"492,745"
"610,035",1,42.0,2.0,Large passenger vehicle,2,"244,698",2015 Dec 30 11:45:00 PM,2015 Dec 31 05:45:00 AM,"14,849,013",False,True,False,HISPANIC,2.0,FEMALE,"492,764"
"610,188",1,44.0,1.0,Large passenger vehicle,2,"244,774",2015 Aug 10 08:49:00 AM,2015 Aug 10 01:49:00 PM,"14,859,378",False,True,False,WHITE,1.0,MALE,"492,922"
"610,252",4,35.0,1.0,Large passenger vehicle,2,"244,809",2015 Dec 30 02:21:00 AM,2015 Dec 30 08:21:00 AM,"14,863,140",False,True,False,WHITE,2.0,FEMALE,"492,993"
"610,367",1,60.0,1.0,Passenger car,1,"244,881",2015 Dec 11 12:46:00 PM,2015 Dec 11 06:46:00 PM,"14,889,640",False,True,False,WHITE,2.0,FEMALE,"493,124"
"610,399",1,52.0,1.0,Large passenger vehicle,2,"244,900",2015 Nov 02 09:57:00 AM,2015 Nov 02 03:57:00 PM,"14,894,439",False,True,False,WHITE,2.0,FEMALE,"493,161"
"610,644",1,22.0,1.0,Passenger car,1,"245,036",2015 Jun 21 02:09:00 AM,2015 Jun 21 07:09:00 AM,"15,053,286",False,True,False,WHITE,1.0,MALE,"493,441"
"610,695",1,22.0,1.0,Passenger car,1,"245,062",2015 Nov 05 07:04:00 PM,2015 Nov 06 01:04:00 AM,"15,357,807",False,True,False,WHITE,1.0,MALE,"493,497"
"610,714",1,18.0,2.0,Passenger car,1,"245,071",2015 Sep 29 01:23:00 AM,2015 Sep 29 06:23:00 AM,"15,524,485",False,True,False,HISPANIC,1.0,MALE,"493,517"
"610,715",1,30.0,3.0,Motorcycle,3,"245,072",2015 Mar 28 01:59:00 AM,2015 Mar 28 06:59:00 AM,"15,528,152",False,True,False,BLACK,1.0,MALE,"493,518"
"610,800",1,58.0,1.0,Passenger car,1,"245,121",2015 Feb 09 02:05:00 PM,2015 Feb 09 08:05:00 PM,"15,554,091",False,True,False,WHITE,2.0,FEMALE,"493,609"
"611,109",1,30.0,2.0,Large passenger vehicle,2,"216,088",2015 Jan 06 05:04:00 PM,2015 Jan 06 11:04:00 PM,"14,212,227",False,False,False,HISPANIC,1.0,MALE,"435,593"
"611,174",1,22.0,6.0,Passenger car,1,"216,188",2015 Jan 03 04:22:00 AM,2015 Jan 03 10:22:00 AM,"14,217,639",False,False,False,AMER. INDIAN/ALASKAN NATIVE,2.0,FEMALE,"435,792"
"611,735",1,28.0,3.0,Large passenger vehicle,2,"217,001",2015 Jan 24 12:54:00 PM,2015 Jan 24 06:54:00 PM,"14,240,929",False,False,False,BLACK,1.0,MALE,"437,365"
"612,138",1,68.0,2.0,Large passenger vehicle,2,"217,580",2015 Jan 30 07:21:00 PM,2015 Jan 31 01:21:00 AM,"14,255,466",False,False,False,HISPANIC,1.0,MALE,"438,533"
"612,997",1,54.0,2.0,Large passenger vehicle,2,"218,611",2015 Feb 15 05:20:00 PM,2015 Feb 15 11:20:00 PM,"14,281,313",False,False,False,HISPANIC,2.0,FEMALE,"440,584"
"613,004",1,46.0,1.0,Large passenger vehicle,2,"218,631",2015 Feb 16 04:54:00 AM,2015 Feb 16 10:54:00 AM,"14,281,380",False,False,False,WHITE,2.0,FEMALE,"440,620"
"613,022",1,33.0,2.0,Large passenger vehicle,2,"218,655",2015 Feb 17 02:45:00 PM,2015 Feb 17 08:45:00 PM,"14,281,474",False,False,False,HISPANIC,2.0,FEMALE,"440,669"
"613,333",1,41.0,3.0,Passenger car,1,"219,073",2015 Feb 24 02:21:00 PM,2015 Feb 24 08:21:00 PM,"14,293,106",False,False,False,BLACK,1.0,MALE,"441,518"
"613,682",1,7.0,2.0,Passenger car,1,"219,596",2015 Feb 25 07:16:00 PM,2015 Feb 26 01:16:00 AM,"14,311,483",False,False,False,HISPANIC,2.0,FEMALE,"442,531"
"613,786",1,23.0,3.0,Passenger car,1,"219,680",2015 Feb 28 06:00:00 PM,2015 Mar 01 12:00:00 AM,"14,313,247",False,False,False,BLACK,2.0,FEMALE,"442,704"
"613,977",1,25.0,,Passenger car,1,"219,925",2015 Mar 05 10:14:00 AM,2015 Mar 05 04:14:00 PM,"14,318,413",False,False,False,,1.0,MALE,"443,195"
"614,095",1,29.0,1.0,Passenger car,1,"220,149",2015 Mar 08 04:03:00 PM,2015 Mar 08 09:03:00 PM,"14,326,487",False,False,False,WHITE,1.0,MALE,"443,620"
"614,176",1,34.0,1.0,Passenger car,1,"220,235",2015 Feb 24 01:45:00 PM,2015 Feb 24 07:45:00 PM,"14,327,674",False,False,False,WHITE,1.0,MALE,"443,806"
"614,393",1,26.0,2.0,Passenger car,1,"220,461",2015 Feb 15 01:07:00 AM,2015 Feb 15 07:07:00 AM,"14,334,262",False,False,False,HISPANIC,2.0,FEMALE,"444,266"
"614,399",1,10.0,3.0,Passenger car,1,"220,473",2015 Feb 26 04:14:00 PM,2015 Feb 26 10:14:00 PM,"14,334,315",False,False,False,BLACK,2.0,FEMALE,"444,290"
"615,052",1,28.0,2.0,Large passenger vehicle,2,"221,290",2015 Mar 12 01:14:00 PM,2015 Mar 12 06:14:00 PM,"14,351,110",False,False,False,HISPANIC,1.0,MALE,"445,923"
"615,053",1,27.0,2.0,Large passenger vehicle,2,"221,290",2015 Mar 12 01:14:00 PM,2015 Mar 12 06:14:00 PM,"14,351,110",False,False,False,HISPANIC,1.0,MALE,"445,923"
"615,393",1,45.0,1.0,Passenger car,1,"221,734",2015 Mar 22 01:02:00 PM,2015 Mar 22 06:02:00 PM,"14,360,233",False,False,False,WHITE,2.0,FEMALE,"446,821"
"615,416",1,39.0,3.0,Large passenger vehicle,2,"221,764",2015 Mar 25 06:36:00 PM,2015 Mar 25 11:36:00 PM,"14,360,348",False,False,False,BLACK,2.0,FEMALE,"446,883"
"615,418",1,11.0,3.0,Large passenger vehicle,2,"221,764",2015 Mar 25 06:36:00 PM,2015 Mar 25 11:36:00 PM,"14,360,348",False,False,False,BLACK,1.0,MALE,"446,883"
"615,513",1,50.0,3.0,Bicycle,5,"221,910",2015 Apr 02 05:31:00 PM,2015 Apr 02 10:31:00 PM,"14,362,825",False,False,False,BLACK,1.0,MALE,"447,158"
"615,631",1,15.0,1.0,Passenger car,1,"222,059",2015 Feb 22 06:19:00 AM,2015 Feb 22 12:19:00 PM,"14,365,903",False,False,False,WHITE,1.0,MALE,"447,454"
"615,788",1,4.0,2.0,Passenger car,1,"222,317",2015 Mar 28 06:56:00 PM,2015 Mar 28 11:56:00 PM,"14,372,574",False,False,False,HISPANIC,1.0,MALE,"447,992"
"615,966",1,20.0,3.0,Passenger car,1,"222,554",2015 Apr 11 10:11:00 AM,2015 Apr 11 03:11:00 PM,"14,376,795",False,False,False,BLACK,1.0,MALE,"448,439"
"616,532",1,40.0,2.0,Large passenger vehicle,2,"223,266",2015 Apr 19 01:01:00 AM,2015 Apr 19 06:01:00 AM,"14,393,899",False,False,False,HISPANIC,2.0,FEMALE,"449,830"
"616,877",1,47.0,,Motorcycle,3,"223,701",2015 Apr 24 12:25:00 AM,2015 Apr 24 05:25:00 AM,"14,403,133",False,False,False,,2.0,FEMALE,"450,692"
"616,887",1,59.0,1.0,Large passenger vehicle,2,"223,730",2015 Apr 25 10:12:00 AM,2015 Apr 25 03:12:00 PM,"14,403,254",False,False,False,WHITE,2.0,FEMALE,"450,742"
"616,888",1,25.0,1.0,Large passenger vehicle,2,"223,730",2015 Apr 25 10:12:00 AM,2015 Apr 25 03:12:00 PM,"14,403,254",False,False,False,WHITE,1.0,MALE,"450,742"
"617,068",1,31.0,2.0,Passenger car,1,"223,975",2015 Apr 12 10:31:00 PM,2015 Apr 13 03:31:00 AM,"14,408,637",False,False,False,HISPANIC,2.0,FEMALE,"451,235"
"617,362",1,30.0,2.0,Large passenger vehicle,2,"224,335",2015 Apr 30 09:26:00 PM,2015 May 01 02:26:00 AM,"14,416,685",False,False,False,HISPANIC,1.0,MALE,"451,947"
"617,493",1,47.0,2.0,Large passenger vehicle,2,"224,461",2015 May 05 03:57:00 PM,2015 May 05 08:57:00 PM,"14,418,952",False,False,False,HISPANIC,2.0,FEMALE,"452,199"
"617,771",1,7.0,2.0,Large passenger vehicle,2,"224,855",2015 May 10 09:27:00 PM,2015 May 11 02:27:00 AM,"14,427,036",False,False,False,HISPANIC,2.0,FEMALE,"452,981"
"618,431",1,55.0,2.0,Passenger car,1,"225,782",2015 May 20 04:56:00 PM,2015 May 20 09:56:00 PM,"14,448,580",False,False,False,HISPANIC,1.0,MALE,"454,797"
"618,588",1,15.0,1.0,Large passenger vehicle,2,"225,988",2015 May 15 08:46:00 AM,2015 May 15 01:46:00 PM,"14,453,189",False,False,False,WHITE,2.0,FEMALE,"455,203"
"618,704",1,39.0,1.0,Passenger car,1,"226,136",2015 May 19 01:33:00 PM,2015 May 19 06:33:00 PM,"14,454,522",False,False,False,WHITE,2.0,FEMALE,"455,481"
"618,853",1,39.0,2.0,Large passenger vehicle,2,"226,318",2015 May 10 03:24:00 AM,2015 May 10 08:24:00 AM,"14,459,428",False,False,False,HISPANIC,2.0,FEMALE,"455,840"
"618,854",4,36.0,2.0,Large passenger vehicle,2,"226,318",2015 May 10 03:24:00 AM,2015 May 10 08:24:00 AM,"14,459,428",False,False,False,HISPANIC,1.0,MALE,"455,840"
"618,855",4,23.0,1.0,Passenger car,1,"226,318",2015 May 10 03:24:00 AM,2015 May 10 08:24:00 AM,"14,459,428",False,False,False,WHITE,2.0,FEMALE,"455,841"
"618,856",1,39.0,2.0,Large passenger vehicle,2,"226,319",2015 May 10 03:24:00 AM,2015 May 10 08:24:00 AM,"14,459,429",False,False,False,HISPANIC,2.0,FEMALE,"455,842"
"618,857",1,36.0,2.0,Large passenger vehicle,2,"226,319",2015 May 10 03:24:00 AM,2015 May 10 08:24:00 AM,"14,459,429",False,False,False,HISPANIC,1.0,MALE,"455,842"
"618,875",1,51.0,2.0,Passenger car,1,"226,336",2015 May 21 06:02:00 PM,2015 May 21 11:02:00 PM,"14,459,580",False,False,False,HISPANIC,2.0,FEMALE,"455,878"
"618,894",1,16.0,2.0,Passenger car,1,"226,350",2015 May 26 01:09:00 PM,2015 May 26 06:09:00 PM,"14,459,640",False,False,False,HISPANIC,1.0,MALE,"455,907"
"618,895",1,16.0,2.0,Passenger car,1,"226,350",2015 May 26 01:09:00 PM,2015 May 26 06:09:00 PM,"14,459,640",False,False,False,HISPANIC,1.0,MALE,"455,907"
"619,105",1,16.0,1.0,Large passenger vehicle,2,"226,574",2015 Jun 01 09:37:00 AM,2015 Jun 01 02:37:00 PM,"14,463,459",False,False,False,WHITE,1.0,MALE,"456,344"
"619,334",1,30.0,1.0,Passenger car,1,"226,863",2015 May 28 07:10:00 PM,2015 May 29 12:10:00 AM,"14,469,660",False,False,False,WHITE,2.0,FEMALE,"456,924"
"619,601",1,24.0,2.0,Motor vehicle – other,4,"227,154",2015 Jun 05 09:30:00 PM,2015 Jun 06 02:30:00 AM,"14,475,063",False,False,False,HISPANIC,1.0,MALE,"457,518"
"619,847",4,19.0,4.0,Passenger car,1,"227,478",2015 Jun 01 10:07:00 PM,2015 Jun 02 03:07:00 AM,"14,481,558",False,False,False,ASIAN,1.0,MALE,"458,159"
"620,003",1,40.0,1.0,Motorcycle,3,"227,755",2015 Jun 13 08:41:00 AM,2015 Jun 13 01:41:00 PM,"14,487,574",False,False,False,WHITE,2.0,FEMALE,"458,722"
"620,013",1,66.0,1.0,Motorcycle,3,"227,763",2015 Jun 13 06:56:00 PM,2015 Jun 13 11:56:00 PM,"14,487,603",False,False,False,WHITE,2.0,FEMALE,"458,739"
"620,192",1,40.0,1.0,Large passenger vehicle,2,"228,009",2015 May 29 09:00:00 PM,2015 May 30 02:00:00 AM,"14,495,236",False,False,False,WHITE,2.0,FEMALE,"459,228"
"620,193",1,6.0,1.0,Large passenger vehicle,2,"228,009",2015 May 29 09:00:00 PM,2015 May 30 02:00:00 AM,"14,495,236",False,False,False,WHITE,2.0,FEMALE,"459,228"
"620,302",1,55.0,1.0,Passenger car,1,"228,126",2015 Apr 10 12:41:00 PM,2015 Apr 10 05:41:00 PM,"14,498,397",False,False,False,WHITE,1.0,MALE,"459,456"
"620,316",1,3.0,3.0,Passenger car,1,"228,142",2015 Jun 01 03:31:00 PM,2015 Jun 01 08:31:00 PM,"14,498,708",False,False,False,BLACK,2.0,FEMALE,"459,486"
"620,534",1,14.0,,Passenger car,1,"228,482",2015 Jun 14 02:27:00 PM,2015 Jun 14 07:27:00 PM,"14,504,302",False,False,False,,1.0,MALE,"460,154"
"621,700",1,48.0,2.0,Passenger car,1,"229,864",2015 Jul 11 02:23:00 AM,2015 Jul 11 07:23:00 AM,"14,531,727",False,False,False,HISPANIC,1.0,MALE,"462,922"
"621,906",1,24.0,2.0,Passenger car,1,"230,124",2015 Jul 15 11:59:00 AM,2015 Jul 15 04:59:00 PM,"14,537,656",False,False,False,HISPANIC,2.0,FEMALE,"463,447"
"622,305",1,10.0,2.0,Large passenger vehicle,2,"230,603",2015 Jul 20 04:23:00 PM,2015 Jul 20 09:23:00 PM,"14,549,369",False,False,False,HISPANIC,2.0,FEMALE,"464,411"
"622,597",1,63.0,1.0,Passenger car,1,"230,916",2015 Jul 23 11:44:00 AM,2015 Jul 23 04:44:00 PM,"14,556,026",False,False,False,WHITE,2.0,FEMALE,"465,044"
"622,637",4,24.0,1.0,Passenger car,1,"230,980",2015 Jul 11 07:09:00 PM,2015 Jul 12 12:09:00 AM,"14,557,605",False,False,False,WHITE,2.0,FEMALE,"465,181"
"622,662",1,18.0,3.0,Passenger car,1,"231,020",2015 Jul 25 12:44:00 PM,2015 Jul 25 05:44:00 PM,"14,558,008",False,False,False,BLACK,2.0,FEMALE,"465,256"
"623,129",1,71.0,2.0,Large passenger vehicle,2,"231,584",2015 Jul 31 06:14:00 PM,2015 Jul 31 11:14:00 PM,"14,570,203",False,False,False,HISPANIC,1.0,MALE,"466,413"
"623,813",4,42.0,2.0,Large passenger vehicle,2,"232,404",2015 Jul 24 01:13:00 AM,2015 Jul 24 06:13:00 AM,"14,585,261",False,False,False,HISPANIC,2.0,FEMALE,"468,054"
"623,814",1,14.0,2.0,Large passenger vehicle,2,"232,404",2015 Jul 24 01:13:00 AM,2015 Jul 24 06:13:00 AM,"14,585,261",False,False,False,HISPANIC,1.0,MALE,"468,054"
"623,816",4,1.0,2.0,Large passenger vehicle,2,"232,404",2015 Jul 24 01:13:00 AM,2015 Jul 24 06:13:00 AM,"14,585,261",False,False,False,HISPANIC,2.0,FEMALE,"468,054"
"623,817",4,23.0,2.0,Large passenger vehicle,2,"232,404",2015 Jul 24 01:13:00 AM,2015 Jul 24 06:13:00 AM,"14,585,261",False,False,False,HISPANIC,2.0,FEMALE,"468,054"
"624,137",4,26.0,1.0,Motorcycle,3,"232,778",2015 Aug 16 06:01:00 PM,2015 Aug 16 11:01:00 PM,"14,592,599",False,False,False,WHITE,2.0,FEMALE,"468,803"
"624,310",1,22.0,2.0,Passenger car,1,"232,984",2015 Aug 19 02:36:00 AM,2015 Aug 19 07:36:00 AM,"14,596,506",False,False,False,HISPANIC,2.0,FEMALE,"469,218"
"625,392",1,19.0,2.0,Passenger car,1,"234,371",2015 Aug 05 06:59:00 PM,2015 Aug 05 11:59:00 PM,"14,626,034",False,False,False,HISPANIC,2.0,FEMALE,"472,006"
"625,393",1,66.0,2.0,Large passenger vehicle,2,"234,371",2015 Aug 05 06:59:00 PM,2015 Aug 05 11:59:00 PM,"14,626,034",False,False,False,HISPANIC,2.0,FEMALE,"472,007"
"625,765",1,17.0,2.0,Large passenger vehicle,2,"234,864",2015 Aug 20 12:34:00 PM,2015 Aug 20 05:34:00 PM,"14,636,665",False,False,False,HISPANIC,1.0,MALE,"472,970"
"625,766",4,16.0,2.0,Large passenger vehicle,2,"234,864",2015 Aug 20 12:34:00 PM,2015 Aug 20 05:34:00 PM,"14,636,665",False,False,False,HISPANIC,2.0,FEMALE,"472,970"
"625,783",1,51.0,3.0,Large passenger vehicle,2,"234,900",2015 Sep 11 01:16:00 PM,2015 Sep 11 06:16:00 PM,"14,637,362",False,False,False,BLACK,1.0,MALE,"473,051"
"625,904",1,25.0,1.0,Passenger car,1,"235,029",2015 Sep 10 08:08:00 PM,2015 Sep 11 01:08:00 AM,"14,640,749",False,False,False,WHITE,1.0,MALE,"473,328"
"626,115",1,20.0,2.0,Passenger car,1,"235,340",2015 Sep 17 02:17:00 PM,2015 Sep 17 07:17:00 PM,"14,647,605",False,False,False,HISPANIC,1.0,MALE,"473,968"
"626,423",4,,,Passenger car,1,"235,744",2015 Aug 30 04:53:00 AM,2015 Aug 30 09:53:00 AM,"14,655,390",False,False,False,,1.0,MALE,"474,785"
"626,424",4,,,Passenger car,1,"235,744",2015 Aug 30 04:53:00 AM,2015 Aug 30 09:53:00 AM,"14,655,390",False,False,False,,1.0,MALE,"474,785"
"626,425",4,,,Passenger car,1,"235,744",2015 Aug 30 04:53:00 AM,2015 Aug 30 09:53:00 AM,"14,655,390",False,False,False,,1.0,MALE,"474,785"
"626,757",1,27.0,1.0,Large passenger vehicle,2,"236,208",2015 Sep 26 12:13:00 PM,2015 Sep 26 05:13:00 PM,"14,664,035",False,False,False,WHITE,1.0,MALE,"475,737"
"626,779",1,78.0,3.0,Large passenger vehicle,2,"236,235",2015 Sep 27 03:32:00 PM,2015 Sep 27 08:32:00 PM,"14,664,074",False,False,False,BLACK,2.0,FEMALE,"475,785"
"627,313",1,47.0,1.0,Passenger car,1,"236,878",2015 Sep 18 06:07:00 PM,2015 Sep 18 11:07:00 PM,"14,677,072",False,False,False,WHITE,2.0,FEMALE,"477,098"
"627,667",1,14.0,2.0,Passenger car,1,"237,425",2015 Oct 11 10:05:00 AM,2015 Oct 11 03:05:00 PM,"14,689,041",False,False,False,HISPANIC,1.0,MALE,"478,225"
"628,093",1,22.0,2.0,Large passenger vehicle,2,"238,062",2015 Oct 12 01:05:00 AM,2015 Oct 12 06:05:00 AM,"14,704,123",False,False,False,HISPANIC,1.0,MALE,"479,518"
"628,756",1,20.0,3.0,Passenger car,1,"239,039",2015 Oct 27 04:53:00 PM,2015 Oct 27 09:53:00 PM,"14,719,814",False,False,False,BLACK,1.0,MALE,"481,428"
"628,758",1,12.0,3.0,Passenger car,1,"239,039",2015 Oct 27 04:53:00 PM,2015 Oct 27 09:53:00 PM,"14,719,814",False,False,False,BLACK,2.0,FEMALE,"481,428"
"629,076",1,34.0,2.0,Motor vehicle – other,4,"239,494",2015 Oct 05 11:03:00 PM,2015 Oct 06 04:03:00 AM,"14,731,333",False,False,False,HISPANIC,1.0,MALE,"482,325"
"629,149",1,23.0,2.0,Passenger car,1,"239,622",2015 Nov 01 03:54:00 AM,2015 Nov 01 09:54:00 AM,"14,734,391",False,False,False,HISPANIC,2.0,FEMALE,"482,573"
"630,003",1,22.0,2.0,Passenger car,1,"240,716",2015 Nov 15 12:46:00 AM,2015 Nov 15 06:46:00 AM,"14,757,306",False,False,False,HISPANIC,1.0,MALE,"484,805"
"630,685",1,27.0,1.0,Motorcycle,3,"241,684",2015 Nov 25 02:50:00 AM,2015 Nov 25 08:50:00 AM,"14,778,832",False,False,False,WHITE,2.0,FEMALE,"486,754"
"630,943",1,18.0,2.0,Passenger car,1,"242,047",2015 Dec 01 05:40:00 PM,2015 Dec 01 11:40:00 PM,"14,787,157",False,False,False,HISPANIC,2.0,FEMALE,"487,469"
"631,065",1,77.0,2.0,Passenger car,1,"242,201",2015 Dec 05 06:20:00 PM,2015 Dec 06 12:20:00 AM,"14,790,262",False,False,False,HISPANIC,2.0,FEMALE,"487,792"
"631,640",1,0.0,2.0,Passenger car,1,"243,074",2015 Dec 08 02:57:00 PM,2015 Dec 08 08:57:00 PM,"14,809,462",False,False,False,HISPANIC,2.0,FEMALE,"489,543"
"632,201",1,25.0,1.0,Passenger car,1,"243,772",2015 Dec 20 03:34:00 AM,2015 Dec 20 09:34:00 AM,"14,823,233",False,False,False,WHITE,1.0,MALE,"490,988"
"632,233",1,24.0,2.0,Passenger car,1,"243,810",2015 Dec 22 02:20:00 AM,2015 Dec 22 08:20:00 AM,"14,823,322",False,False,False,HISPANIC,1.0,MALE,"491,067"
"632,495",1,22.0,2.0,Passenger car,1,"244,183",2015 Dec 25 10:24:00 PM,2015 Dec 26 04:24:00 AM,"14,831,421",False,False,False,HISPANIC,1.0,MALE,"491,772"
"632,540",1,14.0,2.0,Large passenger vehicle,2,"244,222",2015 Dec 27 08:32:00 PM,2015 Dec 28 02:32:00 AM,"14,831,510",False,False,False,HISPANIC,1.0,MALE,"491,837"
"632,615",1,17.0,3.0,Passenger car,1,"244,321",2015 Dec 26 10:26:00 PM,2015 Dec 27 04:26:00 AM,"14,834,897",False,False,False,BLACK,1.0,MALE,"492,021"
"632,626",1,35.0,2.0,Large passenger vehicle,2,"244,328",2015 Dec 28 09:16:00 AM,2015 Dec 28 03:16:00 PM,"14,834,906",False,False,False,HISPANIC,2.0,FEMALE,"492,034"
"632,627",1,8.0,2.0,Large passenger vehicle,2,"244,328",2015 Dec 28 09:16:00 AM,2015 Dec 28 03:16:00 PM,"14,834,906",False,False,False,HISPANIC,1.0,MALE,"492,034"
"632,922",1,36.0,2.0,Large passenger vehicle,2,"244,679",2015 Dec 30 05:45:00 PM,2015 Dec 30 11:45:00 PM,"14,848,585",False,False,False,HISPANIC,1.0,MALE,"492,730"
"632,931",1,35.0,2.0,Large passenger vehicle,2,"244,698",2015 Dec 30 11:45:00 PM,2015 Dec 31 05:45:00 AM,"14,849,013",False,False,False,HISPANIC,1.0,MALE,"492,764"
"632,974",4,53.0,2.0,Large passenger vehicle,2,"244,774",2015 Aug 10 08:49:00 AM,2015 Aug 10 01:49:00 PM,"14,859,378",False,False,False,HISPANIC,1.0,MALE,"492,923"
"633,034",4,21.0,2.0,Passenger car,1,"244,848",2015 Dec 16 02:36:00 AM,2015 Dec 16 08:36:00 AM,"14,882,998",False,False,False,HISPANIC,2.0,FEMALE,"493,060"
"633,064",1,72.0,1.0,Large passenger vehicle,2,"244,900",2015 Nov 02 09:57:00 AM,2015 Nov 02 03:57:00 PM,"14,894,439",False,False,False,WHITE,2.0,FEMALE,"493,160"
"633,259",1,22.0,1.0,Motorcycle,3,"245,225",2017 Dec 31 08:35:00 AM,2017 Dec 31 02:35:00 PM,"16,175,877",False,True,False,WHITE,1.0,MALE,"493,804"
"633,504",1,45.0,3.0,Pedestrian,7,"245,342",2018 Jan 03 09:52:00 AM,2018 Jan 03 03:52:00 PM,"16,180,162",False,True,False,BLACK,2.0,FEMALE,"494,017"
"633,555",1,24.0,1.0,Motorcycle,3,"245,369",2018 Jan 01 01:16:00 PM,2018 Jan 01 07:16:00 PM,"16,180,820",False,True,False,WHITE,1.0,MALE,"494,070"
"633,933",1,59.0,1.0,Motor vehicle – other,4,"245,562",2018 Jan 05 08:11:00 PM,2018 Jan 06 02:11:00 AM,"16,186,131",False,True,False,WHITE,1.0,MALE,"494,472"
"633,955",1,25.0,1.0,Motorcycle,3,"245,574",2018 Jan 06 12:03:00 PM,2018 Jan 06 06:03:00 PM,"16,186,170",False,True,False,WHITE,1.0,MALE,"494,494"
"634,080",1,31.0,1.0,Passenger car,1,"245,640",2018 Jan 08 06:27:00 PM,2018 Jan 09 12:27:00 AM,"16,188,510",False,True,False,WHITE,2.0,FEMALE,"494,626"
"634,231",1,71.0,1.0,Passenger car,1,"245,723",2018 Jan 09 06:33:00 PM,2018 Jan 10 12:33:00 AM,"16,190,194",False,True,False,WHITE,2.0,FEMALE,"494,786"
"634,267",1,20.0,1.0,Passenger car,1,"245,739",2018 Jan 09 02:45:00 PM,2018 Jan 09 08:45:00 PM,"16,190,235",False,True,False,WHITE,1.0,MALE,"494,823"
"634,416",1,27.0,4.0,Pedestrian,7,"245,817",2018 Jan 10 07:09:00 AM,2018 Jan 10 01:09:00 PM,"16,194,047",False,True,False,ASIAN,2.0,FEMALE,"494,982"
"634,444",1,24.0,2.0,Passenger car,1,"245,830",2018 Jan 10 06:00:00 PM,2018 Jan 11 12:00:00 AM,"16,194,252",False,True,False,HISPANIC,1.0,MALE,"495,010"
"634,451",1,44.0,1.0,Passenger car,1,"245,834",2018 Jan 10 07:59:00 PM,2018 Jan 11 01:59:00 AM,"16,194,256",False,True,False,WHITE,2.0,FEMALE,"495,017"
"634,480",1,23.0,1.0,Passenger car,1,"245,849",2018 Jan 02 10:12:00 PM,2018 Jan 03 04:12:00 AM,"16,194,389",False,True,False,WHITE,2.0,FEMALE,"495,050"
"634,527",1,25.0,2.0,Passenger car,1,"245,871",2018 Jan 09 03:21:00 PM,2018 Jan 09 09:21:00 PM,"16,194,516",False,True,False,HISPANIC,2.0,FEMALE,"495,101"
"634,606",1,61.0,5.0,Large passenger vehicle,2,"245,911",2018 Jan 12 08:25:00 AM,2018 Jan 12 02:25:00 PM,"16,194,580",False,True,False,OTHER,1.0,MALE,"495,183"
"634,835",1,35.0,3.0,Passenger car,1,"246,047",2018 Jan 10 02:06:00 PM,2018 Jan 10 08:06:00 PM,"16,200,493",False,True,False,BLACK,1.0,MALE,"495,429"
"634,850",1,45.0,4.0,Passenger car,1,"246,056",2018 Jan 12 09:53:00 PM,2018 Jan 13 03:53:00 AM,"16,201,043",False,True,False,ASIAN,1.0,MALE,"495,444"
"634,905",1,61.0,1.0,Large passenger vehicle,2,"246,084",2018 Jan 10 05:23:00 PM,2018 Jan 10 11:23:00 PM,"16,201,261",False,True,False,WHITE,1.0,MALE,"495,500"
"634,990",1,47.0,1.0,Motorcycle,3,"246,124",2018 Jan 13 01:18:00 AM,2018 Jan 13 07:18:00 AM,"16,201,404",False,True,False,WHITE,1.0,MALE,"495,592"
"635,023",1,43.0,3.0,Passenger car,1,"246,140",2018 Jan 13 06:26:00 PM,2018 Jan 14 12:26:00 AM,"16,201,459",False,True,False,BLACK,1.0,MALE,"495,626"
"635,039",1,56.0,3.0,Motorcycle,3,"246,149",2018 Jan 13 06:28:00 PM,2018 Jan 14 12:28:00 AM,"16,201,468",False,True,False,BLACK,1.0,MALE,"495,642"
"635,156",1,33.0,1.0,Passenger car,1,"246,216",2018 Jan 16 07:57:00 AM,2018 Jan 16 01:57:00 PM,"16,201,615",False,True,False,WHITE,1.0,MALE,"495,766"
"635,612",1,26.0,0.0,Large passenger vehicle,2,"246,458",2018 Jan 17 01:44:00 PM,2018 Jan 17 07:44:00 PM,"16,205,702",False,True,False,UNKNOWN,2.0,FEMALE,"496,256"
"636,009",1,24.0,1.0,Motorcycle,3,"246,671",2018 Jan 21 07:45:00 PM,2018 Jan 22 01:45:00 AM,"16,209,489",False,True,False,WHITE,1.0,MALE,"496,679"
"636,058",1,67.0,1.0,Passenger car,1,"246,695",2018 Jan 11 05:27:00 AM,2018 Jan 11 11:27:00 AM,"16,209,774",False,True,False,WHITE,2.0,FEMALE,"496,728"
"636,179",1,18.0,3.0,Passenger car,1,"246,761",2018 Jan 20 07:02:00 PM,2018 Jan 21 01:02:00 AM,"16,211,790",False,True,False,BLACK,2.0,FEMALE,"496,860"
"636,187",1,42.0,1.0,Large passenger vehicle,2,"246,765",2018 Jan 21 01:54:00 AM,2018 Jan 21 07:54:00 AM,"16,211,794",False,True,False,WHITE,1.0,MALE,"496,868"
"636,271",1,44.0,1.0,Motorcycle,3,"246,801",2018 Jan 23 01:43:00 PM,2018 Jan 23 07:43:00 PM,"16,212,044",False,True,False,WHITE,2.0,FEMALE,"496,955"
"636,332",1,59.0,1.0,Large passenger vehicle,2,"246,834",2018 Jan 16 05:14:00 PM,2018 Jan 16 11:14:00 PM,"16,212,851",False,True,False,WHITE,1.0,MALE,"497,023"
"637,043",1,37.0,1.0,Passenger car,1,"247,212",2018 Jan 18 06:35:00 PM,2018 Jan 19 12:35:00 AM,"16,221,162",False,True,False,WHITE,2.0,FEMALE,"497,786"
"637,058",4,54.0,2.0,Motorcycle,3,"247,220",2018 Jan 24 06:31:00 PM,2018 Jan 25 12:31:00 AM,"16,221,172",False,True,False,HISPANIC,1.0,MALE,"497,803"
"637,533",4,23.0,2.0,Large passenger vehicle,2,"247,477",2018 Jan 04 11:57:00 PM,2018 Jan 05 05:57:00 AM,"16,228,701",False,True,False,HISPANIC,2.0,FEMALE,"498,311"
"637,593",4,42.0,3.0,Large passenger vehicle,2,"247,507",2018 Jan 28 05:00:00 AM,2018 Jan 28 11:00:00 AM,"16,228,863",False,True,False,BLACK,1.0,MALE,"498,374"
"637,632",1,37.0,2.0,Passenger car,1,"247,528",2018 Jan 29 06:55:00 PM,2018 Jan 30 12:55:00 AM,"16,228,886",False,True,False,HISPANIC,2.0,FEMALE,"498,415"
"637,655",1,33.0,1.0,Motorcycle,3,"247,539",2018 Jan 30 08:49:00 AM,2018 Jan 30 02:49:00 PM,"16,228,949",False,True,False,WHITE,1.0,MALE,"498,438"
"637,684",4,28.0,2.0,Passenger car,1,"247,554",2018 Jan 30 08:36:00 PM,2018 Jan 31 02:36:00 AM,"16,228,969",False,True,False,HISPANIC,2.0,FEMALE,"498,468"
"637,901",1,56.0,2.0,Passenger car,1,"247,666",2018 Feb 02 06:48:00 AM,2018 Feb 02 12:48:00 PM,"16,229,318",False,True,False,HISPANIC,1.0,MALE,"498,691"
"638,176",1,44.0,1.0,Large passenger vehicle,2,"247,811",2018 Feb 02 06:20:00 PM,2018 Feb 03 12:20:00 AM,"16,233,172",False,True,False,WHITE,1.0,MALE,"498,977"
"638,236",1,36.0,1.0,Motorcycle,3,"247,842",2018 Feb 03 04:18:00 PM,2018 Feb 03 10:18:00 PM,"16,233,291",False,True,False,WHITE,1.0,MALE,"499,039"
"638,264",1,27.0,2.0,Passenger car,1,"247,859",2018 Feb 04 02:39:00 AM,2018 Feb 04 08:39:00 AM,"16,233,361",False,True,False,HISPANIC,1.0,MALE,"499,070"
"638,277",1,25.0,2.0,Passenger car,1,"247,866",2018 Feb 04 09:55:00 AM,2018 Feb 04 03:55:00 PM,"16,233,368",False,True,False,HISPANIC,1.0,MALE,"499,084"
"638,328",1,54.0,2.0,Motorcycle,3,"247,895",2018 Feb 04 02:38:00 PM,2018 Feb 04 08:38:00 PM,"16,233,424",False,True,False,HISPANIC,1.0,MALE,"499,144"
"638,720",4,38.0,2.0,Pedestrian,7,"248,108",2018 Feb 06 07:07:00 PM,2018 Feb 07 01:07:00 AM,"16,237,591",False,True,False,HISPANIC,1.0,MALE,"499,558"
"638,852",1,28.0,3.0,Passenger car,1,"248,185",2018 Feb 05 02:51:00 AM,2018 Feb 05 08:51:00 AM,"16,240,834",False,True,False,BLACK,1.0,MALE,"499,697"
"638,977",1,22.0,3.0,Passenger car,1,"248,248",2018 Feb 09 03:16:00 AM,2018 Feb 09 09:16:00 AM,"16,240,936",False,True,False,BLACK,2.0,FEMALE,"499,830"
"639,262",1,40.0,1.0,Large passenger vehicle,2,"248,397",2018 Feb 09 12:23:00 PM,2018 Feb 09 06:23:00 PM,"16,244,459",False,True,False,WHITE,1.0,MALE,"500,137"
"639,355",1,28.0,1.0,Large passenger vehicle,2,"248,443",2018 Feb 10 02:15:00 AM,2018 Feb 10 08:15:00 AM,"16,245,075",False,True,False,WHITE,1.0,MALE,"500,230"
"639,362",1,69.0,1.0,Passenger car,1,"248,449",2018 Feb 10 08:52:00 AM,2018 Feb 10 02:52:00 PM,"16,245,081",False,True,False,WHITE,2.0,FEMALE,"500,240"
"639,539",1,49.0,,Passenger car,1,"248,549",2018 Feb 11 05:03:00 PM,2018 Feb 11 11:03:00 PM,"16,247,127",False,True,False,,2.0,FEMALE,"500,445"
"639,567",1,66.0,1.0,Passenger car,1,"248,562",2018 Feb 12 04:08:00 PM,2018 Feb 12 10:08:00 PM,"16,247,234",False,True,False,WHITE,2.0,FEMALE,"500,473"
"639,584",1,34.0,2.0,Passenger car,1,"248,568",2018 Feb 12 09:36:00 PM,2018 Feb 13 03:36:00 AM,"16,247,240",False,True,False,HISPANIC,2.0,FEMALE,"500,490"
"639,757",1,40.0,3.0,Passenger car,1,"248,658",2018 Feb 06 02:07:00 AM,2018 Feb 06 08:07:00 AM,"16,249,197",False,True,False,BLACK,1.0,MALE,"500,672"
"640,153",1,23.0,3.0,Passenger car,1,"248,860",2018 Feb 15 12:53:00 AM,2018 Feb 15 06:53:00 AM,"16,252,631",False,True,False,BLACK,1.0,MALE,"501,085"
"640,161",1,23.0,3.0,Passenger car,1,"248,864",2018 Feb 15 08:30:00 AM,2018 Feb 15 02:30:00 PM,"16,252,636",False,True,False,BLACK,2.0,FEMALE,"501,093"
"640,575",1,41.0,2.0,Passenger car,1,"249,077",2018 Feb 18 01:43:00 AM,2018 Feb 18 07:43:00 AM,"16,258,252",False,True,False,HISPANIC,2.0,FEMALE,"501,524"
"640,682",4,23.0,1.0,Pedestrian,7,"249,138",2018 Feb 17 08:40:00 PM,2018 Feb 18 02:40:00 AM,"16,259,588",False,True,False,WHITE,1.0,MALE,"501,636"
"640,709",1,15.0,3.0,Pedestrian,7,"249,152",2018 Feb 20 10:00:00 PM,2018 Feb 21 04:00:00 AM,"16,259,661",False,True,False,BLACK,1.0,MALE,"501,663"
"640,878",1,34.0,1.0,Motorcycle,3,"249,240",2018 Feb 16 07:13:00 PM,2018 Feb 17 01:13:00 AM,"16,262,480",False,True,False,WHITE,1.0,MALE,"501,842"
"640,991",1,16.0,2.0,Pedestrian,7,"249,302",2018 Feb 21 05:41:00 PM,2018 Feb 21 11:41:00 PM,"16,262,745",False,True,False,HISPANIC,1.0,MALE,"501,958"
"641,276",1,39.0,2.0,Large passenger vehicle,2,"249,457",2018 Feb 23 12:27:00 PM,2018 Feb 23 06:27:00 PM,"16,264,948",False,True,False,HISPANIC,2.0,FEMALE,"502,256"
"641,448",1,26.0,3.0,Passenger car,1,"249,549",2018 Feb 22 08:22:00 AM,2018 Feb 22 02:22:00 PM,"16,267,900",False,True,False,BLACK,2.0,FEMALE,"502,447"
"641,510",1,22.0,1.0,Passenger car,1,"249,578",2018 Feb 23 02:52:00 PM,2018 Feb 23 08:52:00 PM,"16,268,018",False,True,False,WHITE,2.0,FEMALE,"502,514"
"641,722",4,46.0,1.0,Motorcycle,3,"249,697",2018 Feb 09 03:07:00 AM,2018 Feb 09 09:07:00 AM,"16,270,695",False,True,False,WHITE,1.0,MALE,"502,742"
"641,789",1,27.0,1.0,Passenger car,1,"249,734",2018 Feb 26 07:59:00 AM,2018 Feb 26 01:59:00 PM,"16,270,790",False,True,False,WHITE,2.0,FEMALE,"502,814"
"641,790",1,30.0,,Passenger car,1,"249,734",2018 Feb 26 07:59:00 AM,2018 Feb 26 01:59:00 PM,"16,270,790",False,True,False,,1.0,MALE,"502,815"
"642,029",1,43.0,1.0,Passenger car,1,"249,856",2018 Feb 27 05:20:00 AM,2018 Feb 27 11:20:00 AM,"16,272,770",False,True,False,WHITE,2.0,FEMALE,"503,073"
"642,174",1,64.0,1.0,Pedestrian,7,"249,937",2018 Feb 28 01:23:00 PM,2018 Feb 28 07:23:00 PM,"16,274,777",False,True,False,WHITE,2.0,FEMALE,"503,227"
"642,183",1,30.0,1.0,Large passenger vehicle,2,"249,942",2018 Feb 28 08:14:00 AM,2018 Feb 28 02:14:00 PM,"16,274,782",False,True,False,WHITE,2.0,FEMALE,"503,236"
"642,231",1,25.0,1.0,Bicycle,5,"249,966",2018 Mar 01 07:48:00 AM,2018 Mar 01 01:48:00 PM,"16,275,226",False,True,False,WHITE,1.0,MALE,"503,287"
"642,725",1,24.0,1.0,Passenger car,1,"250,221",2018 Feb 22 08:55:00 PM,2018 Feb 23 02:55:00 AM,"16,282,331",False,True,False,WHITE,1.0,MALE,"503,813"
"643,014",1,22.0,4.0,E-scooter,11,"250,375",2018 Mar 05 05:03:00 PM,2018 Mar 05 11:03:00 PM,"16,285,239",False,True,False,ASIAN,1.0,MALE,"504,125"
"643,024",1,40.0,1.0,Motorcycle,3,"250,381",2018 Mar 05 08:04:00 PM,2018 Mar 06 02:04:00 AM,"16,285,360",False,True,False,WHITE,1.0,MALE,"504,135"
"643,027",1,57.0,2.0,Passenger car,1,"250,383",2018 Mar 05 11:55:00 PM,2018 Mar 06 05:55:00 AM,"16,285,362",False,True,False,HISPANIC,2.0,FEMALE,"504,138"
"643,224",1,31.0,2.0,Large passenger vehicle,2,"250,484",2018 Mar 07 12:28:00 AM,2018 Mar 07 06:28:00 AM,"16,287,254",False,True,False,HISPANIC,1.0,MALE,"504,345"
"643,431",1,31.0,1.0,Motorcycle,3,"250,597",2018 Mar 08 07:34:00 PM,2018 Mar 09 01:34:00 AM,"16,291,089",False,True,False,WHITE,1.0,MALE,"504,565"
"643,788",1,44.0,2.0,Pedestrian,7,"250,785",2018 Mar 09 08:59:00 PM,2018 Mar 10 02:59:00 AM,"16,294,416",False,True,False,HISPANIC,1.0,MALE,"504,941"
"643,802",1,20.0,2.0,Passenger car,1,"250,791",2018 Mar 09 04:48:00 PM,2018 Mar 09 10:48:00 PM,"16,294,423",False,True,False,HISPANIC,2.0,FEMALE,"504,955"
"643,807",1,20.0,1.0,Pedestrian,7,"250,793",2018 Mar 10 12:58:00 AM,2018 Mar 10 06:58:00 AM,"16,294,425",False,True,False,WHITE,2.0,FEMALE,"504,961"
"643,814",1,27.0,1.0,Passenger car,1,"250,796",2018 Mar 10 01:43:00 PM,2018 Mar 10 07:43:00 PM,"16,294,428",False,True,False,WHITE,2.0,FEMALE,"504,968"
"643,866",4,71.0,1.0,Passenger car,1,"250,825",2018 Mar 11 02:51:00 PM,2018 Mar 11 07:51:00 PM,"16,294,578",False,True,False,WHITE,1.0,MALE,"505,024"
"644,379",1,20.0,3.0,Passenger car,1,"251,110",2018 Mar 13 02:50:00 PM,2018 Mar 13 07:50:00 PM,"16,301,880",False,True,False,BLACK,1.0,MALE,"505,593"
"644,410",1,54.0,1.0,Pedestrian,7,"251,125",2018 Mar 13 03:06:00 PM,2018 Mar 13 08:06:00 PM,"16,301,917",False,True,False,WHITE,1.0,MALE,"505,628"
"644,416",4,50.0,1.0,Passenger car,1,"251,128",2018 Mar 13 04:31:00 PM,2018 Mar 13 09:31:00 PM,"16,301,920",False,True,False,WHITE,1.0,MALE,"505,634"
"644,833",1,65.0,1.0,Large passenger vehicle,2,"251,340",2018 Mar 16 05:19:00 PM,2018 Mar 16 10:19:00 PM,"16,306,116",False,True,False,WHITE,1.0,MALE,"506,082"
"645,151",1,83.0,3.0,Passenger car,1,"251,519",2018 Mar 18 01:56:00 PM,2018 Mar 18 06:56:00 PM,"16,309,263",False,True,False,BLACK,1.0,MALE,"506,413"
"645,651",1,35.0,1.0,Motorcycle,3,"251,792",2018 Mar 12 10:38:00 PM,2018 Mar 13 03:38:00 AM,"16,317,603",False,True,False,WHITE,2.0,FEMALE,"506,951"
"645,718",4,14.0,2.0,Pedestrian,7,"251,822",2018 Feb 28 06:36:00 AM,2018 Feb 28 12:36:00 PM,"16,317,713",False,True,False,HISPANIC,1.0,MALE,"507,022"
"645,790",1,61.0,1.0,Motorcycle,3,"251,859",2018 Mar 18 10:27:00 PM,2018 Mar 19 03:27:00 AM,"16,317,963",False,True,False,WHITE,1.0,MALE,"507,100"
"645,861",1,55.0,3.0,Passenger car,1,"251,897",2018 Mar 22 03:10:00 PM,2018 Mar 22 08:10:00 PM,"16,318,127",False,True,False,BLACK,2.0,FEMALE,"507,173"
"645,871",1,45.0,3.0,Pedestrian,7,"251,902",2018 Mar 22 10:59:00 PM,2018 Mar 23 03:59:00 AM,"16,318,132",False,True,False,BLACK,1.0,MALE,"507,183"
"645,942",1,20.0,2.0,Passenger car,1,"251,939",2018 Mar 23 11:37:00 PM,2018 Mar 24 04:37:00 AM,"16,318,333",False,True,False,HISPANIC,2.0,FEMALE,"507,259"
"645,973",1,44.0,5.0,Passenger car,1,"251,953",2018 Mar 21 07:26:00 AM,2018 Mar 21 12:26:00 PM,"16,318,430",False,True,False,OTHER,2.0,FEMALE,"507,292"
"646,071",1,53.0,3.0,Pedestrian,7,"251,998",2018 Mar 23 09:56:00 PM,2018 Mar 24 02:56:00 AM,"16,318,507",False,True,False,BLACK,1.0,MALE,"507,393"
"646,105",4,23.0,3.0,Large passenger vehicle,2,"252,017",2018 Mar 25 04:31:00 AM,2018 Mar 25 09:31:00 AM,"16,318,546",False,True,False,BLACK,1.0,MALE,"507,434"
"646,219",1,45.0,1.0,Motorcycle,3,"252,082",2018 Mar 19 11:47:00 PM,2018 Mar 20 04:47:00 AM,"16,319,999",False,True,False,WHITE,1.0,MALE,"507,557"
"646,253",1,28.0,2.0,Motorcycle,3,"252,100",2018 Mar 22 03:02:00 PM,2018 Mar 22 08:02:00 PM,"16,320,979",False,True,False,HISPANIC,1.0,MALE,"507,592"
"646,254",1,65.0,1.0,Passenger car,1,"252,100",2018 Mar 22 03:02:00 PM,2018 Mar 22 08:02:00 PM,"16,320,979",False,True,False,WHITE,2.0,FEMALE,"507,593"
"646,256",1,56.0,3.0,Passenger car,1,"252,101",2018 Mar 26 10:15:00 PM,2018 Mar 27 03:15:00 AM,"16,321,017",False,True,False,BLACK,1.0,MALE,"507,595"
"646,296",1,60.0,1.0,Pedestrian,7,"252,121",2018 Mar 15 10:01:00 PM,2018 Mar 16 03:01:00 AM,"16,321,358",False,True,False,WHITE,1.0,MALE,"507,639"
"646,656",1,58.0,5.0,Large passenger vehicle,2,"252,320",2018 Mar 27 11:29:00 PM,2018 Mar 28 04:29:00 AM,"16,325,828",False,True,False,OTHER,1.0,MALE,"508,034"
"646,677",1,51.0,3.0,Passenger car,1,"252,332",2018 Mar 28 07:30:00 AM,2018 Mar 28 12:30:00 PM,"16,325,857",False,True,False,BLACK,2.0,FEMALE,"508,055"
"646,745",1,19.0,1.0,Passenger car,1,"252,370",2018 Mar 24 07:47:00 PM,2018 Mar 25 12:47:00 AM,"16,326,526",False,True,False,WHITE,1.0,MALE,"508,127"
"646,868",1,21.0,1.0,Passenger car,1,"252,434",2018 Mar 27 05:27:00 PM,2018 Mar 27 10:27:00 PM,"16,327,478",False,True,False,WHITE,2.0,FEMALE,"508,256"
"646,998",1,32.0,1.0,Motorcycle,3,"252,496",2018 Mar 20 01:26:00 PM,2018 Mar 20 06:26:00 PM,"16,328,005",False,True,False,WHITE,1.0,MALE,"508,398"
"647,235",1,60.0,3.0,Large passenger vehicle,2,"252,625",2018 Mar 30 03:40:00 PM,2018 Mar 30 08:40:00 PM,"16,330,428",False,True,False,BLACK,2.0,FEMALE,"508,656"
"647,252",1,38.0,2.0,Passenger car,1,"252,634",2018 Mar 30 06:51:00 PM,2018 Mar 30 11:51:00 PM,"16,330,441",False,True,False,HISPANIC,2.0,FEMALE,"508,673"
"647,266",1,58.0,1.0,Passenger car,1,"252,640",2018 Mar 30 07:26:00 PM,2018 Mar 31 12:26:00 AM,"16,330,458",False,True,False,WHITE,1.0,MALE,"508,688"
"647,305",1,24.0,2.0,Large passenger vehicle,2,"252,660",2018 Mar 31 08:37:00 PM,2018 Apr 01 01:37:00 AM,"16,330,533",False,True,False,HISPANIC,2.0,FEMALE,"508,729"
"647,823",1,29.0,1.0,Bicycle,5,"252,927",2018 Apr 04 08:11:00 AM,2018 Apr 04 01:11:00 PM,"16,336,855",False,True,False,WHITE,1.0,MALE,"509,269"
"648,372",1,51.0,1.0,Passenger car,1,"253,217",2018 Mar 31 06:05:00 AM,2018 Mar 31 11:05:00 AM,"16,344,511",False,True,False,WHITE,1.0,MALE,"509,857"
"648,471",1,49.0,1.0,Bicycle,5,"253,265",2018 Apr 04 03:15:00 PM,2018 Apr 04 08:15:00 PM,"16,344,692",False,True,False,WHITE,1.0,MALE,"509,959"
"648,594",1,26.0,2.0,Pedestrian,7,"253,329",2018 Apr 07 02:38:00 AM,2018 Apr 07 07:38:00 AM,"16,344,806",False,True,False,HISPANIC,1.0,MALE,"510,089"
"648,736",1,58.0,3.0,Pedestrian,7,"253,404",2018 Mar 30 09:31:00 PM,2018 Mar 31 02:31:00 AM,"16,346,805",False,True,False,BLACK,1.0,MALE,"510,234"
"648,839",1,26.0,1.0,Passenger car,1,"253,453",2018 Apr 10 08:13:00 AM,2018 Apr 10 01:13:00 PM,"16,347,304",False,True,False,WHITE,2.0,FEMALE,"510,341"
"648,918",4,18.0,2.0,Passenger car,1,"253,493",2018 Apr 09 01:09:00 AM,2018 Apr 09 06:09:00 AM,"16,348,147",False,True,False,HISPANIC,1.0,MALE,"510,425"
"648,978",1,50.0,1.0,Passenger car,1,"253,524",2018 Mar 31 01:44:00 PM,2018 Mar 31 06:44:00 PM,"16,349,153",False,True,False,WHITE,2.0,FEMALE,"510,489"
"648,985",1,22.0,2.0,Motorcycle,3,"253,527",2018 Apr 02 02:30:00 PM,2018 Apr 02 07:30:00 PM,"16,349,156",False,True,False,HISPANIC,1.0,MALE,"510,496"
"649,007",1,47.0,1.0,Pedestrian,7,"253,536",2018 Apr 08 11:33:00 PM,2018 Apr 09 04:33:00 AM,"16,349,165",False,True,False,WHITE,1.0,MALE,"510,519"
"649,188",1,42.0,1.0,Passenger car,1,"253,621",2018 Apr 11 04:58:00 PM,2018 Apr 11 09:58:00 PM,"16,351,308",False,True,False,WHITE,1.0,MALE,"510,709"
"649,313",1,43.0,2.0,Passenger car,1,"253,682",2018 Mar 30 01:27:00 AM,2018 Mar 30 06:27:00 AM,"16,352,462",False,True,False,HISPANIC,2.0,FEMALE,"510,842"
"649,726",1,77.0,1.0,Passenger car,1,"253,901",2018 Apr 14 04:32:00 PM,2018 Apr 14 09:32:00 PM,"16,357,658",False,True,False,WHITE,2.0,FEMALE,"511,283"
"649,906",1,24.0,2.0,Passenger car,1,"253,994",2018 Apr 15 02:08:00 AM,2018 Apr 15 07:08:00 AM,"16,359,026",False,True,False,HISPANIC,1.0,MALE,"511,466"
"649,933",1,60.0,3.0,Passenger car,1,"254,008",2018 Apr 16 09:17:00 PM,2018 Apr 17 02:17:00 AM,"16,359,041",False,True,False,BLACK,1.0,MALE,"511,493"
"650,090",1,32.0,3.0,Passenger car,1,"254,097",2018 Apr 17 07:23:00 AM,2018 Apr 17 12:23:00 PM,"16,361,124",False,True,False,BLACK,1.0,MALE,"511,662"
"650,174",1,21.0,2.0,Passenger car,1,"254,139",2018 Apr 17 08:36:00 PM,2018 Apr 18 01:36:00 AM,"16,361,476",False,True,False,HISPANIC,1.0,MALE,"511,748"
"650,729",1,5.0,2.0,Bicycle,5,"254,434",2018 Apr 14 05:00:00 PM,2018 Apr 14 10:00:00 PM,"16,368,451",False,True,False,HISPANIC,1.0,MALE,"512,338"
"650,749",1,70.0,1.0,Large passenger vehicle,2,"254,443",2018 Apr 17 12:59:00 PM,2018 Apr 17 05:59:00 PM,"16,368,463",False,True,False,WHITE,1.0,MALE,"512,358"
"650,931",4,32.0,2.0,Pedestrian,7,"254,540",2018 Apr 21 03:42:00 AM,2018 Apr 21 08:42:00 AM,"16,368,871",False,True,False,HISPANIC,2.0,FEMALE,"512,552"
"651,327",1,29.0,1.0,Motorcycle,3,"254,753",2018 Apr 19 06:54:00 PM,2018 Apr 19 11:54:00 PM,"16,373,749",False,True,False,WHITE,1.0,MALE,"512,979"
"651,446",1,60.0,1.0,Motorcycle,3,"254,807",2018 Apr 24 06:56:00 AM,2018 Apr 24 11:56:00 AM,"16,373,865",False,True,False,WHITE,1.0,MALE,"513,099"
"651,934",1,28.0,2.0,Pedestrian,7,"255,059",2018 Apr 14 10:47:00 PM,2018 Apr 15 03:47:00 AM,"16,380,626",False,True,False,HISPANIC,1.0,MALE,"513,620"
"651,993",1,28.0,3.0,Passenger car,1,"255,087",2018 Apr 23 12:03:00 AM,2018 Apr 23 05:03:00 AM,"16,380,766",False,True,False,BLACK,1.0,MALE,"513,681"
"652,031",1,46.0,0.0,Large passenger vehicle,2,"255,106",2018 Apr 25 04:47:00 PM,2018 Apr 25 09:47:00 PM,"16,380,866",False,True,False,UNKNOWN,2.0,FEMALE,"513,720"
"652,086",1,16.0,1.0,Passenger car,1,"255,134",2018 Apr 25 06:28:00 PM,2018 Apr 25 11:28:00 PM,"16,381,099",False,True,False,WHITE,1.0,MALE,"513,776"
"652,118",1,21.0,,Passenger car,1,"255,149",2018 Apr 26 09:04:00 AM,2018 Apr 26 02:04:00 PM,"16,381,122",False,True,False,,1.0,MALE,"513,808"
"652,174",1,89.0,1.0,Pedestrian,7,"255,175",2018 Apr 26 06:27:00 PM,2018 Apr 26 11:27:00 PM,"16,381,284",False,True,False,WHITE,1.0,MALE,"513,865"
"652,384",1,39.0,2.0,Pedestrian,7,"255,281",2018 Apr 29 06:05:00 PM,2018 Apr 29 11:05:00 PM,"16,382,157",False,True,False,HISPANIC,1.0,MALE,"514,093"
"652,587",1,27.0,2.0,Pedestrian,7,"255,391",2018 Apr 29 10:21:00 PM,2018 Apr 30 03:21:00 AM,"16,385,653",False,True,False,HISPANIC,2.0,FEMALE,"514,322"
"652,756",1,40.0,2.0,Large passenger vehicle,2,"255,483",2018 Apr 07 03:02:00 AM,2018 Apr 07 08:02:00 AM,"16,388,278",False,True,False,HISPANIC,1.0,MALE,"514,500"
"652,842",4,27.0,2.0,Passenger car,1,"255,523",2018 May 01 02:50:00 AM,2018 May 01 07:50:00 AM,"16,388,366",False,True,False,HISPANIC,2.0,FEMALE,"514,590"
"652,999",1,56.0,1.0,Passenger car,1,"255,606",2018 May 03 07:06:00 PM,2018 May 04 12:06:00 AM,"16,390,061",False,True,False,WHITE,2.0,FEMALE,"514,752"
"653,336",1,24.0,1.0,Motorcycle,3,"255,784",2018 May 03 04:43:00 PM,2018 May 03 09:43:00 PM,"16,394,555",False,True,False,WHITE,1.0,MALE,"515,116"
"653,358",1,48.0,1.0,Pedestrian,7,"255,796",2018 May 03 10:59:00 PM,2018 May 04 03:59:00 AM,"16,394,568",False,True,False,WHITE,1.0,MALE,"515,140"
"653,369",1,18.0,2.0,Large passenger vehicle,2,"255,803",2018 May 03 10:48:00 PM,2018 May 04 03:48:00 AM,"16,394,576",False,True,False,HISPANIC,1.0,MALE,"515,156"
"653,502",1,80.0,0.0,Large passenger vehicle,2,"255,877",2018 May 05 03:48:00 PM,2018 May 05 08:48:00 PM,"16,394,735",False,True,False,UNKNOWN,1.0,MALE,"515,293"
"653,503",1,47.0,1.0,Bicycle,5,"255,877",2018 May 05 03:48:00 PM,2018 May 05 08:48:00 PM,"16,394,735",False,True,False,WHITE,2.0,FEMALE,"515,294"
"653,583",1,52.0,1.0,Motorcycle,3,"255,923",2018 May 06 07:12:00 PM,2018 May 07 12:12:00 AM,"16,394,802",False,True,False,WHITE,1.0,MALE,"515,377"
"653,588",1,26.0,2.0,Motorcycle,3,"255,928",2018 May 06 07:36:00 PM,2018 May 07 12:36:00 AM,"16,394,808",False,True,False,HISPANIC,1.0,MALE,"515,383"
"653,600",4,60.0,1.0,Pedestrian,7,"255,935",2018 May 07 02:10:00 AM,2018 May 07 07:10:00 AM,"16,394,816",False,True,False,WHITE,1.0,MALE,"515,397"
"653,902",1,50.0,1.0,Bicycle,5,"256,099",2018 May 01 05:31:00 PM,2018 May 01 10:31:00 PM,"16,398,816",False,True,False,WHITE,1.0,MALE,"515,719"
"653,987",1,13.0,2.0,Pedestrian,7,"256,140",2018 May 08 07:34:00 AM,2018 May 08 12:34:00 PM,"16,398,928",False,True,False,HISPANIC,1.0,MALE,"515,807"
"654,069",1,24.0,2.0,Passenger car,1,"256,186",2018 May 09 07:51:00 AM,2018 May 09 12:51:00 PM,"16,399,369",False,True,False,HISPANIC,1.0,MALE,"515,890"
"654,144",1,29.0,2.0,Large passenger vehicle,2,"256,224",2018 May 06 01:09:00 AM,2018 May 06 06:09:00 AM,"16,400,542",False,True,False,HISPANIC,1.0,MALE,"515,970"
"654,240",1,34.0,1.0,Motorcycle,3,"256,274",2018 May 10 04:13:00 PM,2018 May 10 09:13:00 PM,"16,401,347",False,True,False,WHITE,1.0,MALE,"516,071"
"654,347",4,33.0,1.0,Pedestrian,7,"256,332",2018 Apr 11 01:15:00 AM,2018 Apr 11 06:15:00 AM,"16,402,824",False,True,False,WHITE,1.0,MALE,"516,187"
"654,356",1,44.0,2.0,Large passenger vehicle,2,"256,337",2018 Apr 26 07:13:00 AM,2018 Apr 26 12:13:00 PM,"16,402,832",False,True,False,HISPANIC,1.0,MALE,"516,196"
"654,435",1,20.0,2.0,Motorcycle,3,"256,377",2018 May 10 04:39:00 PM,2018 May 10 09:39:00 PM,"16,402,937",False,True,False,HISPANIC,1.0,MALE,"516,276"
"654,732",4,26.0,1.0,Motorcycle,3,"256,536",2018 Apr 12 05:39:00 PM,2018 Apr 12 10:39:00 PM,"16,407,415",False,True,False,WHITE,1.0,MALE,"516,592"
"654,786",1,32.0,1.0,Passenger car,1,"256,564",2018 May 04 07:16:00 PM,2018 May 05 12:16:00 AM,"16,409,148",False,True,False,WHITE,2.0,FEMALE,"516,649"
"654,881",1,32.0,3.0,Large passenger vehicle,2,"256,615",2018 Apr 26 12:58:00 AM,2018 Apr 26 05:58:00 AM,"16,409,360",False,True,False,BLACK,2.0,FEMALE,"516,750"
"654,939",1,62.0,1.0,Motorcycle,3,"256,646",2018 May 10 11:04:00 PM,2018 May 11 04:04:00 AM,"16,409,433",False,True,False,WHITE,1.0,MALE,"516,816"
"654,957",1,23.0,0.0,Motorcycle,3,"256,653",2018 May 11 02:29:00 PM,2018 May 11 07:29:00 PM,"16,409,440",False,True,False,UNKNOWN,1.0,MALE,"516,834"
"655,079",1,32.0,1.0,Passenger car,1,"256,711",2018 May 12 04:28:00 PM,2018 May 12 09:28:00 PM,"16,409,611",False,True,False,WHITE,1.0,MALE,"516,960"
"655,091",1,19.0,0.0,Passenger car,1,"256,719",2018 May 13 02:23:00 AM,2018 May 13 07:23:00 AM,"16,409,678",False,True,False,UNKNOWN,1.0,MALE,"516,974"
"655,135",1,33.0,2.0,Pedestrian,7,"256,742",2018 May 14 12:48:00 AM,2018 May 14 05:48:00 AM,"16,409,806",False,True,False,HISPANIC,1.0,MALE,"517,021"
"655,159",1,18.0,,Passenger car,1,"256,756",2018 May 14 08:27:00 PM,2018 May 15 01:27:00 AM,"16,409,823",False,True,False,,1.0,MALE,"517,048"
"655,166",1,17.0,1.0,Passenger car,1,"256,760",2018 May 15 10:29:00 PM,2018 May 16 03:29:00 AM,"16,409,829",False,True,False,WHITE,2.0,FEMALE,"517,055"
"655,333",1,21.0,3.0,Passenger car,1,"256,853",2018 May 15 05:30:00 AM,2018 May 15 10:30:00 AM,"16,412,262",False,True,False,BLACK,1.0,MALE,"517,236"
"655,464",1,20.0,5.0,Passenger car,1,"256,917",2018 May 11 03:49:00 AM,2018 May 11 08:49:00 AM,"16,413,507",False,True,False,OTHER,2.0,FEMALE,"517,380"
"655,523",1,59.0,5.0,Passenger car,1,"256,946",2018 May 14 10:42:00 AM,2018 May 14 03:42:00 PM,"16,414,068",False,True,False,OTHER,2.0,FEMALE,"517,447"
"655,524",1,34.0,3.0,Passenger car,1,"256,946",2018 May 14 10:42:00 AM,2018 May 14 03:42:00 PM,"16,414,068",False,True,False,BLACK,2.0,FEMALE,"517,448"
"656,098",1,31.0,1.0,Large passenger vehicle,2,"257,245",2018 May 11 04:26:00 AM,2018 May 11 09:26:00 AM,"16,420,226",False,True,False,WHITE,1.0,MALE,"518,061"
"656,183",1,36.0,1.0,Bicycle,5,"257,292",2018 Apr 03 07:41:00 AM,2018 Apr 03 12:41:00 PM,"16,422,701",False,True,False,WHITE,2.0,FEMALE,"518,153"
"656,227",1,21.0,1.0,Large passenger vehicle,2,"257,314",2018 May 18 01:52:00 PM,2018 May 18 06:52:00 PM,"16,423,666",False,True,False,WHITE,2.0,FEMALE,"518,198"
"656,290",1,50.0,1.0,Passenger car,1,"257,344",2018 May 13 10:58:00 PM,2018 May 14 03:58:00 AM,"16,423,941",False,True,False,WHITE,1.0,MALE,"518,263"
"656,486",1,58.0,1.0,Passenger car,1,"257,443",2018 May 20 09:39:00 PM,2018 May 21 02:39:00 AM,"16,424,140",False,True,False,WHITE,1.0,MALE,"518,471"
"656,742",1,23.0,1.0,Passenger car,1,"257,575",2018 Apr 26 07:10:00 PM,2018 Apr 27 12:10:00 AM,"16,426,646",False,True,False,WHITE,2.0,FEMALE,"518,738"
"656,824",1,45.0,1.0,Motorcycle,3,"257,616",2018 May 18 05:31:00 PM,2018 May 18 10:31:00 PM,"16,426,966",False,True,False,WHITE,1.0,MALE,"518,826"
"656,869",1,24.0,1.0,Bicycle,5,"257,635",2018 May 22 08:35:00 PM,2018 May 23 01:35:00 AM,"16,427,183",False,True,False,WHITE,2.0,FEMALE,"518,873"
"656,982",1,70.0,1.0,Large passenger vehicle,2,"257,689",2018 May 24 09:46:00 AM,2018 May 24 02:46:00 PM,"16,427,304",False,True,False,WHITE,2.0,FEMALE,"518,993"
"657,080",1,22.0,2.0,Large passenger vehicle,2,"257,745",2018 May 20 12:35:00 AM,2018 May 20 05:35:00 AM,"16,428,908",False,True,False,HISPANIC,1.0,MALE,"519,095"
"657,151",1,58.0,1.0,Bicycle,5,"257,778",2018 May 24 07:08:00 PM,2018 May 25 12:08:00 AM,"16,428,978",False,True,False,WHITE,1.0,MALE,"519,168"
"657,420",1,,2.0,Pedestrian,7,"257,921",2018 May 24 10:02:00 PM,2018 May 25 03:02:00 AM,"16,433,986",False,True,False,HISPANIC,1.0,MALE,"519,455"
"657,475",1,19.0,0.0,Passenger car,1,"257,950",2018 Feb 19 05:48:00 PM,2018 Feb 19 11:48:00 PM,"16,434,619",False,True,False,UNKNOWN,1.0,MALE,"519,516"
"657,480",1,38.0,1.0,Pedestrian,7,"257,953",2018 Mar 16 09:40:00 PM,2018 Mar 17 02:40:00 AM,"16,434,622",False,True,False,WHITE,2.0,FEMALE,"519,521"
"657,504",1,54.0,3.0,Passenger car,1,"257,967",2018 May 16 05:06:00 PM,2018 May 16 10:06:00 PM,"16,434,683",False,True,False,BLACK,2.0,FEMALE,"519,546"
"657,529",1,16.0,2.0,Passenger car,1,"257,980",2018 May 21 05:51:00 AM,2018 May 21 10:51:00 AM,"16,434,697",False,True,False,HISPANIC,1.0,MALE,"519,574"
"657,547",1,21.0,1.0,Passenger car,1,"257,989",2018 Feb 19 03:27:00 AM,2018 Feb 19 09:27:00 AM,"16,434,768",False,True,False,WHITE,1.0,MALE,"519,592"
"657,590",1,21.0,2.0,Passenger car,1,"258,014",2018 May 21 07:46:00 AM,2018 May 21 12:46:00 PM,"16,434,832",False,True,False,HISPANIC,2.0,FEMALE,"519,641"
"657,643",1,30.0,1.0,Passenger car,1,"258,040",2018 May 25 03:59:00 PM,2018 May 25 08:59:00 PM,"16,434,931",False,True,False,WHITE,2.0,FEMALE,"519,699"
"657,771",1,27.0,1.0,Bicycle,5,"258,105",2018 May 27 12:33:00 AM,2018 May 27 05:33:00 AM,"16,435,315",False,True,False,WHITE,1.0,MALE,"519,833"
"657,851",1,21.0,2.0,Passenger car,1,"258,148",2018 May 29 07:52:00 AM,2018 May 29 12:52:00 PM,"16,435,382",False,True,False,HISPANIC,1.0,MALE,"519,918"
"658,097",1,29.0,1.0,Passenger car,1,"258,277",2018 May 16 04:19:00 PM,2018 May 16 09:19:00 PM,"16,439,044",False,True,False,WHITE,2.0,FEMALE,"520,181"
"658,304",1,41.0,3.0,Motorcycle,3,"258,377",2018 May 31 06:23:00 AM,2018 May 31 11:23:00 AM,"16,441,278",False,True,False,BLACK,1.0,MALE,"520,400"
"658,397",4,18.0,3.0,Passenger car,1,"258,422",2018 May 26 09:42:00 AM,2018 May 26 02:42:00 PM,"16,441,761",False,True,False,BLACK,1.0,MALE,"520,497"
"658,417",1,26.0,1.0,Motorcycle,3,"258,431",2018 Jun 01 03:05:00 PM,2018 Jun 01 08:05:00 PM,"16,441,771",False,True,False,WHITE,1.0,MALE,"520,518"
"658,657",4,48.0,3.0,Pedestrian,7,"258,565",2018 May 21 04:23:00 AM,2018 May 21 09:23:00 AM,"16,448,105",False,True,False,BLACK,2.0,FEMALE,"520,773"
"658,669",1,69.0,2.0,Large passenger vehicle,2,"258,571",2018 Jun 01 04:23:00 PM,2018 Jun 01 09:23:00 PM,"16,448,134",False,True,False,HISPANIC,2.0,FEMALE,"520,785"
"658,722",1,31.0,4.0,Bicycle,5,"258,596",2018 Feb 21 05:35:00 PM,2018 Feb 21 11:35:00 PM,"16,448,504",False,True,False,ASIAN,1.0,MALE,"520,840"
"658,813",1,28.0,2.0,Large passenger vehicle,2,"258,644",2018 Jun 02 01:00:00 AM,2018 Jun 02 06:00:00 AM,"16,448,660",False,True,False,HISPANIC,1.0,MALE,"520,938"
"658,816",1,25.0,4.0,Passenger car,1,"258,646",2018 Jun 02 07:18:00 AM,2018 Jun 02 12:18:00 PM,"16,448,666",False,True,False,ASIAN,2.0,FEMALE,"520,941"
"658,871",1,36.0,3.0,Pedestrian,7,"258,674",2018 Jun 02 06:04:00 PM,2018 Jun 02 11:04:00 PM,"16,448,728",False,True,False,BLACK,1.0,MALE,"520,997"
"658,936",1,81.0,1.0,Large passenger vehicle,2,"258,709",2018 Jun 04 10:02:00 AM,2018 Jun 04 03:02:00 PM,"16,448,785",False,True,False,WHITE,2.0,FEMALE,"521,068"
"658,937",1,47.0,1.0,Large passenger vehicle,2,"258,709",2018 Jun 04 10:02:00 AM,2018 Jun 04 03:02:00 PM,"16,448,785",False,True,False,WHITE,2.0,FEMALE,"521,069"
"659,617",1,37.0,2.0,Large passenger vehicle,2,"259,062",2018 Jun 08 05:39:00 PM,2018 Jun 08 10:39:00 PM,"16,459,561",False,True,False,HISPANIC,1.0,MALE,"521,790"
"659,669",1,39.0,2.0,Passenger car,1,"259,086",2018 Jun 09 10:09:00 AM,2018 Jun 09 03:09:00 PM,"16,459,611",False,True,False,HISPANIC,1.0,MALE,"521,844"
"659,671",1,50.0,2.0,Passenger car,1,"259,086",2018 Jun 09 10:09:00 AM,2018 Jun 09 03:09:00 PM,"16,459,611",False,True,False,HISPANIC,1.0,MALE,"521,846"
"659,868",1,23.0,2.0,Passenger car,1,"259,193",2018 Jun 03 11:45:00 AM,2018 Jun 03 04:45:00 PM,"16,462,196",False,True,False,HISPANIC,2.0,FEMALE,"522,050"
"659,914",1,33.0,1.0,Large passenger vehicle,2,"259,219",2018 Jun 07 05:28:00 PM,2018 Jun 07 10:28:00 PM,"16,462,273",False,True,False,WHITE,1.0,MALE,"522,099"
"660,124",4,57.0,1.0,Pedestrian,7,"259,337",2018 Jun 07 09:19:00 PM,2018 Jun 08 02:19:00 AM,"16,465,489",False,True,False,WHITE,1.0,MALE,"522,327"
"660,156",1,68.0,1.0,Motorcycle,3,"259,353",2018 Jun 08 10:21:00 PM,2018 Jun 09 03:21:00 AM,"16,465,523",False,True,False,WHITE,1.0,MALE,"522,360"
"660,158",1,24.0,2.0,Motorcycle,3,"259,354",2018 Jun 09 11:54:00 PM,2018 Jun 10 04:54:00 AM,"16,465,524",False,True,False,HISPANIC,1.0,MALE,"522,362"
"660,162",1,49.0,3.0,Motorcycle,3,"259,356",2018 Jun 09 12:08:00 AM,2018 Jun 09 05:08:00 AM,"16,465,527",False,True,False,BLACK,1.0,MALE,"522,366"
"660,209",1,39.0,1.0,Large passenger vehicle,2,"259,382",2018 Jun 12 08:26:00 AM,2018 Jun 12 01:26:00 PM,"16,465,585",False,True,False,WHITE,2.0,FEMALE,"522,415"
"660,223",1,44.0,2.0,Large passenger vehicle,2,"259,389",2018 Jun 12 04:06:00 PM,2018 Jun 12 09:06:00 PM,"16,465,593",False,True,False,HISPANIC,2.0,FEMALE,"522,429"
"660,234",1,19.0,2.0,Passenger car,1,"259,394",2018 Jun 12 02:53:00 PM,2018 Jun 12 07:53:00 PM,"16,465,613",False,True,False,HISPANIC,1.0,MALE,"522,440"
"660,250",1,63.0,1.0,Passenger car,1,"259,403",2018 Jun 12 01:01:00 PM,2018 Jun 12 06:01:00 PM,"16,465,622",False,True,False,WHITE,2.0,FEMALE,"522,456"
"660,636",1,46.0,3.0,Passenger car,1,"259,605",2018 Jun 10 01:29:00 AM,2018 Jun 10 06:29:00 AM,"16,472,793",False,True,False,BLACK,2.0,FEMALE,"522,868"
"660,645",1,70.0,1.0,Large passenger vehicle,2,"259,610",2018 Jun 13 02:09:00 PM,2018 Jun 13 07:09:00 PM,"16,472,798",False,True,False,WHITE,2.0,FEMALE,"522,878"
"660,656",1,80.0,4.0,Passenger car,1,"259,616",2018 Jun 14 03:35:00 PM,2018 Jun 14 08:35:00 PM,"16,472,804",False,True,False,ASIAN,2.0,FEMALE,"522,889"
"660,706",1,31.0,1.0,Passenger car,1,"259,641",2018 Jun 07 03:10:00 PM,2018 Jun 07 08:10:00 PM,"16,472,930",False,True,False,WHITE,1.0,MALE,"522,942"
"660,708",1,37.0,1.0,Motorcycle,3,"259,642",2018 Jun 08 03:43:00 PM,2018 Jun 08 08:43:00 PM,"16,472,931",False,True,False,WHITE,1.0,MALE,"522,944"
"660,782",1,47.0,1.0,Motorcycle,3,"259,679",2018 Jun 14 12:30:00 PM,2018 Jun 14 05:30:00 PM,"16,473,026",False,True,False,WHITE,2.0,FEMALE,"523,019"
"660,790",1,40.0,4.0,Passenger car,1,"259,682",2018 Jun 14 11:46:00 AM,2018 Jun 14 04:46:00 PM,"16,473,029",False,True,False,ASIAN,1.0,MALE,"523,027"
"660,962",1,37.0,1.0,Passenger car,1,"259,772",2018 Jun 17 11:48:00 AM,2018 Jun 17 04:48:00 PM,"16,473,341",False,True,False,WHITE,1.0,MALE,"523,210"
"661,005",1,60.0,1.0,Passenger car,1,"259,795",2018 Jun 18 09:03:00 AM,2018 Jun 18 02:03:00 PM,"16,473,422",False,True,False,WHITE,2.0,FEMALE,"523,256"
"661,277",1,25.0,1.0,Motorcycle,3,"259,939",2018 Jun 19 12:38:00 AM,2018 Jun 19 05:38:00 AM,"16,478,438",False,True,False,WHITE,1.0,MALE,"523,541"
"661,330",1,35.0,1.0,Motorcycle,3,"259,966",2018 Jun 15 07:13:00 PM,2018 Jun 16 12:13:00 AM,"16,478,516",False,True,False,WHITE,1.0,MALE,"523,599"
"661,446",1,39.0,2.0,Pedestrian,7,"260,027",2018 Jun 19 02:49:00 PM,2018 Jun 19 07:49:00 PM,"16,478,631",False,True,False,HISPANIC,2.0,FEMALE,"523,718"
"661,496",1,46.0,2.0,Passenger car,1,"260,053",2018 Jun 20 12:56:00 PM,2018 Jun 20 05:56:00 PM,"16,478,668",False,True,False,HISPANIC,2.0,FEMALE,"523,771"
"661,869",1,22.0,1.0,Motorcycle,3,"260,253",2018 Jun 16 12:38:00 PM,2018 Jun 16 05:38:00 PM,"16,484,581",False,True,False,WHITE,1.0,MALE,"524,172"
"661,911",1,24.0,2.0,Motor vehicle – other,4,"260,272",2018 Jun 09 10:00:00 PM,2018 Jun 10 03:00:00 AM,"16,484,874",False,True,False,HISPANIC,1.0,MALE,"524,215"
"661,912",1,67.0,3.0,Motorcycle,3,"260,272",2018 Jun 09 10:00:00 PM,2018 Jun 10 03:00:00 AM,"16,484,874",False,True,False,BLACK,1.0,MALE,"524,216"
"661,913",1,26.0,2.0,Passenger car,1,"260,273",2018 Jun 11 06:19:00 PM,2018 Jun 11 11:19:00 PM,"16,484,875",False,True,False,HISPANIC,1.0,MALE,"524,217"
"661,983",1,30.0,,Motorcycle,3,"260,312",2018 Jun 15 10:37:00 PM,2018 Jun 16 03:37:00 AM,"16,485,743",False,True,False,,1.0,MALE,"524,290"
"662,092",1,46.0,1.0,Motorcycle,3,"260,369",2018 Jun 22 01:34:00 PM,2018 Jun 22 06:34:00 PM,"16,485,908",False,True,False,WHITE,1.0,MALE,"524,406"
"662,202",1,19.0,2.0,Passenger car,1,"260,428",2018 Jun 24 06:44:00 AM,2018 Jun 24 11:44:00 AM,"16,486,167",False,True,False,HISPANIC,2.0,FEMALE,"524,524"
"662,612",4,50.0,1.0,Motorcycle,3,"260,634",2018 Jun 10 03:03:00 AM,2018 Jun 10 08:03:00 AM,"16,492,626",False,True,False,WHITE,1.0,MALE,"524,967"
"662,637",4,22.0,0.0,Passenger car,1,"260,646",2018 Jun 10 04:48:00 PM,2018 Jun 10 09:48:00 PM,"16,492,677",False,True,False,UNKNOWN,1.0,MALE,"524,992"
"662,746",1,19.0,4.0,Passenger car,1,"260,699",2018 Jun 25 08:02:00 PM,2018 Jun 26 01:02:00 AM,"16,492,779",False,True,False,ASIAN,1.0,MALE,"525,105"
"662,798",1,23.0,5.0,Passenger car,1,"260,728",2018 Jun 26 11:12:00 PM,2018 Jun 27 04:12:00 AM,"16,492,825",False,True,False,OTHER,1.0,MALE,"525,159"
"662,843",1,23.0,1.0,Passenger car,1,"260,749",2018 Jun 27 05:15:00 PM,2018 Jun 27 10:15:00 PM,"16,492,861",False,True,False,WHITE,2.0,FEMALE,"525,209"
"662,854",1,34.0,1.0,Bicycle,5,"260,755",2018 Jun 27 08:54:00 PM,2018 Jun 28 01:54:00 AM,"16,492,868",False,True,False,WHITE,1.0,MALE,"525,220"
"663,219",1,26.0,1.0,Motorcycle,3,"260,949",2018 Jun 28 10:43:00 PM,2018 Jun 29 03:43:00 AM,"16,498,006",False,True,False,WHITE,2.0,FEMALE,"525,607"
"663,278",1,29.0,1.0,E-scooter,11,"260,976",2018 Jun 30 10:02:00 AM,2018 Jun 30 03:02:00 PM,"16,498,177",False,True,False,WHITE,2.0,FEMALE,"525,667"
"663,297",1,63.0,1.0,Large passenger vehicle,2,"260,984",2018 Jun 30 06:30:00 PM,2018 Jun 30 11:30:00 PM,"16,498,242",False,True,False,WHITE,2.0,FEMALE,"525,687"
"663,660",1,27.0,1.0,Motorcycle,3,"261,166",2018 Jul 02 03:09:00 PM,2018 Jul 02 08:09:00 PM,"16,503,047",False,True,False,WHITE,1.0,MALE,"526,073"
"663,697",4,37.0,3.0,Large passenger vehicle,2,"261,182",2018 Jul 03 11:59:00 AM,2018 Jul 03 04:59:00 PM,"16,503,066",False,True,False,BLACK,1.0,MALE,"526,110"
"663,862",1,28.0,1.0,Large passenger vehicle,2,"261,274",2018 Feb 15 09:14:00 PM,2018 Feb 16 03:14:00 AM,"16,505,139",False,True,False,WHITE,2.0,FEMALE,"526,286"
"663,891",1,21.0,2.0,Passenger car,1,"261,290",2018 Jul 04 10:30:00 PM,2018 Jul 05 03:30:00 AM,"16,505,162",False,True,False,HISPANIC,1.0,MALE,"526,318"
"663,904",1,60.0,1.0,Large passenger vehicle,2,"261,296",2018 Jul 05 11:58:00 AM,2018 Jul 05 04:58:00 PM,"16,505,168",False,True,False,WHITE,2.0,FEMALE,"526,331"
"664,127",1,55.0,2.0,Pedestrian,7,"261,421",2018 Jul 06 08:06:00 AM,2018 Jul 06 01:06:00 PM,"16,509,428",False,True,False,HISPANIC,1.0,MALE,"526,572"
"664,288",1,20.0,1.0,Large passenger vehicle,2,"261,501",2018 Jul 09 08:13:00 AM,2018 Jul 09 01:13:00 PM,"16,509,624",False,True,False,WHITE,2.0,FEMALE,"526,738"
"664,568",1,23.0,2.0,Passenger car,1,"261,652",2018 Jul 05 04:21:00 PM,2018 Jul 05 09:21:00 PM,"16,513,864",False,True,False,HISPANIC,2.0,FEMALE,"527,033"
"664,604",1,53.0,5.0,Passenger car,1,"261,669",2018 Jul 09 03:39:00 PM,2018 Jul 09 08:39:00 PM,"16,513,914",False,True,False,OTHER,1.0,MALE,"527,069"
"664,605",1,50.0,1.0,Large passenger vehicle,2,"261,669",2018 Jul 09 03:39:00 PM,2018 Jul 09 08:39:00 PM,"16,513,914",False,True,False,WHITE,1.0,MALE,"527,070"
"664,640",1,38.0,1.0,Passenger car,1,"261,688",2018 Jul 10 02:29:00 PM,2018 Jul 10 07:29:00 PM,"16,513,935",False,True,False,WHITE,2.0,FEMALE,"527,107"
"664,946",4,30.0,4.0,Passenger car,1,"261,851",2018 Jul 09 03:43:00 PM,2018 Jul 09 08:43:00 PM,"16,517,389",False,True,False,ASIAN,1.0,MALE,"527,447"
"664,947",1,47.0,1.0,Large passenger vehicle,2,"261,851",2018 Jul 09 03:43:00 PM,2018 Jul 09 08:43:00 PM,"16,517,389",False,True,False,WHITE,1.0,MALE,"527,448"
"664,953",1,27.0,2.0,Motorcycle,3,"261,854",2018 Jul 10 04:30:00 PM,2018 Jul 10 09:30:00 PM,"16,517,397",False,True,False,HISPANIC,1.0,MALE,"527,454"
"664,968",1,39.0,2.0,Bicycle,5,"261,860",2018 Jul 12 05:21:00 PM,2018 Jul 12 10:21:00 PM,"16,517,403",False,True,False,HISPANIC,1.0,MALE,"527,470"
"665,432",1,35.0,2.0,Passenger car,1,"262,108",2018 Jul 14 01:34:00 AM,2018 Jul 14 06:34:00 AM,"16,521,646",False,True,False,HISPANIC,1.0,MALE,"527,959"
"665,458",1,45.0,1.0,Motorcycle,3,"262,121",2018 Jul 15 05:00:00 PM,2018 Jul 15 10:00:00 PM,"16,521,669",False,True,False,WHITE,2.0,FEMALE,"527,986"
"665,493",1,36.0,3.0,Large passenger vehicle,2,"262,140",2018 Jul 16 10:14:00 AM,2018 Jul 16 03:14:00 PM,"16,521,691",False,True,False,BLACK,2.0,FEMALE,"528,023"
"665,494",1,47.0,2.0,Large passenger vehicle,2,"262,140",2018 Jul 16 10:14:00 AM,2018 Jul 16 03:14:00 PM,"16,521,691",False,True,False,HISPANIC,2.0,FEMALE,"528,024"
"665,562",1,61.0,1.0,Large passenger vehicle,2,"262,176",2018 Jul 11 11:00:00 AM,2018 Jul 11 04:00:00 PM,"16,523,399",False,True,False,WHITE,1.0,MALE,"528,096"
"665,702",4,38.0,3.0,Motorcycle,3,"262,247",2018 Jun 13 11:26:00 PM,2018 Jun 14 04:26:00 AM,"16,524,880",False,True,False,BLACK,1.0,MALE,"528,249"
"665,728",1,27.0,1.0,Motorcycle,3,"262,261",2018 Jul 17 01:24:00 PM,2018 Jul 17 06:24:00 PM,"16,525,025",False,True,False,WHITE,1.0,MALE,"528,278"
"665,881",4,58.0,1.0,Pedestrian,7,"262,338",2018 Jul 13 09:05:00 PM,2018 Jul 14 02:05:00 AM,"16,526,851",False,True,False,WHITE,1.0,MALE,"528,439"
"665,903",1,51.0,1.0,Large passenger vehicle,2,"262,351",2018 Jul 18 09:42:00 AM,2018 Jul 18 02:42:00 PM,"16,526,932",False,True,False,WHITE,1.0,MALE,"528,463"
"665,909",1,67.0,1.0,Motorcycle,3,"262,354",2018 Jul 18 11:37:00 AM,2018 Jul 18 04:37:00 PM,"16,526,935",False,True,False,WHITE,1.0,MALE,"528,469"
"666,286",1,23.0,1.0,Passenger car,1,"262,555",2018 Jul 11 09:45:00 PM,2018 Jul 12 02:45:00 AM,"16,531,922",False,True,False,WHITE,1.0,MALE,"528,882"
"666,404",1,22.0,1.0,Large passenger vehicle,2,"262,610",2018 Jul 20 06:26:00 PM,2018 Jul 20 11:26:00 PM,"16,532,087",False,True,False,WHITE,2.0,FEMALE,"529,006"
"666,429",1,42.0,1.0,Motorcycle,3,"262,623",2018 Jul 21 05:05:00 AM,2018 Jul 21 10:05:00 AM,"16,532,101",False,True,False,WHITE,1.0,MALE,"529,033"
"667,008",1,24.0,2.0,Pedestrian,7,"262,945",2018 Jul 20 01:10:00 AM,2018 Jul 20 06:10:00 AM,"16,544,003",False,True,False,HISPANIC,1.0,MALE,"529,655"
"667,474",1,19.0,3.0,Motorcycle,3,"263,214",2018 Aug 06 05:15:00 PM,2018 Aug 06 10:15:00 PM,"16,555,563",False,True,False,BLACK,1.0,MALE,"530,150"
"667,569",1,22.0,2.0,Passenger car,1,"263,267",2018 Jul 11 05:28:00 PM,2018 Jul 11 10:28:00 PM,"16,556,055",False,True,False,HISPANIC,1.0,MALE,"530,248"
"667,644",1,14.0,2.0,Pedestrian,7,"263,306",2018 Jul 17 11:16:00 PM,2018 Jul 18 04:16:00 AM,"16,556,579",False,True,False,HISPANIC,1.0,MALE,"530,328"
"667,795",1,32.0,1.0,Motorcycle,3,"263,378",2018 Jul 23 07:26:00 AM,2018 Jul 23 12:26:00 PM,"16,556,752",False,True,False,WHITE,1.0,MALE,"530,489"
"667,832",4,37.0,3.0,Pedestrian,7,"263,396",2018 Jul 23 06:30:00 AM,2018 Jul 23 11:30:00 AM,"16,556,799",False,True,False,BLACK,1.0,MALE,"530,530"
"667,846",4,26.0,0.0,Motorcycle,3,"263,403",2018 Jul 23 10:18:00 PM,2018 Jul 24 03:18:00 AM,"16,556,807",False,True,False,UNKNOWN,1.0,MALE,"530,545"
"667,864",1,43.0,1.0,Motorcycle,3,"263,412",2018 Jul 24 02:42:00 AM,2018 Jul 24 07:42:00 AM,"16,556,816",False,True,False,WHITE,1.0,MALE,"530,563"
"667,941",1,52.0,2.0,Passenger car,1,"263,451",2018 Jul 24 07:18:00 PM,2018 Jul 25 12:18:00 AM,"16,556,942",False,True,False,HISPANIC,2.0,FEMALE,"530,641"
"668,134",1,24.0,1.0,Motorcycle,3,"263,548",2018 Jul 26 02:28:00 AM,2018 Jul 26 07:28:00 AM,"16,557,753",False,True,False,WHITE,1.0,MALE,"530,842"
"668,168",1,23.0,2.0,Large passenger vehicle,2,"263,565",2018 Jul 26 03:01:00 PM,2018 Jul 26 08:01:00 PM,"16,557,770",False,True,False,HISPANIC,2.0,FEMALE,"530,877"
"668,170",1,66.0,1.0,Large passenger vehicle,2,"263,565",2018 Jul 26 03:01:00 PM,2018 Jul 26 08:01:00 PM,"16,557,770",False,True,False,WHITE,1.0,MALE,"530,879"
"668,253",1,53.0,1.0,Motorcycle,3,"263,606",2018 Jul 27 06:14:00 PM,2018 Jul 27 11:14:00 PM,"16,557,898",False,True,False,WHITE,2.0,FEMALE,"530,966"
"668,375",4,63.0,3.0,Pedestrian,7,"263,672",2018 Jul 29 10:36:00 PM,2018 Jul 30 03:36:00 AM,"16,557,999",False,True,False,BLACK,1.0,MALE,"531,090"
"668,466",1,39.0,1.0,Passenger car,1,"263,720",2018 Jul 31 01:25:00 AM,2018 Jul 31 06:25:00 AM,"16,558,062",False,True,False,WHITE,1.0,MALE,"531,189"
"668,557",1,45.0,1.0,Passenger car,1,"263,763",2018 Aug 01 03:57:00 AM,2018 Aug 01 08:57:00 AM,"16,558,112",False,True,False,WHITE,1.0,MALE,"531,285"
"668,814",1,18.0,3.0,Passenger car,1,"263,889",2018 Aug 04 03:40:00 AM,2018 Aug 04 08:40:00 AM,"16,558,275",False,True,False,BLACK,1.0,MALE,"531,558"
"669,415",4,23.0,1.0,Pedestrian,7,"264,207",2018 Jul 27 05:29:00 AM,2018 Jul 27 10:29:00 AM,"16,563,746",False,True,False,WHITE,1.0,MALE,"532,206"
"669,459",4,40.0,0.0,Pedestrian,7,"264,230",2018 Aug 01 07:58:00 AM,2018 Aug 01 12:58:00 PM,"16,563,903",False,True,False,UNKNOWN,1.0,MALE,"532,250"
"669,462",1,35.0,2.0,Passenger car,1,"264,233",2018 Aug 03 03:20:00 AM,2018 Aug 03 08:20:00 AM,"16,563,906",False,True,False,HISPANIC,2.0,FEMALE,"532,253"
"669,473",1,19.0,2.0,Passenger car,1,"264,238",2018 Aug 05 02:06:00 AM,2018 Aug 05 07:06:00 AM,"16,563,939",False,True,False,HISPANIC,2.0,FEMALE,"532,264"
"669,485",1,35.0,1.0,Passenger car,1,"264,245",2018 Aug 07 11:55:00 AM,2018 Aug 07 04:55:00 PM,"16,563,947",False,True,False,WHITE,1.0,MALE,"532,277"
"669,489",4,46.0,3.0,Motorcycle,3,"264,247",2018 Aug 07 06:52:00 PM,2018 Aug 07 11:52:00 PM,"16,563,951",False,True,False,BLACK,1.0,MALE,"532,281"
"669,532",1,46.0,1.0,Pedestrian,7,"264,269",2018 Aug 08 07:16:00 PM,2018 Aug 09 12:16:00 AM,"16,564,020",False,True,False,WHITE,2.0,FEMALE,"532,326"
"670,160",1,25.0,1.0,Motorcycle,3,"264,605",2018 Aug 13 04:13:00 PM,2018 Aug 13 09:13:00 PM,"16,570,359",False,True,False,WHITE,1.0,MALE,"533,000"
"670,338",1,40.0,1.0,Large passenger vehicle,2,"264,700",2018 Jul 16 08:13:00 AM,2018 Jul 16 01:13:00 PM,"16,574,539",False,True,False,WHITE,2.0,FEMALE,"533,193"
"670,369",1,68.0,1.0,Pedestrian,7,"264,714",2018 Aug 12 08:40:00 PM,2018 Aug 13 01:40:00 AM,"16,574,558",False,True,False,WHITE,2.0,FEMALE,"533,225"
"670,441",1,38.0,3.0,Passenger car,1,"264,748",2018 Aug 13 11:36:00 AM,2018 Aug 13 04:36:00 PM,"16,574,716",False,True,False,BLACK,1.0,MALE,"533,301"
"670,570",4,63.0,1.0,Pedestrian,7,"264,813",2018 Aug 15 08:54:00 PM,2018 Aug 16 01:54:00 AM,"16,575,055",False,True,False,WHITE,1.0,MALE,"533,437"
"670,882",1,35.0,1.0,Passenger car,1,"264,984",2018 Aug 16 05:10:00 PM,2018 Aug 16 10:10:00 PM,"16,580,496",False,True,False,WHITE,2.0,FEMALE,"533,776"
"670,911",1,31.0,3.0,Passenger car,1,"264,996",2018 Aug 16 09:41:00 PM,2018 Aug 17 02:41:00 AM,"16,580,608",False,True,False,BLACK,1.0,MALE,"533,805"
"670,919",4,48.0,3.0,Passenger car,1,"265,001",2018 Aug 17 12:27:00 AM,2018 Aug 17 05:27:00 AM,"16,580,613",False,True,False,BLACK,2.0,FEMALE,"533,813"
"671,005",4,19.0,3.0,Pedestrian,7,"265,044",2018 Aug 18 02:32:00 AM,2018 Aug 18 07:32:00 AM,"16,580,795",False,True,False,BLACK,2.0,FEMALE,"533,905"
"671,130",1,32.0,2.0,Passenger car,1,"265,113",2018 Aug 20 12:59:00 AM,2018 Aug 20 05:59:00 AM,"16,580,958",False,True,False,HISPANIC,1.0,MALE,"534,042"
"671,496",1,25.0,3.0,Motorcycle,3,"265,298",2018 Aug 20 03:23:00 PM,2018 Aug 20 08:23:00 PM,"16,584,548",False,True,False,BLACK,1.0,MALE,"534,428"
"671,522",4,33.0,2.0,Passenger car,1,"265,312",2018 Aug 21 06:35:00 AM,2018 Aug 21 11:35:00 AM,"16,584,599",False,True,False,HISPANIC,1.0,MALE,"534,454"
"671,523",1,29.0,3.0,Passenger car,1,"265,312",2018 Aug 21 06:35:00 AM,2018 Aug 21 11:35:00 AM,"16,584,599",False,True,False,BLACK,2.0,FEMALE,"534,455"
"671,524",1,65.0,2.0,Passenger car,1,"265,312",2018 Aug 21 06:35:00 AM,2018 Aug 21 11:35:00 AM,"16,584,599",False,True,False,HISPANIC,2.0,FEMALE,"534,456"
"671,770",1,23.0,1.0,Motorcycle,3,"265,438",2018 Aug 21 04:00:00 AM,2018 Aug 21 09:00:00 AM,"16,588,152",False,True,False,WHITE,1.0,MALE,"534,721"
"671,792",1,21.0,1.0,Motorcycle,3,"265,450",2018 Aug 23 06:27:00 PM,2018 Aug 23 11:27:00 PM,"16,588,164",False,True,False,WHITE,1.0,MALE,"534,743"
"671,819",1,70.0,1.0,Pedestrian,7,"265,461",2018 Aug 10 05:42:00 PM,2018 Aug 10 10:42:00 PM,"16,588,235",False,True,False,WHITE,1.0,MALE,"534,772"
"671,838",4,23.0,1.0,Large passenger vehicle,2,"265,471",2018 Aug 21 06:01:00 AM,2018 Aug 21 11:01:00 AM,"16,588,247",False,True,False,WHITE,2.0,FEMALE,"534,793"
"671,910",1,33.0,1.0,Passenger car,1,"265,505",2018 Aug 22 08:47:00 PM,2018 Aug 23 01:47:00 AM,"16,588,368",False,True,False,WHITE,1.0,MALE,"534,868"
"671,912",1,24.0,1.0,Passenger car,1,"265,505",2018 Aug 22 08:47:00 PM,2018 Aug 23 01:47:00 AM,"16,588,368",False,True,False,WHITE,2.0,FEMALE,"534,870"
"671,957",1,16.0,2.0,Passenger car,1,"265,529",2018 Aug 23 05:05:00 PM,2018 Aug 23 10:05:00 PM,"16,588,433",False,True,False,HISPANIC,2.0,FEMALE,"534,919"
"672,025",1,54.0,1.0,Large passenger vehicle,2,"265,560",2018 Jul 28 10:00:00 PM,2018 Jul 29 03:00:00 AM,"16,588,875",False,True,False,WHITE,1.0,MALE,"534,990"
"672,183",4,50.0,2.0,Pedestrian,7,"265,641",2018 Jul 26 08:40:00 AM,2018 Jul 26 01:40:00 PM,"16,591,388",False,True,False,HISPANIC,1.0,MALE,"535,166"
"672,398",1,38.0,1.0,Passenger car,1,"265,754",2018 Aug 23 06:57:00 PM,2018 Aug 23 11:57:00 PM,"16,594,655",False,True,False,WHITE,2.0,FEMALE,"535,390"
"672,481",1,23.0,1.0,Passenger car,1,"265,796",2018 Aug 25 01:25:00 AM,2018 Aug 25 06:25:00 AM,"16,594,774",False,True,False,WHITE,1.0,MALE,"535,477"
"672,548",1,62.0,1.0,Motorcycle,3,"265,834",2018 Aug 26 10:42:00 AM,2018 Aug 26 03:42:00 PM,"16,594,833",False,True,False,WHITE,1.0,MALE,"535,561"
"672,628",1,31.0,1.0,Motorcycle,3,"265,874",2018 Aug 27 10:35:00 AM,2018 Aug 27 03:35:00 PM,"16,594,936",False,True,False,WHITE,1.0,MALE,"535,643"
"672,899",1,46.0,1.0,Passenger car,1,"266,017",2018 Aug 27 11:01:00 AM,2018 Aug 27 04:01:00 PM,"16,596,736",False,True,False,WHITE,2.0,FEMALE,"535,930"
"672,983",1,62.0,1.0,Motor vehicle – other,4,"266,060",2018 Aug 29 04:28:00 PM,2018 Aug 29 09:28:00 PM,"16,596,822",False,True,False,WHITE,2.0,FEMALE,"536,016"
"673,110",1,29.0,3.0,Pedestrian,7,"266,130",2018 Aug 29 09:58:00 PM,2018 Aug 30 02:58:00 AM,"16,598,411",False,True,False,BLACK,2.0,FEMALE,"536,152"
"673,397",1,29.0,1.0,Pedestrian,7,"266,283",2018 Aug 24 11:07:00 AM,2018 Aug 24 04:07:00 PM,"16,604,363",False,True,False,WHITE,2.0,FEMALE,"536,462"
"673,541",1,25.0,3.0,Passenger car,1,"266,355",2018 Aug 31 07:32:00 PM,2018 Sep 01 12:32:00 AM,"16,604,568",False,True,False,BLACK,2.0,FEMALE,"536,614"
"673,679",1,51.0,1.0,Passenger car,1,"266,424",2018 Sep 02 12:33:00 AM,2018 Sep 02 05:33:00 AM,"16,605,058",False,True,False,WHITE,2.0,FEMALE,"536,766"
"673,687",4,40.0,3.0,Pedestrian,7,"266,431",2018 Sep 02 04:20:00 AM,2018 Sep 02 09:20:00 AM,"16,605,065",False,True,False,BLACK,1.0,MALE,"536,777"
"673,951",1,46.0,1.0,Pedestrian,7,"266,575",2018 Aug 21 12:34:00 AM,2018 Aug 21 05:34:00 AM,"16,609,057",False,True,False,WHITE,1.0,MALE,"537,061"
"674,030",1,32.0,3.0,Pedestrian,7,"266,619",2018 Sep 05 05:21:00 AM,2018 Sep 05 10:21:00 AM,"16,609,313",False,True,False,BLACK,1.0,MALE,"537,148"
"674,037",1,63.0,4.0,Passenger car,1,"266,623",2018 Sep 05 09:29:00 AM,2018 Sep 05 02:29:00 PM,"16,609,317",False,True,False,ASIAN,2.0,FEMALE,"537,156"
"674,087",1,26.0,1.0,Passenger car,1,"266,648",2018 Sep 06 07:41:00 AM,2018 Sep 06 12:41:00 PM,"16,609,519",False,True,False,WHITE,2.0,FEMALE,"537,212"
"674,151",1,25.0,2.0,Large passenger vehicle,2,"266,681",2018 Aug 25 01:24:00 AM,2018 Aug 25 06:24:00 AM,"16,610,603",False,True,False,HISPANIC,1.0,MALE,"537,287"
"674,492",1,30.0,1.0,Pedestrian,7,"266,863",2018 Aug 21 11:32:00 PM,2018 Aug 22 04:32:00 AM,"16,615,289",False,True,False,WHITE,2.0,FEMALE,"537,649"
"674,642",1,43.0,2.0,Passenger car,1,"266,941",2018 Sep 07 01:08:00 PM,2018 Sep 07 06:08:00 PM,"16,615,429",False,True,False,HISPANIC,2.0,FEMALE,"537,806"
"674,724",1,28.0,1.0,Passenger car,1,"266,983",2018 Sep 08 07:15:00 PM,2018 Sep 09 12:15:00 AM,"16,615,479",False,True,False,WHITE,1.0,MALE,"537,892"
"674,725",1,24.0,2.0,Passenger car,1,"266,983",2018 Sep 08 07:15:00 PM,2018 Sep 09 12:15:00 AM,"16,615,479",False,True,False,HISPANIC,2.0,FEMALE,"537,893"
"674,925",1,32.0,1.0,Passenger car,1,"267,095",2018 Sep 09 04:32:00 AM,2018 Sep 09 09:32:00 AM,"16,617,597",False,True,False,WHITE,1.0,MALE,"538,103"
"675,065",1,46.0,1.0,Passenger car,1,"267,172",2018 Sep 11 04:27:00 PM,2018 Sep 11 09:27:00 PM,"16,619,112",False,True,False,WHITE,2.0,FEMALE,"538,246"
"675,302",1,29.0,1.0,Motorcycle,3,"267,298",2018 Sep 13 08:02:00 PM,2018 Sep 14 01:02:00 AM,"16,621,917",False,True,False,WHITE,1.0,MALE,"538,496"
"675,902",1,23.0,3.0,Passenger car,1,"267,621",2018 Sep 14 06:23:00 AM,2018 Sep 14 11:23:00 AM,"16,630,434",False,True,False,BLACK,2.0,FEMALE,"539,142"
"675,993",1,25.0,1.0,Large passenger vehicle,2,"267,667",2018 Sep 14 03:55:00 PM,2018 Sep 14 08:55:00 PM,"16,631,555",False,True,False,WHITE,1.0,MALE,"539,238"
"676,003",1,35.0,4.0,Large passenger vehicle,2,"267,672",2018 Sep 14 04:34:00 PM,2018 Sep 14 09:34:00 PM,"16,631,560",False,True,False,ASIAN,1.0,MALE,"539,250"
"676,114",1,33.0,1.0,Motorcycle,3,"267,730",2018 Sep 16 02:18:00 AM,2018 Sep 16 07:18:00 AM,"16,631,720",False,True,False,WHITE,1.0,MALE,"539,369"
"676,116",1,30.0,1.0,Pedestrian,7,"267,731",2018 Sep 16 01:51:00 AM,2018 Sep 16 06:51:00 AM,"16,631,721",False,True,False,WHITE,2.0,FEMALE,"539,372"
"676,153",1,31.0,1.0,Motorcycle,3,"267,750",2018 Sep 16 10:03:00 PM,2018 Sep 17 03:03:00 AM,"16,631,766",False,True,False,WHITE,1.0,MALE,"539,412"
"676,215",1,75.0,1.0,Pedestrian,7,"267,782",2018 Sep 17 04:16:00 PM,2018 Sep 17 09:16:00 PM,"16,631,846",False,True,False,WHITE,1.0,MALE,"539,480"
"676,229",1,64.0,1.0,Pedestrian,7,"267,789",2018 Sep 17 08:55:00 PM,2018 Sep 18 01:55:00 AM,"16,631,855",False,True,False,WHITE,1.0,MALE,"539,495"
"676,462",1,34.0,1.0,Passenger car,1,"267,908",2018 Sep 18 10:25:00 PM,2018 Sep 19 03:25:00 AM,"16,634,012",False,True,False,WHITE,2.0,FEMALE,"539,737"
"676,542",1,21.0,1.0,Bicycle,5,"267,945",2018 Sep 19 06:30:00 PM,2018 Sep 19 11:30:00 PM,"16,634,086",False,True,False,WHITE,2.0,FEMALE,"539,824"
"676,544",1,44.0,1.0,Passenger car,1,"267,947",2018 Sep 19 06:43:00 PM,2018 Sep 19 11:43:00 PM,"16,634,088",False,True,False,WHITE,2.0,FEMALE,"539,826"
"676,994",1,63.0,1.0,Motorcycle,3,"268,191",2018 Sep 21 11:13:00 AM,2018 Sep 21 04:13:00 PM,"16,640,052",False,True,False,WHITE,1.0,MALE,"540,299"
"677,645",1,34.0,1.0,Pedestrian,7,"268,522",2018 Sep 25 03:53:00 PM,2018 Sep 25 08:53:00 PM,"16,647,385",False,True,False,WHITE,1.0,MALE,"540,993"
"677,668",1,25.0,1.0,E-scooter,11,"268,534",2018 Sep 25 03:18:00 PM,2018 Sep 25 08:18:00 PM,"16,647,399",False,True,False,WHITE,1.0,MALE,"541,016"
"677,672",1,41.0,3.0,Motor vehicle – other,4,"268,537",2018 Sep 26 01:26:00 AM,2018 Sep 26 06:26:00 AM,"16,647,403",False,True,False,BLACK,1.0,MALE,"541,020"
"677,850",1,28.0,2.0,Motorcycle,3,"268,631",2018 Sep 27 11:59:00 PM,2018 Sep 28 04:59:00 AM,"16,648,875",False,True,False,HISPANIC,2.0,FEMALE,"541,209"
"677,853",1,27.0,1.0,Motorcycle,3,"268,632",2018 Sep 28 12:48:00 AM,2018 Sep 28 05:48:00 AM,"16,648,876",False,True,False,WHITE,1.0,MALE,"541,212"
"678,131",1,62.0,1.0,Large passenger vehicle,2,"268,786",2018 Sep 21 01:12:00 PM,2018 Sep 21 06:12:00 PM,"16,653,187",False,True,False,WHITE,1.0,MALE,"541,522"
"678,161",1,24.0,1.0,Pedestrian,7,"268,802",2018 Sep 27 12:20:00 AM,2018 Sep 27 05:20:00 AM,"16,653,203",False,True,False,WHITE,2.0,FEMALE,"541,553"
"678,198",1,35.0,2.0,Large passenger vehicle,2,"268,823",2018 Sep 28 07:12:00 AM,2018 Sep 28 12:12:00 PM,"16,653,278",False,True,False,HISPANIC,1.0,MALE,"541,599"
"678,213",1,41.0,2.0,Passenger car,1,"268,829",2018 Sep 28 05:05:00 PM,2018 Sep 28 10:05:00 PM,"16,653,285",False,True,False,HISPANIC,2.0,FEMALE,"541,614"
"678,618",4,44.0,1.0,Pedestrian,7,"269,054",2018 Sep 02 11:12:00 PM,2018 Sep 03 04:12:00 AM,"16,657,112",False,True,False,WHITE,1.0,MALE,"542,047"
"678,869",4,29.0,2.0,Pedestrian,7,"269,192",2018 Sep 20 11:31:00 PM,2018 Sep 21 04:31:00 AM,"16,662,710",False,True,False,HISPANIC,1.0,MALE,"542,313"
"678,945",1,59.0,1.0,Pedestrian,7,"269,230",2018 Oct 01 04:31:00 PM,2018 Oct 01 09:31:00 PM,"16,662,820",False,True,False,WHITE,1.0,MALE,"542,392"
"679,075",4,40.0,3.0,Passenger car,1,"269,291",2018 Oct 03 12:24:00 AM,2018 Oct 03 05:24:00 AM,"16,662,970",False,True,False,BLACK,1.0,MALE,"542,530"
"679,140",1,30.0,1.0,Motorcycle,3,"269,323",2018 Oct 03 09:38:00 PM,2018 Oct 04 02:38:00 AM,"16,663,021",False,True,False,WHITE,1.0,MALE,"542,600"
"679,144",1,40.0,1.0,E-scooter,11,"269,324",2018 Oct 04 01:15:00 AM,2018 Oct 04 06:15:00 AM,"16,663,022",False,True,False,WHITE,1.0,MALE,"542,604"
"679,225",1,32.0,1.0,Bicycle,5,"269,364",2018 Oct 04 10:51:00 PM,2018 Oct 05 03:51:00 AM,"16,663,110",False,True,False,WHITE,2.0,FEMALE,"542,691"
"679,236",1,55.0,3.0,Passenger car,1,"269,370",2018 Oct 05 06:43:00 AM,2018 Oct 05 11:43:00 AM,"16,663,116",False,True,False,BLACK,2.0,FEMALE,"542,703"
"679,264",1,33.0,1.0,Bicycle,5,"269,385",2018 Oct 05 01:17:00 PM,2018 Oct 05 06:17:00 PM,"16,663,142",False,True,False,WHITE,1.0,MALE,"542,735"
"679,799",1,32.0,3.0,E-scooter,11,"269,656",2018 Oct 05 02:16:00 AM,2018 Oct 05 07:16:00 AM,"16,670,369",False,True,False,BLACK,1.0,MALE,"543,304"
"679,806",1,54.0,1.0,Bicycle,5,"269,660",2018 Oct 05 01:00:00 PM,2018 Oct 05 06:00:00 PM,"16,670,373",False,True,False,WHITE,1.0,MALE,"543,312"
"679,854",1,22.0,4.0,Passenger car,1,"269,688",2018 Oct 07 03:57:00 AM,2018 Oct 07 08:57:00 AM,"16,670,464",False,True,False,ASIAN,2.0,FEMALE,"543,363"
"679,897",1,54.0,1.0,Passenger car,1,"269,713",2018 Oct 08 01:43:00 PM,2018 Oct 08 06:43:00 PM,"16,670,611",False,True,False,WHITE,2.0,FEMALE,"543,406"
"680,683",1,31.0,4.0,Passenger car,1,"270,124",2018 Oct 08 10:20:00 AM,2018 Oct 08 03:20:00 PM,"16,678,938",False,True,False,ASIAN,2.0,FEMALE,"544,262"
"680,712",1,57.0,3.0,Large passenger vehicle,2,"270,137",2018 Oct 12 05:52:00 PM,2018 Oct 12 10:52:00 PM,"16,679,011",False,True,False,BLACK,2.0,FEMALE,"544,292"
"680,748",1,32.0,3.0,Pedestrian,7,"270,156",2018 Oct 14 08:57:00 PM,2018 Oct 15 01:57:00 AM,"16,679,063",False,True,False,BLACK,1.0,MALE,"544,331"
"680,753",1,28.0,1.0,Large passenger vehicle,2,"270,159",2018 Oct 15 01:14:00 AM,2018 Oct 15 06:14:00 AM,"16,679,066",False,True,False,WHITE,1.0,MALE,"544,336"
"680,758",1,21.0,4.0,Passenger car,1,"270,163",2018 Oct 15 02:29:00 AM,2018 Oct 15 07:29:00 AM,"16,679,110",False,True,False,ASIAN,1.0,MALE,"544,341"
"681,279",1,30.0,1.0,Large passenger vehicle,2,"270,446",2018 Oct 15 12:11:00 PM,2018 Oct 15 05:11:00 PM,"16,686,824",False,True,False,WHITE,2.0,FEMALE,"544,899"
"682,040",1,38.0,2.0,Passenger car,1,"270,857",2018 Oct 21 12:38:00 AM,2018 Oct 21 05:38:00 AM,"16,695,375",False,True,False,HISPANIC,1.0,MALE,"545,705"
"682,041",1,41.0,4.0,Passenger car,1,"270,857",2018 Oct 21 12:38:00 AM,2018 Oct 21 05:38:00 AM,"16,695,375",False,True,False,ASIAN,1.0,MALE,"545,706"
"682,157",4,75.0,1.0,Passenger car,1,"270,917",2018 Oct 16 07:59:00 PM,2018 Oct 17 12:59:00 AM,"16,696,892",False,True,False,WHITE,1.0,MALE,"545,830"
"682,158",1,21.0,2.0,Large passenger vehicle,2,"270,917",2018 Oct 16 07:59:00 PM,2018 Oct 17 12:59:00 AM,"16,696,892",False,True,False,HISPANIC,1.0,MALE,"545,831"
"682,180",4,34.0,1.0,Pedestrian,7,"270,928",2018 Oct 18 02:22:00 AM,2018 Oct 18 07:22:00 AM,"16,696,997",False,True,False,WHITE,1.0,MALE,"545,855"
"682,212",1,21.0,2.0,Passenger car,1,"270,942",2018 Oct 19 06:05:00 PM,2018 Oct 19 11:05:00 PM,"16,697,022",False,True,False,HISPANIC,1.0,MALE,"545,888"
"682,231",1,39.0,1.0,Pedestrian,7,"270,953",2018 Oct 19 08:59:00 PM,2018 Oct 20 01:59:00 AM,"16,697,078",False,True,False,WHITE,2.0,FEMALE,"545,909"
"682,315",1,30.0,1.0,Passenger car,1,"270,999",2018 Oct 21 07:32:00 PM,2018 Oct 22 12:32:00 AM,"16,697,155",False,True,False,WHITE,1.0,MALE,"545,994"
"682,338",1,21.0,2.0,Bicycle,5,"271,012",2018 Oct 22 12:18:00 PM,2018 Oct 22 05:18:00 PM,"16,697,195",False,True,False,HISPANIC,1.0,MALE,"546,021"
"682,451",4,61.0,2.0,Passenger car,1,"271,068",2018 Oct 17 02:52:00 PM,2018 Oct 17 07:52:00 PM,"16,698,037",False,True,False,HISPANIC,1.0,MALE,"546,139"
"682,474",1,26.0,1.0,Passenger car,1,"271,081",2018 Oct 22 08:29:00 AM,2018 Oct 22 01:29:00 PM,"16,698,055",False,True,False,WHITE,2.0,FEMALE,"546,162"
"682,482",1,33.0,3.0,Passenger car,1,"271,086",2018 Oct 23 10:18:00 AM,2018 Oct 23 03:18:00 PM,"16,698,061",False,True,False,BLACK,1.0,MALE,"546,171"
"682,621",1,20.0,3.0,Passenger car,1,"271,160",2018 Oct 16 01:40:00 PM,2018 Oct 16 06:40:00 PM,"16,700,797",False,True,False,BLACK,1.0,MALE,"546,319"
"682,631",1,,1.0,Pedestrian,7,"271,166",2018 Oct 22 12:00:00 AM,2018 Oct 22 05:00:00 AM,"16,700,803",False,True,False,WHITE,2.0,FEMALE,"546,331"
"683,036",1,21.0,2.0,Motorcycle,3,"271,373",2018 Oct 25 08:46:00 PM,2018 Oct 26 01:46:00 AM,"16,703,823",False,True,False,HISPANIC,1.0,MALE,"546,759"
"683,056",1,29.0,1.0,Motorcycle,3,"271,384",2018 Oct 26 02:57:00 AM,2018 Oct 26 07:57:00 AM,"16,703,836",False,True,False,WHITE,1.0,MALE,"546,780"
"683,106",1,35.0,1.0,Pedestrian,7,"271,409",2018 Oct 26 03:50:00 PM,2018 Oct 26 08:50:00 PM,"16,703,867",False,True,False,WHITE,1.0,MALE,"546,833"
"683,416",1,39.0,1.0,Pedestrian,7,"271,581",2018 Oct 26 05:30:00 PM,2018 Oct 26 10:30:00 PM,"16,707,118",False,True,False,WHITE,1.0,MALE,"547,164"
"683,468",1,30.0,2.0,Pedestrian,7,"271,606",2018 Oct 27 08:31:00 PM,2018 Oct 28 01:31:00 AM,"16,707,194",False,True,False,HISPANIC,2.0,FEMALE,"547,216"
"683,478",1,23.0,3.0,Passenger car,1,"271,611",2018 Oct 27 02:18:00 PM,2018 Oct 27 07:18:00 PM,"16,707,272",False,True,False,BLACK,2.0,FEMALE,"547,227"
"683,562",4,32.0,1.0,Passenger car,1,"271,654",2018 Oct 28 10:40:00 PM,2018 Oct 29 03:40:00 AM,"16,707,362",False,True,False,WHITE,1.0,MALE,"547,315"
"683,565",1,23.0,1.0,Passenger car,1,"271,656",2018 Oct 28 08:33:00 PM,2018 Oct 29 01:33:00 AM,"16,707,364",False,True,False,WHITE,1.0,MALE,"547,318"
"683,580",1,38.0,2.0,Large passenger vehicle,2,"271,664",2018 Oct 29 08:08:00 AM,2018 Oct 29 01:08:00 PM,"16,707,396",False,True,False,HISPANIC,2.0,FEMALE,"547,334"
"683,790",1,25.0,3.0,Passenger car,1,"271,769",2018 Oct 29 07:09:00 PM,2018 Oct 30 12:09:00 AM,"16,709,559",False,True,False,BLACK,2.0,FEMALE,"547,553"
"683,791",1,20.0,2.0,Passenger car,1,"271,770",2018 Oct 29 07:49:00 PM,2018 Oct 30 12:49:00 AM,"16,709,565",False,True,False,HISPANIC,1.0,MALE,"547,554"
"683,860",1,22.0,1.0,Motorcycle,3,"271,805",2018 Oct 30 07:30:00 AM,2018 Oct 30 12:30:00 PM,"16,710,343",False,True,False,WHITE,1.0,MALE,"547,629"
"684,042",1,22.0,2.0,Pedestrian,7,"271,901",2018 Oct 30 06:00:00 PM,2018 Oct 30 11:00:00 PM,"16,712,053",False,True,False,HISPANIC,1.0,MALE,"547,820"
"684,061",1,28.0,3.0,Motorcycle,3,"271,911",2018 Oct 30 02:57:00 PM,2018 Oct 30 07:57:00 PM,"16,712,065",False,True,False,BLACK,1.0,MALE,"547,840"
"684,308",1,27.0,1.0,Motorcycle,3,"272,047",2018 Nov 01 06:30:00 PM,2018 Nov 01 11:30:00 PM,"16,715,936",False,True,False,WHITE,1.0,MALE,"548,108"
"684,339",1,44.0,2.0,Passenger car,1,"272,064",2018 Nov 01 08:21:00 AM,2018 Nov 01 01:21:00 PM,"16,715,987",False,True,False,HISPANIC,1.0,MALE,"548,140"
"684,371",1,30.0,0.0,Passenger car,1,"272,081",2018 Oct 31 07:01:00 PM,2018 Nov 01 12:01:00 AM,"16,716,010",False,True,False,UNKNOWN,1.0,MALE,"548,176"
"684,412",1,32.0,2.0,Bicycle,5,"272,103",2018 Oct 26 06:57:00 PM,2018 Oct 26 11:57:00 PM,"16,716,061",False,True,False,HISPANIC,1.0,MALE,"548,217"
"684,415",1,33.0,3.0,Large passenger vehicle,2,"272,105",2018 Oct 29 02:44:00 AM,2018 Oct 29 07:44:00 AM,"16,716,063",False,True,False,BLACK,1.0,MALE,"548,220"
"684,416",1,22.0,3.0,Passenger car,1,"272,105",2018 Oct 29 02:44:00 AM,2018 Oct 29 07:44:00 AM,"16,716,063",False,True,False,BLACK,2.0,FEMALE,"548,221"
"684,423",1,31.0,1.0,Bicycle,5,"272,108",2018 Oct 30 05:35:00 PM,2018 Oct 30 10:35:00 PM,"16,716,067",False,True,False,WHITE,1.0,MALE,"548,228"
"684,459",1,50.0,2.0,Passenger car,1,"272,125",2018 Oct 31 03:20:00 PM,2018 Oct 31 08:20:00 PM,"16,716,114",False,True,False,HISPANIC,2.0,FEMALE,"548,265"
"684,484",1,74.0,1.0,Passenger car,1,"272,138",2018 Nov 01 09:36:00 AM,2018 Nov 01 02:36:00 PM,"16,716,128",False,True,False,WHITE,1.0,MALE,"548,290"
"684,573",1,19.0,1.0,Motorcycle,3,"272,185",2018 Nov 02 06:28:00 PM,2018 Nov 02 11:28:00 PM,"16,716,819",False,True,False,WHITE,2.0,FEMALE,"548,386"
"684,786",1,21.0,1.0,Large passenger vehicle,2,"272,298",2018 Nov 02 01:13:00 PM,2018 Nov 02 06:13:00 PM,"16,719,923",False,True,False,WHITE,2.0,FEMALE,"548,612"
"684,842",1,18.0,2.0,Passenger car,1,"272,322",2018 Nov 02 10:48:00 PM,2018 Nov 03 03:48:00 AM,"16,720,052",False,True,False,HISPANIC,1.0,MALE,"548,670"
"684,852",1,21.0,4.0,Motorcycle,3,"272,326",2018 Nov 03 12:51:00 AM,2018 Nov 03 05:51:00 AM,"16,720,057",False,True,False,ASIAN,1.0,MALE,"548,680"
"684,867",1,46.0,2.0,Pedestrian,7,"272,337",2018 Nov 03 06:11:00 AM,2018 Nov 03 11:11:00 AM,"16,720,126",False,True,False,HISPANIC,1.0,MALE,"548,697"
"684,917",1,40.0,3.0,Passenger car,1,"272,358",2018 Nov 03 02:43:00 PM,2018 Nov 03 07:43:00 PM,"16,720,197",False,True,False,BLACK,1.0,MALE,"548,747"
"684,918",1,56.0,1.0,Passenger car,1,"272,358",2018 Nov 03 02:43:00 PM,2018 Nov 03 07:43:00 PM,"16,720,197",False,True,False,WHITE,2.0,FEMALE,"548,748"
"684,964",1,67.0,1.0,Motorcycle,3,"272,384",2018 Nov 04 04:22:00 PM,2018 Nov 04 10:22:00 PM,"16,720,262",False,True,False,WHITE,1.0,MALE,"548,799"
"685,128",4,29.0,2.0,Pedestrian,7,"272,470",2018 Oct 12 06:32:00 AM,2018 Oct 12 11:32:00 AM,"16,723,775",False,True,False,HISPANIC,1.0,MALE,"548,971"
"685,219",4,46.0,2.0,Pedestrian,7,"272,522",2018 Sep 11 10:29:00 PM,2018 Sep 12 03:29:00 AM,"16,725,298",False,True,False,HISPANIC,1.0,MALE,"549,068"
"685,342",1,64.0,1.0,Passenger car,1,"272,584",2018 Nov 06 09:09:00 AM,2018 Nov 06 03:09:00 PM,"16,725,415",False,True,False,WHITE,2.0,FEMALE,"549,197"
"685,364",1,61.0,1.0,Motorcycle,3,"272,597",2018 Nov 06 04:16:00 PM,2018 Nov 06 10:16:00 PM,"16,725,455",False,True,False,WHITE,1.0,MALE,"549,219"
"685,553",1,48.0,1.0,Passenger car,1,"272,696",2018 Nov 07 03:00:00 PM,2018 Nov 07 09:00:00 PM,"16,728,076",False,True,False,WHITE,2.0,FEMALE,"549,419"
"685,554",1,51.0,1.0,Passenger car,1,"272,696",2018 Nov 07 03:00:00 PM,2018 Nov 07 09:00:00 PM,"16,728,076",False,True,False,WHITE,1.0,MALE,"549,420"
"685,742",1,23.0,1.0,Large passenger vehicle,2,"272,802",2018 Jun 01 09:00:00 AM,2018 Jun 01 02:00:00 PM,"16,729,753",False,True,False,WHITE,2.0,FEMALE,"549,623"
"686,021",4,68.0,3.0,Pedestrian,7,"272,955",2018 Nov 02 07:22:00 AM,2018 Nov 02 12:22:00 PM,"16,735,163",False,True,False,BLACK,2.0,FEMALE,"549,923"
"686,029",4,27.0,1.0,Pedestrian,7,"272,959",2018 Nov 03 12:30:00 AM,2018 Nov 03 05:30:00 AM,"16,735,167",False,True,False,WHITE,1.0,MALE,"549,932"
"686,033",4,21.0,1.0,Pedestrian,7,"272,961",2018 Nov 04 06:44:00 AM,2018 Nov 04 12:44:00 PM,"16,735,170",False,True,False,WHITE,1.0,MALE,"549,936"
"686,147",4,17.0,4.0,Bicycle,5,"273,019",2018 Nov 09 06:22:00 PM,2018 Nov 10 12:22:00 AM,"16,735,433",False,True,False,ASIAN,1.0,MALE,"550,058"
"686,228",4,38.0,2.0,Pedestrian,7,"273,063",2018 Oct 30 01:19:00 AM,2018 Oct 30 06:19:00 AM,"16,735,889",False,True,False,HISPANIC,2.0,FEMALE,"550,145"
"686,344",1,68.0,1.0,Large passenger vehicle,2,"273,127",2018 Nov 06 08:18:00 PM,2018 Nov 07 02:18:00 AM,"16,736,114",False,True,False,WHITE,1.0,MALE,"550,272"
"686,794",1,53.0,2.0,Passenger car,1,"273,362",2018 Nov 13 05:27:00 AM,2018 Nov 13 11:27:00 AM,"16,742,203",False,True,False,HISPANIC,1.0,MALE,"550,758"
"686,795",1,32.0,2.0,Passenger car,1,"273,362",2018 Nov 13 05:27:00 AM,2018 Nov 13 11:27:00 AM,"16,742,203",False,True,False,HISPANIC,2.0,FEMALE,"550,759"
"687,427",1,28.0,2.0,Large passenger vehicle,2,"273,699",2018 Oct 04 11:45:00 PM,2018 Oct 05 04:45:00 AM,"16,748,878",False,True,False,HISPANIC,2.0,FEMALE,"551,436"
"687,440",1,49.0,1.0,Pedestrian,7,"273,705",2018 Nov 15 09:16:00 AM,2018 Nov 15 03:16:00 PM,"16,748,884",False,True,False,WHITE,1.0,MALE,"551,451"
"687,512",1,45.0,1.0,Motorcycle,3,"273,743",2018 Nov 16 06:03:00 PM,2018 Nov 17 12:03:00 AM,"16,748,964",False,True,False,WHITE,1.0,MALE,"551,525"
"687,654",1,18.0,1.0,Passenger car,1,"273,823",2018 Nov 18 04:08:00 PM,2018 Nov 18 10:08:00 PM,"16,749,138",False,True,False,WHITE,2.0,FEMALE,"551,681"
"687,779",1,30.0,1.0,Pedestrian,7,"273,884",2018 Nov 10 06:54:00 PM,2018 Nov 11 12:54:00 AM,"16,750,392",False,True,False,WHITE,1.0,MALE,"551,813"
"687,804",1,66.0,1.0,Passenger car,1,"273,893",2018 Nov 16 06:52:00 PM,2018 Nov 17 12:52:00 AM,"16,750,401",False,True,False,WHITE,2.0,FEMALE,"551,840"
"688,028",1,22.0,2.0,Passenger car,1,"274,012",2018 Nov 25 12:30:00 AM,2018 Nov 25 06:30:00 AM,"16,753,456",False,True,False,HISPANIC,2.0,FEMALE,"552,092"
"688,314",1,62.0,2.0,Passenger car,1,"274,164",2018 Nov 23 12:52:00 AM,2018 Nov 23 06:52:00 AM,"16,758,165",False,True,False,HISPANIC,1.0,MALE,"552,393"
"688,350",1,25.0,2.0,Passenger car,1,"274,183",2018 Nov 23 07:10:00 PM,2018 Nov 24 01:10:00 AM,"16,758,184",False,True,False,HISPANIC,1.0,MALE,"552,430"
"688,374",1,58.0,2.0,Motorcycle,3,"274,196",2018 Nov 24 12:27:00 AM,2018 Nov 24 06:27:00 AM,"16,758,231",False,True,False,HISPANIC,1.0,MALE,"552,457"
"688,553",4,52.0,5.0,Passenger car,1,"274,288",2018 Nov 22 04:40:00 PM,2018 Nov 22 10:40:00 PM,"16,759,395",False,True,False,OTHER,2.0,FEMALE,"552,648"
"688,815",1,28.0,1.0,Motorcycle,3,"274,418",2018 Nov 27 08:08:00 PM,2018 Nov 28 02:08:00 AM,"16,761,612",False,True,False,WHITE,1.0,MALE,"552,925"
"689,082",1,27.0,2.0,Passenger car,1,"274,563",2018 Nov 28 03:46:00 PM,2018 Nov 28 09:46:00 PM,"16,765,470",False,True,False,HISPANIC,1.0,MALE,"553,217"
"689,151",1,34.0,1.0,Motorcycle,3,"274,598",2018 Nov 28 06:19:00 PM,2018 Nov 29 12:19:00 AM,"16,765,723",False,True,False,WHITE,1.0,MALE,"553,292"
"689,212",1,9.0,1.0,Pedestrian,7,"274,627",2018 Nov 29 03:12:00 PM,2018 Nov 29 09:12:00 PM,"16,765,965",False,True,False,WHITE,2.0,FEMALE,"553,355"
"689,229",4,24.0,1.0,Passenger car,1,"274,635",2018 Nov 29 07:48:00 PM,2018 Nov 30 01:48:00 AM,"16,765,985",False,True,False,WHITE,1.0,MALE,"553,372"
"689,278",1,48.0,3.0,Large passenger vehicle,2,"274,664",2018 Nov 30 06:52:00 PM,2018 Dec 01 12:52:00 AM,"16,768,027",False,True,False,BLACK,1.0,MALE,"553,425"
"689,557",1,22.0,2.0,Passenger car,1,"274,811",2018 Nov 30 02:01:00 AM,2018 Nov 30 08:01:00 AM,"16,772,367",False,True,False,HISPANIC,1.0,MALE,"553,721"
"689,624",1,61.0,2.0,Large passenger vehicle,2,"274,845",2018 Nov 30 07:00:00 PM,2018 Dec 01 01:00:00 AM,"16,772,499",False,True,False,HISPANIC,2.0,FEMALE,"553,793"
"689,657",4,18.0,1.0,Pedestrian,7,"274,863",2018 Dec 01 01:28:00 AM,2018 Dec 01 07:28:00 AM,"16,772,596",False,True,False,WHITE,1.0,MALE,"553,828"
"689,735",1,18.0,2.0,Passenger car,1,"274,903",2018 Dec 02 05:00:00 AM,2018 Dec 02 11:00:00 AM,"16,772,679",False,True,False,HISPANIC,1.0,MALE,"553,912"
"689,893",1,26.0,3.0,Passenger car,1,"274,988",2018 Dec 03 11:50:00 AM,2018 Dec 03 05:50:00 PM,"16,773,760",False,True,False,BLACK,2.0,FEMALE,"554,081"
"689,948",1,38.0,1.0,Large passenger vehicle,2,"275,014",2018 Dec 03 04:40:00 PM,2018 Dec 03 10:40:00 PM,"16,773,950",False,True,False,WHITE,1.0,MALE,"554,137"
"690,000",1,25.0,3.0,Passenger car,1,"275,040",2018 Dec 03 02:32:00 PM,2018 Dec 03 08:32:00 PM,"16,774,273",False,True,False,BLACK,1.0,MALE,"554,193"
"690,210",1,37.0,1.0,Motorcycle,3,"275,144",2018 Dec 04 05:20:00 PM,2018 Dec 04 11:20:00 PM,"16,776,860",False,True,False,WHITE,1.0,MALE,"554,420"
"690,401",4,54.0,5.0,Passenger car,1,"275,239",2018 Dec 04 08:39:00 PM,2018 Dec 05 02:39:00 AM,"16,778,948",False,True,False,OTHER,1.0,MALE,"554,626"
"690,427",1,24.0,1.0,Passenger car,1,"275,252",2018 Dec 05 05:26:00 PM,2018 Dec 05 11:26:00 PM,"16,778,961",False,True,False,WHITE,1.0,MALE,"554,653"
"690,430",1,22.0,1.0,Passenger car,1,"275,252",2018 Dec 05 05:26:00 PM,2018 Dec 05 11:26:00 PM,"16,778,961",False,True,False,WHITE,2.0,FEMALE,"554,656"
"691,052",1,36.0,5.0,Motorcycle,3,"275,586",2018 Dec 06 01:43:00 PM,2018 Dec 06 07:43:00 PM,"16,786,324",False,True,False,OTHER,1.0,MALE,"555,305"
"691,682",1,57.0,1.0,Pedestrian,7,"275,916",2018 Dec 11 06:32:00 AM,2018 Dec 11 12:32:00 PM,"16,792,263",False,True,False,WHITE,1.0,MALE,"555,959"
"691,689",1,55.0,1.0,Large passenger vehicle,2,"275,920",2018 Dec 11 03:20:00 PM,2018 Dec 11 09:20:00 PM,"16,792,267",False,True,False,WHITE,1.0,MALE,"555,966"
"691,716",1,47.0,2.0,Motorcycle,3,"275,933",2018 Dec 11 08:09:00 PM,2018 Dec 12 02:09:00 AM,"16,792,298",False,True,False,HISPANIC,1.0,MALE,"555,996"
"692,152",1,44.0,2.0,Passenger car,1,"276,156",2018 Dec 12 04:47:00 PM,2018 Dec 12 10:47:00 PM,"16,797,318",False,True,False,HISPANIC,1.0,MALE,"556,460"
"692,153",1,37.0,1.0,Large passenger vehicle,2,"276,156",2018 Dec 12 04:47:00 PM,2018 Dec 12 10:47:00 PM,"16,797,318",False,True,False,WHITE,2.0,FEMALE,"556,461"
"692,185",1,46.0,2.0,Passenger car,1,"276,171",2018 Dec 13 03:17:00 PM,2018 Dec 13 09:17:00 PM,"16,797,335",False,True,False,HISPANIC,2.0,FEMALE,"556,494"
"692,287",1,29.0,1.0,Bicycle,5,"276,225",2018 Dec 14 09:47:00 PM,2018 Dec 15 03:47:00 AM,"16,797,626",False,True,False,WHITE,1.0,MALE,"556,604"
"692,497",1,48.0,1.0,Passenger car,1,"276,338",2018 Dec 11 11:05:00 AM,2018 Dec 11 05:05:00 PM,"16,800,839",False,True,False,WHITE,2.0,FEMALE,"556,827"
"693,035",1,30.0,2.0,Large passenger vehicle,2,"276,617",2018 Dec 18 10:55:00 AM,2018 Dec 18 04:55:00 PM,"16,805,924",False,True,False,HISPANIC,1.0,MALE,"557,393"
"693,063",1,50.0,1.0,Passenger car,1,"276,631",2018 Dec 19 08:06:00 AM,2018 Dec 19 02:06:00 PM,"16,806,030",False,True,False,WHITE,2.0,FEMALE,"557,421"
"693,698",1,71.0,0.0,Pedestrian,7,"276,948",2018 Dec 20 07:43:00 PM,2018 Dec 21 01:43:00 AM,"16,814,708",False,True,False,UNKNOWN,1.0,MALE,"558,091"
"693,892",1,27.0,3.0,Motorcycle,3,"277,039",2018 Dec 21 12:47:00 AM,2018 Dec 21 06:47:00 AM,"16,815,106",False,True,False,BLACK,1.0,MALE,"558,290"
"694,057",1,48.0,1.0,Motorcycle,3,"277,122",2018 Dec 22 06:00:00 PM,2018 Dec 23 12:00:00 AM,"16,815,603",False,True,False,WHITE,1.0,MALE,"558,465"
"694,071",1,19.0,3.0,Large passenger vehicle,2,"277,129",2018 Dec 22 05:59:00 PM,2018 Dec 22 11:59:00 PM,"16,815,610",False,True,False,BLACK,1.0,MALE,"558,479"
"694,166",1,82.0,1.0,Pedestrian,7,"277,180",2018 Dec 24 09:13:00 AM,2018 Dec 24 03:13:00 PM,"16,815,831",False,True,False,WHITE,2.0,FEMALE,"558,582"
"694,494",4,22.0,1.0,Motorcycle,3,"277,357",2018 Dec 21 08:20:00 PM,2018 Dec 22 02:20:00 AM,"16,820,163",False,True,False,WHITE,1.0,MALE,"558,924"
"694,528",1,38.0,1.0,Passenger car,1,"277,377",2018 Dec 26 01:10:00 PM,2018 Dec 26 07:10:00 PM,"16,820,283",False,True,False,WHITE,2.0,FEMALE,"558,962"
"694,607",1,69.0,1.0,Passenger car,1,"277,422",2018 Dec 27 09:04:00 AM,2018 Dec 27 03:04:00 PM,"16,820,420",False,True,False,WHITE,2.0,FEMALE,"559,046"
"695,055",4,40.0,3.0,Pedestrian,7,"277,666",2018 Nov 27 01:51:00 PM,2018 Nov 27 07:51:00 PM,"16,827,157",False,True,False,BLACK,1.0,MALE,"559,525"
"695,122",1,37.0,2.0,Large passenger vehicle,2,"277,706",2018 Dec 30 02:24:00 AM,2018 Dec 30 08:24:00 AM,"16,829,243",False,True,False,HISPANIC,1.0,MALE,"559,600"
"695,177",1,29.0,1.0,Motorcycle,3,"277,735",2018 Nov 24 08:51:00 AM,2018 Nov 24 02:51:00 PM,"16,831,782",False,True,False,WHITE,1.0,MALE,"559,664"
"695,355",1,25.0,2.0,Passenger car,1,"277,835",2018 Nov 09 09:43:00 PM,2018 Nov 10 03:43:00 AM,"16,848,374",False,True,False,HISPANIC,1.0,MALE,"559,857"
"695,413",1,32.0,2.0,Passenger car,1,"277,866",2018 Dec 20 07:59:00 AM,2018 Dec 20 01:59:00 PM,"16,861,042",False,True,False,HISPANIC,2.0,FEMALE,"559,917"
"695,590",1,84.0,2.0,Passenger car,1,"277,962",2018 Nov 19 03:54:00 PM,2018 Nov 19 09:54:00 PM,"17,007,199",False,True,False,HISPANIC,2.0,FEMALE,"560,102"
"695,613",4,29.0,1.0,Pedestrian,7,"277,976",2018 Oct 10 02:06:00 AM,2018 Oct 10 07:06:00 AM,"17,067,850",False,True,False,WHITE,1.0,MALE,"560,131"
"695,768",1,22.0,1.0,Pedestrian,7,"278,062",2018 Jul 04 05:30:00 AM,2018 Jul 04 10:30:00 AM,"17,158,621",False,True,False,WHITE,1.0,MALE,"560,295"
"695,840",4,20.0,0.0,Pedestrian,7,"278,102",2018 Mar 15 08:48:00 PM,2018 Mar 16 01:48:00 AM,"17,331,180",False,True,False,UNKNOWN,1.0,MALE,"560,375"
"695,957",1,31.0,3.0,Passenger car,1,"278,170",2018 Dec 09 05:00:00 AM,2018 Dec 09 11:00:00 AM,"17,859,780",False,True,False,BLACK,2.0,FEMALE,"560,504"
"695,997",1,26.0,2.0,Large passenger vehicle,2,"278,190",2018 Jun 20 09:43:00 AM,2018 Jun 20 02:43:00 PM,"17,886,642",False,True,False,HISPANIC,2.0,FEMALE,"560,548"
"696,066",4,28.0,3.0,Passenger car,1,"278,226",2018 Jul 15 04:03:00 AM,2018 Jul 15 09:03:00 AM,"17,935,784",False,True,False,BLACK,1.0,MALE,"560,627"
"696,090",1,62.0,3.0,Pedestrian,7,"278,240",2018 Mar 05 06:49:00 PM,2018 Mar 06 12:49:00 AM,"17,985,603",False,True,False,BLACK,1.0,MALE,"560,652"
"696,329",1,23.0,1.0,Motorcycle,3,"245,574",2018 Jan 06 12:03:00 PM,2018 Jan 06 06:03:00 PM,"16,186,170",False,False,False,WHITE,2.0,FEMALE,"494,494"
"696,606",1,45.0,4.0,Passenger car,1,"246,056",2018 Jan 12 09:53:00 PM,2018 Jan 13 03:53:00 AM,"16,201,043",False,False,False,ASIAN,2.0,FEMALE,"495,444"
"696,654",1,38.0,1.0,Large passenger vehicle,2,"246,106",2018 Jan 10 08:13:00 PM,2018 Jan 11 02:13:00 AM,"16,201,381",False,False,False,WHITE,2.0,FEMALE,"495,551"
"696,687",1,32.0,3.0,Passenger car,1,"246,140",2018 Jan 13 06:26:00 PM,2018 Jan 14 12:26:00 AM,"16,201,459",False,False,False,BLACK,2.0,FEMALE,"495,626"
"697,090",1,30.0,1.0,Large passenger vehicle,2,"246,663",2018 Jan 21 12:55:00 PM,2018 Jan 21 06:55:00 PM,"16,209,481",False,False,False,WHITE,2.0,FEMALE,"496,663"
"697,091",1,57.0,4.0,Large passenger vehicle,2,"246,663",2018 Jan 21 12:55:00 PM,2018 Jan 21 06:55:00 PM,"16,209,481",False,False,False,ASIAN,2.0,FEMALE,"496,663"
"697,157",1,21.0,3.0,Passenger car,1,"246,761",2018 Jan 20 07:02:00 PM,2018 Jan 21 01:02:00 AM,"16,211,790",False,False,False,BLACK,2.0,FEMALE,"496,860"
"697,158",1,20.0,3.0,Passenger car,1,"246,761",2018 Jan 20 07:02:00 PM,2018 Jan 21 01:02:00 AM,"16,211,790",False,False,False,BLACK,2.0,FEMALE,"496,860"
"697,159",1,21.0,3.0,Passenger car,1,"246,761",2018 Jan 20 07:02:00 PM,2018 Jan 21 01:02:00 AM,"16,211,790",False,False,False,BLACK,1.0,MALE,"496,860"
"697,194",4,56.0,,Large passenger vehicle,2,"246,834",2018 Jan 16 05:14:00 PM,2018 Jan 16 11:14:00 PM,"16,212,851",False,False,False,,2.0,FEMALE,"497,023"
"697,624",4,15.0,2.0,Large passenger vehicle,2,"247,477",2018 Jan 04 11:57:00 PM,2018 Jan 05 05:57:00 AM,"16,228,701",False,False,False,HISPANIC,1.0,MALE,"498,311"
"700,111",1,45.0,3.0,Large passenger vehicle,2,"251,312",2018 Mar 07 09:57:00 AM,2018 Mar 07 03:57:00 PM,"16,305,955",False,False,False,BLACK,2.0,FEMALE,"506,023"
"700,132",1,30.0,1.0,Large passenger vehicle,2,"251,340",2018 Mar 16 05:19:00 PM,2018 Mar 16 10:19:00 PM,"16,306,116",False,False,False,WHITE,1.0,MALE,"506,083"
"700,961",1,18.0,2.0,Passenger car,1,"252,599",2018 Mar 25 05:16:00 PM,2018 Mar 25 10:16:00 PM,"16,330,215",False,False,False,HISPANIC,1.0,MALE,"508,599"
"701,474",1,20.0,2.0,Large passenger vehicle,2,"253,260",2018 Apr 04 10:06:00 PM,2018 Apr 05 03:06:00 AM,"16,344,687",False,False,False,HISPANIC,2.0,FEMALE,"509,948"
"701,603",1,4.0,2.0,Passenger car,1,"253,448",2018 Apr 10 08:39:00 AM,2018 Apr 10 01:39:00 PM,"16,347,298",False,False,False,HISPANIC,2.0,FEMALE,"510,323"
"701,633",1,17.0,2.0,Passenger car,1,"253,493",2018 Apr 09 01:09:00 AM,2018 Apr 09 06:09:00 AM,"16,348,147",False,False,False,HISPANIC,1.0,MALE,"510,425"
"701,680",1,35.0,3.0,Passenger car,1,"253,556",2018 Apr 11 08:22:00 AM,2018 Apr 11 01:22:00 PM,"16,349,239",False,False,False,BLACK,2.0,FEMALE,"510,564"
"702,189",1,0.0,2.0,Passenger car,1,"254,241",2018 Apr 18 10:16:00 AM,2018 Apr 18 03:16:00 PM,"16,363,407",False,False,False,HISPANIC,1.0,MALE,"511,950"
"702,821",1,69.0,2.0,Passenger car,1,"255,094",2018 Apr 24 05:17:00 PM,2018 Apr 24 10:17:00 PM,"16,380,850",False,False,False,HISPANIC,2.0,FEMALE,"513,695"
"703,295",4,27.0,1.0,Passenger car,1,"255,783",2018 Apr 16 02:24:00 AM,2018 Apr 16 07:24:00 AM,"16,394,554",False,False,False,WHITE,1.0,MALE,"515,113"
"703,692",1,19.0,2.0,Large passenger vehicle,2,"256,337",2018 Apr 26 07:13:00 AM,2018 Apr 26 12:13:00 PM,"16,402,832",False,False,False,HISPANIC,1.0,MALE,"516,196"
"703,970",1,59.0,1.0,Motorcycle,3,"256,646",2018 May 10 11:04:00 PM,2018 May 11 04:04:00 AM,"16,409,433",False,False,False,WHITE,2.0,FEMALE,"516,816"
"704,036",1,19.0,,Passenger car,1,"256,719",2018 May 13 02:23:00 AM,2018 May 13 07:23:00 AM,"16,409,678",False,False,False,,1.0,MALE,"516,974"
"704,126",1,23.0,3.0,Passenger car,1,"256,844",2018 May 12 04:52:00 AM,2018 May 12 09:52:00 AM,"16,412,253",False,False,False,BLACK,2.0,FEMALE,"517,216"
"704,203",1,16.0,2.0,Passenger car,1,"256,958",2018 May 16 05:12:00 AM,2018 May 16 10:12:00 AM,"16,414,080",False,False,False,HISPANIC,2.0,FEMALE,"517,475"
"704,205",1,91.0,,Passenger car,1,"256,959",2018 May 16 10:59:00 AM,2018 May 16 03:59:00 PM,"16,414,081",False,False,False,,2.0,FEMALE,"517,476"
"704,457",1,37.0,1.0,Large passenger vehicle,2,"257,314",2018 May 18 01:52:00 PM,2018 May 18 06:52:00 PM,"16,423,666",False,False,False,WHITE,2.0,FEMALE,"518,199"
"704,537",1,34.0,1.0,Motorcycle,3,"257,420",2018 May 19 08:31:00 PM,2018 May 20 01:31:00 AM,"16,424,094",False,False,False,WHITE,1.0,MALE,"518,425"
"704,908",1,32.0,4.0,Motorcycle,3,"257,970",2018 May 17 01:07:00 PM,2018 May 17 06:07:00 PM,"16,434,686",False,False,False,ASIAN,2.0,FEMALE,"519,553"
"704,913",1,18.0,2.0,Passenger car,1,"257,980",2018 May 21 05:51:00 AM,2018 May 21 10:51:00 AM,"16,434,697",False,False,False,HISPANIC,2.0,FEMALE,"519,574"
"704,915",1,14.0,2.0,Passenger car,1,"257,980",2018 May 21 05:51:00 AM,2018 May 21 10:51:00 AM,"16,434,697",False,False,False,HISPANIC,2.0,FEMALE,"519,574"
"704,916",1,15.0,2.0,Passenger car,1,"257,980",2018 May 21 05:51:00 AM,2018 May 21 10:51:00 AM,"16,434,697",False,False,False,HISPANIC,1.0,MALE,"519,574"
"704,919",1,34.0,2.0,Passenger car,1,"257,997",2018 May 14 02:47:00 PM,2018 May 14 07:47:00 PM,"16,434,807",False,False,False,HISPANIC,2.0,FEMALE,"519,610"
"704,920",1,2.0,2.0,Passenger car,1,"257,997",2018 May 14 02:47:00 PM,2018 May 14 07:47:00 PM,"16,434,807",False,False,False,HISPANIC,2.0,FEMALE,"519,610"
"705,326",1,64.0,2.0,Large passenger vehicle,2,"258,571",2018 Jun 01 04:23:00 PM,2018 Jun 01 09:23:00 PM,"16,448,134",False,False,False,HISPANIC,2.0,FEMALE,"520,785"
"705,337",1,26.0,2.0,Passenger car,1,"258,582",2018 Jun 01 11:59:00 PM,2018 Jun 02 04:59:00 AM,"16,448,167",False,False,False,HISPANIC,2.0,FEMALE,"520,812"
"705,717",1,44.0,1.0,Passenger car,1,"259,086",2018 Jun 09 10:09:00 AM,2018 Jun 09 03:09:00 PM,"16,459,611",False,False,False,WHITE,1.0,MALE,"521,844"
"705,744",1,42.0,2.0,Large passenger vehicle,2,"259,104",2018 Jun 10 09:27:00 AM,2018 Jun 10 02:27:00 PM,"16,459,656",False,False,False,HISPANIC,1.0,MALE,"521,880"
"705,911",4,56.0,1.0,Motorcycle,3,"259,353",2018 Jun 08 10:21:00 PM,2018 Jun 09 03:21:00 AM,"16,465,523",False,False,False,WHITE,2.0,FEMALE,"522,360"
"705,913",1,25.0,2.0,Motorcycle,3,"259,354",2018 Jun 09 11:54:00 PM,2018 Jun 10 04:54:00 AM,"16,465,524",False,False,False,HISPANIC,2.0,FEMALE,"522,362"
"705,936",1,20.0,2.0,Passenger car,1,"259,394",2018 Jun 12 02:53:00 PM,2018 Jun 12 07:53:00 PM,"16,465,613",False,False,False,HISPANIC,1.0,MALE,"522,440"
"705,937",1,19.0,2.0,Passenger car,1,"259,394",2018 Jun 12 02:53:00 PM,2018 Jun 12 07:53:00 PM,"16,465,613",False,False,False,HISPANIC,1.0,MALE,"522,440"
"706,123",1,27.0,1.0,Passenger car,1,"259,639",2018 Jun 07 05:29:00 PM,2018 Jun 07 10:29:00 PM,"16,472,889",False,False,False,WHITE,1.0,MALE,"522,937"
"706,124",1,0.0,1.0,Passenger car,1,"259,639",2018 Jun 07 05:29:00 PM,2018 Jun 07 10:29:00 PM,"16,472,889",False,False,False,WHITE,1.0,MALE,"522,937"
"706,178",1,36.0,1.0,Passenger car,1,"259,714",2018 Jun 15 08:02:00 PM,2018 Jun 16 01:02:00 AM,"16,473,139",False,False,False,WHITE,2.0,FEMALE,"523,101"
"706,516",1,24.0,2.0,Passenger car,1,"260,273",2018 Jun 11 06:19:00 PM,2018 Jun 11 11:19:00 PM,"16,484,875",False,False,False,HISPANIC,2.0,FEMALE,"524,217"
"707,065",1,61.0,2.0,Passenger car,1,"260,984",2018 Jun 30 06:30:00 PM,2018 Jun 30 11:30:00 PM,"16,498,242",False,False,False,HISPANIC,2.0,FEMALE,"525,686"
"707,799",1,35.0,1.0,Large passenger vehicle,2,"261,851",2018 Jul 09 03:43:00 PM,2018 Jul 09 08:43:00 PM,"16,517,389",False,False,False,WHITE,1.0,MALE,"527,448"
"708,017",1,16.0,2.0,Large passenger vehicle,2,"262,140",2018 Jul 16 10:14:00 AM,2018 Jul 16 03:14:00 PM,"16,521,691",False,False,False,HISPANIC,2.0,FEMALE,"528,024"
"708,018",1,16.0,2.0,Large passenger vehicle,2,"262,140",2018 Jul 16 10:14:00 AM,2018 Jul 16 03:14:00 PM,"16,521,691",False,False,False,HISPANIC,2.0,FEMALE,"528,024"
"708,831",1,38.0,2.0,Passenger car,1,"263,250",2018 Jul 03 04:00:00 PM,2018 Jul 03 09:00:00 PM,"16,555,981",False,False,False,HISPANIC,2.0,FEMALE,"530,218"
"708,832",1,52.0,2.0,Passenger car,1,"263,250",2018 Jul 03 04:00:00 PM,2018 Jul 03 09:00:00 PM,"16,555,981",False,False,False,HISPANIC,2.0,FEMALE,"530,218"
"709,099",1,33.0,2.0,Passenger car,1,"263,555",2018 Jul 26 11:36:00 AM,2018 Jul 26 04:36:00 PM,"16,557,760",False,False,False,HISPANIC,2.0,FEMALE,"530,856"
"709,323",1,20.0,3.0,Passenger car,1,"263,889",2018 Aug 04 03:40:00 AM,2018 Aug 04 08:40:00 AM,"16,558,275",False,False,False,BLACK,1.0,MALE,"531,558"
"709,324",1,18.0,3.0,Passenger car,1,"263,889",2018 Aug 04 03:40:00 AM,2018 Aug 04 08:40:00 AM,"16,558,275",False,False,False,BLACK,1.0,MALE,"531,558"
"709,348",1,16.0,3.0,Passenger car,1,"263,935",2018 Aug 05 07:46:00 PM,2018 Aug 06 12:46:00 AM,"16,558,365",False,False,False,BLACK,1.0,MALE,"531,647"
"709,349",1,64.0,4.0,Passenger car,1,"263,935",2018 Aug 05 07:46:00 PM,2018 Aug 06 12:46:00 AM,"16,558,365",False,False,False,ASIAN,2.0,FEMALE,"531,648"
"710,206",1,30.0,2.0,Passenger car,1,"265,113",2018 Aug 20 12:59:00 AM,2018 Aug 20 05:59:00 AM,"16,580,958",False,False,False,HISPANIC,1.0,MALE,"534,042"
"710,210",1,16.0,2.0,Passenger car,1,"265,119",2018 Aug 20 07:45:00 AM,2018 Aug 20 12:45:00 PM,"16,580,995",False,False,False,HISPANIC,1.0,MALE,"534,054"
"710,454",1,40.0,1.0,Large passenger vehicle,2,"265,471",2018 Aug 21 06:01:00 AM,2018 Aug 21 11:01:00 AM,"16,588,247",False,False,False,WHITE,1.0,MALE,"534,793"
"710,510",1,,1.0,Passenger car,1,"265,560",2018 Jul 28 10:00:00 PM,2018 Jul 29 03:00:00 AM,"16,588,875",False,False,False,WHITE,2.0,FEMALE,"534,991"
"710,717",1,13.0,2.0,Passenger car,1,"265,833",2018 Aug 26 09:50:00 AM,2018 Aug 26 02:50:00 PM,"16,594,821",False,False,False,HISPANIC,2.0,FEMALE,"535,559"
"711,061",1,18.0,3.0,Passenger car,1,"266,315",2018 Aug 30 11:11:00 PM,2018 Aug 31 04:11:00 AM,"16,604,463",False,False,False,BLACK,1.0,MALE,"536,527"
"711,097",1,37.0,2.0,Passenger car,1,"266,384",2018 Sep 01 01:17:00 PM,2018 Sep 01 06:17:00 PM,"16,604,667",False,False,False,HISPANIC,2.0,FEMALE,"536,677"
"711,121",1,36.0,1.0,Motorcycle,3,"266,423",2018 Sep 02 12:14:00 AM,2018 Sep 02 05:14:00 AM,"16,605,057",False,False,False,WHITE,2.0,FEMALE,"536,765"
"711,307",4,21.0,2.0,Large passenger vehicle,2,"266,681",2018 Aug 25 01:24:00 AM,2018 Aug 25 06:24:00 AM,"16,610,603",False,False,False,HISPANIC,1.0,MALE,"537,287"
"711,985",1,45.0,3.0,Passenger car,1,"267,621",2018 Sep 14 06:23:00 AM,2018 Sep 14 11:23:00 AM,"16,630,434",False,False,False,BLACK,1.0,MALE,"539,142"
"712,382",4,10.0,2.0,Passenger car,1,"268,234",2018 Sep 22 10:28:00 AM,2018 Sep 22 03:28:00 PM,"16,640,180",False,False,False,HISPANIC,1.0,MALE,"540,384"
"712,828",1,48.0,2.0,Passenger car,1,"268,937",2018 Sep 30 02:17:00 PM,2018 Sep 30 07:17:00 PM,"16,653,547",False,False,False,HISPANIC,2.0,FEMALE,"541,822"
"713,188",1,36.0,3.0,Passenger car,1,"269,370",2018 Oct 05 06:43:00 AM,2018 Oct 05 11:43:00 AM,"16,663,116",False,False,False,BLACK,1.0,MALE,"542,704"
"713,725",1,24.0,3.0,Large passenger vehicle,2,"270,133",2018 Oct 12 04:05:00 PM,2018 Oct 12 09:05:00 PM,"16,679,007",False,False,False,BLACK,1.0,MALE,"544,283"
"713,729",4,52.0,3.0,Large passenger vehicle,2,"270,137",2018 Oct 12 05:52:00 PM,2018 Oct 12 10:52:00 PM,"16,679,011",False,False,False,BLACK,1.0,MALE,"544,292"
"713,730",1,13.0,3.0,Large passenger vehicle,2,"270,137",2018 Oct 12 05:52:00 PM,2018 Oct 12 10:52:00 PM,"16,679,011",False,False,False,BLACK,1.0,MALE,"544,292"
"714,144",1,17.0,2.0,Passenger car,1,"270,857",2018 Oct 21 12:38:00 AM,2018 Oct 21 05:38:00 AM,"16,695,375",False,False,False,HISPANIC,1.0,MALE,"545,705"
"714,145",1,38.0,4.0,Passenger car,1,"270,857",2018 Oct 21 12:38:00 AM,2018 Oct 21 05:38:00 AM,"16,695,375",False,False,False,ASIAN,2.0,FEMALE,"545,706"
"714,182",1,46.0,2.0,Large passenger vehicle,2,"270,917",2018 Oct 16 07:59:00 PM,2018 Oct 17 12:59:00 AM,"16,696,892",False,False,False,HISPANIC,1.0,MALE,"545,831"
"714,258",1,24.0,1.0,Passenger car,1,"270,999",2018 Oct 21 07:32:00 PM,2018 Oct 22 12:32:00 AM,"16,697,155",False,False,False,WHITE,2.0,FEMALE,"545,994"
"714,329",1,28.0,1.0,Passenger car,1,"271,075",2018 Oct 19 09:24:00 PM,2018 Oct 20 02:24:00 AM,"16,698,049",False,False,False,WHITE,2.0,FEMALE,"546,151"
"714,510",1,27.0,2.0,Motorcycle,3,"271,373",2018 Oct 25 08:46:00 PM,2018 Oct 26 01:46:00 AM,"16,703,823",False,False,False,HISPANIC,2.0,FEMALE,"546,759"
"714,742",1,34.0,1.0,Passenger car,1,"271,654",2018 Oct 28 10:40:00 PM,2018 Oct 29 03:40:00 AM,"16,707,362",False,False,False,WHITE,2.0,FEMALE,"547,315"
"714,743",1,22.0,1.0,Passenger car,1,"271,656",2018 Oct 28 08:33:00 PM,2018 Oct 29 01:33:00 AM,"16,707,364",False,False,False,WHITE,2.0,FEMALE,"547,318"
"714,813",1,29.0,3.0,Passenger car,1,"271,769",2018 Oct 29 07:09:00 PM,2018 Oct 30 12:09:00 AM,"16,709,559",False,False,False,BLACK,1.0,MALE,"547,553"
"714,837",1,24.0,1.0,Large passenger vehicle,2,"271,801",2018 Oct 29 06:55:00 PM,2018 Oct 29 11:55:00 PM,"16,710,338",False,False,False,WHITE,2.0,FEMALE,"547,618"
"715,023",1,38.0,3.0,Large passenger vehicle,2,"272,105",2018 Oct 29 02:44:00 AM,2018 Oct 29 07:44:00 AM,"16,716,063",False,False,False,BLACK,2.0,FEMALE,"548,220"
"715,329",1,30.0,2.0,Passenger car,1,"272,544",2018 Nov 04 08:54:00 PM,2018 Nov 05 02:54:00 AM,"16,725,346",False,False,False,HISPANIC,2.0,FEMALE,"549,111"
"715,333",1,5.0,2.0,Large passenger vehicle,2,"272,544",2018 Nov 04 08:54:00 PM,2018 Nov 05 02:54:00 AM,"16,725,346",False,False,False,HISPANIC,1.0,MALE,"549,112"
"715,473",1,8.0,1.0,Passenger car,1,"272,696",2018 Nov 07 03:00:00 PM,2018 Nov 07 09:00:00 PM,"16,728,076",False,False,False,WHITE,1.0,MALE,"549,419"
"715,474",1,6.0,1.0,Passenger car,1,"272,696",2018 Nov 07 03:00:00 PM,2018 Nov 07 09:00:00 PM,"16,728,076",False,False,False,WHITE,1.0,MALE,"549,419"
"715,726",1,64.0,2.0,Large passenger vehicle,2,"273,039",2018 Nov 10 05:39:00 PM,2018 Nov 10 11:39:00 PM,"16,735,588",False,False,False,HISPANIC,2.0,FEMALE,"550,095"
"717,220",1,38.0,1.0,Passenger car,1,"274,982",2018 Nov 26 09:12:00 PM,2018 Nov 27 03:12:00 AM,"16,773,754",False,False,False,WHITE,1.0,MALE,"554,070"
"717,231",1,62.0,3.0,Passenger car,1,"274,993",2018 Dec 03 03:58:00 PM,2018 Dec 03 09:58:00 PM,"16,773,765",False,False,False,BLACK,2.0,FEMALE,"554,091"
"717,378",1,26.0,1.0,Passenger car,1,"275,252",2018 Dec 05 05:26:00 PM,2018 Dec 05 11:26:00 PM,"16,778,961",False,False,False,WHITE,1.0,MALE,"554,653"
"717,571",1,31.0,2.0,Passenger car,1,"275,623",2018 Dec 07 03:02:00 PM,2018 Dec 07 09:02:00 PM,"16,786,467",False,False,False,HISPANIC,1.0,MALE,"555,368"
"717,598",1,34.0,2.0,Passenger car,1,"275,662",2018 Dec 08 02:53:00 AM,2018 Dec 08 08:53:00 AM,"16,786,589",False,False,False,HISPANIC,1.0,MALE,"555,442"
"717,709",1,22.0,1.0,Motor vehicle – other,4,"275,817",2018 Dec 10 07:32:00 PM,2018 Dec 11 01:32:00 AM,"16,790,267",False,False,False,WHITE,2.0,FEMALE,"555,747"
"718,126",1,24.0,3.0,Passenger car,1,"276,379",2018 Dec 15 04:08:00 PM,2018 Dec 15 10:08:00 PM,"16,801,050",False,False,False,BLACK,2.0,FEMALE,"556,916"
"718,136",1,39.0,3.0,Passenger car,1,"276,388",2018 Dec 15 07:41:00 PM,2018 Dec 16 01:41:00 AM,"16,801,064",False,False,False,BLACK,1.0,MALE,"556,938"
"718,794",1,47.0,2.0,Passenger car,1,"277,165",2018 Dec 23 06:47:00 PM,2018 Dec 24 12:47:00 AM,"16,815,809",False,False,False,HISPANIC,1.0,MALE,"558,548"
"719,006",1,16.0,2.0,Passenger car,1,"277,441",2018 Dec 27 08:41:00 PM,2018 Dec 28 02:41:00 AM,"16,820,456",False,False,False,HISPANIC,1.0,MALE,"559,087"
"719,267",4,38.0,2.0,Large passenger vehicle,2,"277,706",2018 Dec 30 02:24:00 AM,2018 Dec 30 08:24:00 AM,"16,829,243",False,False,False,HISPANIC,1.0,MALE,"559,600"
"719,348",4,25.0,2.0,Passenger car,1,"277,835",2018 Nov 09 09:43:00 PM,2018 Nov 10 03:43:00 AM,"16,848,374",False,False,False,HISPANIC,2.0,FEMALE,"559,857"
"719,349",1,26.0,2.0,Passenger car,1,"277,835",2018 Nov 09 09:43:00 PM,2018 Nov 10 03:43:00 AM,"16,848,374",False,False,False,HISPANIC,1.0,MALE,"559,857"
"719,607",1,48.0,2.0,Bicycle,5,"278,335",2023 Jan 02 01:27:00 AM,2023 Jan 02 07:27:00 AM,"19,315,139",False,True,False,HISPANIC,1.0,MALE,"560,827"
"719,629",1,21.0,2.0,Passenger car,1,"278,349",2023 Jan 02 08:35:00 PM,2023 Jan 03 02:35:00 AM,"19,315,218",False,True,False,HISPANIC,1.0,MALE,"560,854"
"719,630",1,25.0,2.0,Passenger car,1,"278,349",2023 Jan 02 08:35:00 PM,2023 Jan 03 02:35:00 AM,"19,315,218",False,True,False,HISPANIC,1.0,MALE,"560,855"
"719,642",1,40.0,2.0,Passenger car,1,"278,357",2022 Dec 31 02:22:00 PM,2022 Dec 31 08:22:00 PM,"19,315,276",False,True,False,HISPANIC,2.0,FEMALE,"560,868"
"719,695",1,,1.0,Passenger car,1,"278,388",2023 Jan 01 01:15:00 AM,2023 Jan 01 07:15:00 AM,"19,315,493",False,True,False,WHITE,2.0,FEMALE,"560,925"
"719,970",4,58.0,1.0,Pedestrian,7,"278,537",2022 Dec 31 02:46:00 AM,2022 Dec 31 08:46:00 AM,"19,320,731",False,True,False,WHITE,1.0,MALE,"561,223"
"719,988",1,27.0,2.0,Passenger car,1,"278,548",2023 Jan 05 09:49:00 AM,2023 Jan 05 03:49:00 PM,"19,320,744",False,True,False,HISPANIC,1.0,MALE,"561,241"
"720,024",1,49.0,3.0,Motorcycle,3,"278,566",2023 Jan 05 09:40:00 PM,2023 Jan 06 03:40:00 AM,"19,320,787",False,True,False,BLACK,1.0,MALE,"561,279"
"720,271",1,66.0,1.0,Passenger car,1,"278,697",2023 Jan 06 10:11:00 AM,2023 Jan 06 04:11:00 PM,"19,324,917",False,True,False,WHITE,2.0,FEMALE,"561,544"
"720,368",1,26.0,1.0,Motorcycle,3,"278,746",2023 Jan 07 10:02:00 PM,2023 Jan 08 04:02:00 AM,"19,325,046",False,True,False,WHITE,1.0,MALE,"561,649"
"720,409",1,31.0,1.0,Large passenger vehicle,2,"278,770",2023 Jan 08 07:18:00 PM,2023 Jan 09 01:18:00 AM,"19,325,105",False,True,False,WHITE,2.0,FEMALE,"561,695"
"720,422",1,26.0,2.0,Passenger car,1,"278,777",2023 Jan 08 04:57:00 PM,2023 Jan 08 10:57:00 PM,"19,325,112",False,True,False,HISPANIC,1.0,MALE,"561,708"
"720,825",4,73.0,1.0,Passenger car,1,"278,991",2023 Jan 11 10:22:00 AM,2023 Jan 11 04:22:00 PM,"19,329,557",False,True,False,WHITE,1.0,MALE,"562,144"
"720,963",4,63.0,3.0,Pedestrian,7,"279,064",2023 Jan 10 01:58:00 AM,2023 Jan 10 07:58:00 AM,"19,331,134",False,True,False,BLACK,1.0,MALE,"562,292"
"721,489",1,47.0,4.0,Passenger car,1,"279,343",2023 Jan 17 08:34:00 AM,2023 Jan 17 02:34:00 PM,"19,338,022",False,True,False,ASIAN,1.0,MALE,"562,859"
"721,605",4,26.0,1.0,Pedestrian,7,"279,402",2023 Jan 14 03:05:00 AM,2023 Jan 14 09:05:00 AM,"19,340,011",False,True,False,WHITE,2.0,FEMALE,"562,977"
"721,623",1,25.0,2.0,Large passenger vehicle,2,"279,411",2023 Jan 15 05:27:00 AM,2023 Jan 15 11:27:00 AM,"19,340,020",False,True,False,HISPANIC,1.0,MALE,"563,000"
"721,639",1,30.0,3.0,Passenger car,1,"279,420",2023 Jan 16 11:26:00 AM,2023 Jan 16 05:26:00 PM,"19,340,078",False,True,False,BLACK,1.0,MALE,"563,017"
"721,640",1,28.0,2.0,Large passenger vehicle,2,"279,420",2023 Jan 16 11:26:00 AM,2023 Jan 16 05:26:00 PM,"19,340,078",False,True,False,HISPANIC,1.0,MALE,"563,018"
"721,672",4,63.0,1.0,Pedestrian,7,"279,432",2023 Jan 13 10:17:00 AM,2023 Jan 13 04:17:00 PM,"19,340,147",False,True,False,WHITE,1.0,MALE,"563,052"
"721,758",1,53.0,4.0,Pedestrian,7,"279,474",2023 Jan 13 05:31:00 PM,2023 Jan 13 11:31:00 PM,"19,340,297",False,True,False,ASIAN,1.0,MALE,"563,143"
"721,811",1,38.0,5.0,Pedestrian,7,"279,505",2023 Jan 15 07:50:00 PM,2023 Jan 16 01:50:00 AM,"19,340,368",False,True,False,OTHER,2.0,FEMALE,"563,201"
"721,821",1,46.0,3.0,Passenger car,1,"279,511",2023 Jan 15 04:52:00 PM,2023 Jan 15 10:52:00 PM,"19,340,380",False,True,False,BLACK,2.0,FEMALE,"563,212"
"721,823",1,25.0,3.0,Passenger car,1,"279,512",2023 Jan 15 10:14:00 PM,2023 Jan 16 04:14:00 AM,"19,340,381",False,True,False,BLACK,2.0,FEMALE,"563,214"
"721,859",1,40.0,2.0,Motorcycle,3,"279,531",2023 Jan 16 05:03:00 PM,2023 Jan 16 11:03:00 PM,"19,340,460",False,True,False,HISPANIC,1.0,MALE,"563,251"
"721,917",1,43.0,1.0,Large passenger vehicle,2,"279,561",2023 Jan 17 05:09:00 PM,2023 Jan 17 11:09:00 PM,"19,340,558",False,True,False,WHITE,2.0,FEMALE,"563,318"
"722,096",1,38.0,2.0,Large passenger vehicle,2,"279,652",2023 Jan 18 02:00:00 PM,2023 Jan 18 08:00:00 PM,"19,342,461",False,True,False,HISPANIC,1.0,MALE,"563,510"
"722,156",1,59.0,1.0,Bicycle,5,"279,683",2023 Jan 18 10:15:00 PM,2023 Jan 19 04:15:00 AM,"19,342,526",False,True,False,WHITE,2.0,FEMALE,"563,574"
"722,257",1,32.0,1.0,Bicycle,5,"279,740",2023 Jan 19 08:55:00 AM,2023 Jan 19 02:55:00 PM,"19,344,475",False,True,False,WHITE,1.0,MALE,"563,686"
"722,295",1,31.0,1.0,Passenger car,1,"279,758",2023 Jan 19 02:33:00 AM,2023 Jan 19 08:33:00 AM,"19,344,551",False,True,False,WHITE,1.0,MALE,"563,726"
"722,319",1,27.0,3.0,Motorcycle,3,"279,772",2023 Jan 15 01:01:00 AM,2023 Jan 15 07:01:00 AM,"19,344,567",False,True,False,BLACK,2.0,FEMALE,"563,752"
"722,343",1,43.0,1.0,Large passenger vehicle,2,"279,786",2023 Jan 10 07:32:00 AM,2023 Jan 10 01:32:00 PM,"19,345,036",False,True,False,WHITE,2.0,FEMALE,"563,777"
"722,365",4,79.0,1.0,Large passenger vehicle,2,"279,798",2023 Jan 03 04:24:00 PM,2023 Jan 03 10:24:00 PM,"19,345,429",False,True,False,WHITE,1.0,MALE,"563,799"
"722,570",1,30.0,2.0,Pedestrian,7,"279,908",2023 Jan 21 11:15:00 PM,2023 Jan 22 05:15:00 AM,"19,347,363",False,True,False,HISPANIC,1.0,MALE,"564,020"
"722,856",1,37.0,3.0,Passenger car,1,"280,064",2023 Jan 22 03:00:00 PM,2023 Jan 22 09:00:00 PM,"19,351,491",False,True,False,BLACK,1.0,MALE,"564,324"
"723,263",1,19.0,2.0,Passenger car,1,"280,279",2023 Jan 23 05:26:00 AM,2023 Jan 23 11:26:00 AM,"19,355,409",False,True,False,HISPANIC,1.0,MALE,"564,771"
"723,428",4,68.0,4.0,Pedestrian,7,"280,362",2023 Jan 25 07:45:00 PM,2023 Jan 26 01:45:00 AM,"19,356,805",False,True,False,ASIAN,1.0,MALE,"564,945"
"723,583",1,31.0,1.0,Passenger car,1,"280,438",2023 Jan 22 06:09:00 PM,2023 Jan 23 12:09:00 AM,"19,357,371",False,True,False,WHITE,1.0,MALE,"565,117"
"723,805",1,33.0,2.0,Passenger car,1,"280,561",2023 Jan 26 03:45:00 PM,2023 Jan 26 09:45:00 PM,"19,360,835",False,True,False,HISPANIC,2.0,FEMALE,"565,358"
"723,839",1,42.0,3.0,Passenger car,1,"280,577",2023 Jan 27 10:46:00 PM,2023 Jan 28 04:46:00 AM,"19,360,909",False,True,False,BLACK,1.0,MALE,"565,394"
"723,888",1,55.0,1.0,Pedestrian,7,"280,606",2023 Jan 28 08:39:00 PM,2023 Jan 29 02:39:00 AM,"19,360,987",False,True,False,WHITE,1.0,MALE,"565,443"
"723,899",1,38.0,3.0,Passenger car,1,"280,615",2023 Jan 28 11:28:00 PM,2023 Jan 29 05:28:00 AM,"19,360,999",False,True,False,BLACK,2.0,FEMALE,"565,454"
"724,708",1,48.0,3.0,Passenger car,1,"281,067",2023 Jan 20 09:33:00 PM,2023 Jan 21 03:33:00 AM,"19,373,799",False,True,False,BLACK,1.0,MALE,"566,337"
"724,723",4,70.0,1.0,Pedestrian,7,"281,071",2023 Jan 31 06:04:00 AM,2023 Jan 31 12:04:00 PM,"19,373,803",False,True,False,WHITE,2.0,FEMALE,"566,354"
"724,975",1,60.0,2.0,Passenger car,1,"281,207",2023 Feb 03 10:00:00 PM,2023 Feb 04 04:00:00 AM,"19,375,231",False,True,False,HISPANIC,1.0,MALE,"566,626"
"724,994",1,32.0,2.0,E-scooter,11,"281,218",2023 Feb 06 06:13:00 PM,2023 Feb 07 12:13:00 AM,"19,375,242",False,True,False,HISPANIC,2.0,FEMALE,"566,645"
"724,998",1,30.0,2.0,Passenger car,1,"281,221",2023 Feb 07 02:20:00 AM,2023 Feb 07 08:20:00 AM,"19,375,245",False,True,False,HISPANIC,1.0,MALE,"566,649"
"725,077",4,7.0,2.0,Pedestrian,7,"281,262",2023 Feb 04 04:24:00 PM,2023 Feb 04 10:24:00 PM,"19,375,359",False,True,False,HISPANIC,2.0,FEMALE,"566,734"
"725,078",1,62.0,2.0,Pedestrian,7,"281,262",2023 Feb 04 04:24:00 PM,2023 Feb 04 10:24:00 PM,"19,375,359",False,True,False,HISPANIC,1.0,MALE,"566,735"
"725,110",1,30.0,1.0,Passenger car,1,"281,279",2023 Feb 05 09:39:00 PM,2023 Feb 06 03:39:00 AM,"19,375,400",False,True,False,WHITE,2.0,FEMALE,"566,772"
"725,146",1,57.0,4.0,Passenger car,1,"281,294",2023 Feb 06 05:57:00 PM,2023 Feb 06 11:57:00 PM,"19,375,415",False,True,False,ASIAN,2.0,FEMALE,"566,810"
"725,194",1,56.0,3.0,Pedestrian,7,"281,321",2023 Feb 04 12:51:00 PM,2023 Feb 04 06:51:00 PM,"19,375,700",False,True,False,BLACK,1.0,MALE,"566,862"
"725,658",1,49.0,3.0,Passenger car,1,"281,568",2023 Jan 29 10:01:00 PM,2023 Jan 30 04:01:00 AM,"19,381,599",False,True,False,BLACK,2.0,FEMALE,"567,365"
"725,664",1,58.0,3.0,Pedestrian,7,"281,571",2023 Feb 09 11:37:00 AM,2023 Feb 09 05:37:00 PM,"19,381,602",False,True,False,BLACK,2.0,FEMALE,"567,371"
"725,837",1,35.0,1.0,Large passenger vehicle,2,"281,668",2023 Feb 08 11:27:00 PM,2023 Feb 09 05:27:00 AM,"19,383,678",False,True,False,WHITE,2.0,FEMALE,"567,555"
"725,968",1,24.0,2.0,Large passenger vehicle,2,"281,737",2023 Feb 10 06:26:00 PM,2023 Feb 11 12:26:00 AM,"19,385,258",False,True,False,HISPANIC,1.0,MALE,"567,694"
"726,074",1,34.0,1.0,Motorcycle,3,"281,789",2023 Feb 11 10:04:00 PM,2023 Feb 12 04:04:00 AM,"19,385,430",False,True,False,WHITE,1.0,MALE,"567,810"
"726,076",1,69.0,3.0,Passenger car,1,"281,790",2023 Feb 11 08:41:00 PM,2023 Feb 12 02:41:00 AM,"19,385,431",False,True,False,BLACK,1.0,MALE,"567,812"
"726,394",1,22.0,2.0,Pedestrian,7,"281,969",2023 Jan 29 07:07:00 AM,2023 Jan 29 01:07:00 PM,"19,389,642",False,True,False,HISPANIC,1.0,MALE,"568,160"
"726,530",4,49.0,1.0,Passenger car,1,"282,036",2023 Feb 14 12:08:00 PM,2023 Feb 14 06:08:00 PM,"19,389,804",False,True,False,WHITE,2.0,FEMALE,"568,303"
"726,566",1,34.0,2.0,Large passenger vehicle,2,"282,055",2023 Feb 15 07:27:00 AM,2023 Feb 15 01:27:00 PM,"19,390,146",False,True,False,HISPANIC,1.0,MALE,"568,344"
"726,697",1,20.0,1.0,Large passenger vehicle,2,"282,125",2023 Feb 15 04:19:00 PM,2023 Feb 15 10:19:00 PM,"19,391,868",False,True,False,WHITE,1.0,MALE,"568,482"
"726,862",1,52.0,1.0,Bicycle,5,"282,212",2023 Feb 16 03:58:00 PM,2023 Feb 16 09:58:00 PM,"19,393,238",False,True,False,WHITE,1.0,MALE,"568,659"
"726,977",1,32.0,3.0,Passenger car,1,"282,272",2023 Feb 17 11:12:00 AM,2023 Feb 17 05:12:00 PM,"19,394,545",False,True,False,BLACK,2.0,FEMALE,"568,784"
"727,026",1,48.0,2.0,Large passenger vehicle,2,"282,295",2023 Feb 17 11:12:00 PM,2023 Feb 18 05:12:00 AM,"19,394,577",False,True,False,HISPANIC,1.0,MALE,"568,835"
"727,408",1,37.0,2.0,Passenger car,1,"282,498",2023 Feb 18 11:41:00 AM,2023 Feb 18 05:41:00 PM,"19,400,980",False,True,False,HISPANIC,2.0,FEMALE,"569,254"
"727,409",1,43.0,1.0,Large passenger vehicle,2,"282,499",2023 Feb 18 02:21:00 PM,2023 Feb 18 08:21:00 PM,"19,400,981",False,True,False,WHITE,2.0,FEMALE,"569,256"
"727,502",1,,3.0,Pedestrian,7,"282,547",2023 Feb 21 06:36:00 AM,2023 Feb 21 12:36:00 PM,"19,401,165",False,True,False,BLACK,1.0,MALE,"569,361"
"727,625",1,32.0,1.0,Passenger car,1,"282,609",2023 Feb 19 08:57:00 PM,2023 Feb 20 02:57:00 AM,"19,401,848",False,True,False,WHITE,1.0,MALE,"569,489"
"727,650",1,50.0,2.0,Passenger car,1,"282,625",2023 Feb 21 09:38:00 AM,2023 Feb 21 03:38:00 PM,"19,401,864",False,True,False,HISPANIC,1.0,MALE,"569,520"
"727,679",1,45.0,1.0,Pedestrian,7,"282,638",2023 Feb 21 07:53:00 PM,2023 Feb 22 01:53:00 AM,"19,401,916",False,True,False,WHITE,1.0,MALE,"569,549"
"727,694",1,34.0,2.0,Passenger car,1,"282,645",2023 Feb 22 08:59:00 AM,2023 Feb 22 02:59:00 PM,"19,401,923",False,True,False,HISPANIC,2.0,FEMALE,"569,570"
"727,771",1,62.0,1.0,Passenger car,1,"282,684",2023 Feb 22 02:01:00 PM,2023 Feb 22 08:01:00 PM,"19,403,529",False,True,False,WHITE,1.0,MALE,"569,651"
"727,850",1,17.0,1.0,Motorcycle,3,"282,726",2023 Feb 04 03:07:00 PM,2023 Feb 04 09:07:00 PM,"19,403,763",False,True,False,WHITE,1.0,MALE,"569,741"
"727,854",1,40.0,3.0,Pedestrian,7,"282,728",2023 Jan 03 09:29:00 AM,2023 Jan 03 03:29:00 PM,"19,403,795",False,True,False,BLACK,1.0,MALE,"569,747"
"727,977",4,87.0,1.0,Passenger car,1,"282,790",2023 Feb 23 11:35:00 AM,2023 Feb 23 05:35:00 PM,"19,405,570",False,True,False,WHITE,2.0,FEMALE,"569,875"
"727,978",1,50.0,1.0,Large passenger vehicle,2,"282,790",2023 Feb 23 11:35:00 AM,2023 Feb 23 05:35:00 PM,"19,405,570",False,True,False,WHITE,2.0,FEMALE,"569,876"
"728,478",1,40.0,1.0,Pedestrian,7,"283,062",2023 Feb 25 07:01:00 PM,2023 Feb 26 01:01:00 AM,"19,410,371",False,True,False,WHITE,1.0,MALE,"570,421"
"728,483",4,35.0,2.0,Pedestrian,7,"283,065",2023 Feb 25 08:29:00 PM,2023 Feb 26 02:29:00 AM,"19,410,376",False,True,False,HISPANIC,1.0,MALE,"570,426"
"728,487",1,46.0,2.0,Passenger car,1,"283,067",2023 Feb 26 02:11:00 AM,2023 Feb 26 08:11:00 AM,"19,410,380",False,True,False,HISPANIC,1.0,MALE,"570,430"
"728,546",1,25.0,1.0,Passenger car,1,"283,103",2023 Feb 26 09:31:00 PM,2023 Feb 27 03:31:00 AM,"19,410,500",False,True,False,WHITE,1.0,MALE,"570,494"
"728,713",1,36.0,1.0,Pedestrian,7,"283,190",2023 Feb 27 07:04:00 PM,2023 Feb 28 01:04:00 AM,"19,412,406",False,True,False,WHITE,1.0,MALE,"570,666"
"729,166",1,24.0,1.0,Passenger car,1,"283,431",2023 Mar 02 07:09:00 PM,2023 Mar 03 01:09:00 AM,"19,417,609",False,True,False,WHITE,1.0,MALE,"571,159"
"729,180",1,37.0,1.0,Passenger car,1,"283,440",2023 Mar 03 07:40:00 AM,2023 Mar 03 01:40:00 PM,"19,417,904",False,True,False,WHITE,2.0,FEMALE,"571,173"
"729,234",1,41.0,3.0,Motor vehicle – other,4,"283,466",2023 Mar 03 11:08:00 AM,2023 Mar 03 05:08:00 PM,"19,418,478",False,True,False,BLACK,2.0,FEMALE,"571,235"
"729,518",1,23.0,4.0,Motorcycle,3,"283,616",2023 Mar 05 01:04:00 AM,2023 Mar 05 07:04:00 AM,"19,422,209",False,True,False,ASIAN,1.0,MALE,"571,539"
"729,572",1,52.0,1.0,Pedestrian,7,"283,643",2023 Mar 04 06:30:00 PM,2023 Mar 05 12:30:00 AM,"19,422,286",False,True,False,WHITE,2.0,FEMALE,"571,596"
"729,582",4,39.0,1.0,Pedestrian,7,"283,650",2023 Mar 05 08:49:00 PM,2023 Mar 06 02:49:00 AM,"19,422,295",False,True,False,WHITE,1.0,MALE,"571,607"
"729,584",1,34.0,3.0,Passenger car,1,"283,652",2023 Mar 06 02:31:00 AM,2023 Mar 06 08:31:00 AM,"19,422,297",False,True,False,BLACK,1.0,MALE,"571,609"
"729,728",1,42.0,1.0,Passenger car,1,"283,729",2023 Mar 04 01:00:00 AM,2023 Mar 04 07:00:00 AM,"19,424,286",False,True,False,WHITE,1.0,MALE,"571,767"
"729,817",1,46.0,1.0,Motorcycle,3,"283,776",2023 Mar 02 07:27:00 PM,2023 Mar 03 01:27:00 AM,"19,425,496",False,True,False,WHITE,1.0,MALE,"571,864"
"729,888",1,22.0,1.0,Motorcycle,3,"283,813",2023 Mar 06 02:14:00 PM,2023 Mar 06 08:14:00 PM,"19,426,554",False,True,False,WHITE,1.0,MALE,"571,941"
"729,903",1,42.0,3.0,Passenger car,1,"283,819",2023 Mar 06 07:16:00 PM,2023 Mar 07 01:16:00 AM,"19,426,560",False,True,False,BLACK,1.0,MALE,"571,957"
"730,014",1,35.0,1.0,Large passenger vehicle,2,"283,879",2023 Mar 04 06:48:00 PM,2023 Mar 05 12:48:00 AM,"19,426,741",False,True,False,WHITE,1.0,MALE,"572,072"
"730,131",1,51.0,2.0,Pedestrian,7,"283,941",2023 Mar 08 08:21:00 AM,2023 Mar 08 02:21:00 PM,"19,426,913",False,True,False,HISPANIC,2.0,FEMALE,"572,199"
"730,311",1,27.0,3.0,Passenger car,1,"284,035",2023 Mar 07 08:38:00 PM,2023 Mar 08 02:38:00 AM,"19,430,486",False,True,False,BLACK,1.0,MALE,"572,390"
"730,379",1,36.0,1.0,Pedestrian,7,"284,068",2023 Mar 08 10:41:00 PM,2023 Mar 09 04:41:00 AM,"19,430,601",False,True,False,WHITE,1.0,MALE,"572,460"
"730,399",1,59.0,3.0,Passenger car,1,"284,079",2023 Mar 09 06:19:00 PM,2023 Mar 10 12:19:00 AM,"19,430,612",False,True,False,BLACK,1.0,MALE,"572,480"
"730,421",4,50.0,3.0,Pedestrian,7,"284,091",2023 Mar 10 05:07:00 AM,2023 Mar 10 11:07:00 AM,"19,430,676",False,True,False,BLACK,1.0,MALE,"572,506"
"730,838",1,16.0,1.0,Motorcycle,3,"284,310",2023 Mar 09 08:37:00 PM,2023 Mar 10 02:37:00 AM,"19,435,559",False,True,False,WHITE,1.0,MALE,"572,963"
"730,857",1,28.0,1.0,Large passenger vehicle,2,"284,321",2023 Mar 10 04:30:00 PM,2023 Mar 10 10:30:00 PM,"19,435,605",False,True,False,WHITE,2.0,FEMALE,"572,986"
"730,863",1,38.0,2.0,Pedestrian,7,"284,324",2023 Mar 11 11:54:00 PM,2023 Mar 12 05:54:00 AM,"19,435,608",False,True,False,HISPANIC,1.0,MALE,"572,992"
"730,926",1,19.0,2.0,Passenger car,1,"284,362",2023 Mar 11 06:52:00 PM,2023 Mar 12 12:52:00 AM,"19,435,687",False,True,False,HISPANIC,2.0,FEMALE,"573,068"
"730,938",1,26.0,3.0,Large passenger vehicle,2,"284,370",2023 Mar 12 08:55:00 AM,2023 Mar 12 01:55:00 PM,"19,435,696",False,True,False,BLACK,1.0,MALE,"573,081"
"730,942",1,43.0,1.0,Pedestrian,7,"284,371",2023 Mar 12 09:51:00 AM,2023 Mar 12 02:51:00 PM,"19,435,697",False,True,False,WHITE,1.0,MALE,"573,085"
"730,974",4,26.0,0.0,Large passenger vehicle,2,"284,388",2023 Mar 12 05:53:00 PM,2023 Mar 12 10:53:00 PM,"19,435,752",False,True,False,UNKNOWN,1.0,MALE,"573,118"
"730,985",1,26.0,3.0,Pedestrian,7,"284,392",2023 Mar 12 08:52:00 PM,2023 Mar 13 01:52:00 AM,"19,435,757",False,True,False,BLACK,2.0,FEMALE,"573,129"
"731,009",1,59.0,3.0,Passenger car,1,"284,404",2023 Mar 13 07:35:00 AM,2023 Mar 13 12:35:00 PM,"19,435,802",False,True,False,BLACK,1.0,MALE,"573,154"
"731,224",1,36.0,1.0,Pedestrian,7,"284,520",2023 Mar 14 12:22:00 AM,2023 Mar 14 05:22:00 AM,"19,438,433",False,True,False,WHITE,1.0,MALE,"573,383"
"731,260",4,63.0,1.0,Pedestrian,7,"284,535",2023 Mar 14 09:15:00 PM,2023 Mar 15 02:15:00 AM,"19,438,467",False,True,False,WHITE,2.0,FEMALE,"573,419"
"731,263",4,21.0,3.0,Motorcycle,3,"284,537",2023 Mar 13 09:35:00 PM,2023 Mar 14 02:35:00 AM,"19,438,514",False,True,False,BLACK,1.0,MALE,"573,422"
"731,409",1,35.0,2.0,Passenger car,1,"284,612",2023 Mar 15 09:43:00 AM,2023 Mar 15 02:43:00 PM,"19,440,558",False,True,False,HISPANIC,2.0,FEMALE,"573,578"
"731,584",1,45.0,2.0,Large passenger vehicle,2,"284,699",2023 Mar 15 10:36:00 PM,2023 Mar 16 03:36:00 AM,"19,442,265",False,True,False,HISPANIC,1.0,MALE,"573,764"
"732,305",4,43.0,1.0,Pedestrian,7,"285,089",2023 Mar 18 09:48:00 PM,2023 Mar 19 02:48:00 AM,"19,450,708",False,True,False,WHITE,1.0,MALE,"574,552"
"732,392",1,34.0,0.0,Passenger car,1,"285,136",2023 Mar 21 11:43:00 AM,2023 Mar 21 04:43:00 PM,"19,450,836",False,True,False,UNKNOWN,1.0,MALE,"574,643"
"732,399",1,14.0,1.0,Pedestrian,7,"285,140",2023 Mar 21 06:19:00 PM,2023 Mar 21 11:19:00 PM,"19,450,840",False,True,False,WHITE,2.0,FEMALE,"574,650"
"732,562",1,18.0,3.0,Passenger car,1,"285,226",2023 Mar 09 02:34:00 AM,2023 Mar 09 08:34:00 AM,"19,453,100",False,True,False,BLACK,2.0,FEMALE,"574,826"
"732,629",4,37.0,0.0,Bicycle,5,"285,262",2023 Feb 28 08:20:00 PM,2023 Mar 01 02:20:00 AM,"19,454,622",False,True,False,UNKNOWN,1.0,MALE,"574,900"
"732,650",1,59.0,1.0,E-scooter,11,"285,273",2023 Mar 21 07:45:00 PM,2023 Mar 22 12:45:00 AM,"19,454,649",False,True,False,WHITE,1.0,MALE,"574,922"
"733,112",1,74.0,1.0,Large passenger vehicle,2,"285,519",2023 Mar 25 11:32:00 AM,2023 Mar 25 04:32:00 PM,"19,459,488",False,True,False,WHITE,1.0,MALE,"575,419"
"733,426",1,33.0,1.0,Pedestrian,7,"285,681",2023 Mar 25 01:12:00 PM,2023 Mar 25 06:12:00 PM,"19,462,934",False,True,False,WHITE,2.0,FEMALE,"575,755"
"733,428",1,55.0,1.0,Motorcycle,3,"285,683",2023 Mar 25 03:06:00 PM,2023 Mar 25 08:06:00 PM,"19,462,936",False,True,False,WHITE,1.0,MALE,"575,757"
"733,456",4,76.0,1.0,Bicycle,5,"285,699",2023 Mar 24 11:43:00 PM,2023 Mar 25 04:43:00 AM,"19,462,997",False,True,False,WHITE,1.0,MALE,"575,791"
"733,473",1,31.0,1.0,Large passenger vehicle,2,"285,706",2023 Mar 25 05:02:00 PM,2023 Mar 25 10:02:00 PM,"19,463,005",False,True,False,WHITE,1.0,MALE,"575,809"
"733,812",1,34.0,1.0,Large passenger vehicle,2,"285,888",2023 Mar 30 06:14:00 AM,2023 Mar 30 11:14:00 AM,"19,465,546",False,True,False,WHITE,1.0,MALE,"576,170"
"734,060",4,57.0,1.0,Large passenger vehicle,2,"286,014",2023 Mar 31 05:14:00 AM,2023 Mar 31 10:14:00 AM,"19,467,433",False,True,False,WHITE,1.0,MALE,"576,432"
"734,063",1,29.0,2.0,Passenger car,1,"286,016",2023 Mar 31 07:39:00 AM,2023 Mar 31 12:39:00 PM,"19,467,439",False,True,False,HISPANIC,1.0,MALE,"576,436"
"734,492",1,50.0,1.0,Passenger car,1,"286,229",2023 Mar 21 01:00:00 PM,2023 Mar 21 06:00:00 PM,"19,478,382",False,True,False,WHITE,1.0,MALE,"576,900"
"734,493",1,23.0,1.0,Passenger car,1,"286,229",2023 Mar 21 01:00:00 PM,2023 Mar 21 06:00:00 PM,"19,478,382",False,True,False,WHITE,1.0,MALE,"576,901"
"734,536",1,61.0,5.0,Passenger car,1,"286,250",2023 Mar 27 07:00:00 PM,2023 Mar 28 12:00:00 AM,"19,478,553",False,True,False,OTHER,1.0,MALE,"576,944"
"734,543",1,27.0,1.0,Passenger car,1,"286,255",2023 Mar 31 11:19:00 AM,2023 Mar 31 04:19:00 PM,"19,478,788",False,True,False,WHITE,2.0,FEMALE,"576,952"
"734,729",1,23.0,3.0,Pedestrian,7,"286,346",2023 Mar 19 05:26:00 AM,2023 Mar 19 10:26:00 AM,"19,497,809",False,True,False,BLACK,2.0,FEMALE,"577,148"
"734,820",1,21.0,2.0,Large passenger vehicle,2,"286,398",2023 Mar 30 04:42:00 PM,2023 Mar 30 09:42:00 PM,"19,532,568",False,True,False,HISPANIC,1.0,MALE,"577,247"
"734,837",4,44.0,3.0,Passenger car,1,"286,406",2023 Mar 21 10:54:00 PM,2023 Mar 22 03:54:00 AM,"19,548,368",False,True,False,BLACK,1.0,MALE,"577,264"
"734,843",1,31.0,3.0,Pedestrian,7,"286,409",2023 Mar 31 06:50:00 PM,2023 Mar 31 11:50:00 PM,"19,552,983",False,True,False,BLACK,1.0,MALE,"577,270"
"734,847",1,0.0,3.0,Pedestrian,7,"286,411",2023 Mar 21 04:11:00 PM,2023 Mar 21 09:11:00 PM,"19,553,692",False,True,False,BLACK,1.0,MALE,"577,274"
"734,902",1,72.0,1.0,Passenger car,1,"286,440",2023 Mar 21 03:31:00 PM,2023 Mar 21 08:31:00 PM,"19,574,434",False,True,False,WHITE,2.0,FEMALE,"577,333"
"734,970",1,53.0,1.0,Motorcycle,3,"286,474",2023 Feb 21 11:47:00 AM,2023 Feb 21 05:47:00 PM,"20,158,936",False,True,False,WHITE,1.0,MALE,"577,407"
"735,034",4,37.0,2.0,Passenger car,1,"278,342",2023 Jan 01 08:55:00 PM,2023 Jan 02 02:55:00 AM,"19,315,211",False,False,False,HISPANIC,1.0,MALE,"560,842"
"735,036",1,25.0,2.0,Passenger car,1,"278,342",2023 Jan 01 08:55:00 PM,2023 Jan 02 02:55:00 AM,"19,315,211",False,False,False,HISPANIC,1.0,MALE,"560,842"
"735,039",1,7.0,2.0,Passenger car,1,"278,342",2023 Jan 01 08:55:00 PM,2023 Jan 02 02:55:00 AM,"19,315,211",False,False,False,HISPANIC,1.0,MALE,"560,843"
"735,053",1,18.0,2.0,Passenger car,1,"278,357",2022 Dec 31 02:22:00 PM,2022 Dec 31 08:22:00 PM,"19,315,276",False,False,False,HISPANIC,2.0,FEMALE,"560,868"
"735,155",1,32.0,1.0,Passenger car,1,"278,502",2023 Jan 04 10:49:00 PM,2023 Jan 05 04:49:00 AM,"19,318,969",False,False,False,WHITE,1.0,MALE,"561,152"
"735,460",1,22.0,2.0,Motorcycle,3,"278,992",2023 Jan 11 10:12:00 AM,2023 Jan 11 04:12:00 PM,"19,329,558",False,False,False,HISPANIC,2.0,FEMALE,"562,145"
"735,531",1,22.0,2.0,Passenger car,1,"279,135",2022 Dec 31 11:42:00 PM,2023 Jan 01 05:42:00 AM,"19,332,785",False,False,False,HISPANIC,2.0,FEMALE,"562,439"
"735,532",1,19.0,2.0,Passenger car,1,"279,135",2022 Dec 31 11:42:00 PM,2023 Jan 01 05:42:00 AM,"19,332,785",False,False,False,HISPANIC,2.0,FEMALE,"562,439"
"735,738",1,25.0,1.0,Passenger car,1,"279,408",2023 Jan 15 02:24:00 AM,2023 Jan 15 08:24:00 AM,"19,340,017",False,False,False,WHITE,2.0,FEMALE,"562,991"
"735,739",1,27.0,2.0,Large passenger vehicle,2,"279,411",2023 Jan 15 05:27:00 AM,2023 Jan 15 11:27:00 AM,"19,340,020",False,False,False,HISPANIC,1.0,MALE,"563,000"
"735,745",1,22.0,2.0,Large passenger vehicle,2,"279,420",2023 Jan 16 11:26:00 AM,2023 Jan 16 05:26:00 PM,"19,340,078",False,False,False,HISPANIC,1.0,MALE,"563,018"
"735,808",1,10.0,3.0,Passenger car,1,"279,511",2023 Jan 15 04:52:00 PM,2023 Jan 15 10:52:00 PM,"19,340,380",False,False,False,BLACK,2.0,FEMALE,"563,212"
"736,262",1,30.0,3.0,Motor vehicle – other,4,"280,101",2023 Jan 22 02:44:00 AM,2023 Jan 22 08:44:00 AM,"19,352,256",False,False,False,BLACK,1.0,MALE,"564,406"
"736,552",1,63.0,3.0,Passenger car,1,"280,577",2023 Jan 27 10:46:00 PM,2023 Jan 28 04:46:00 AM,"19,360,909",False,False,False,BLACK,1.0,MALE,"565,394"
"736,565",4,65.0,2.0,Large passenger vehicle,2,"280,598",2023 Jan 28 10:53:00 AM,2023 Jan 28 04:53:00 PM,"19,360,930",False,False,False,HISPANIC,2.0,FEMALE,"565,426"
"736,946",1,20.0,2.0,Passenger car,1,"281,209",2023 Feb 04 01:38:00 AM,2023 Feb 04 07:38:00 AM,"19,375,233",False,False,False,HISPANIC,1.0,MALE,"566,629"
"737,225",1,27.0,2.0,Motorcycle,3,"281,789",2023 Feb 11 10:04:00 PM,2023 Feb 12 04:04:00 AM,"19,385,430",False,False,False,HISPANIC,1.0,MALE,"567,810"
"737,326",4,,2.0,Large passenger vehicle,2,"281,973",2023 Feb 11 01:00:00 AM,2023 Feb 11 07:00:00 AM,"19,389,646",False,False,False,HISPANIC,2.0,FEMALE,"568,170"
"737,465",1,,3.0,Passenger car,1,"282,272",2023 Feb 17 11:12:00 AM,2023 Feb 17 05:12:00 PM,"19,394,545",False,False,False,BLACK,2.0,FEMALE,"568,784"
"737,645",4,25.0,2.0,Large passenger vehicle,2,"282,512",2023 Feb 18 11:22:00 PM,2023 Feb 19 05:22:00 AM,"19,400,997",False,False,False,HISPANIC,1.0,MALE,"569,289"
"737,706",1,30.0,1.0,Motorcycle,3,"282,605",2023 Feb 12 01:41:00 AM,2023 Feb 12 07:41:00 AM,"19,401,844",False,False,False,WHITE,1.0,MALE,"569,482"
"737,716",4,40.0,2.0,Passenger car,1,"282,628",2023 Feb 21 07:39:00 AM,2023 Feb 21 01:39:00 PM,"19,401,867",False,False,False,HISPANIC,1.0,MALE,"569,527"
"737,717",1,46.0,2.0,Passenger car,1,"282,628",2023 Feb 21 07:39:00 AM,2023 Feb 21 01:39:00 PM,"19,401,867",False,False,False,HISPANIC,1.0,MALE,"569,527"
"737,723",1,,2.0,Passenger car,1,"282,645",2023 Feb 22 08:59:00 AM,2023 Feb 22 02:59:00 PM,"19,401,923",False,False,False,HISPANIC,2.0,FEMALE,"569,570"
"737,976",1,37.0,1.0,Large passenger vehicle,2,"283,013",2023 Feb 24 06:47:00 PM,2023 Feb 25 12:47:00 AM,"19,410,265",False,False,False,WHITE,2.0,FEMALE,"570,321"
"738,142",1,77.0,2.0,Passenger car,1,"283,291",2023 Mar 01 11:09:00 AM,2023 Mar 01 05:09:00 PM,"19,414,682",False,False,False,HISPANIC,2.0,FEMALE,"570,886"
"738,535",1,22.0,1.0,Passenger car,1,"283,878",2023 Mar 03 01:25:00 AM,2023 Mar 03 07:25:00 AM,"19,426,740",False,False,False,WHITE,1.0,MALE,"572,071"
"738,825",1,29.0,2.0,Large passenger vehicle,2,"284,321",2023 Mar 10 04:30:00 PM,2023 Mar 10 10:30:00 PM,"19,435,605",False,False,False,HISPANIC,1.0,MALE,"572,986"
"738,903",1,56.0,3.0,Passenger car,1,"284,404",2023 Mar 13 07:35:00 AM,2023 Mar 13 12:35:00 PM,"19,435,802",False,False,False,BLACK,2.0,FEMALE,"573,154"
"739,057",1,18.0,2.0,Motor vehicle – other,4,"284,612",2023 Mar 15 09:43:00 AM,2023 Mar 15 02:43:00 PM,"19,440,558",False,False,False,HISPANIC,2.0,FEMALE,"573,579"
"739,058",1,,2.0,Motor vehicle – other,4,"284,612",2023 Mar 15 09:43:00 AM,2023 Mar 15 02:43:00 PM,"19,440,558",False,False,False,HISPANIC,2.0,FEMALE,"573,579"
"739,501",1,1.0,3.0,Passenger car,1,"285,226",2023 Mar 09 02:34:00 AM,2023 Mar 09 08:34:00 AM,"19,453,100",False,False,False,BLACK,1.0,MALE,"574,826"
"739,502",1,3.0,3.0,Passenger car,1,"285,226",2023 Mar 09 02:34:00 AM,2023 Mar 09 08:34:00 AM,"19,453,100",False,False,False,BLACK,2.0,FEMALE,"574,826"
"739,542",1,37.0,1.0,Passenger car,1,"285,287",2023 Mar 22 03:13:00 PM,2023 Mar 22 08:13:00 PM,"19,454,706",False,False,False,WHITE,2.0,FEMALE,"574,951"
"739,797",1,,3.0,Passenger car,1,"285,694",2023 Mar 24 08:25:00 AM,2023 Mar 24 01:25:00 PM,"19,462,992",False,False,False,BLACK,1.0,MALE,"575,777"
"740,689",1,25.0,1.0,Motorcycle,3,"286,662",2023 Apr 01 05:31:00 PM,2023 Apr 01 10:31:00 PM,"19,478,430",False,True,False,WHITE,1.0,MALE,"577,767"
"740,701",4,28.0,1.0,Bicycle,5,"286,668",2023 Apr 02 01:04:00 AM,2023 Apr 02 06:04:00 AM,"19,478,437",False,True,False,WHITE,1.0,MALE,"577,779"
"740,712",1,21.0,2.0,Passenger car,1,"286,675",2023 Apr 01 01:41:00 PM,2023 Apr 01 06:41:00 PM,"19,478,445",False,True,False,HISPANIC,1.0,MALE,"577,791"
"740,777",1,65.0,1.0,Bicycle,5,"286,711",2023 Apr 03 12:30:00 PM,2023 Apr 03 05:30:00 PM,"19,478,533",False,True,False,WHITE,1.0,MALE,"577,861"
"740,788",1,28.0,3.0,Motorcycle,3,"286,717",2023 Apr 01 07:11:00 PM,2023 Apr 02 12:11:00 AM,"19,478,539",False,True,False,BLACK,1.0,MALE,"577,873"
"740,825",1,33.0,1.0,Motorcycle,3,"286,739",2023 Apr 04 06:24:00 PM,2023 Apr 04 11:24:00 PM,"19,478,596",False,True,False,WHITE,1.0,MALE,"577,915"
"740,870",1,56.0,2.0,Large passenger vehicle,2,"286,761",2023 Apr 05 05:51:00 PM,2023 Apr 05 10:51:00 PM,"19,478,689",False,True,False,HISPANIC,1.0,MALE,"577,961"
"741,953",1,24.0,2.0,Passenger car,1,"287,332",2023 Apr 09 09:00:00 AM,2023 Apr 09 02:00:00 PM,"19,493,420",False,True,False,HISPANIC,1.0,MALE,"579,108"
"741,964",1,65.0,1.0,Bicycle,5,"287,338",2023 Apr 09 11:59:00 AM,2023 Apr 09 04:59:00 PM,"19,493,426",False,True,False,WHITE,1.0,MALE,"579,119"
"742,069",1,40.0,1.0,Motorcycle,3,"287,394",2023 Apr 11 08:40:00 PM,2023 Apr 12 01:40:00 AM,"19,493,594",False,True,False,WHITE,1.0,MALE,"579,231"
"742,185",1,20.0,1.0,Motorcycle,3,"287,452",2023 Apr 13 04:43:00 PM,2023 Apr 13 09:43:00 PM,"19,493,844",False,True,False,WHITE,1.0,MALE,"579,351"
"742,206",1,67.0,1.0,Bicycle,5,"287,461",2023 Apr 13 09:14:00 PM,2023 Apr 14 02:14:00 AM,"19,493,853",False,True,False,WHITE,1.0,MALE,"579,374"
"742,244",1,29.0,1.0,Pedestrian,7,"287,481",2023 Apr 14 10:57:00 PM,2023 Apr 15 03:57:00 AM,"19,493,930",False,True,False,WHITE,1.0,MALE,"579,413"
"742,267",1,19.0,2.0,Passenger car,1,"287,493",2023 Apr 15 04:11:00 PM,2023 Apr 15 09:11:00 PM,"19,493,942",False,True,False,HISPANIC,1.0,MALE,"579,440"
"742,293",1,28.0,2.0,Motorcycle,3,"287,507",2023 Apr 15 09:21:00 PM,2023 Apr 16 02:21:00 AM,"19,493,999",False,True,False,HISPANIC,1.0,MALE,"579,471"
"742,581",1,38.0,1.0,Bicycle,5,"287,662",2023 Apr 10 03:19:00 PM,2023 Apr 10 08:19:00 PM,"19,497,864",False,True,False,WHITE,1.0,MALE,"579,779"
"742,617",4,62.0,2.0,Bicycle,5,"287,681",2023 Apr 12 07:22:00 PM,2023 Apr 13 12:22:00 AM,"19,497,910",False,True,False,HISPANIC,1.0,MALE,"579,820"
"742,733",1,27.0,1.0,Passenger car,1,"287,742",2023 Apr 18 05:21:00 PM,2023 Apr 18 10:21:00 PM,"19,499,968",False,True,False,WHITE,2.0,FEMALE,"579,946"
"742,735",1,44.0,1.0,Passenger car,1,"287,743",2023 Apr 19 09:53:00 AM,2023 Apr 19 02:53:00 PM,"19,499,969",False,True,False,WHITE,1.0,MALE,"579,948"
"742,915",1,30.0,1.0,Large passenger vehicle,2,"287,843",2023 Apr 16 10:00:00 AM,2023 Apr 16 03:00:00 PM,"19,501,854",False,True,False,WHITE,2.0,FEMALE,"580,145"
"742,953",4,56.0,1.0,Bicycle,5,"287,864",2023 Apr 18 08:17:00 AM,2023 Apr 18 01:17:00 PM,"19,501,906",False,True,False,WHITE,1.0,MALE,"580,188"
"743,356",1,32.0,1.0,Bicycle,5,"288,079",2023 Apr 19 11:56:00 AM,2023 Apr 19 04:56:00 PM,"19,508,725",False,True,False,WHITE,2.0,FEMALE,"580,617"
"743,389",4,21.0,2.0,Pedestrian,7,"288,098",2023 Apr 09 02:17:00 AM,2023 Apr 09 07:17:00 AM,"19,508,794",False,True,False,HISPANIC,1.0,MALE,"580,651"
"743,399",1,26.0,3.0,Passenger car,1,"288,103",2023 Apr 21 09:42:00 AM,2023 Apr 21 02:42:00 PM,"19,508,800",False,True,False,BLACK,2.0,FEMALE,"580,663"
"743,504",1,24.0,2.0,Passenger car,1,"288,150",2023 Apr 22 02:50:00 AM,2023 Apr 22 07:50:00 AM,"19,508,942",False,True,False,HISPANIC,2.0,FEMALE,"580,776"
"743,774",4,36.0,2.0,Large passenger vehicle,2,"288,297",2023 Apr 03 10:07:00 AM,2023 Apr 03 03:07:00 PM,"19,512,768",False,True,False,HISPANIC,1.0,MALE,"581,066"
"743,904",1,36.0,2.0,Pedestrian,7,"288,365",2023 Apr 26 11:16:00 PM,2023 Apr 27 04:16:00 AM,"19,512,913",False,True,False,HISPANIC,1.0,MALE,"581,204"
"744,113",1,28.0,0.0,Passenger car,1,"288,473",2023 Apr 28 12:53:00 AM,2023 Apr 28 05:53:00 AM,"19,515,041",False,True,False,UNKNOWN,1.0,MALE,"581,434"
"744,372",1,38.0,1.0,Passenger car,1,"288,608",2023 Apr 16 09:46:00 AM,2023 Apr 16 02:46:00 PM,"19,518,189",False,True,False,WHITE,2.0,FEMALE,"581,716"
"744,383",1,38.0,1.0,Pedestrian,7,"288,614",2023 Apr 25 08:36:00 PM,2023 Apr 26 01:36:00 AM,"19,518,200",False,True,False,WHITE,1.0,MALE,"581,727"
"744,480",1,26.0,2.0,Large passenger vehicle,2,"288,661",2023 Apr 30 12:29:00 AM,2023 Apr 30 05:29:00 AM,"19,518,325",False,True,False,HISPANIC,1.0,MALE,"581,828"
"744,507",1,44.0,2.0,Passenger car,1,"288,675",2023 Apr 30 11:43:00 AM,2023 Apr 30 04:43:00 PM,"19,518,348",False,True,False,HISPANIC,2.0,FEMALE,"581,855"
"744,560",1,22.0,2.0,Motorcycle,3,"288,705",2023 Apr 30 10:41:00 PM,2023 May 01 03:41:00 AM,"19,518,456",False,True,False,HISPANIC,1.0,MALE,"581,916"
"744,802",1,33.0,1.0,Passenger car,1,"288,830",2023 Apr 03 10:57:00 PM,2023 Apr 04 03:57:00 AM,"19,523,113",False,True,False,WHITE,2.0,FEMALE,"582,176"
"744,843",1,20.0,1.0,Motorcycle,3,"288,848",2023 May 01 07:37:00 AM,2023 May 01 12:37:00 PM,"19,523,147",False,True,False,WHITE,1.0,MALE,"582,220"
"744,984",1,34.0,2.0,Passenger car,1,"288,921",2023 Apr 17 04:26:00 PM,2023 Apr 17 09:26:00 PM,"19,524,038",False,True,False,HISPANIC,1.0,MALE,"582,372"
"745,113",1,50.0,1.0,Motorcycle,3,"288,985",2023 May 03 05:58:00 PM,2023 May 03 10:58:00 PM,"19,525,308",False,True,False,WHITE,1.0,MALE,"582,507"
"745,322",1,36.0,3.0,Passenger car,1,"289,091",2023 May 04 10:18:00 PM,2023 May 05 03:18:00 AM,"19,526,916",False,True,False,BLACK,1.0,MALE,"582,732"
"745,677",1,24.0,3.0,Passenger car,1,"289,283",2023 May 05 11:48:00 PM,2023 May 06 04:48:00 AM,"19,532,577",False,True,False,BLACK,1.0,MALE,"583,113"
"745,699",1,25.0,1.0,Passenger car,1,"289,295",2023 May 06 03:53:00 AM,2023 May 06 08:53:00 AM,"19,532,589",False,True,False,WHITE,1.0,MALE,"583,138"
"745,733",1,30.0,1.0,Passenger car,1,"289,315",2023 May 07 03:53:00 AM,2023 May 07 08:53:00 AM,"19,532,684",False,True,False,WHITE,2.0,FEMALE,"583,176"
"745,734",1,26.0,3.0,Passenger car,1,"289,315",2023 May 07 03:53:00 AM,2023 May 07 08:53:00 AM,"19,532,684",False,True,False,BLACK,1.0,MALE,"583,177"
"745,761",4,39.0,2.0,Motorcycle,3,"289,328",2023 May 07 07:11:00 PM,2023 May 08 12:11:00 AM,"19,532,745",False,True,False,HISPANIC,1.0,MALE,"583,206"
"746,076",1,,1.0,Pedestrian,7,"289,498",2023 May 09 09:25:00 PM,2023 May 10 02:25:00 AM,"19,535,910",False,True,False,WHITE,1.0,MALE,"583,548"
"746,218",1,19.0,2.0,Bicycle,5,"289,568",2023 May 10 08:40:00 PM,2023 May 11 01:40:00 AM,"19,537,100",False,True,False,HISPANIC,2.0,FEMALE,"583,697"
"746,877",1,48.0,2.0,Large passenger vehicle,2,"289,907",2023 May 12 11:50:00 AM,2023 May 12 04:50:00 PM,"19,545,875",False,True,False,HISPANIC,1.0,MALE,"584,418"
"747,007",1,53.0,3.0,Pedestrian,7,"289,981",2023 May 09 12:43:00 PM,2023 May 09 05:43:00 PM,"19,546,529",False,True,False,BLACK,2.0,FEMALE,"584,558"
"747,102",1,43.0,2.0,Pedestrian,7,"290,038",2023 May 15 12:09:00 AM,2023 May 15 05:09:00 AM,"19,546,659",False,True,False,HISPANIC,2.0,FEMALE,"584,664"
"747,137",1,31.0,2.0,Large passenger vehicle,2,"290,059",2023 Apr 26 09:10:00 PM,2023 Apr 27 02:10:00 AM,"19,546,775",False,True,False,HISPANIC,1.0,MALE,"584,701"
"747,138",1,47.0,2.0,Large passenger vehicle,2,"290,059",2023 Apr 26 09:10:00 PM,2023 Apr 27 02:10:00 AM,"19,546,775",False,True,False,HISPANIC,1.0,MALE,"584,702"
"747,155",1,61.0,1.0,Passenger car,1,"290,068",2023 May 15 01:44:00 PM,2023 May 15 06:44:00 PM,"19,547,249",False,True,False,WHITE,1.0,MALE,"584,720"
"747,239",1,37.0,0.0,Large passenger vehicle,2,"290,114",2023 May 16 01:39:00 AM,2023 May 16 06:39:00 AM,"19,548,142",False,True,False,UNKNOWN,1.0,MALE,"584,814"
"747,255",4,43.0,2.0,Pedestrian,7,"290,123",2023 Apr 25 05:17:00 AM,2023 Apr 25 10:17:00 AM,"19,548,265",False,True,False,HISPANIC,1.0,MALE,"584,834"
"747,397",1,40.0,1.0,Motorcycle,3,"290,190",2023 May 17 10:57:00 PM,2023 May 18 03:57:00 AM,"19,550,506",False,True,False,WHITE,1.0,MALE,"584,982"
"747,576",1,62.0,2.0,Passenger car,1,"290,281",2023 May 18 10:44:00 AM,2023 May 18 03:44:00 PM,"19,553,013",False,True,False,HISPANIC,2.0,FEMALE,"585,170"
"747,599",1,21.0,2.0,Motorcycle,3,"290,293",2023 May 18 07:44:00 PM,2023 May 19 12:44:00 AM,"19,553,097",False,True,False,HISPANIC,1.0,MALE,"585,194"
"747,603",1,58.0,3.0,Bicycle,5,"290,295",2023 May 18 06:50:00 PM,2023 May 18 11:50:00 PM,"19,553,105",False,True,False,BLACK,1.0,MALE,"585,198"
"747,832",1,35.0,2.0,Passenger car,1,"290,409",2023 May 20 12:36:00 PM,2023 May 20 05:36:00 PM,"19,555,228",False,True,False,HISPANIC,2.0,FEMALE,"585,444"
"748,163",4,41.0,1.0,Large passenger vehicle,2,"290,585",2023 May 06 06:56:00 PM,2023 May 06 11:56:00 PM,"19,559,812",False,True,False,WHITE,1.0,MALE,"585,791"
"748,192",1,45.0,2.0,Passenger car,1,"290,601",2023 May 21 01:10:00 PM,2023 May 21 06:10:00 PM,"19,559,883",False,True,False,HISPANIC,1.0,MALE,"585,825"
"748,233",1,12.0,3.0,Pedestrian,7,"290,620",2023 May 21 10:10:00 PM,2023 May 22 03:10:00 AM,"19,559,947",False,True,False,BLACK,2.0,FEMALE,"585,869"
"748,260",1,69.0,1.0,Motorcycle,3,"290,634",2023 May 22 11:39:00 AM,2023 May 22 04:39:00 PM,"19,559,962",False,True,False,WHITE,1.0,MALE,"585,899"
"748,638",1,64.0,1.0,Passenger car,1,"290,828",2023 May 23 04:20:00 PM,2023 May 23 09:20:00 PM,"19,564,777",False,True,False,WHITE,1.0,MALE,"586,302"
"749,400",4,33.0,1.0,Motorcycle,3,"291,224",2023 May 25 02:42:00 PM,2023 May 25 07:42:00 PM,"19,574,497",False,True,False,WHITE,1.0,MALE,"587,103"
"749,443",4,18.0,2.0,Pedestrian,7,"291,245",2023 May 20 03:34:00 AM,2023 May 20 08:34:00 AM,"19,574,555",False,True,False,HISPANIC,1.0,MALE,"587,148"
"749,461",4,34.0,1.0,Motorcycle,3,"291,254",2023 May 26 03:16:00 AM,2023 May 26 08:16:00 AM,"19,574,567",False,True,False,WHITE,1.0,MALE,"587,166"
"749,490",4,26.0,2.0,Pedestrian,7,"291,267",2023 May 26 12:56:00 AM,2023 May 26 05:56:00 AM,"19,574,625",False,True,False,HISPANIC,1.0,MALE,"587,199"
"749,517",1,50.0,1.0,Large passenger vehicle,2,"291,284",2023 May 27 07:01:00 AM,2023 May 27 12:01:00 PM,"19,574,706",False,True,False,WHITE,1.0,MALE,"587,230"
"749,577",1,42.0,1.0,Large passenger vehicle,2,"291,314",2023 May 28 09:26:00 AM,2023 May 28 02:26:00 PM,"19,574,779",False,True,False,WHITE,2.0,FEMALE,"587,292"
"749,578",1,28.0,2.0,Motorcycle,3,"291,315",2023 May 28 10:35:00 AM,2023 May 28 03:35:00 PM,"19,574,780",False,True,False,HISPANIC,1.0,MALE,"587,293"
"749,635",4,43.0,3.0,Pedestrian,7,"291,345",2023 May 29 06:13:00 AM,2023 May 29 11:13:00 AM,"19,574,861",False,True,False,BLACK,1.0,MALE,"587,356"
"749,637",1,20.0,2.0,Passenger car,1,"291,346",2023 May 29 07:34:00 AM,2023 May 29 12:34:00 PM,"19,574,862",False,True,False,HISPANIC,1.0,MALE,"587,359"
"749,660",1,27.0,1.0,Motorcycle,3,"291,359",2023 May 29 09:20:00 PM,2023 May 30 02:20:00 AM,"19,574,913",False,True,False,WHITE,1.0,MALE,"587,389"
"749,675",1,29.0,1.0,Motorcycle,3,"291,367",2023 May 30 08:05:00 AM,2023 May 30 01:05:00 PM,"19,574,921",False,True,False,WHITE,2.0,FEMALE,"587,405"
"749,720",1,33.0,2.0,Motorcycle,3,"291,388",2023 May 30 09:56:00 PM,2023 May 31 02:56:00 AM,"19,574,976",False,True,False,HISPANIC,1.0,MALE,"587,453"
"749,864",4,36.0,3.0,Passenger car,1,"291,460",2023 May 26 11:12:00 PM,2023 May 27 04:12:00 AM,"19,577,050",False,True,False,BLACK,1.0,MALE,"587,613"
"749,905",1,51.0,1.0,Motor vehicle – other,4,"291,483",2023 May 31 09:18:00 PM,2023 Jun 01 02:18:00 AM,"19,577,102",False,True,False,WHITE,1.0,MALE,"587,659"
"749,916",1,23.0,1.0,Motorcycle,3,"291,489",2023 May 31 12:00:00 PM,2023 May 31 05:00:00 PM,"19,577,117",False,True,False,WHITE,1.0,MALE,"587,672"
"750,289",1,26.0,2.0,Passenger car,1,"291,691",2023 Jun 01 12:53:00 PM,2023 Jun 01 05:53:00 PM,"19,583,522",False,True,False,HISPANIC,2.0,FEMALE,"588,074"
"750,376",4,28.0,2.0,Passenger car,1,"291,737",2023 Jun 03 02:20:00 AM,2023 Jun 03 07:20:00 AM,"19,583,614",False,True,False,HISPANIC,2.0,FEMALE,"588,171"
"750,881",1,28.0,3.0,Motorcycle,3,"291,996",2023 Jun 06 08:19:00 AM,2023 Jun 06 01:19:00 PM,"19,589,471",False,True,False,BLACK,1.0,MALE,"588,737"
"750,887",1,75.0,1.0,Passenger car,1,"291,999",2023 Jun 06 10:28:00 AM,2023 Jun 06 03:28:00 PM,"19,589,476",False,True,False,WHITE,2.0,FEMALE,"588,743"
"750,904",1,63.0,1.0,Motorcycle,3,"292,007",2023 Jun 06 06:44:00 PM,2023 Jun 06 11:44:00 PM,"19,589,492",False,True,False,WHITE,1.0,MALE,"588,760"
"750,973",1,61.0,1.0,Bicycle,5,"292,042",2023 Jun 08 09:03:00 AM,2023 Jun 08 02:03:00 PM,"19,589,570",False,True,False,WHITE,1.0,MALE,"588,835"
"751,148",1,42.0,2.0,Large passenger vehicle,2,"292,135",2023 Jun 03 09:45:00 PM,2023 Jun 04 02:45:00 AM,"19,591,744",False,True,False,HISPANIC,1.0,MALE,"589,026"
"751,174",1,23.0,1.0,Motorcycle,3,"292,151",2023 Jun 08 08:18:00 PM,2023 Jun 09 01:18:00 AM,"19,591,792",False,True,False,WHITE,1.0,MALE,"589,057"
"751,185",1,47.0,2.0,Passenger car,1,"292,158",2023 Jun 08 12:37:00 PM,2023 Jun 08 05:37:00 PM,"19,591,799",False,True,False,HISPANIC,1.0,MALE,"589,068"
"751,465",1,50.0,4.0,Large passenger vehicle,2,"292,301",2023 Jun 09 04:30:00 PM,2023 Jun 09 09:30:00 PM,"19,595,396",False,True,False,ASIAN,1.0,MALE,"589,369"
"751,475",1,97.0,3.0,Passenger car,1,"292,307",2023 Jun 09 05:01:00 PM,2023 Jun 09 10:01:00 PM,"19,595,402",False,True,False,BLACK,1.0,MALE,"589,381"
"751,516",1,23.0,2.0,Passenger car,1,"292,327",2023 Jun 10 08:31:00 PM,2023 Jun 11 01:31:00 AM,"19,595,456",False,True,False,HISPANIC,1.0,MALE,"589,423"
"751,517",1,29.0,3.0,Passenger car,1,"292,327",2023 Jun 10 08:31:00 PM,2023 Jun 11 01:31:00 AM,"19,595,456",False,True,False,BLACK,2.0,FEMALE,"589,424"
"751,675",1,30.0,2.0,Passenger car,1,"292,412",2023 Jun 04 04:35:00 PM,2023 Jun 04 09:35:00 PM,"19,598,306",False,True,False,HISPANIC,1.0,MALE,"589,596"
"751,798",1,31.0,3.0,Motorcycle,3,"292,476",2023 Jun 12 10:34:00 PM,2023 Jun 13 03:34:00 AM,"19,599,648",False,True,False,BLACK,1.0,MALE,"589,725"
"751,838",4,27.0,2.0,Motorcycle,3,"292,491",2023 Jun 14 06:45:00 AM,2023 Jun 14 11:45:00 AM,"19,599,686",False,True,False,HISPANIC,1.0,MALE,"589,771"
"752,010",1,57.0,3.0,Pedestrian,7,"292,581",2023 Jun 14 11:14:00 PM,2023 Jun 15 04:14:00 AM,"19,601,533",False,True,False,BLACK,1.0,MALE,"589,954"
"752,297",1,18.0,2.0,Large passenger vehicle,2,"292,738",2023 Jun 17 03:16:00 AM,2023 Jun 17 08:16:00 AM,"19,606,353",False,True,False,HISPANIC,1.0,MALE,"590,262"
"752,507",1,23.0,1.0,Motorcycle,3,"292,843",2023 Jun 16 09:30:00 PM,2023 Jun 17 02:30:00 AM,"19,609,575",False,True,False,WHITE,1.0,MALE,"590,478"
"752,606",1,28.0,1.0,Pedestrian,7,"292,883",2023 Jun 16 01:26:00 PM,2023 Jun 16 06:26:00 PM,"19,609,691",False,True,False,WHITE,1.0,MALE,"590,580"
"752,634",4,51.0,2.0,Pedestrian,7,"292,899",2023 Jun 17 12:26:00 AM,2023 Jun 17 05:26:00 AM,"19,609,765",False,True,False,HISPANIC,1.0,MALE,"590,611"
"752,685",4,18.0,1.0,Pedestrian,7,"292,928",2023 Jun 18 04:51:00 AM,2023 Jun 18 09:51:00 AM,"19,609,839",False,True,False,WHITE,1.0,MALE,"590,668"
"752,700",1,20.0,2.0,Passenger car,1,"292,937",2023 Jun 18 12:17:00 AM,2023 Jun 18 05:17:00 AM,"19,609,849",False,True,False,HISPANIC,1.0,MALE,"590,684"
"753,031",1,21.0,1.0,Pedestrian,7,"293,114",2023 Jun 20 01:21:00 PM,2023 Jun 20 06:21:00 PM,"19,613,768",False,True,False,WHITE,1.0,MALE,"591,047"
"753,636",1,,1.0,Motorcycle,3,"293,427",2023 Jun 22 08:59:00 PM,2023 Jun 23 01:59:00 AM,"19,619,464",False,True,False,WHITE,1.0,MALE,"591,703"
"753,650",4,65.0,1.0,Pedestrian,7,"293,435",2023 Jun 01 09:21:00 PM,2023 Jun 02 02:21:00 AM,"19,619,523",False,True,False,WHITE,1.0,MALE,"591,719"
"753,658",1,28.0,1.0,Motorcycle,3,"293,440",2023 Jun 24 09:36:00 AM,2023 Jun 24 02:36:00 PM,"19,619,528",False,True,False,WHITE,1.0,MALE,"591,729"
"753,724",4,69.0,1.0,Pedestrian,7,"293,471",2023 Jun 24 10:26:00 PM,2023 Jun 25 03:26:00 AM,"19,619,595",False,True,False,WHITE,2.0,FEMALE,"591,798"
"754,090",1,21.0,2.0,Motorcycle,3,"293,662",2023 Jun 11 10:02:00 PM,2023 Jun 12 03:02:00 AM,"19,627,312",False,True,False,HISPANIC,1.0,MALE,"592,192"
"754,136",4,62.0,3.0,Pedestrian,7,"293,681",2023 Jun 26 01:23:00 PM,2023 Jun 26 06:23:00 PM,"19,627,363",False,True,False,BLACK,1.0,MALE,"592,243"
"754,197",1,48.0,1.0,Motorcycle,3,"293,711",2023 Jun 28 01:54:00 AM,2023 Jun 28 06:54:00 AM,"19,627,421",False,True,False,WHITE,1.0,MALE,"592,312"
"754,200",1,23.0,2.0,Large passenger vehicle,2,"293,713",2023 Jun 28 06:33:00 AM,2023 Jun 28 11:33:00 AM,"19,627,424",False,True,False,HISPANIC,1.0,MALE,"592,315"
"754,277",1,21.0,1.0,Passenger car,1,"293,754",2023 Jun 29 10:51:00 AM,2023 Jun 29 03:51:00 PM,"19,627,509",False,True,False,WHITE,2.0,FEMALE,"592,399"
"754,324",1,60.0,1.0,Passenger car,1,"293,777",2023 Jun 30 09:59:00 AM,2023 Jun 30 02:59:00 PM,"19,627,573",False,True,False,WHITE,1.0,MALE,"592,448"
"754,342",1,17.0,2.0,Passenger car,1,"293,785",2023 Jun 30 11:26:00 AM,2023 Jun 30 04:26:00 PM,"19,627,604",False,True,False,HISPANIC,2.0,FEMALE,"592,467"
"754,766",4,31.0,3.0,Motorcycle,3,"294,009",2023 Jun 17 11:56:00 AM,2023 Jun 17 04:56:00 PM,"19,633,848",False,True,False,BLACK,1.0,MALE,"592,926"
"754,820",1,0.0,1.0,Pedestrian,7,"294,036",2023 Jun 29 10:30:00 PM,2023 Jun 30 03:30:00 AM,"19,633,956",False,True,False,WHITE,1.0,MALE,"592,982"
"755,037",1,44.0,1.0,Motorcycle,3,"294,154",2023 Jul 03 06:40:00 PM,2023 Jul 03 11:40:00 PM,"19,636,500",False,True,False,WHITE,1.0,MALE,"593,219"
"755,046",1,27.0,1.0,Large passenger vehicle,2,"294,159",2023 Jul 05 11:25:00 AM,2023 Jul 05 04:25:00 PM,"19,636,510",False,True,False,WHITE,2.0,FEMALE,"593,228"
"755,216",1,39.0,1.0,Large passenger vehicle,2,"294,244",2023 Jul 06 11:33:00 AM,2023 Jul 06 04:33:00 PM,"19,638,119",False,True,False,WHITE,2.0,FEMALE,"593,407"
"755,336",4,43.0,2.0,Motor vehicle – other,4,"294,305",2023 Jun 30 05:03:00 PM,2023 Jun 30 10:03:00 PM,"19,638,935",False,True,False,HISPANIC,2.0,FEMALE,"593,538"
"755,374",1,24.0,1.0,Passenger car,1,"294,324",2023 Jul 07 04:03:00 PM,2023 Jul 07 09:03:00 PM,"19,639,412",False,True,False,WHITE,2.0,FEMALE,"593,580"
"755,971",1,29.0,1.0,Motorcycle,3,"294,643",2023 Jul 10 03:44:00 PM,2023 Jul 10 08:44:00 PM,"19,646,044",False,True,False,WHITE,1.0,MALE,"594,225"
"756,001",1,20.0,1.0,Motorcycle,3,"294,660",2023 Jul 11 06:13:00 AM,2023 Jul 11 11:13:00 AM,"19,646,095",False,True,False,WHITE,1.0,MALE,"594,260"
"756,098",1,26.0,1.0,Passenger car,1,"294,706",2023 Jul 11 09:23:00 AM,2023 Jul 11 02:23:00 PM,"19,646,408",False,True,False,WHITE,2.0,FEMALE,"594,360"
"756,555",4,38.0,1.0,Pedestrian,7,"294,956",2023 Jun 30 02:53:00 AM,2023 Jun 30 07:53:00 AM,"19,653,622",False,True,False,WHITE,1.0,MALE,"594,849"
"756,609",1,47.0,2.0,Passenger car,1,"294,987",2023 Jun 18 06:17:00 AM,2023 Jun 18 11:17:00 AM,"19,653,744",False,True,False,HISPANIC,2.0,FEMALE,"594,913"
"756,758",4,65.0,1.0,Motorcycle,3,"295,056",2023 Jul 15 12:14:00 PM,2023 Jul 15 05:14:00 PM,"19,653,973",False,True,False,WHITE,1.0,MALE,"595,070"
"756,791",1,19.0,1.0,Passenger car,1,"295,074",2023 Jul 16 02:48:00 AM,2023 Jul 16 07:48:00 AM,"19,653,992",False,True,False,WHITE,1.0,MALE,"595,105"
"756,817",1,19.0,1.0,Bicycle,5,"295,089",2023 Jul 16 12:02:00 AM,2023 Jul 16 05:02:00 AM,"19,654,044",False,True,False,WHITE,1.0,MALE,"595,132"
"756,842",1,46.0,2.0,Passenger car,1,"295,100",2023 Jul 16 09:31:00 PM,2023 Jul 17 02:31:00 AM,"19,654,055",False,True,False,HISPANIC,1.0,MALE,"595,157"
"756,847",1,49.0,3.0,Passenger car,1,"295,105",2023 Jul 17 12:15:00 AM,2023 Jul 17 05:15:00 AM,"19,654,089",False,True,False,BLACK,1.0,MALE,"595,164"
"756,889",1,45.0,2.0,Passenger car,1,"295,125",2023 Jul 15 02:26:00 PM,2023 Jul 15 07:26:00 PM,"19,654,627",False,True,False,HISPANIC,1.0,MALE,"595,206"
"757,583",1,20.0,2.0,Passenger car,1,"295,488",2023 Jul 16 12:17:00 PM,2023 Jul 16 05:17:00 PM,"19,662,002",False,True,False,HISPANIC,1.0,MALE,"595,966"
"757,625",1,71.0,3.0,Pedestrian,7,"295,508",2023 Jul 20 10:32:00 PM,2023 Jul 21 03:32:00 AM,"19,662,038",False,True,False,BLACK,1.0,MALE,"596,012"
"758,225",1,43.0,1.0,Bicycle,5,"295,830",2023 Jul 23 02:57:00 PM,2023 Jul 23 07:57:00 PM,"19,667,356",False,True,False,WHITE,1.0,MALE,"596,658"
"758,694",1,42.0,1.0,Passenger car,1,"296,066",2023 Jul 27 03:29:00 PM,2023 Jul 27 08:29:00 PM,"19,673,166",False,True,False,WHITE,1.0,MALE,"597,160"
"759,051",1,65.0,2.0,Passenger car,1,"296,263",2023 Jul 28 03:12:00 AM,2023 Jul 28 08:12:00 AM,"19,677,572",False,True,False,HISPANIC,1.0,MALE,"597,555"
"759,131",1,42.0,2.0,Pedestrian,7,"296,305",2023 Jul 28 10:28:00 PM,2023 Jul 29 03:28:00 AM,"19,677,639",False,True,False,HISPANIC,1.0,MALE,"597,647"
"759,154",1,39.0,2.0,Passenger car,1,"296,318",2023 Jul 28 09:25:00 PM,2023 Jul 29 02:25:00 AM,"19,677,708",False,True,False,HISPANIC,1.0,MALE,"597,671"
"759,242",4,39.0,3.0,Motorcycle,3,"296,363",2023 Jul 30 01:17:00 PM,2023 Jul 30 06:17:00 PM,"19,677,784",False,True,False,BLACK,1.0,MALE,"597,763"
"759,264",1,41.0,2.0,Passenger car,1,"296,375",2023 Jul 31 10:30:00 AM,2023 Jul 31 03:30:00 PM,"19,677,832",False,True,False,HISPANIC,1.0,MALE,"597,787"
"759,623",4,77.0,1.0,Large passenger vehicle,2,"296,562",2023 Aug 02 09:47:00 AM,2023 Aug 02 02:47:00 PM,"19,681,868",False,True,False,WHITE,1.0,MALE,"598,165"
"759,794",1,64.0,4.0,Passenger car,1,"296,650",2023 Aug 03 10:09:00 AM,2023 Aug 03 03:09:00 PM,"19,683,734",False,True,False,ASIAN,1.0,MALE,"598,348"
"759,901",1,25.0,3.0,Passenger car,1,"296,707",2023 Aug 03 03:10:00 PM,2023 Aug 03 08:10:00 PM,"19,684,965",False,True,False,BLACK,2.0,FEMALE,"598,468"
"760,296",1,19.0,1.0,Passenger car,1,"296,914",2023 Jul 30 09:40:00 PM,2023 Jul 31 02:40:00 AM,"19,690,290",False,True,False,WHITE,1.0,MALE,"598,902"
"760,297",1,20.0,1.0,Passenger car,1,"296,914",2023 Jul 30 09:40:00 PM,2023 Jul 31 02:40:00 AM,"19,690,290",False,True,False,WHITE,2.0,FEMALE,"598,903"
"760,377",4,30.0,3.0,Pedestrian,7,"296,958",2023 Jul 08 11:20:00 PM,2023 Jul 09 04:20:00 AM,"19,691,631",False,True,False,BLACK,2.0,FEMALE,"598,991"
"760,398",1,22.0,1.0,Passenger car,1,"296,968",2023 Jul 29 02:43:00 AM,2023 Jul 29 07:43:00 AM,"19,691,641",False,True,False,WHITE,2.0,FEMALE,"599,015"
"760,420",1,34.0,1.0,Motorcycle,3,"296,980",2023 Aug 04 09:12:00 AM,2023 Aug 04 02:12:00 PM,"19,691,688",False,True,False,WHITE,2.0,FEMALE,"599,038"
"760,495",1,24.0,1.0,Motorcycle,3,"297,014",2023 Aug 04 07:07:00 PM,2023 Aug 05 12:07:00 AM,"19,691,746",False,True,False,WHITE,1.0,MALE,"599,119"
"760,635",1,31.0,2.0,Passenger car,1,"297,085",2023 Aug 06 12:33:00 PM,2023 Aug 06 05:33:00 PM,"19,691,926",False,True,False,HISPANIC,1.0,MALE,"599,272"
"760,637",1,58.0,1.0,Bicycle,5,"297,086",2023 Aug 07 05:55:00 AM,2023 Aug 07 10:55:00 AM,"19,691,927",False,True,False,WHITE,1.0,MALE,"599,274"
"760,842",1,29.0,1.0,Motorcycle,3,"297,189",2023 Aug 08 11:07:00 PM,2023 Aug 09 04:07:00 AM,"19,693,170",False,True,False,WHITE,1.0,MALE,"599,490"
"760,946",1,69.0,3.0,Large passenger vehicle,2,"297,242",2023 Aug 08 10:57:00 PM,2023 Aug 09 03:57:00 AM,"19,695,080",False,True,False,BLACK,1.0,MALE,"599,597"
"761,122",1,34.0,1.0,Motorcycle,3,"297,332",2023 Aug 10 09:01:00 PM,2023 Aug 11 02:01:00 AM,"19,696,922",False,True,False,WHITE,1.0,MALE,"599,780"
"761,163",1,21.0,2.0,Large passenger vehicle,2,"297,355",2023 Aug 11 07:06:00 AM,2023 Aug 11 12:06:00 PM,"19,697,533",False,True,False,HISPANIC,1.0,MALE,"599,824"
"761,164",1,57.0,1.0,Large passenger vehicle,2,"297,355",2023 Aug 11 07:06:00 AM,2023 Aug 11 12:06:00 PM,"19,697,533",False,True,False,WHITE,1.0,MALE,"599,825"
"761,559",1,53.0,1.0,Passenger car,1,"297,555",2023 Aug 11 09:17:00 PM,2023 Aug 12 02:17:00 AM,"19,701,510",False,True,False,WHITE,2.0,FEMALE,"600,240"
"761,561",1,26.0,1.0,Passenger car,1,"297,556",2023 Aug 11 04:07:00 AM,2023 Aug 11 09:07:00 AM,"19,701,511",False,True,False,WHITE,1.0,MALE,"600,242"
"761,610",1,46.0,2.0,Large passenger vehicle,2,"297,582",2023 Aug 13 01:55:00 PM,2023 Aug 13 06:55:00 PM,"19,701,574",False,True,False,HISPANIC,1.0,MALE,"600,296"
"761,889",4,50.0,2.0,Passenger car,1,"297,725",2023 Jul 30 02:32:00 AM,2023 Jul 30 07:32:00 AM,"19,704,670",False,True,False,HISPANIC,2.0,FEMALE,"600,601"
"762,014",1,27.0,2.0,Motorcycle,3,"297,790",2023 Aug 15 06:47:00 AM,2023 Aug 15 11:47:00 AM,"19,705,673",False,True,False,HISPANIC,1.0,MALE,"600,734"
"762,017",1,25.0,1.0,Large passenger vehicle,2,"297,792",2023 Aug 16 05:58:00 AM,2023 Aug 16 10:58:00 AM,"19,705,675",False,True,False,WHITE,2.0,FEMALE,"600,737"
"762,244",1,72.0,1.0,Motorcycle,3,"297,905",2023 Aug 17 10:55:00 AM,2023 Aug 17 03:55:00 PM,"19,707,479",False,True,False,WHITE,1.0,MALE,"600,976"
"762,871",1,36.0,1.0,Motorcycle,3,"298,230",2023 Aug 19 08:07:00 PM,2023 Aug 20 01:07:00 AM,"19,713,574",False,True,False,WHITE,1.0,MALE,"601,661"
"762,909",1,26.0,3.0,Passenger car,1,"298,252",2023 Aug 20 05:13:00 PM,2023 Aug 20 10:13:00 PM,"19,713,626",False,True,False,BLACK,2.0,FEMALE,"601,702"
"763,513",1,25.0,2.0,Passenger car,1,"298,561",2023 Aug 21 12:02:00 PM,2023 Aug 21 05:02:00 PM,"19,720,651",False,True,False,HISPANIC,1.0,MALE,"602,349"
"763,569",1,78.0,1.0,Passenger car,1,"298,588",2023 Aug 22 04:03:00 AM,2023 Aug 22 09:03:00 AM,"19,720,705",False,True,False,WHITE,1.0,MALE,"602,406"
"764,016",1,42.0,1.0,Bicycle,5,"298,810",2023 Aug 26 08:16:00 AM,2023 Aug 26 01:16:00 PM,"19,724,626",False,True,False,WHITE,1.0,MALE,"602,885"
"764,029",1,52.0,2.0,Motorcycle,3,"298,818",2023 Aug 26 01:33:00 PM,2023 Aug 26 06:33:00 PM,"19,724,636",False,True,False,HISPANIC,1.0,MALE,"602,899"
"764,037",1,26.0,1.0,Bicycle,5,"298,822",2023 Aug 18 10:54:00 PM,2023 Aug 19 03:54:00 AM,"19,724,659",False,True,False,WHITE,1.0,MALE,"602,908"
"764,052",1,38.0,2.0,Passenger car,1,"298,829",2023 Aug 26 03:53:00 PM,2023 Aug 26 08:53:00 PM,"19,724,765",False,True,False,HISPANIC,1.0,MALE,"602,923"
"764,096",1,44.0,1.0,Pedestrian,7,"298,852",2023 Aug 27 01:12:00 AM,2023 Aug 27 06:12:00 AM,"19,724,856",False,True,False,WHITE,1.0,MALE,"602,973"
"764,116",1,25.0,3.0,Passenger car,1,"298,861",2023 Aug 27 04:34:00 AM,2023 Aug 27 09:34:00 AM,"19,724,875",False,True,False,BLACK,1.0,MALE,"602,997"
"764,127",1,46.0,1.0,Bicycle,5,"298,867",2023 Aug 02 07:07:00 AM,2023 Aug 02 12:07:00 PM,"19,724,941",False,True,False,WHITE,1.0,MALE,"603,008"
"764,230",1,40.0,1.0,Pedestrian,7,"298,920",2023 Aug 28 07:54:00 AM,2023 Aug 28 12:54:00 PM,"19,726,777",False,True,False,WHITE,2.0,FEMALE,"603,120"
"764,418",1,48.0,2.0,Large passenger vehicle,2,"299,014",2023 Aug 29 08:00:00 AM,2023 Aug 29 01:00:00 PM,"19,728,965",False,True,False,HISPANIC,1.0,MALE,"603,324"
"765,331",1,38.0,1.0,Pedestrian,7,"299,499",2023 Sep 03 09:00:00 AM,2023 Sep 03 02:00:00 PM,"19,738,425",False,True,False,WHITE,1.0,MALE,"604,306"
"765,336",1,74.0,1.0,Passenger car,1,"299,502",2023 Sep 03 04:45:00 PM,2023 Sep 03 09:45:00 PM,"19,738,428",False,True,False,WHITE,1.0,MALE,"604,311"
"765,664",4,39.0,1.0,Pedestrian,7,"299,671",2023 Aug 21 06:04:00 AM,2023 Aug 21 11:04:00 AM,"19,741,315",False,True,False,WHITE,1.0,MALE,"604,668"
"765,676",4,25.0,2.0,Large passenger vehicle,2,"299,677",2023 Sep 06 06:22:00 AM,2023 Sep 06 11:22:00 AM,"19,741,326",False,True,False,HISPANIC,2.0,FEMALE,"604,680"
"765,837",4,46.0,3.0,Pedestrian,7,"299,759",2023 Sep 06 09:12:00 PM,2023 Sep 07 02:12:00 AM,"19,742,998",False,True,False,BLACK,1.0,MALE,"604,848"
"766,457",1,52.0,1.0,Motorcycle,3,"300,081",2023 Sep 09 05:43:00 PM,2023 Sep 09 10:43:00 PM,"19,749,081",False,True,False,WHITE,1.0,MALE,"605,516"
"766,471",1,24.0,1.0,Passenger car,1,"300,088",2023 Sep 09 08:53:00 PM,2023 Sep 10 01:53:00 AM,"19,749,088",False,True,False,WHITE,1.0,MALE,"605,532"
"766,473",1,29.0,2.0,Pedestrian,7,"300,089",2023 Sep 09 07:27:00 PM,2023 Sep 10 12:27:00 AM,"19,749,089",False,True,False,HISPANIC,1.0,MALE,"605,534"
"766,474",1,21.0,2.0,Pedestrian,7,"300,089",2023 Sep 09 07:27:00 PM,2023 Sep 10 12:27:00 AM,"19,749,089",False,True,False,HISPANIC,2.0,FEMALE,"605,535"
"766,487",4,37.0,1.0,Large passenger vehicle,2,"300,098",2023 Sep 09 09:44:00 PM,2023 Sep 10 02:44:00 AM,"19,749,149",False,True,False,WHITE,1.0,MALE,"605,552"
"766,493",1,51.0,4.0,Bicycle,5,"300,102",2023 Sep 10 08:00:00 AM,2023 Sep 10 01:00:00 PM,"19,749,153",False,True,False,ASIAN,2.0,FEMALE,"605,559"
"766,766",1,35.0,2.0,Pedestrian,7,"300,240",2023 Sep 06 05:15:00 AM,2023 Sep 06 10:15:00 AM,"19,753,459",False,True,False,HISPANIC,1.0,MALE,"605,846"
"766,768",1,60.0,1.0,Pedestrian,7,"300,240",2023 Sep 06 05:15:00 AM,2023 Sep 06 10:15:00 AM,"19,753,459",False,True,False,WHITE,2.0,FEMALE,"605,848"
"766,837",1,52.0,2.0,Large passenger vehicle,2,"300,276",2023 Sep 08 11:00:00 PM,2023 Sep 09 04:00:00 AM,"19,753,573",False,True,False,HISPANIC,1.0,MALE,"605,919"
"767,165",1,48.0,1.0,Bicycle,5,"300,449",2023 Sep 14 01:31:00 PM,2023 Sep 14 06:31:00 PM,"19,757,203",False,True,False,WHITE,1.0,MALE,"606,275"
"767,213",1,28.0,2.0,Passenger car,1,"300,475",2023 Aug 20 04:42:00 AM,2023 Aug 20 09:42:00 AM,"19,757,576",False,True,False,HISPANIC,1.0,MALE,"606,328"
"767,383",1,27.0,3.0,Motorcycle,3,"300,561",2023 Sep 15 09:50:00 PM,2023 Sep 16 02:50:00 AM,"19,758,765",False,True,False,BLACK,1.0,MALE,"606,510"
"767,649",1,28.0,1.0,Motorcycle,3,"300,705",2023 Sep 17 02:05:00 AM,2023 Sep 17 07:05:00 AM,"19,761,578",False,True,False,WHITE,1.0,MALE,"606,793"
"768,014",1,59.0,1.0,Large passenger vehicle,2,"300,897",2023 Sep 18 08:35:00 AM,2023 Sep 18 01:35:00 PM,"19,767,695",False,True,False,WHITE,1.0,MALE,"607,185"
"768,052",1,23.0,2.0,Passenger car,1,"300,917",2023 Sep 19 06:30:00 AM,2023 Sep 19 11:30:00 AM,"19,767,736",False,True,False,HISPANIC,1.0,MALE,"607,225"
"768,080",1,40.0,6.0,Pedestrian,7,"300,930",2023 Sep 19 03:55:00 PM,2023 Sep 19 08:55:00 PM,"19,767,749",False,True,False,AMER. INDIAN/ALASKAN NATIVE,1.0,MALE,"607,256"
"768,103",1,20.0,2.0,E-scooter,11,"300,943",2023 Sep 20 01:32:00 PM,2023 Sep 20 06:32:00 PM,"19,767,793",False,True,False,HISPANIC,1.0,MALE,"607,281"
"768,353",1,63.0,1.0,Motorcycle,3,"301,069",2023 Sep 22 06:51:00 AM,2023 Sep 22 11:51:00 AM,"19,769,982",False,True,False,WHITE,1.0,MALE,"607,551"
"768,508",1,21.0,2.0,Passenger car,1,"301,156",2023 Sep 23 01:53:00 AM,2023 Sep 23 06:53:00 AM,"19,772,178",False,True,False,HISPANIC,1.0,MALE,"607,717"
"768,769",1,26.0,3.0,Large passenger vehicle,2,"301,291",2023 Sep 24 12:10:00 AM,2023 Sep 24 05:10:00 AM,"19,774,404",False,True,False,BLACK,2.0,FEMALE,"607,993"
"768,785",4,46.0,1.0,Motorcycle,3,"301,301",2023 Sep 24 04:45:00 PM,2023 Sep 24 09:45:00 PM,"19,774,459",False,True,False,WHITE,1.0,MALE,"608,011"
"768,815",1,55.0,3.0,Motorcycle,3,"301,313",2023 Sep 23 08:29:00 PM,2023 Sep 24 01:29:00 AM,"19,774,471",False,True,False,BLACK,1.0,MALE,"608,044"
"768,819",1,49.0,2.0,Bicycle,5,"301,315",2023 Sep 14 10:25:00 PM,2023 Sep 15 03:25:00 AM,"19,774,557",False,True,False,HISPANIC,1.0,MALE,"608,048"
"768,986",1,29.0,2.0,Motorcycle,3,"301,401",2023 Jul 04 11:50:00 AM,2023 Jul 04 04:50:00 PM,"19,776,431",False,True,False,HISPANIC,1.0,MALE,"608,230"
"769,288",1,20.0,1.0,Motorcycle,3,"301,554",2023 Sep 20 08:25:00 PM,2023 Sep 21 01:25:00 AM,"19,778,858",False,True,False,WHITE,1.0,MALE,"608,557"
"769,628",4,26.0,3.0,Passenger car,1,"301,727",2023 Sep 27 01:05:00 AM,2023 Sep 27 06:05:00 AM,"19,782,230",False,True,False,BLACK,1.0,MALE,"608,922"
"769,967",1,31.0,1.0,Passenger car,1,"301,899",2023 Sep 29 09:13:00 PM,2023 Sep 30 02:13:00 AM,"19,786,711",False,True,False,WHITE,1.0,MALE,"609,279"
"769,972",1,25.0,1.0,Motorcycle,3,"301,901",2023 Sep 29 10:10:00 PM,2023 Sep 30 03:10:00 AM,"19,786,713",False,True,False,WHITE,1.0,MALE,"609,284"
"769,986",1,31.0,2.0,Passenger car,1,"301,909",2023 Sep 30 08:42:00 AM,2023 Sep 30 01:42:00 PM,"19,786,721",False,True,False,HISPANIC,2.0,FEMALE,"609,298"
"769,988",1,32.0,2.0,Pedestrian,7,"301,910",2023 Sep 30 09:29:00 AM,2023 Sep 30 02:29:00 PM,"19,786,722",False,True,False,HISPANIC,2.0,FEMALE,"609,300"
"770,076",4,21.0,1.0,Passenger car,1,"301,959",2023 Sep 30 05:32:00 AM,2023 Sep 30 10:32:00 AM,"19,786,884",False,True,False,WHITE,1.0,MALE,"609,400"
"770,187",1,48.0,1.0,Pedestrian,7,"302,016",2023 Oct 02 04:00:00 PM,2023 Oct 02 09:00:00 PM,"19,788,247",False,True,False,WHITE,1.0,MALE,"609,518"
"770,498",1,39.0,1.0,Passenger car,1,"302,180",2023 Sep 28 06:30:00 PM,2023 Sep 28 11:30:00 PM,"19,792,637",False,True,False,WHITE,2.0,FEMALE,"609,853"
"770,553",1,66.0,1.0,Pedestrian,7,"302,209",2023 Oct 02 11:22:00 PM,2023 Oct 03 04:22:00 AM,"19,792,774",False,True,False,WHITE,1.0,MALE,"609,911"
"770,746",1,71.0,3.0,Large passenger vehicle,2,"302,314",2023 Oct 05 12:14:00 PM,2023 Oct 05 05:14:00 PM,"19,795,281",False,True,False,BLACK,1.0,MALE,"610,113"
"770,762",1,46.0,2.0,Passenger car,1,"302,319",2023 Oct 05 09:00:00 PM,2023 Oct 06 02:00:00 AM,"19,795,286",False,True,False,HISPANIC,2.0,FEMALE,"610,129"
"771,035",4,27.0,1.0,Large passenger vehicle,2,"302,473",2023 Oct 05 04:42:00 AM,2023 Oct 05 09:42:00 AM,"19,799,385",False,True,False,WHITE,1.0,MALE,"610,428"
"771,040",1,35.0,1.0,Pedestrian,7,"302,475",2023 Oct 06 01:35:00 PM,2023 Oct 06 06:35:00 PM,"19,799,387",False,True,False,WHITE,1.0,MALE,"610,434"
"771,075",1,32.0,3.0,Passenger car,1,"302,490",2023 Oct 06 09:29:00 AM,2023 Oct 06 02:29:00 PM,"19,799,402",False,True,False,BLACK,1.0,MALE,"610,470"
"771,126",1,22.0,2.0,Motorcycle,3,"302,519",2023 Oct 07 05:54:00 PM,2023 Oct 07 10:54:00 PM,"19,799,492",False,True,False,HISPANIC,1.0,MALE,"610,525"
"771,142",1,42.0,1.0,Motorcycle,3,"302,529",2023 Oct 08 12:08:00 AM,2023 Oct 08 05:08:00 AM,"19,799,502",False,True,False,WHITE,1.0,MALE,"610,542"
"771,149",1,40.0,1.0,Passenger car,1,"302,532",2023 Oct 08 07:53:00 AM,2023 Oct 08 12:53:00 PM,"19,799,505",False,True,False,WHITE,2.0,FEMALE,"610,549"
"771,286",1,31.0,1.0,Pedestrian,7,"302,606",2023 Oct 09 08:35:00 PM,2023 Oct 10 01:35:00 AM,"19,801,009",False,True,False,WHITE,1.0,MALE,"610,694"
"771,781",1,30.0,3.0,Bicycle,5,"302,866",2023 Oct 12 06:56:00 AM,2023 Oct 12 11:56:00 AM,"19,806,153",False,True,False,BLACK,2.0,FEMALE,"611,239"
"771,800",1,60.0,2.0,Large passenger vehicle,2,"302,875",2023 Oct 12 09:36:00 AM,2023 Oct 12 02:36:00 PM,"19,806,338",False,True,False,HISPANIC,1.0,MALE,"611,258"
"771,879",1,31.0,2.0,Pedestrian,7,"302,917",2023 Oct 05 06:50:00 PM,2023 Oct 05 11:50:00 PM,"19,807,537",False,True,False,HISPANIC,2.0,FEMALE,"611,345"
"771,975",1,67.0,1.0,Bicycle,5,"302,965",2023 Oct 12 07:19:00 AM,2023 Oct 12 12:19:00 PM,"19,808,146",False,True,False,WHITE,2.0,FEMALE,"611,452"
"771,983",1,29.0,2.0,Passenger car,1,"302,968",2023 Sep 22 06:38:00 AM,2023 Sep 22 11:38:00 AM,"19,808,244",False,True,False,HISPANIC,1.0,MALE,"611,460"
"772,459",1,40.0,0.0,Large passenger vehicle,2,"303,225",2023 Oct 14 10:02:00 AM,2023 Oct 14 03:02:00 PM,"19,814,797",False,True,False,UNKNOWN,2.0,FEMALE,"611,971"
"772,485",1,65.0,1.0,Pedestrian,7,"303,238",2023 Sep 30 08:46:00 PM,2023 Oct 01 01:46:00 AM,"19,814,861",False,True,False,WHITE,2.0,FEMALE,"611,998"
"772,522",1,18.0,1.0,Passenger car,1,"303,255",2023 Sep 24 09:45:00 PM,2023 Sep 25 02:45:00 AM,"19,814,917",False,True,False,WHITE,1.0,MALE,"612,035"
"772,625",1,19.0,3.0,E-scooter,11,"303,305",2023 Oct 15 04:32:00 AM,2023 Oct 15 09:32:00 AM,"19,815,065",False,True,False,BLACK,1.0,MALE,"612,149"
"772,643",1,67.0,1.0,Motorcycle,3,"303,316",2023 Oct 15 01:23:00 PM,2023 Oct 15 06:23:00 PM,"19,815,078",False,True,False,WHITE,1.0,MALE,"612,168"
"772,644",1,36.0,1.0,Passenger car,1,"303,317",2023 Oct 15 02:24:00 PM,2023 Oct 15 07:24:00 PM,"19,815,079",False,True,False,WHITE,2.0,FEMALE,"612,169"
"772,661",1,52.0,1.0,Passenger car,1,"303,325",2023 Oct 15 01:43:00 AM,2023 Oct 15 06:43:00 AM,"19,815,088",False,True,False,WHITE,1.0,MALE,"612,188"
"772,867",1,25.0,1.0,Pedestrian,7,"303,432",2023 Oct 12 10:10:00 PM,2023 Oct 13 03:10:00 AM,"19,816,506",False,True,False,WHITE,1.0,MALE,"612,415"
"773,776",4,28.0,1.0,Pedestrian,7,"303,900",2023 Oct 15 01:40:00 PM,2023 Oct 15 06:40:00 PM,"19,827,195",False,True,False,WHITE,1.0,MALE,"613,385"
"773,828",1,21.0,1.0,E-scooter,11,"303,930",2023 Oct 20 11:04:00 PM,2023 Oct 21 04:04:00 AM,"19,827,301",False,True,False,WHITE,2.0,FEMALE,"613,449"
"773,900",4,37.0,1.0,Pedestrian,7,"303,966",2023 Oct 22 05:02:00 AM,2023 Oct 22 10:02:00 AM,"19,827,379",False,True,False,WHITE,2.0,FEMALE,"613,524"
"774,308",1,31.0,2.0,Passenger car,1,"304,190",2023 Oct 24 01:30:00 PM,2023 Oct 24 06:30:00 PM,"19,831,489",False,True,False,HISPANIC,2.0,FEMALE,"613,963"
"774,342",1,38.0,3.0,Passenger car,1,"304,211",2023 Oct 24 06:07:00 PM,2023 Oct 24 11:07:00 PM,"19,831,543",False,True,False,BLACK,2.0,FEMALE,"614,000"
"774,358",1,36.0,1.0,Passenger car,1,"304,221",2023 Oct 25 04:23:00 PM,2023 Oct 25 09:23:00 PM,"19,831,554",False,True,False,WHITE,1.0,MALE,"614,018"
"774,388",1,57.0,3.0,Pedestrian,7,"304,235",2023 Sep 08 10:10:00 AM,2023 Sep 08 03:10:00 PM,"19,831,672",False,True,False,BLACK,1.0,MALE,"614,049"
"774,592",1,21.0,1.0,Motorcycle,3,"304,349",2023 Oct 13 01:35:00 PM,2023 Oct 13 06:35:00 PM,"19,833,605",False,True,False,WHITE,2.0,FEMALE,"614,259"
"774,979",4,48.0,2.0,Pedestrian,7,"304,561",2023 Oct 27 10:22:00 PM,2023 Oct 28 03:22:00 AM,"19,838,268",False,True,False,HISPANIC,2.0,FEMALE,"614,672"
"775,079",1,43.0,1.0,Pedestrian,7,"304,621",2023 Oct 29 12:35:00 AM,2023 Oct 29 05:35:00 AM,"19,838,494",False,True,False,WHITE,1.0,MALE,"614,790"
"775,519",1,69.0,1.0,Passenger car,1,"304,862",2023 Nov 01 06:12:00 AM,2023 Nov 01 11:12:00 AM,"19,843,466",False,True,False,WHITE,1.0,MALE,"615,252"
"775,732",1,31.0,2.0,Passenger car,1,"304,969",2023 Oct 28 02:58:00 AM,2023 Oct 28 07:58:00 AM,"19,845,703",False,True,False,HISPANIC,1.0,MALE,"615,478"
"776,257",1,56.0,1.0,Pedestrian,7,"305,245",2023 Nov 03 07:43:00 AM,2023 Nov 03 12:43:00 PM,"19,851,129",False,True,False,WHITE,1.0,MALE,"616,048"
"776,337",1,60.0,3.0,Bicycle,5,"305,283",2023 Nov 06 12:04:00 AM,2023 Nov 06 06:04:00 AM,"19,851,296",False,True,False,BLACK,1.0,MALE,"616,137"
"776,573",1,23.0,2.0,Passenger car,1,"305,399",2023 Aug 27 03:43:00 AM,2023 Aug 27 08:43:00 AM,"19,854,366",False,True,False,HISPANIC,1.0,MALE,"616,386"
"776,574",1,27.0,2.0,Passenger car,1,"305,399",2023 Aug 27 03:43:00 AM,2023 Aug 27 08:43:00 AM,"19,854,366",False,True,False,HISPANIC,2.0,FEMALE,"616,387"
"776,578",4,27.0,2.0,Pedestrian,7,"305,401",2023 Aug 27 03:43:00 AM,2023 Aug 27 08:43:00 AM,"19,854,368",False,True,False,HISPANIC,2.0,FEMALE,"616,392"
"776,579",1,26.0,2.0,Pedestrian,7,"305,401",2023 Aug 27 03:43:00 AM,2023 Aug 27 08:43:00 AM,"19,854,368",False,True,False,HISPANIC,1.0,MALE,"616,393"
"776,726",1,33.0,2.0,Motor vehicle – other,4,"305,477",2023 Oct 30 02:34:00 PM,2023 Oct 30 07:34:00 PM,"19,855,758",False,True,False,HISPANIC,1.0,MALE,"616,549"
"776,768",4,29.0,4.0,Pedestrian,7,"305,498",2023 Oct 18 07:28:00 PM,2023 Oct 19 12:28:00 AM,"19,855,975",False,True,False,ASIAN,1.0,MALE,"616,591"
"776,913",1,51.0,1.0,Motorcycle,3,"305,576",2023 Nov 08 08:50:00 AM,2023 Nov 08 02:50:00 PM,"19,857,703",False,True,False,WHITE,1.0,MALE,"616,744"
"776,940",1,64.0,1.0,Large passenger vehicle,2,"305,589",2023 Nov 08 08:28:00 PM,2023 Nov 09 02:28:00 AM,"19,857,716",False,True,False,WHITE,1.0,MALE,"616,773"
"776,947",4,29.0,3.0,Large passenger vehicle,2,"305,594",2023 Nov 09 01:46:00 AM,2023 Nov 09 07:46:00 AM,"19,857,721",False,True,False,BLACK,2.0,FEMALE,"616,780"
"777,824",1,28.0,4.0,Large passenger vehicle,2,"306,073",2023 Nov 13 12:14:00 AM,2023 Nov 13 06:14:00 AM,"19,867,328",False,True,False,ASIAN,2.0,FEMALE,"617,722"
"777,901",4,68.0,3.0,Pedestrian,7,"306,113",2023 Nov 02 06:47:00 AM,2023 Nov 02 11:47:00 AM,"19,867,777",False,True,False,BLACK,1.0,MALE,"617,805"
"778,091",4,19.0,2.0,Motorcycle,3,"306,212",2023 Nov 15 05:48:00 AM,2023 Nov 15 11:48:00 AM,"19,869,540",False,True,False,HISPANIC,1.0,MALE,"618,009"
"778,238",1,25.0,4.0,Passenger car,1,"306,285",2023 Nov 15 09:07:00 PM,2023 Nov 16 03:07:00 AM,"19,871,423",False,True,False,ASIAN,2.0,FEMALE,"618,159"
"778,409",1,35.0,4.0,Passenger car,1,"306,372",2023 Nov 16 11:33:00 PM,2023 Nov 17 05:33:00 AM,"19,873,195",False,True,False,ASIAN,2.0,FEMALE,"618,342"
"778,918",1,19.0,1.0,Pedestrian,7,"306,631",2023 Nov 18 02:10:00 AM,2023 Nov 18 08:10:00 AM,"19,877,491",False,True,False,WHITE,2.0,FEMALE,"618,873"
"779,250",4,63.0,3.0,Pedestrian,7,"306,807",2023 Aug 19 10:58:00 PM,2023 Aug 20 03:58:00 AM,"19,880,694",False,True,False,BLACK,1.0,MALE,"619,229"
"779,255",1,28.0,2.0,Motorcycle,3,"306,810",2023 Nov 10 07:05:00 PM,2023 Nov 11 01:05:00 AM,"19,880,697",False,True,False,HISPANIC,1.0,MALE,"619,234"
"779,805",1,18.0,2.0,Passenger car,1,"307,099",2023 Nov 22 02:36:00 PM,2023 Nov 22 08:36:00 PM,"19,888,323",False,True,False,HISPANIC,1.0,MALE,"619,822"
"779,806",1,49.0,2.0,Large passenger vehicle,2,"307,099",2023 Nov 22 02:36:00 PM,2023 Nov 22 08:36:00 PM,"19,888,323",False,True,False,HISPANIC,1.0,MALE,"619,823"
"779,946",1,51.0,1.0,Passenger car,1,"307,170",2023 Nov 03 08:08:00 PM,2023 Nov 04 01:08:00 AM,"19,889,192",False,True,False,WHITE,1.0,MALE,"619,972"
"779,972",4,71.0,1.0,Pedestrian,7,"307,182",2023 Nov 23 09:40:00 PM,2023 Nov 24 03:40:00 AM,"19,889,230",False,True,False,WHITE,1.0,MALE,"620,000"
"780,130",1,40.0,2.0,Passenger car,1,"307,264",2023 Nov 23 10:36:00 PM,2023 Nov 24 04:36:00 AM,"19,890,612",False,True,False,HISPANIC,2.0,FEMALE,"620,166"
"780,138",1,69.0,1.0,Passenger car,1,"307,268",2023 Nov 24 04:43:00 AM,2023 Nov 24 10:43:00 AM,"19,890,618",False,True,False,WHITE,1.0,MALE,"620,176"
"780,143",1,44.0,2.0,Passenger car,1,"307,271",2023 Oct 29 01:05:00 AM,2023 Oct 29 06:05:00 AM,"19,890,656",False,True,False,HISPANIC,1.0,MALE,"620,181"
"780,150",1,20.0,1.0,Passenger car,1,"307,275",2023 Nov 16 06:04:00 PM,2023 Nov 17 12:04:00 AM,"19,890,660",False,True,False,WHITE,2.0,FEMALE,"620,190"
"780,540",4,35.0,3.0,Passenger car,1,"307,471",2023 Nov 20 12:12:00 AM,2023 Nov 20 06:12:00 AM,"19,895,543",False,True,False,BLACK,1.0,MALE,"620,608"
"780,641",1,20.0,3.0,Motorcycle,3,"307,525",2023 Nov 29 04:02:00 PM,2023 Nov 29 10:02:00 PM,"19,895,727",False,True,False,BLACK,2.0,FEMALE,"620,723"
"780,710",1,36.0,2.0,Pedestrian,7,"307,560",2023 Nov 29 08:30:00 PM,2023 Nov 30 02:30:00 AM,"19,896,236",False,True,False,HISPANIC,2.0,FEMALE,"620,797"
"781,175",1,28.0,2.0,Passenger car,1,"307,802",2023 Dec 01 11:43:00 AM,2023 Dec 01 05:43:00 PM,"19,900,809",False,True,False,HISPANIC,1.0,MALE,"621,295"
"781,397",4,37.0,2.0,Pedestrian,7,"307,913",2023 Dec 02 02:00:00 AM,2023 Dec 02 08:00:00 AM,"19,904,266",False,True,False,HISPANIC,1.0,MALE,"621,533"
"781,544",1,17.0,1.0,Passenger car,1,"307,987",2023 Dec 03 03:14:00 AM,2023 Dec 03 09:14:00 AM,"19,904,599",False,True,False,WHITE,1.0,MALE,"621,688"
"781,545",1,28.0,2.0,Large passenger vehicle,2,"307,987",2023 Dec 03 03:14:00 AM,2023 Dec 03 09:14:00 AM,"19,904,599",False,True,False,HISPANIC,1.0,MALE,"621,689"
"781,919",1,52.0,2.0,Large passenger vehicle,2,"308,179",2023 Dec 06 11:58:00 AM,2023 Dec 06 05:58:00 PM,"19,907,855",False,True,False,HISPANIC,1.0,MALE,"622,093"
"782,000",1,,2.0,Pedestrian,7,"308,224",2023 May 18 07:42:00 PM,2023 May 19 12:42:00 AM,"19,908,224",False,True,False,HISPANIC,1.0,MALE,"622,181"
"782,140",1,59.0,2.0,Pedestrian,7,"308,298",2023 Dec 02 08:59:00 PM,2023 Dec 03 02:59:00 AM,"19,909,738",False,True,False,HISPANIC,1.0,MALE,"622,330"
"782,182",1,64.0,1.0,Pedestrian,7,"308,321",2023 Dec 07 05:55:00 PM,2023 Dec 07 11:55:00 PM,"19,909,944",False,True,False,WHITE,1.0,MALE,"622,374"
"782,504",1,32.0,1.0,Passenger car,1,"308,493",2023 Dec 01 09:15:00 PM,2023 Dec 02 03:15:00 AM,"19,914,326",False,True,False,WHITE,1.0,MALE,"622,719"
"782,543",1,26.0,2.0,Pedestrian,7,"308,511",2023 Dec 08 05:02:00 PM,2023 Dec 08 11:02:00 PM,"19,914,396",False,True,False,HISPANIC,1.0,MALE,"622,760"
"782,593",1,50.0,2.0,Pedestrian,7,"308,541",2023 Dec 09 12:50:00 PM,2023 Dec 09 06:50:00 PM,"19,914,552",False,True,False,HISPANIC,2.0,FEMALE,"622,815"
"782,597",1,30.0,1.0,Motorcycle,3,"308,544",2023 Dec 03 08:02:00 PM,2023 Dec 04 02:02:00 AM,"19,914,555",False,True,False,WHITE,2.0,FEMALE,"622,820"
"782,612",1,37.0,1.0,Motorcycle,3,"308,551",2023 Dec 09 09:34:00 PM,2023 Dec 10 03:34:00 AM,"19,914,562",False,True,False,WHITE,1.0,MALE,"622,835"
"782,615",1,24.0,3.0,Passenger car,1,"308,552",2023 Dec 03 12:30:00 AM,2023 Dec 03 06:30:00 AM,"19,914,563",False,True,False,BLACK,1.0,MALE,"622,838"
"782,849",1,37.0,0.0,Motorcycle,3,"308,679",2023 Dec 11 03:51:00 PM,2023 Dec 11 09:51:00 PM,"19,917,284",False,True,False,UNKNOWN,1.0,MALE,"623,099"
"783,494",1,24.0,3.0,Pedestrian,7,"309,006",2023 Dec 09 12:45:00 PM,2023 Dec 09 06:45:00 PM,"19,924,361",False,True,False,BLACK,2.0,FEMALE,"623,795"
"783,902",1,44.0,1.0,Large passenger vehicle,2,"309,223",2023 Dec 11 09:37:00 AM,2023 Dec 11 03:37:00 PM,"19,929,074",False,True,False,WHITE,2.0,FEMALE,"624,221"
"784,150",1,17.0,2.0,Motorcycle,3,"309,343",2023 Dec 18 04:48:00 PM,2023 Dec 18 10:48:00 PM,"19,930,672",False,True,False,HISPANIC,1.0,MALE,"624,482"
"784,225",4,68.0,0.0,Pedestrian,7,"309,380",2023 Nov 29 02:27:00 PM,2023 Nov 29 08:27:00 PM,"19,931,222",False,True,False,UNKNOWN,1.0,MALE,"624,560"
"784,228",4,62.0,1.0,Pedestrian,7,"309,382",2023 Dec 11 02:29:00 AM,2023 Dec 11 08:29:00 AM,"19,931,224",False,True,False,WHITE,1.0,MALE,"624,564"
"784,230",4,32.0,1.0,Bicycle,5,"309,383",2023 Dec 12 01:33:00 AM,2023 Dec 12 07:33:00 AM,"19,931,225",False,True,False,WHITE,1.0,MALE,"624,566"
"784,529",1,53.0,1.0,Pedestrian,7,"309,533",2023 Dec 19 07:00:00 PM,2023 Dec 20 01:00:00 AM,"19,934,897",False,True,False,WHITE,1.0,MALE,"624,879"
"784,603",1,33.0,1.0,Pedestrian,7,"309,572",2023 Dec 21 06:52:00 AM,2023 Dec 21 12:52:00 PM,"19,935,712",False,True,False,WHITE,2.0,FEMALE,"624,956"
"784,866",1,34.0,1.0,Pedestrian,7,"309,720",2023 Dec 21 10:20:00 PM,2023 Dec 22 04:20:00 AM,"19,937,518",False,True,False,WHITE,1.0,MALE,"625,241"
"785,154",1,46.0,1.0,Passenger car,1,"309,878",2023 Dec 22 06:03:00 PM,2023 Dec 23 12:03:00 AM,"19,941,430",False,True,False,WHITE,2.0,FEMALE,"625,551"
"785,219",1,47.0,2.0,Motorcycle,3,"309,918",2023 Dec 24 07:03:00 PM,2023 Dec 25 01:03:00 AM,"19,941,474",False,True,False,HISPANIC,1.0,MALE,"625,622"
"785,447",4,63.0,1.0,Pedestrian,7,"310,044",2023 Oct 12 06:20:00 AM,2023 Oct 12 11:20:00 AM,"19,945,139",False,True,False,WHITE,1.0,MALE,"625,874"
"785,461",4,59.0,1.0,Pedestrian,7,"310,051",2023 Dec 22 06:49:00 PM,2023 Dec 23 12:49:00 AM,"19,945,147",False,True,False,WHITE,1.0,MALE,"625,889"
"785,997",1,18.0,2.0,Passenger car,1,"310,339",2023 Dec 27 01:08:00 AM,2023 Dec 27 07:08:00 AM,"19,952,716",False,True,False,HISPANIC,1.0,MALE,"626,461"
"786,150",4,20.0,2.0,Passenger car,1,"310,417",2023 Dec 30 11:36:00 AM,2023 Dec 30 05:36:00 PM,"19,954,063",False,True,False,HISPANIC,1.0,MALE,"626,625"
"786,331",1,54.0,1.0,Passenger car,1,"310,509",2023 Dec 21 04:44:00 PM,2023 Dec 21 10:44:00 PM,"19,957,573",False,True,False,WHITE,1.0,MALE,"626,817"
"786,333",1,25.0,1.0,Pedestrian,7,"310,510",2023 Dec 30 02:08:00 AM,2023 Dec 30 08:08:00 AM,"19,957,574",False,True,False,WHITE,2.0,FEMALE,"626,819"
"786,460",1,29.0,2.0,Large passenger vehicle,2,"310,575",2023 Nov 30 01:15:00 PM,2023 Nov 30 07:15:00 PM,"19,963,833",False,True,False,HISPANIC,1.0,MALE,"626,949"
"786,550",1,45.0,2.0,Large passenger vehicle,2,"310,620",2023 Dec 30 02:27:00 AM,2023 Dec 30 08:27:00 AM,"19,968,150",False,True,False,HISPANIC,1.0,MALE,"627,047"
"786,586",4,76.0,1.0,Passenger car,1,"310,642",2023 Dec 17 07:46:00 AM,2023 Dec 17 01:46:00 PM,"19,975,957",False,True,False,WHITE,2.0,FEMALE,"627,093"
"786,642",4,44.0,1.0,Large passenger vehicle,2,"310,670",2023 Dec 09 05:53:00 AM,2023 Dec 09 11:53:00 AM,"19,992,362",False,True,False,WHITE,2.0,FEMALE,"627,153"
"786,654",1,34.0,2.0,Passenger car,1,"310,676",2023 Nov 16 05:30:00 PM,2023 Nov 16 11:30:00 PM,"19,998,761",False,True,False,HISPANIC,2.0,FEMALE,"627,168"
"786,797",1,19.0,1.0,Motorcycle,3,"310,747",2023 May 26 05:59:00 PM,2023 May 26 10:59:00 PM,"20,136,085",False,True,False,WHITE,1.0,MALE,"627,314"
"787,477",1,28.0,2.0,Large passenger vehicle,2,"287,353",2023 Apr 09 10:37:00 PM,2023 Apr 10 03:37:00 AM,"19,493,502",False,False,False,HISPANIC,1.0,MALE,"579,151"
"787,478",1,19.0,2.0,Large passenger vehicle,2,"287,353",2023 Apr 09 10:37:00 PM,2023 Apr 10 03:37:00 AM,"19,493,502",False,False,False,HISPANIC,1.0,MALE,"579,151"
"787,610",1,40.0,2.0,Passenger car,1,"287,532",2023 Apr 17 06:14:00 AM,2023 Apr 17 11:14:00 AM,"19,494,052",False,False,False,HISPANIC,2.0,FEMALE,"579,518"
"787,765",1,31.0,2.0,Large passenger vehicle,2,"287,742",2023 Apr 18 05:21:00 PM,2023 Apr 18 10:21:00 PM,"19,499,968",False,False,False,HISPANIC,1.0,MALE,"579,947"
"788,025",1,25.0,3.0,Passenger car,1,"288,103",2023 Apr 21 09:42:00 AM,2023 Apr 21 02:42:00 PM,"19,508,800",False,False,False,BLACK,1.0,MALE,"580,663"
"788,026",1,33.0,3.0,Passenger car,1,"288,103",2023 Apr 21 09:42:00 AM,2023 Apr 21 02:42:00 PM,"19,508,800",False,False,False,BLACK,2.0,FEMALE,"580,663"
"788,027",1,16.0,3.0,Passenger car,1,"288,103",2023 Apr 21 09:42:00 AM,2023 Apr 21 02:42:00 PM,"19,508,800",False,False,False,BLACK,2.0,FEMALE,"580,663"
"788,028",1,41.0,3.0,Passenger car,1,"288,103",2023 Apr 21 09:42:00 AM,2023 Apr 21 02:42:00 PM,"19,508,800",False,False,False,BLACK,2.0,FEMALE,"580,663"
"788,818",1,18.0,2.0,Passenger car,1,"289,237",2023 Apr 19 03:31:00 AM,2023 Apr 19 08:31:00 AM,"19,531,255",False,False,False,HISPANIC,1.0,MALE,"583,019"
"788,939",1,40.0,2.0,Passenger car,1,"289,415",2023 May 09 07:01:00 PM,2023 May 10 12:01:00 AM,"19,534,562",False,False,False,HISPANIC,1.0,MALE,"583,382"
"788,965",1,50.0,4.0,Passenger car,1,"289,497",2023 May 09 04:40:00 PM,2023 May 09 09:40:00 PM,"19,535,909",False,False,False,ASIAN,2.0,FEMALE,"583,546"
"789,204",1,17.0,3.0,Large passenger vehicle,2,"289,877",2023 May 12 08:58:00 PM,2023 May 13 01:58:00 AM,"19,545,793",False,False,False,BLACK,1.0,MALE,"584,358"
"789,281",1,23.0,,Passenger car,1,"290,000",2023 May 11 11:18:00 PM,2023 May 12 04:18:00 AM,"19,546,584",False,False,False,,2.0,FEMALE,"584,598"
"789,340",1,51.0,1.0,Passenger car,1,"290,112",2023 May 16 07:29:00 PM,2023 May 17 12:29:00 AM,"19,548,132",False,False,False,WHITE,2.0,FEMALE,"584,809"
"789,372",1,33.0,1.0,Large passenger vehicle,2,"290,176",2023 May 16 09:25:00 PM,2023 May 17 02:25:00 AM,"19,550,488",False,False,False,WHITE,2.0,FEMALE,"584,946"
"789,521",1,35.0,2.0,Large passenger vehicle,2,"290,368",2023 May 06 05:12:00 AM,2023 May 06 10:12:00 AM,"19,555,123",False,False,False,HISPANIC,1.0,MALE,"585,354"
"789,742",1,30.0,2.0,Large passenger vehicle,2,"290,633",2023 May 18 10:38:00 PM,2023 May 19 03:38:00 AM,"19,559,960",False,False,False,HISPANIC,2.0,FEMALE,"585,895"
"790,307",1,28.0,2.0,Passenger car,1,"291,302",2023 May 27 08:04:00 PM,2023 May 28 01:04:00 AM,"19,574,734",False,False,False,HISPANIC,2.0,FEMALE,"587,272"
"790,331",1,60.0,2.0,Passenger car,1,"291,325",2023 May 28 02:45:00 PM,2023 May 28 07:45:00 PM,"19,574,790",False,False,False,HISPANIC,2.0,FEMALE,"587,314"
"790,709",1,55.0,2.0,Passenger car,1,"291,840",2023 Apr 16 03:02:00 PM,2023 Apr 16 08:02:00 PM,"19,585,019",False,False,False,HISPANIC,2.0,FEMALE,"588,385"
"791,090",1,33.0,2.0,Passenger car,1,"292,311",2023 Jun 10 04:43:00 AM,2023 Jun 10 09:43:00 AM,"19,595,407",False,False,False,HISPANIC,2.0,FEMALE,"589,389"
"791,447",1,25.0,2.0,Passenger car,1,"292,838",2023 Jun 16 06:30:00 AM,2023 Jun 16 11:30:00 AM,"19,609,570",False,False,False,HISPANIC,1.0,MALE,"590,467"
"791,539",1,39.0,2.0,Large passenger vehicle,2,"292,963",2023 Jun 20 08:59:00 AM,2023 Jun 20 01:59:00 PM,"19,609,906",False,False,False,HISPANIC,1.0,MALE,"590,733"
"791,907",1,,,Motor vehicle – other,4,"293,485",2023 Jun 25 12:13:00 PM,2023 Jun 25 05:13:00 PM,"19,619,639",False,False,False,,0.0,UNKNOWN,"591,837"
"792,085",1,18.0,2.0,Passenger car,1,"293,785",2023 Jun 30 11:26:00 AM,2023 Jun 30 04:26:00 PM,"19,627,604",False,False,False,HISPANIC,2.0,FEMALE,"592,467"
"793,253",1,39.0,2.0,Passenger car,1,"295,378",2023 Jul 10 06:34:00 AM,2023 Jul 10 11:34:00 AM,"19,659,622",False,False,False,HISPANIC,1.0,MALE,"595,745"
"793,920",1,64.0,2.0,Passenger car,1,"296,263",2023 Jul 28 03:12:00 AM,2023 Jul 28 08:12:00 AM,"19,677,572",False,False,False,HISPANIC,2.0,FEMALE,"597,555"
"793,924",1,29.0,2.0,Passenger car,1,"296,282",2023 Jun 29 05:48:00 PM,2023 Jun 29 10:48:00 PM,"19,677,616",False,False,False,HISPANIC,1.0,MALE,"597,593"
"794,036",1,26.0,3.0,Passenger car,1,"296,434",2023 Jul 31 05:40:00 PM,2023 Jul 31 10:40:00 PM,"19,679,108",False,False,False,BLACK,1.0,MALE,"597,905"
"794,356",1,20.0,3.0,Passenger car,1,"296,914",2023 Jul 30 09:40:00 PM,2023 Jul 31 02:40:00 AM,"19,690,290",False,False,False,BLACK,1.0,MALE,"598,903"
"794,910",4,27.0,4.0,Passenger car,1,"297,725",2023 Jul 30 02:32:00 AM,2023 Jul 30 07:32:00 AM,"19,704,670",False,False,False,ASIAN,1.0,MALE,"600,601"
"794,911",4,26.0,1.0,Passenger car,1,"297,725",2023 Jul 30 02:32:00 AM,2023 Jul 30 07:32:00 AM,"19,704,670",False,False,False,WHITE,2.0,FEMALE,"600,601"
"794,912",4,26.0,3.0,Passenger car,1,"297,725",2023 Jul 30 02:32:00 AM,2023 Jul 30 07:32:00 AM,"19,704,670",False,False,False,BLACK,1.0,MALE,"600,601"
"795,301",1,26.0,3.0,Passenger car,1,"298,252",2023 Aug 20 05:13:00 PM,2023 Aug 20 10:13:00 PM,"19,713,626",False,False,False,BLACK,2.0,FEMALE,"601,702"
"795,528",1,,2.0,Passenger car,1,"298,561",2023 Aug 21 12:02:00 PM,2023 Aug 21 05:02:00 PM,"19,720,651",False,False,False,HISPANIC,1.0,MALE,"602,349"
"795,529",1,,2.0,Passenger car,1,"298,561",2023 Aug 21 12:02:00 PM,2023 Aug 21 05:02:00 PM,"19,720,651",False,False,False,HISPANIC,1.0,MALE,"602,349"
"796,244",1,29.0,2.0,Large passenger vehicle,2,"299,502",2023 Sep 03 04:45:00 PM,2023 Sep 03 09:45:00 PM,"19,738,428",False,False,False,HISPANIC,1.0,MALE,"604,312"
"796,673",1,24.0,1.0,Passenger car,1,"300,088",2023 Sep 09 08:53:00 PM,2023 Sep 10 01:53:00 AM,"19,749,088",False,False,False,WHITE,2.0,FEMALE,"605,532"
"796,890",1,28.0,2.0,Passenger car,1,"300,475",2023 Aug 20 04:42:00 AM,2023 Aug 20 09:42:00 AM,"19,757,576",False,False,False,HISPANIC,1.0,MALE,"606,328"
"797,233",1,54.0,1.0,Large passenger vehicle,2,"300,944",2023 Sep 20 02:50:00 PM,2023 Sep 20 07:50:00 PM,"19,767,794",False,False,False,WHITE,2.0,FEMALE,"607,283"
"797,234",1,48.0,1.0,Large passenger vehicle,2,"300,944",2023 Sep 20 02:50:00 PM,2023 Sep 20 07:50:00 PM,"19,767,794",False,False,False,WHITE,2.0,FEMALE,"607,283"
"797,309",1,44.0,2.0,Motorcycle,3,"301,069",2023 Sep 22 06:51:00 AM,2023 Sep 22 11:51:00 AM,"19,769,982",False,False,False,HISPANIC,2.0,FEMALE,"607,551"
"797,463",1,57.0,1.0,Motorcycle,3,"301,313",2023 Sep 23 08:29:00 PM,2023 Sep 24 01:29:00 AM,"19,774,471",False,False,False,WHITE,2.0,FEMALE,"608,044"
"797,503",1,35.0,2.0,Large passenger vehicle,2,"301,367",2023 Sep 24 11:46:00 PM,2023 Sep 25 04:46:00 AM,"19,775,695",False,False,False,HISPANIC,2.0,FEMALE,"608,156"
"797,667",4,99.0,2.0,Passenger car,1,"301,638",2023 Sep 25 05:55:00 PM,2023 Sep 25 10:55:00 PM,"19,780,870",False,False,False,HISPANIC,2.0,FEMALE,"608,734"
"798,040",1,17.0,2.0,Passenger car,1,"302,198",2023 Oct 04 04:42:00 PM,2023 Oct 04 09:42:00 PM,"19,792,762",False,False,False,HISPANIC,1.0,MALE,"609,891"
"798,089",1,19.0,3.0,Passenger car,1,"302,314",2023 Oct 05 12:14:00 PM,2023 Oct 05 05:14:00 PM,"19,795,281",False,False,False,BLACK,1.0,MALE,"610,116"
"798,796",1,29.0,3.0,Passenger car,1,"303,532",2023 Oct 18 02:28:00 PM,2023 Oct 18 07:28:00 PM,"19,818,664",False,False,False,BLACK,2.0,FEMALE,"612,634"
"799,089",1,23.0,1.0,E-scooter,11,"303,930",2023 Oct 20 11:04:00 PM,2023 Oct 21 04:04:00 AM,"19,827,301",False,False,False,WHITE,1.0,MALE,"613,449"
"799,113",1,27.0,1.0,Other/Unknown,9,"303,977",2023 Oct 22 11:00:00 PM,2023 Oct 23 04:00:00 AM,"19,827,422",False,False,False,WHITE,1.0,MALE,"613,546"
"799,323",1,84.0,1.0,Passenger car,1,"304,360",2023 Oct 25 08:16:00 AM,2023 Oct 25 01:16:00 PM,"19,833,617",False,False,False,WHITE,1.0,MALE,"614,281"
"799,731",1,42.0,2.0,Large passenger vehicle,2,"304,969",2023 Oct 28 02:58:00 AM,2023 Oct 28 07:58:00 AM,"19,845,703",False,False,False,HISPANIC,2.0,FEMALE,"615,479"
"799,986",1,26.0,2.0,Passenger car,1,"305,399",2023 Aug 27 03:43:00 AM,2023 Aug 27 08:43:00 AM,"19,854,366",False,False,False,HISPANIC,2.0,FEMALE,"616,387"
"800,476",1,29.0,2.0,Passenger car,1,"306,285",2023 Nov 15 09:07:00 PM,2023 Nov 16 03:07:00 AM,"19,871,423",False,False,False,HISPANIC,2.0,FEMALE,"618,159"
"800,840",1,56.0,1.0,Large passenger vehicle,2,"306,767",2023 Nov 20 02:55:00 PM,2023 Nov 20 08:55:00 PM,"19,879,903",False,False,False,WHITE,2.0,FEMALE,"619,143"
"801,235",1,11.0,3.0,Passenger car,1,"307,315",2023 Nov 26 08:38:00 PM,2023 Nov 27 02:38:00 AM,"19,890,757",False,False,False,BLACK,2.0,FEMALE,"620,281"
"801,428",1,40.0,1.0,Passenger car,1,"307,515",2023 Nov 18 10:05:00 PM,2023 Nov 19 04:05:00 AM,"19,895,712",False,False,False,WHITE,1.0,MALE,"620,701"
"801,431",1,,2.0,Passenger car,1,"307,535",2023 Nov 30 06:50:00 AM,2023 Nov 30 12:50:00 PM,"19,895,788",False,False,False,HISPANIC,2.0,FEMALE,"620,742"
"801,434",1,10.0,2.0,Passenger car,1,"307,535",2023 Nov 30 06:50:00 AM,2023 Nov 30 12:50:00 PM,"19,895,788",False,False,False,HISPANIC,2.0,FEMALE,"620,742"
"801,990",4,21.0,2.0,Large passenger vehicle,2,"308,306",2023 Dec 07 12:40:00 PM,2023 Dec 07 06:40:00 PM,"19,909,756",False,False,False,HISPANIC,1.0,MALE,"622,343"
"802,560",1,50.0,1.0,Large passenger vehicle,2,"309,223",2023 Dec 11 09:37:00 AM,2023 Dec 11 03:37:00 PM,"19,929,074",False,False,False,WHITE,2.0,FEMALE,"624,221"
"802,561",1,51.0,3.0,Large passenger vehicle,2,"309,223",2023 Dec 11 09:37:00 AM,2023 Dec 11 03:37:00 PM,"19,929,074",False,False,False,BLACK,1.0,MALE,"624,221"
"802,562",4,50.0,1.0,Large passenger vehicle,2,"309,223",2023 Dec 11 09:37:00 AM,2023 Dec 11 03:37:00 PM,"19,929,074",False,False,False,WHITE,2.0,FEMALE,"624,221"
"803,310",1,15.0,2.0,Passenger car,1,"310,339",2023 Dec 27 01:08:00 AM,2023 Dec 27 07:08:00 AM,"19,952,716",False,False,False,HISPANIC,2.0,FEMALE,"626,461"
"803,311",1,15.0,2.0,Passenger car,1,"310,339",2023 Dec 27 01:08:00 AM,2023 Dec 27 07:08:00 AM,"19,952,716",False,False,False,HISPANIC,1.0,MALE,"626,461"
"803,391",4,30.0,2.0,Passenger car,1,"310,417",2023 Dec 30 11:36:00 AM,2023 Dec 30 05:36:00 PM,"19,954,063",False,False,False,HISPANIC,1.0,MALE,"626,625"
"803,522",1,22.0,2.0,Large passenger vehicle,2,"310,575",2023 Nov 30 01:15:00 PM,2023 Nov 30 07:15:00 PM,"19,963,833",False,False,False,HISPANIC,1.0,MALE,"626,949"
"803,669",1,25.0,2.0,Passenger car,1,"310,800",2023 Dec 31 08:24:00 AM,2023 Dec 31 02:24:00 PM,"19,954,136",False,True,False,HISPANIC,1.0,MALE,"627,420"
"803,695",4,51.0,2.0,Pedestrian,7,"310,816",2024 Jan 01 05:58:00 AM,2024 Jan 01 11:58:00 AM,"19,954,181",False,True,False,HISPANIC,1.0,MALE,"627,448"
"804,177",1,17.0,1.0,Bicycle,5,"311,088",2024 Jan 04 10:58:00 AM,2024 Jan 04 04:58:00 PM,"19,963,733",False,True,False,WHITE,1.0,MALE,"627,969"
"804,290",1,21.0,2.0,Passenger car,1,"311,147",2024 Jan 07 08:38:00 AM,2024 Jan 07 02:38:00 PM,"19,964,009",False,True,False,HISPANIC,1.0,MALE,"628,087"
"804,509",1,24.0,1.0,Motorcycle,3,"311,264",2024 Jan 09 10:40:00 AM,2024 Jan 09 04:40:00 PM,"19,966,531",False,True,False,WHITE,1.0,MALE,"628,318"
"804,513",1,75.0,1.0,Pedestrian,7,"311,266",2024 Jan 09 11:29:00 AM,2024 Jan 09 05:29:00 PM,"19,966,533",False,True,False,WHITE,1.0,MALE,"628,322"
"804,763",1,54.0,0.0,Passenger car,1,"311,395",2024 Jan 11 08:16:00 AM,2024 Jan 11 02:16:00 PM,"19,969,709",False,True,False,UNKNOWN,2.0,FEMALE,"628,587"
"804,868",1,36.0,1.0,Large passenger vehicle,2,"311,451",2024 Jan 11 02:46:00 PM,2024 Jan 11 08:46:00 PM,"19,971,084",False,True,False,WHITE,2.0,FEMALE,"628,699"
"804,869",1,78.0,1.0,Passenger car,1,"311,451",2024 Jan 11 02:46:00 PM,2024 Jan 11 08:46:00 PM,"19,971,084",False,True,False,WHITE,2.0,FEMALE,"628,700"
"805,269",1,15.0,2.0,Pedestrian,7,"311,657",2024 Jan 12 04:00:00 PM,2024 Jan 12 10:00:00 PM,"19,976,051",False,True,False,HISPANIC,1.0,MALE,"629,128"
"805,270",1,17.0,2.0,Pedestrian,7,"311,657",2024 Jan 12 04:00:00 PM,2024 Jan 12 10:00:00 PM,"19,976,051",False,True,False,HISPANIC,1.0,MALE,"629,129"
"805,298",1,28.0,3.0,Passenger car,1,"311,674",2024 Jan 14 09:47:00 AM,2024 Jan 14 03:47:00 PM,"19,976,137",False,True,False,BLACK,1.0,MALE,"629,164"
"805,462",4,52.0,1.0,Large passenger vehicle,2,"311,760",2024 Jan 16 01:54:00 PM,2024 Jan 16 07:54:00 PM,"19,979,079",False,True,False,WHITE,1.0,MALE,"629,343"
"805,633",1,19.0,2.0,Large passenger vehicle,2,"311,847",2024 Jan 18 09:00:00 AM,2024 Jan 18 03:00:00 PM,"19,980,951",False,True,False,HISPANIC,1.0,MALE,"629,527"
"805,756",1,29.0,1.0,Passenger car,1,"311,913",2024 Jan 18 05:39:00 PM,2024 Jan 18 11:39:00 PM,"19,982,429",False,True,False,WHITE,2.0,FEMALE,"629,661"
"805,810",1,26.0,2.0,Large passenger vehicle,2,"311,939",2024 Jan 19 06:05:00 AM,2024 Jan 19 12:05:00 PM,"19,983,051",False,True,False,HISPANIC,1.0,MALE,"629,716"
"805,819",1,21.0,2.0,Large passenger vehicle,2,"311,943",2024 Jan 19 10:43:00 AM,2024 Jan 19 04:43:00 PM,"19,983,055",False,True,False,HISPANIC,1.0,MALE,"629,725"
"806,203",1,13.0,1.0,Pedestrian,7,"312,146",2024 Jan 07 05:24:00 PM,2024 Jan 07 11:24:00 PM,"19,988,557",False,True,False,WHITE,1.0,MALE,"630,137"
"806,312",1,29.0,2.0,Pedestrian,7,"312,205",2024 Jan 14 01:35:00 AM,2024 Jan 14 07:35:00 AM,"19,988,702",False,True,False,HISPANIC,2.0,FEMALE,"630,258"
"806,329",1,49.0,3.0,Passenger car,1,"312,217",2024 Jan 22 05:40:00 AM,2024 Jan 22 11:40:00 AM,"19,988,743",False,True,False,BLACK,1.0,MALE,"630,276"
"806,330",1,46.0,2.0,Passenger car,1,"312,217",2024 Jan 22 05:40:00 AM,2024 Jan 22 11:40:00 AM,"19,988,743",False,True,False,HISPANIC,1.0,MALE,"630,277"
"806,378",1,45.0,1.0,Pedestrian,7,"312,244",2024 Jan 22 10:14:00 PM,2024 Jan 23 04:14:00 AM,"19,988,794",False,True,False,WHITE,1.0,MALE,"630,327"
"806,454",1,44.0,2.0,Large passenger vehicle,2,"312,288",2024 Jan 17 01:10:00 AM,2024 Jan 17 07:10:00 AM,"19,989,964",False,True,False,HISPANIC,2.0,FEMALE,"630,407"
"806,655",1,36.0,3.0,Large passenger vehicle,2,"312,401",2024 Jan 20 02:40:00 AM,2024 Jan 20 08:40:00 AM,"19,992,394",False,True,False,BLACK,1.0,MALE,"630,622"
"806,779",1,53.0,1.0,Passenger car,1,"312,469",2024 Jan 25 05:27:00 AM,2024 Jan 25 11:27:00 AM,"19,994,042",False,True,False,WHITE,1.0,MALE,"630,753"
"807,240",1,18.0,2.0,Pedestrian,7,"312,707",2024 Jan 27 10:28:00 PM,2024 Jan 28 04:28:00 AM,"19,998,864",False,True,False,HISPANIC,1.0,MALE,"631,240"
"807,294",1,62.0,2.0,Passenger car,1,"312,733",2024 Jan 29 08:41:00 AM,2024 Jan 29 02:41:00 PM,"19,998,984",False,True,False,HISPANIC,2.0,FEMALE,"631,298"
"807,295",1,38.0,4.0,Large passenger vehicle,2,"312,733",2024 Jan 29 08:41:00 AM,2024 Jan 29 02:41:00 PM,"19,998,984",False,True,False,ASIAN,2.0,FEMALE,"631,299"
"807,430",1,28.0,1.0,Passenger car,1,"312,811",2024 Jan 17 02:26:00 AM,2024 Jan 17 08:26:00 AM,"20,000,714",False,True,False,WHITE,1.0,MALE,"631,453"
"807,684",1,74.0,3.0,Passenger car,1,"312,939",2024 Jan 31 11:39:00 AM,2024 Jan 31 05:39:00 PM,"20,003,212",False,True,False,BLACK,1.0,MALE,"631,728"
"807,788",1,31.0,1.0,Pedestrian,7,"312,987",2024 Jan 31 09:57:00 PM,2024 Feb 01 03:57:00 AM,"20,004,259",False,True,False,WHITE,1.0,MALE,"631,837"
"807,839",4,39.0,1.0,Pedestrian,7,"313,014",2024 Feb 01 07:05:00 AM,2024 Feb 01 01:05:00 PM,"20,004,960",False,True,False,WHITE,1.0,MALE,"631,890"
"807,976",1,63.0,1.0,Large passenger vehicle,2,"313,084",2024 Feb 02 07:32:00 AM,2024 Feb 02 01:32:00 PM,"20,006,129",False,True,False,WHITE,2.0,FEMALE,"632,035"
"808,226",1,31.0,2.0,Passenger car,1,"313,212",2024 Jan 22 12:34:00 PM,2024 Jan 22 06:34:00 PM,"20,010,086",False,True,False,HISPANIC,1.0,MALE,"632,305"
"808,506",4,43.0,2.0,Large passenger vehicle,2,"313,362",2024 Feb 05 06:46:00 AM,2024 Feb 05 12:46:00 PM,"20,012,689",False,True,False,HISPANIC,1.0,MALE,"632,607"
"808,531",1,33.0,2.0,Passenger car,1,"313,374",2024 Feb 05 05:00:00 PM,2024 Feb 05 11:00:00 PM,"20,012,729",False,True,False,HISPANIC,1.0,MALE,"632,633"
"808,546",1,,2.0,Pedestrian,7,"313,382",2024 Feb 05 06:54:00 PM,2024 Feb 06 12:54:00 AM,"20,012,737",False,True,False,HISPANIC,2.0,FEMALE,"632,648"
"808,717",1,70.0,1.0,Pedestrian,7,"313,468",2024 Feb 06 01:27:00 PM,2024 Feb 06 07:27:00 PM,"20,015,090",False,True,False,WHITE,1.0,MALE,"632,837"
"809,244",1,44.0,2.0,Passenger car,1,"313,745",2024 Feb 03 10:59:00 AM,2024 Feb 03 04:59:00 PM,"20,021,220",False,True,False,HISPANIC,2.0,FEMALE,"633,399"
"809,345",1,26.0,1.0,E-scooter,11,"313,805",2024 Feb 10 08:59:00 PM,2024 Feb 11 02:59:00 AM,"20,021,355",False,True,False,WHITE,1.0,MALE,"633,506"
"809,361",1,31.0,1.0,E-scooter,11,"313,817",2024 Feb 11 02:49:00 AM,2024 Feb 11 08:49:00 AM,"20,021,369",False,True,False,WHITE,2.0,FEMALE,"633,525"
"809,966",1,30.0,1.0,Pedestrian,7,"314,137",2024 Feb 14 07:05:00 PM,2024 Feb 15 01:05:00 AM,"20,027,632",False,True,False,WHITE,2.0,FEMALE,"634,162"
"809,971",4,54.0,1.0,Pedestrian,7,"314,139",2024 Feb 14 02:27:00 AM,2024 Feb 14 08:27:00 AM,"20,027,634",False,True,False,WHITE,1.0,MALE,"634,167"
"811,267",4,35.0,1.0,Motorcycle,3,"314,816",2024 Feb 16 06:09:00 AM,2024 Feb 16 12:09:00 PM,"20,046,726",False,True,False,WHITE,1.0,MALE,"635,571"
"811,370",1,75.0,1.0,Large passenger vehicle,2,"314,867",2024 Feb 16 10:52:00 AM,2024 Feb 16 04:52:00 PM,"20,046,934",False,True,False,WHITE,1.0,MALE,"635,685"
"811,542",1,22.0,2.0,Passenger car,1,"314,949",2024 Feb 20 01:15:00 PM,2024 Feb 20 07:15:00 PM,"20,047,239",False,True,False,HISPANIC,1.0,MALE,"635,867"
"811,846",1,26.0,1.0,Passenger car,1,"315,104",2024 Feb 25 10:02:00 PM,2024 Feb 26 04:02:00 AM,"20,047,626",False,True,False,WHITE,1.0,MALE,"636,190"
"811,855",1,27.0,2.0,Bicycle,5,"315,111",2024 Feb 25 12:26:00 PM,2024 Feb 25 06:26:00 PM,"20,047,661",False,True,False,HISPANIC,1.0,MALE,"636,204"
"811,863",1,67.0,1.0,Bicycle,5,"315,115",2024 Feb 26 09:22:00 AM,2024 Feb 26 03:22:00 PM,"20,047,665",False,True,False,WHITE,1.0,MALE,"636,212"
"811,869",1,19.0,2.0,Large passenger vehicle,2,"315,119",2024 Feb 26 10:29:00 AM,2024 Feb 26 04:29:00 PM,"20,047,670",False,True,False,HISPANIC,2.0,FEMALE,"636,219"
"811,925",4,38.0,1.0,Pedestrian,7,"315,148",2024 Feb 15 01:51:00 PM,2024 Feb 15 07:51:00 PM,"20,047,757",False,True,False,WHITE,1.0,MALE,"636,281"
"812,031",1,25.0,3.0,Passenger car,1,"315,198",2024 Feb 28 12:47:00 AM,2024 Feb 28 06:47:00 AM,"20,049,320",False,True,False,BLACK,1.0,MALE,"636,393"
"812,204",1,43.0,2.0,Pedestrian,7,"315,288",2024 Feb 26 06:20:00 AM,2024 Feb 26 12:20:00 PM,"20,051,868",False,True,False,HISPANIC,1.0,MALE,"636,577"
"812,636",1,26.0,2.0,Passenger car,1,"315,514",2024 Mar 01 09:00:00 AM,2024 Mar 01 03:00:00 PM,"20,056,138",False,True,False,HISPANIC,2.0,FEMALE,"637,042"
"812,662",1,25.0,1.0,Large passenger vehicle,2,"315,524",2024 Mar 01 01:49:00 PM,2024 Mar 01 07:49:00 PM,"20,056,148",False,True,False,WHITE,2.0,FEMALE,"637,070"
"812,665",1,67.0,1.0,Motorcycle,3,"315,526",2024 Mar 01 03:22:00 PM,2024 Mar 01 09:22:00 PM,"20,056,150",False,True,False,WHITE,1.0,MALE,"637,073"
"812,671",1,36.0,2.0,Bicycle,5,"315,528",2024 Feb 29 06:35:00 PM,2024 Mar 01 12:35:00 AM,"20,056,152",False,True,False,HISPANIC,1.0,MALE,"637,079"
"812,764",1,53.0,1.0,Bicycle,5,"315,575",2024 Mar 02 07:25:00 PM,2024 Mar 03 01:25:00 AM,"20,056,263",False,True,False,WHITE,1.0,MALE,"637,173"
"812,768",1,23.0,2.0,Large passenger vehicle,2,"315,577",2024 Mar 02 07:21:00 PM,2024 Mar 03 01:21:00 AM,"20,056,265",False,True,False,HISPANIC,2.0,FEMALE,"637,177"
"812,769",1,43.0,2.0,Large passenger vehicle,2,"315,577",2024 Mar 02 07:21:00 PM,2024 Mar 03 01:21:00 AM,"20,056,265",False,True,False,HISPANIC,1.0,MALE,"637,178"
"812,880",1,58.0,2.0,Passenger car,1,"315,641",2024 Mar 02 12:45:00 AM,2024 Mar 02 06:45:00 AM,"20,057,166",False,True,False,HISPANIC,1.0,MALE,"637,298"
"812,884",1,33.0,1.0,Large passenger vehicle,2,"315,643",2024 Mar 03 12:21:00 PM,2024 Mar 03 06:21:00 PM,"20,057,169",False,True,False,WHITE,1.0,MALE,"637,303"
"813,141",1,70.0,1.0,Pedestrian,7,"315,775",2024 Mar 04 09:33:00 PM,2024 Mar 05 03:33:00 AM,"20,060,124",False,True,False,WHITE,2.0,FEMALE,"637,578"
"813,440",1,55.0,1.0,Passenger car,1,"315,937",2024 Mar 06 10:40:00 AM,2024 Mar 06 04:40:00 PM,"20,063,366",False,True,False,WHITE,2.0,FEMALE,"637,897"
"813,572",1,20.0,1.0,Bicycle,5,"316,000",2024 Feb 28 09:07:00 AM,2024 Feb 28 03:07:00 PM,"20,065,205",False,True,False,WHITE,1.0,MALE,"638,036"
"813,603",1,30.0,2.0,Passenger car,1,"316,018",2024 Mar 07 09:37:00 PM,2024 Mar 08 03:37:00 AM,"20,065,336",False,True,False,HISPANIC,1.0,MALE,"638,069"
"814,883",1,57.0,1.0,Pedestrian,7,"316,724",2024 Mar 11 03:46:00 AM,2024 Mar 11 08:46:00 AM,"20,083,181",False,True,False,WHITE,1.0,MALE,"639,440"
"815,035",1,34.0,1.0,Pedestrian,7,"316,804",2024 Mar 09 07:27:00 PM,2024 Mar 10 01:27:00 AM,"20,083,434",False,True,False,WHITE,1.0,MALE,"639,615"
"815,179",4,26.0,3.0,Pedestrian,7,"316,882",2024 Mar 12 01:09:00 AM,2024 Mar 12 06:09:00 AM,"20,083,635",False,True,False,BLACK,1.0,MALE,"639,776"
"815,180",1,34.0,1.0,Pedestrian,7,"316,882",2024 Mar 12 01:09:00 AM,2024 Mar 12 06:09:00 AM,"20,083,635",False,True,False,WHITE,1.0,MALE,"639,777"
"815,216",4,63.0,1.0,Pedestrian,7,"316,898",2024 Mar 14 07:57:00 PM,2024 Mar 15 12:57:00 AM,"20,083,651",False,True,False,WHITE,1.0,MALE,"639,817"
"815,219",4,30.0,3.0,Passenger car,1,"316,900",2024 Mar 15 06:17:00 AM,2024 Mar 15 11:17:00 AM,"20,083,653",False,True,False,BLACK,1.0,MALE,"639,820"
"815,310",4,88.0,1.0,Passenger car,1,"316,955",2024 Mar 17 01:58:00 PM,2024 Mar 17 06:58:00 PM,"20,083,812",False,True,False,WHITE,1.0,MALE,"639,930"
"815,368",1,26.0,2.0,Large passenger vehicle,2,"316,986",2024 Mar 19 06:51:00 AM,2024 Mar 19 11:51:00 AM,"20,083,891",False,True,False,HISPANIC,1.0,MALE,"639,993"
"815,493",1,27.0,2.0,Passenger car,1,"317,046",2024 Mar 18 01:46:00 AM,2024 Mar 18 06:46:00 AM,"20,085,483",False,True,False,HISPANIC,2.0,FEMALE,"640,123"
"815,494",1,27.0,2.0,Passenger car,1,"317,046",2024 Mar 18 01:46:00 AM,2024 Mar 18 06:46:00 AM,"20,085,483",False,True,False,HISPANIC,2.0,FEMALE,"640,124"
"815,530",1,32.0,5.0,Passenger car,1,"317,067",2024 Mar 20 07:00:00 AM,2024 Mar 20 12:00:00 PM,"20,085,529",False,True,False,OTHER,1.0,MALE,"640,164"
"815,685",1,34.0,2.0,Passenger car,1,"317,153",2024 Mar 21 06:44:00 AM,2024 Mar 21 11:44:00 AM,"20,087,605",False,True,False,HISPANIC,1.0,MALE,"640,327"
"815,805",1,22.0,3.0,Passenger car,1,"317,216",2024 Mar 21 05:40:00 PM,2024 Mar 21 10:40:00 PM,"20,088,732",False,True,False,BLACK,1.0,MALE,"640,457"
"816,209",1,27.0,4.0,Bicycle,5,"317,430",2024 Mar 23 02:26:00 AM,2024 Mar 23 07:26:00 AM,"20,093,620",False,True,False,ASIAN,1.0,MALE,"640,894"
"816,223",4,32.0,1.0,Pedestrian,7,"317,438",2024 Mar 23 05:04:00 AM,2024 Mar 23 10:04:00 AM,"20,093,628",False,True,False,WHITE,1.0,MALE,"640,908"
"816,324",1,25.0,1.0,Passenger car,1,"317,491",2024 Mar 24 08:03:00 PM,2024 Mar 25 01:03:00 AM,"20,094,097",False,True,False,WHITE,1.0,MALE,"641,018"
"816,391",1,53.0,4.0,Passenger car,1,"317,530",2024 Mar 25 08:24:00 PM,2024 Mar 26 01:24:00 AM,"20,095,302",False,True,False,ASIAN,1.0,MALE,"641,090"
"816,466",1,33.0,1.0,Motorcycle,3,"317,573",2024 Mar 26 12:31:00 PM,2024 Mar 26 05:31:00 PM,"20,096,325",False,True,False,WHITE,1.0,MALE,"641,174"
"816,563",4,40.0,2.0,Pedestrian,7,"317,624",2024 Mar 02 10:26:00 PM,2024 Mar 03 04:26:00 AM,"20,097,715",False,True,False,HISPANIC,1.0,MALE,"641,275"
"816,567",4,60.0,1.0,Large passenger vehicle,2,"317,627",2024 Mar 22 09:33:00 PM,2024 Mar 23 02:33:00 AM,"20,097,876",False,True,False,WHITE,2.0,FEMALE,"641,280"
"816,568",1,48.0,1.0,Large passenger vehicle,2,"317,627",2024 Mar 22 09:33:00 PM,2024 Mar 23 02:33:00 AM,"20,097,876",False,True,False,WHITE,1.0,MALE,"641,281"
"816,626",1,39.0,1.0,Bicycle,5,"317,656",2024 Mar 25 06:30:00 AM,2024 Mar 25 11:30:00 AM,"20,098,427",False,True,False,WHITE,1.0,MALE,"641,346"
"816,753",1,52.0,1.0,Motorcycle,3,"317,715",2024 Mar 04 12:18:00 PM,2024 Mar 04 06:18:00 PM,"20,099,902",False,True,False,WHITE,1.0,MALE,"641,477"
"817,285",1,30.0,1.0,Passenger car,1,"317,998",2024 Mar 31 12:57:00 PM,2024 Mar 31 05:57:00 PM,"20,105,011",False,True,False,WHITE,1.0,MALE,"642,040"
"817,286",1,30.0,2.0,Large passenger vehicle,2,"317,998",2024 Mar 31 12:57:00 PM,2024 Mar 31 05:57:00 PM,"20,105,011",False,True,False,HISPANIC,1.0,MALE,"642,041"
"818,003",1,8.0,2.0,Pedestrian,7,"318,368",2024 Mar 24 09:01:00 PM,2024 Mar 25 02:01:00 AM,"20,112,244",False,True,False,HISPANIC,2.0,FEMALE,"642,812"
"818,015",1,52.0,1.0,Motorcycle,3,"318,373",2024 Apr 04 08:56:00 AM,2024 Apr 04 01:56:00 PM,"20,112,252",False,True,False,WHITE,1.0,MALE,"642,824"
"818,562",1,40.0,2.0,Bicycle,5,"318,656",2024 Apr 05 07:13:00 PM,2024 Apr 06 12:13:00 AM,"20,117,561",False,True,False,HISPANIC,1.0,MALE,"643,418"
"818,584",1,44.0,3.0,Bicycle,5,"318,668",2024 Apr 05 11:01:00 PM,2024 Apr 06 04:01:00 AM,"20,117,687",False,True,False,BLACK,1.0,MALE,"643,442"
"818,638",4,24.0,2.0,Passenger car,1,"318,699",2024 Apr 07 07:34:00 AM,2024 Apr 07 12:34:00 PM,"20,117,822",False,True,False,HISPANIC,1.0,MALE,"643,501"
"819,334",4,31.0,1.0,Pedestrian,7,"319,075",2024 Apr 10 08:42:00 PM,2024 Apr 11 01:42:00 AM,"20,125,801",False,True,False,WHITE,1.0,MALE,"644,249"
"819,363",4,37.0,1.0,Pedestrian,7,"319,090",2024 Apr 12 02:26:00 AM,2024 Apr 12 07:26:00 AM,"20,125,816",False,True,False,WHITE,1.0,MALE,"644,282"
"819,427",1,73.0,1.0,Passenger car,1,"319,125",2024 Apr 12 09:06:00 AM,2024 Apr 12 02:06:00 PM,"20,126,190",False,True,False,WHITE,2.0,FEMALE,"644,349"
"819,462",1,55.0,1.0,Motorcycle,3,"319,142",2024 Apr 12 02:49:00 PM,2024 Apr 12 07:49:00 PM,"20,126,761",False,True,False,WHITE,1.0,MALE,"644,385"
"819,543",1,43.0,2.0,Motorcycle,3,"319,187",2024 Apr 11 03:59:00 PM,2024 Apr 11 08:59:00 PM,"20,127,758",False,True,False,HISPANIC,1.0,MALE,"644,473"
"819,884",1,18.0,1.0,Motorcycle,3,"319,371",2024 Apr 14 03:07:00 PM,2024 Apr 14 08:07:00 PM,"20,130,102",False,True,False,WHITE,1.0,MALE,"644,843"
"819,896",1,68.0,1.0,Bicycle,5,"319,378",2024 Apr 13 04:23:00 PM,2024 Apr 13 09:23:00 PM,"20,130,109",False,True,False,WHITE,1.0,MALE,"644,855"
"820,037",1,37.0,3.0,Passenger car,1,"319,448",2024 Apr 15 01:05:00 PM,2024 Apr 15 06:05:00 PM,"20,131,981",False,True,False,BLACK,1.0,MALE,"645,007"
"820,197",1,26.0,4.0,Passenger car,1,"319,525",2024 Apr 13 01:45:00 AM,2024 Apr 13 06:45:00 AM,"20,134,091",False,True,False,ASIAN,2.0,FEMALE,"645,184"
"820,237",1,,1.0,Bicycle,5,"319,544",2024 Apr 17 03:00:00 AM,2024 Apr 17 08:00:00 AM,"20,134,176",False,True,False,WHITE,1.0,MALE,"645,228"
"820,544",1,25.0,3.0,Passenger car,1,"319,702",2024 Apr 18 01:27:00 PM,2024 Apr 18 06:27:00 PM,"20,138,246",False,True,False,BLACK,2.0,FEMALE,"645,558"
"820,921",1,42.0,1.0,Passenger car,1,"319,908",2024 Apr 11 04:16:00 PM,2024 Apr 11 09:16:00 PM,"20,144,539",False,True,False,WHITE,1.0,MALE,"645,961"
"820,975",1,48.0,0.0,Passenger car,1,"319,939",2024 Apr 20 01:40:00 PM,2024 Apr 20 06:40:00 PM,"20,145,304",False,True,False,UNKNOWN,2.0,FEMALE,"646,023"
"821,017",1,33.0,2.0,Passenger car,1,"319,962",2024 Apr 09 12:19:00 AM,2024 Apr 09 05:19:00 AM,"20,145,389",False,True,False,HISPANIC,2.0,FEMALE,"646,067"
"821,076",1,38.0,3.0,Pedestrian,7,"319,992",2024 Apr 19 08:46:00 PM,2024 Apr 20 01:46:00 AM,"20,145,542",False,True,False,BLACK,1.0,MALE,"646,131"
"821,165",1,37.0,1.0,Passenger car,1,"320,038",2024 Apr 21 06:21:00 PM,2024 Apr 21 11:21:00 PM,"20,145,626",False,True,False,WHITE,1.0,MALE,"646,225"
"821,222",1,11.0,1.0,Bicycle,5,"320,068",2024 Apr 22 06:30:00 PM,2024 Apr 22 11:30:00 PM,"20,145,683",False,True,False,WHITE,1.0,MALE,"646,283"
"821,325",1,33.0,1.0,Large passenger vehicle,2,"320,117",2024 Apr 20 11:23:00 PM,2024 Apr 21 04:23:00 AM,"20,146,440",False,True,False,WHITE,1.0,MALE,"646,391"
"821,341",1,55.0,1.0,Motorcycle,3,"320,127",2024 Apr 21 04:33:00 PM,2024 Apr 21 09:33:00 PM,"20,146,744",False,True,False,WHITE,1.0,MALE,"646,408"
"821,391",1,29.0,4.0,Large passenger vehicle,2,"320,155",2024 Apr 24 12:03:00 PM,2024 Apr 24 05:03:00 PM,"20,147,503",False,True,False,ASIAN,1.0,MALE,"646,462"
"822,187",1,39.0,2.0,Pedestrian,7,"320,579",2024 Apr 27 10:15:00 PM,2024 Apr 28 03:15:00 AM,"20,157,475",False,True,False,HISPANIC,1.0,MALE,"647,317"
"822,345",1,74.0,1.0,Passenger car,1,"320,665",2024 Apr 10 02:12:00 PM,2024 Apr 10 07:12:00 PM,"20,158,940",False,True,False,WHITE,2.0,FEMALE,"647,487"
"822,637",1,44.0,3.0,Passenger car,1,"320,818",2024 Apr 29 10:08:00 PM,2024 Apr 30 03:08:00 AM,"20,162,304",False,True,False,BLACK,2.0,FEMALE,"647,791"
"822,678",1,19.0,2.0,Passenger car,1,"320,834",2024 May 02 12:16:00 AM,2024 May 02 05:16:00 AM,"20,162,321",False,True,False,HISPANIC,2.0,FEMALE,"647,833"
"822,680",1,60.0,3.0,Motorcycle,3,"320,835",2024 May 02 08:32:00 PM,2024 May 03 01:32:00 AM,"20,162,322",False,True,False,BLACK,1.0,MALE,"647,835"
"822,736",1,53.0,2.0,Large passenger vehicle,2,"320,866",2024 May 03 06:29:00 AM,2024 May 03 11:29:00 AM,"20,162,784",False,True,False,HISPANIC,1.0,MALE,"647,894"
"822,751",1,42.0,2.0,Motorcycle,3,"320,873",2024 May 03 11:55:00 AM,2024 May 03 04:55:00 PM,"20,162,810",False,True,False,HISPANIC,1.0,MALE,"647,910"
"823,094",1,43.0,1.0,Motorcycle,3,"321,057",2024 May 01 02:49:00 PM,2024 May 01 07:49:00 PM,"20,167,073",False,True,False,WHITE,1.0,MALE,"648,278"
"823,168",1,19.0,2.0,Passenger car,1,"321,099",2024 May 05 09:00:00 PM,2024 May 06 02:00:00 AM,"20,167,175",False,True,False,HISPANIC,1.0,MALE,"648,361"
"823,175",1,30.0,2.0,Passenger car,1,"321,103",2024 May 06 02:23:00 AM,2024 May 06 07:23:00 AM,"20,167,179",False,True,False,HISPANIC,2.0,FEMALE,"648,368"
"823,500",1,32.0,2.0,Passenger car,1,"321,274",2024 May 07 06:02:00 PM,2024 May 07 11:02:00 PM,"20,170,907",False,True,False,HISPANIC,2.0,FEMALE,"648,709"
"823,691",1,58.0,2.0,Motorcycle,3,"321,372",2024 May 08 05:13:00 PM,2024 May 08 10:13:00 PM,"20,172,516",False,True,False,HISPANIC,1.0,MALE,"648,919"
"823,702",1,22.0,3.0,Motorcycle,3,"321,377",2024 May 08 11:58:00 PM,2024 May 09 04:58:00 AM,"20,172,521",False,True,False,BLACK,1.0,MALE,"648,931"
"823,767",1,30.0,2.0,Motorcycle,3,"321,410",2024 May 05 11:53:00 PM,2024 May 06 04:53:00 AM,"20,173,285",False,True,False,HISPANIC,1.0,MALE,"649,000"
"823,893",1,22.0,4.0,Motorcycle,3,"321,482",2024 May 03 10:18:00 PM,2024 May 04 03:18:00 AM,"20,174,349",False,True,False,ASIAN,1.0,MALE,"649,142"
"823,977",1,22.0,3.0,Large passenger vehicle,2,"321,526",2024 May 09 06:54:00 AM,2024 May 09 11:54:00 AM,"20,175,109",False,True,False,BLACK,2.0,FEMALE,"649,233"
"823,982",1,55.0,1.0,Motorcycle,3,"321,528",2024 May 10 01:05:00 PM,2024 May 10 06:05:00 PM,"20,175,111",False,True,False,WHITE,1.0,MALE,"649,238"
"824,219",1,37.0,1.0,Passenger car,1,"321,664",2024 May 10 03:04:00 PM,2024 May 10 08:04:00 PM,"20,179,352",False,True,False,WHITE,2.0,FEMALE,"649,499"
"824,301",1,19.0,2.0,Passenger car,1,"321,706",2024 May 11 10:16:00 PM,2024 May 12 03:16:00 AM,"20,179,476",False,True,False,HISPANIC,2.0,FEMALE,"649,588"
"824,419",1,48.0,2.0,Large passenger vehicle,2,"321,770",2024 Apr 30 06:49:00 AM,2024 Apr 30 11:49:00 AM,"20,181,034",False,True,False,HISPANIC,1.0,MALE,"649,710"
"824,484",1,53.0,1.0,Large passenger vehicle,2,"321,804",2024 May 13 04:26:00 PM,2024 May 13 09:26:00 PM,"20,181,815",False,True,False,WHITE,1.0,MALE,"649,789"
"824,485",1,45.0,2.0,Large passenger vehicle,2,"321,804",2024 May 13 04:26:00 PM,2024 May 13 09:26:00 PM,"20,181,815",False,True,False,HISPANIC,1.0,MALE,"649,790"
"824,618",1,25.0,1.0,Motorcycle,3,"321,873",2024 May 14 05:46:00 PM,2024 May 14 10:46:00 PM,"20,182,872",False,True,False,WHITE,1.0,MALE,"649,931"
"824,768",1,62.0,1.0,Pedestrian,7,"321,950",2024 May 14 08:55:00 PM,2024 May 15 01:55:00 AM,"20,184,776",False,True,False,WHITE,1.0,MALE,"650,092"
"824,771",1,26.0,2.0,Motorcycle,3,"321,952",2024 May 14 09:59:00 PM,2024 May 15 02:59:00 AM,"20,184,778",False,True,False,HISPANIC,1.0,MALE,"650,095"
"824,864",4,53.0,3.0,Motorcycle,3,"322,002",2024 May 10 09:27:00 PM,2024 May 11 02:27:00 AM,"20,185,517",False,True,False,BLACK,1.0,MALE,"650,191"
"824,870",1,42.0,2.0,Large passenger vehicle,2,"322,005",2024 May 16 10:52:00 AM,2024 May 16 03:52:00 PM,"20,185,520",False,True,False,HISPANIC,1.0,MALE,"650,198"
"824,880",4,24.0,2.0,Pedestrian,7,"322,010",2024 May 10 03:56:00 PM,2024 May 10 08:56:00 PM,"20,185,682",False,True,False,HISPANIC,1.0,MALE,"650,208"
"824,995",1,22.0,2.0,Passenger car,1,"322,072",2024 May 16 05:11:00 PM,2024 May 16 10:11:00 PM,"20,186,593",False,True,False,HISPANIC,2.0,FEMALE,"650,329"
"824,999",4,15.0,1.0,Passenger car,1,"322,074",2024 May 17 01:36:00 AM,2024 May 17 06:36:00 AM,"20,186,595",False,True,False,WHITE,2.0,FEMALE,"650,333"
"825,279",1,43.0,1.0,Passenger car,1,"322,227",2024 May 17 10:54:00 AM,2024 May 17 03:54:00 PM,"20,190,927",False,True,False,WHITE,1.0,MALE,"650,642"
"825,280",1,45.0,1.0,Passenger car,1,"322,227",2024 May 17 10:54:00 AM,2024 May 17 03:54:00 PM,"20,190,927",False,True,False,WHITE,1.0,MALE,"650,643"
"825,341",1,27.0,2.0,Passenger car,1,"322,256",2024 May 17 01:13:00 PM,2024 May 17 06:13:00 PM,"20,191,046",False,True,False,HISPANIC,2.0,FEMALE,"650,708"
"825,449",1,28.0,1.0,Passenger car,1,"322,311",2024 May 18 03:56:00 PM,2024 May 18 08:56:00 PM,"20,191,199",False,True,False,WHITE,2.0,FEMALE,"650,826"
"825,610",1,32.0,2.0,Passenger car,1,"322,395",2024 May 05 10:10:00 PM,2024 May 06 03:10:00 AM,"20,192,423",False,True,False,HISPANIC,1.0,MALE,"651,006"
"825,965",1,27.0,1.0,Pedestrian,7,"322,582",2024 May 16 07:01:00 PM,2024 May 17 12:01:00 AM,"20,195,752",False,True,False,WHITE,2.0,FEMALE,"651,383"
"825,978",4,71.0,1.0,Large passenger vehicle,2,"322,588",2024 May 21 07:27:00 PM,2024 May 22 12:27:00 AM,"20,195,758",False,True,False,WHITE,1.0,MALE,"651,396"
"826,319",1,33.0,2.0,Large passenger vehicle,2,"322,771",2024 May 23 01:56:00 PM,2024 May 23 06:56:00 PM,"20,199,481",False,True,False,HISPANIC,1.0,MALE,"651,763"
"826,747",1,59.0,,Pedestrian,7,"322,989",2024 May 23 10:02:00 AM,2024 May 23 03:02:00 PM,"20,206,179",False,True,False,,1.0,MALE,"652,224"
"826,752",4,41.0,1.0,Pedestrian,7,"322,992",2024 May 23 09:48:00 PM,2024 May 24 02:48:00 AM,"20,206,182",False,True,False,WHITE,1.0,MALE,"652,229"
"826,795",1,38.0,1.0,Large passenger vehicle,2,"323,011",2024 May 24 11:21:00 PM,2024 May 25 04:21:00 AM,"20,206,242",False,True,False,WHITE,2.0,FEMALE,"652,276"
"826,834",1,22.0,2.0,Motorcycle,3,"323,033",2024 May 25 06:25:00 PM,2024 May 25 11:25:00 PM,"20,206,309",False,True,False,HISPANIC,2.0,FEMALE,"652,318"
"826,846",1,81.0,1.0,Passenger car,1,"323,039",2024 May 24 10:42:00 PM,2024 May 25 03:42:00 AM,"20,206,315",False,True,False,WHITE,1.0,MALE,"652,332"
"826,911",1,63.0,1.0,Motorcycle,3,"323,075",2024 May 27 07:40:00 PM,2024 May 28 12:40:00 AM,"20,206,453",False,True,False,WHITE,1.0,MALE,"652,406"
"826,930",1,23.0,1.0,Motorcycle,3,"323,086",2024 May 28 08:02:00 AM,2024 May 28 01:02:00 PM,"20,206,465",False,True,False,WHITE,1.0,MALE,"652,425"
"827,101",1,78.0,1.0,Bicycle,5,"323,175",2024 May 28 11:38:00 AM,2024 May 28 04:38:00 PM,"20,208,159",False,True,False,WHITE,1.0,MALE,"652,605"
"827,106",1,58.0,3.0,Bicycle,5,"323,178",2024 May 28 03:16:00 PM,2024 May 28 08:16:00 PM,"20,208,162",False,True,False,BLACK,2.0,FEMALE,"652,611"
"827,113",1,31.0,2.0,Large passenger vehicle,2,"323,182",2024 May 28 07:03:00 PM,2024 May 29 12:03:00 AM,"20,208,166",False,True,False,HISPANIC,2.0,FEMALE,"652,618"
"827,466",1,31.0,1.0,Passenger car,1,"323,368",2024 May 30 04:50:00 PM,2024 May 30 09:50:00 PM,"20,211,834",False,True,False,WHITE,1.0,MALE,"652,999"
"827,510",1,35.0,2.0,Passenger car,1,"323,394",2024 May 31 10:49:00 AM,2024 May 31 03:49:00 PM,"20,212,275",False,True,False,HISPANIC,1.0,MALE,"653,047"
"827,873",4,61.0,3.0,Passenger car,1,"323,590",2024 May 25 09:08:00 PM,2024 May 26 02:08:00 AM,"20,216,750",False,True,False,BLACK,2.0,FEMALE,"653,439"
"827,876",4,32.0,2.0,Passenger car,1,"323,591",2024 May 27 11:38:00 PM,2024 May 28 04:38:00 AM,"20,216,751",False,True,False,HISPANIC,2.0,FEMALE,"653,443"
"827,930",1,26.0,1.0,Motorcycle,3,"323,616",2024 Jun 01 01:10:00 PM,2024 Jun 01 06:10:00 PM,"20,216,806",False,True,False,WHITE,1.0,MALE,"653,498"
"827,946",1,18.0,2.0,Passenger car,1,"323,623",2024 Jun 01 02:03:00 PM,2024 Jun 01 07:03:00 PM,"20,216,813",False,True,False,HISPANIC,1.0,MALE,"653,514"
"827,949",1,19.0,3.0,Motorcycle,3,"323,626",2024 Jun 02 11:23:00 AM,2024 Jun 02 04:23:00 PM,"20,216,820",False,True,False,BLACK,1.0,MALE,"653,517"
"828,034",1,21.0,2.0,Large passenger vehicle,2,"323,673",2024 May 29 08:30:00 PM,2024 May 30 01:30:00 AM,"20,217,847",False,True,False,HISPANIC,2.0,FEMALE,"653,614"
"828,095",1,26.0,1.0,Bicycle,5,"323,703",2024 Jun 02 08:58:00 PM,2024 Jun 03 01:58:00 AM,"20,217,926",False,True,False,WHITE,1.0,MALE,"653,677"
"828,330",1,36.0,2.0,Bicycle,5,"323,828",2024 Jun 01 05:22:00 PM,2024 Jun 01 10:22:00 PM,"20,221,522",False,True,False,HISPANIC,1.0,MALE,"653,927"
"828,412",1,21.0,1.0,Motorcycle,3,"323,869",2024 May 24 07:33:00 AM,2024 May 24 12:33:00 PM,"20,222,686",False,True,False,WHITE,1.0,MALE,"654,017"
"828,905",4,27.0,1.0,Motorcycle,3,"324,127",2024 Jun 08 09:24:00 PM,2024 Jun 09 02:24:00 AM,"20,228,657",False,True,False,WHITE,1.0,MALE,"654,551"
"829,278",1,45.0,5.0,Passenger car,1,"324,327",2024 Jun 09 03:13:00 AM,2024 Jun 09 08:13:00 AM,"20,232,293",False,True,False,OTHER,1.0,MALE,"654,964"
"829,363",1,30.0,1.0,Passenger car,1,"324,369",2024 Jun 12 08:51:00 AM,2024 Jun 12 01:51:00 PM,"20,232,847",False,True,False,WHITE,1.0,MALE,"655,052"
"829,515",4,,3.0,Pedestrian,7,"324,448",2024 Jun 04 06:00:00 AM,2024 Jun 04 11:00:00 AM,"20,234,653",False,True,False,BLACK,2.0,FEMALE,"655,222"
"829,900",1,28.0,3.0,Passenger car,1,"324,657",2024 Jun 08 11:25:00 PM,2024 Jun 09 04:25:00 AM,"20,240,927",False,True,False,BLACK,1.0,MALE,"655,640"
"830,332",1,13.0,2.0,Passenger car,1,"324,876",2024 Mar 26 01:53:00 AM,2024 Mar 26 06:53:00 AM,"20,245,004",False,True,False,HISPANIC,1.0,MALE,"656,109"
"831,103",1,32.0,1.0,Passenger car,1,"325,275",2024 Jun 17 08:02:00 AM,2024 Jun 17 01:02:00 PM,"20,252,236",False,True,False,WHITE,1.0,MALE,"656,927"
"831,533",1,52.0,2.0,Large passenger vehicle,2,"325,500",2024 Jun 25 04:58:00 PM,2024 Jun 25 09:58:00 PM,"20,256,049",False,True,False,HISPANIC,1.0,MALE,"657,399"
"831,582",4,75.0,1.0,Pedestrian,7,"325,526",2024 Jun 26 05:59:00 AM,2024 Jun 26 10:59:00 AM,"20,256,496",False,True,False,WHITE,1.0,MALE,"657,451"
"831,586",1,42.0,1.0,Pedestrian,7,"325,528",2024 Jun 15 05:00:00 PM,2024 Jun 15 10:00:00 PM,"20,256,652",False,True,False,WHITE,1.0,MALE,"657,455"
"831,683",1,41.0,1.0,Large passenger vehicle,2,"325,578",2024 Jun 26 01:50:00 PM,2024 Jun 26 06:50:00 PM,"20,258,297",False,True,False,WHITE,2.0,FEMALE,"657,560"
"831,697",1,33.0,3.0,Pedestrian,7,"325,585",2024 Jun 25 10:20:00 PM,2024 Jun 26 03:20:00 AM,"20,258,305",False,True,False,BLACK,1.0,MALE,"657,576"
"831,857",1,16.0,0.0,Large passenger vehicle,2,"325,665",2024 Jun 16 09:00:00 PM,2024 Jun 17 02:00:00 AM,"20,260,149",False,True,False,UNKNOWN,1.0,MALE,"657,745"
"832,239",1,19.0,2.0,Passenger car,1,"325,865",2024 Jun 28 12:46:00 PM,2024 Jun 28 05:46:00 PM,"20,263,634",False,True,False,HISPANIC,1.0,MALE,"658,154"
"832,247",4,29.0,1.0,Passenger car,1,"325,869",2024 Jun 28 10:08:00 AM,2024 Jun 28 03:08:00 PM,"20,263,639",False,True,False,WHITE,1.0,MALE,"658,162"
"832,267",1,24.0,1.0,E-scooter,11,"325,879",2024 Jun 28 09:55:00 PM,2024 Jun 29 02:55:00 AM,"20,263,713",False,True,False,WHITE,2.0,FEMALE,"658,183"
"832,328",4,44.0,1.0,Motorcycle,3,"325,912",2024 Jun 29 11:59:00 PM,2024 Jun 30 04:59:00 AM,"20,263,833",False,True,False,WHITE,1.0,MALE,"658,247"
"832,352",1,28.0,2.0,Passenger car,1,"325,926",2024 Jun 30 05:37:00 AM,2024 Jun 30 10:37:00 AM,"20,263,856",False,True,False,HISPANIC,1.0,MALE,"658,275"
"832,377",4,42.0,3.0,Pedestrian,7,"325,939",2024 Jun 24 06:04:00 AM,2024 Jun 24 11:04:00 AM,"20,264,308",False,True,False,BLACK,1.0,MALE,"658,301"
"832,383",1,20.0,1.0,Passenger car,1,"325,943",2024 Jun 29 02:53:00 AM,2024 Jun 29 07:53:00 AM,"20,264,312",False,True,False,WHITE,1.0,MALE,"658,307"
"832,420",1,48.0,1.0,Passenger car,1,"325,961",2024 Jun 30 08:48:00 PM,2024 Jul 01 01:48:00 AM,"20,264,341",False,True,False,WHITE,2.0,FEMALE,"658,346"
"832,568",1,45.0,1.0,Motorcycle,3,"326,038",2024 Jul 01 06:23:00 PM,2024 Jul 01 11:23:00 PM,"20,266,008",False,True,False,WHITE,1.0,MALE,"658,507"
"832,617",1,25.0,1.0,Passenger car,1,"326,066",2024 Jun 30 04:21:00 PM,2024 Jun 30 09:21:00 PM,"20,266,457",False,True,False,WHITE,1.0,MALE,"658,564"
"832,735",1,22.0,2.0,Passenger car,1,"326,130",2024 Jul 02 07:54:00 PM,2024 Jul 03 12:54:00 AM,"20,267,887",False,True,False,HISPANIC,2.0,FEMALE,"658,692"
"832,736",1,22.0,2.0,Passenger car,1,"326,131",2024 Jul 02 07:50:00 PM,2024 Jul 03 12:50:00 AM,"20,267,889",False,True,False,HISPANIC,2.0,FEMALE,"658,694"
"832,764",1,26.0,1.0,Large passenger vehicle,2,"326,143",2024 Jul 01 09:01:00 AM,2024 Jul 01 02:01:00 PM,"20,268,041",False,True,False,WHITE,1.0,MALE,"658,724"
"833,056",1,21.0,2.0,Passenger car,1,"326,303",2024 Jul 04 02:01:00 AM,2024 Jul 04 07:01:00 AM,"20,271,110",False,True,False,HISPANIC,2.0,FEMALE,"659,050"
"833,253",1,27.0,1.0,Motorcycle,3,"326,417",2024 Jul 05 02:14:00 AM,2024 Jul 05 07:14:00 AM,"20,274,203",False,True,False,WHITE,1.0,MALE,"659,264"
"833,336",1,69.0,2.0,Motorcycle,3,"326,466",2024 Jul 07 01:36:00 PM,2024 Jul 07 06:36:00 PM,"20,274,350",False,True,False,HISPANIC,1.0,MALE,"659,353"
"833,515",1,33.0,2.0,Passenger car,1,"326,567",2024 Jul 04 01:09:00 AM,2024 Jul 04 06:09:00 AM,"20,276,271",False,True,False,HISPANIC,1.0,MALE,"659,543"
"833,543",1,20.0,2.0,Pedestrian,7,"326,581",2024 Jul 07 10:55:00 PM,2024 Jul 08 03:55:00 AM,"20,276,285",False,True,False,HISPANIC,1.0,MALE,"659,572"
"833,555",4,86.0,4.0,Passenger car,1,"326,587",2024 Jul 04 05:03:00 PM,2024 Jul 04 10:03:00 PM,"20,276,574",False,True,False,ASIAN,2.0,FEMALE,"659,584"
"833,557",4,30.0,1.0,Motorcycle,3,"326,588",2024 Jul 07 09:57:00 PM,2024 Jul 08 02:57:00 AM,"20,276,576",False,True,False,WHITE,2.0,FEMALE,"659,586"
"833,579",1,21.0,2.0,Passenger car,1,"326,599",2024 Jul 07 02:16:00 AM,2024 Jul 07 07:16:00 AM,"20,276,678",False,True,False,HISPANIC,1.0,MALE,"659,609"
"833,739",1,45.0,1.0,Pedestrian,7,"326,685",2024 Jul 09 12:09:00 AM,2024 Jul 09 05:09:00 AM,"20,279,364",False,True,False,WHITE,1.0,MALE,"659,779"
"833,760",1,31.0,1.0,Passenger car,1,"326,695",2024 Jul 09 03:29:00 PM,2024 Jul 09 08:29:00 PM,"20,279,422",False,True,False,WHITE,2.0,FEMALE,"659,801"
"833,776",4,45.0,4.0,Motorcycle,3,"326,703",2024 Jul 09 11:07:00 PM,2024 Jul 10 04:07:00 AM,"20,279,440",False,True,False,ASIAN,1.0,MALE,"659,818"
"833,918",1,36.0,2.0,Pedestrian,7,"326,777",2024 Jul 12 12:12:00 AM,2024 Jul 12 05:12:00 AM,"20,281,371",False,True,False,HISPANIC,2.0,FEMALE,"659,975"
"834,246",1,26.0,2.0,Motorcycle,3,"326,953",2024 Jul 12 11:58:00 PM,2024 Jul 13 04:58:00 AM,"20,285,396",False,True,False,HISPANIC,1.0,MALE,"660,324"
"834,588",1,18.0,2.0,Motorcycle,3,"327,135",2024 Jul 09 02:08:00 PM,2024 Jul 09 07:08:00 PM,"20,288,874",False,True,False,HISPANIC,1.0,MALE,"660,693"
"834,624",1,47.0,3.0,Pedestrian,7,"327,149",2024 Jul 17 12:52:00 AM,2024 Jul 17 05:52:00 AM,"20,288,894",False,True,False,BLACK,1.0,MALE,"660,730"
"834,808",1,32.0,1.0,Motorcycle,3,"327,244",2024 Jul 04 06:40:00 PM,2024 Jul 04 11:40:00 PM,"20,290,905",False,True,False,WHITE,2.0,FEMALE,"660,921"
"835,206",1,47.0,1.0,Motorcycle,3,"327,456",2024 Jul 19 04:13:00 PM,2024 Jul 19 09:13:00 PM,"20,295,877",False,True,False,WHITE,1.0,MALE,"661,340"
"835,211",1,37.0,2.0,Passenger car,1,"327,458",2024 Jul 17 07:32:00 PM,2024 Jul 18 12:32:00 AM,"20,295,879",False,True,False,HISPANIC,2.0,FEMALE,"661,345"
"835,265",1,34.0,2.0,Passenger car,1,"327,490",2024 Jul 20 04:12:00 PM,2024 Jul 20 09:12:00 PM,"20,295,967",False,True,False,HISPANIC,1.0,MALE,"661,406"
"835,489",1,26.0,1.0,Passenger car,1,"327,610",2024 Jul 22 03:23:00 PM,2024 Jul 22 08:23:00 PM,"20,297,830",False,True,False,WHITE,2.0,FEMALE,"661,644"
"835,754",4,39.0,3.0,Pedestrian,7,"327,757",2024 Jul 23 09:39:00 PM,2024 Jul 24 02:39:00 AM,"20,301,030",False,True,False,BLACK,1.0,MALE,"661,931"
"835,864",1,31.0,1.0,Pedestrian,7,"327,818",2024 Jul 07 06:52:00 AM,2024 Jul 07 11:52:00 AM,"20,302,435",False,True,False,WHITE,2.0,FEMALE,"662,066"
"835,908",1,54.0,3.0,Pedestrian,7,"327,839",2024 Jul 25 05:53:00 AM,2024 Jul 25 10:53:00 AM,"20,302,736",False,True,False,BLACK,2.0,FEMALE,"662,113"
"836,007",1,31.0,3.0,Pedestrian,7,"327,897",2024 Jul 26 05:07:00 AM,2024 Jul 26 10:07:00 AM,"20,303,996",False,True,False,BLACK,2.0,FEMALE,"662,224"
"836,014",1,43.0,1.0,Passenger car,1,"327,902",2024 Jul 16 04:24:00 PM,2024 Jul 16 09:24:00 PM,"20,304,123",False,True,False,WHITE,1.0,MALE,"662,231"
"836,264",1,22.0,1.0,Pedestrian,7,"328,038",2024 Jul 27 02:08:00 AM,2024 Jul 27 07:08:00 AM,"20,307,972",False,True,False,WHITE,1.0,MALE,"662,504"
"836,287",1,34.0,1.0,Passenger car,1,"328,050",2024 Jul 15 07:57:00 AM,2024 Jul 15 12:57:00 PM,"20,308,134",False,True,False,WHITE,2.0,FEMALE,"662,527"
"836,348",1,20.0,4.0,Passenger car,1,"328,083",2024 Jul 18 03:35:00 PM,2024 Jul 18 08:35:00 PM,"20,308,267",False,True,False,ASIAN,2.0,FEMALE,"662,595"
"837,388",1,16.0,2.0,Large passenger vehicle,2,"312,401",2024 Jan 20 02:40:00 AM,2024 Jan 20 08:40:00 AM,"19,992,394",False,False,False,HISPANIC,1.0,MALE,"630,621"
"837,886",1,18.0,2.0,Passenger car,1,"313,256",2024 Feb 04 02:13:00 AM,2024 Feb 04 08:13:00 AM,"20,010,182",False,False,False,HISPANIC,2.0,FEMALE,"632,394"
"838,260",4,26.0,2.0,Passenger car,1,"313,825",2024 Feb 04 04:20:00 AM,2024 Feb 04 10:20:00 AM,"20,021,414",False,False,False,HISPANIC,1.0,MALE,"633,538"
"838,911",1,51.0,2.0,Passenger car,1,"314,796",2024 Feb 16 09:11:00 PM,2024 Feb 17 03:11:00 AM,"20,046,656",False,False,False,HISPANIC,1.0,MALE,"635,524"
"838,944",4,10.0,3.0,Passenger car,1,"314,851",2024 Feb 12 05:20:00 PM,2024 Feb 12 11:20:00 PM,"20,046,911",False,False,False,BLACK,1.0,MALE,"635,647"
"838,950",1,68.0,1.0,Large passenger vehicle,2,"314,867",2024 Feb 16 10:52:00 AM,2024 Feb 16 04:52:00 PM,"20,046,934",False,False,False,WHITE,2.0,FEMALE,"635,685"
"838,951",1,76.0,1.0,Large passenger vehicle,2,"314,867",2024 Feb 16 10:52:00 AM,2024 Feb 16 04:52:00 PM,"20,046,934",False,False,False,WHITE,1.0,MALE,"635,685"
"839,092",4,19.0,1.0,Large passenger vehicle,2,"315,101",2024 Feb 25 04:15:00 PM,2024 Feb 25 10:15:00 PM,"20,047,623",False,False,False,WHITE,1.0,MALE,"636,183"
"839,421",1,37.0,1.0,Large passenger vehicle,2,"315,595",2024 Mar 01 01:08:00 PM,2024 Mar 01 07:08:00 PM,"20,056,296",False,False,False,WHITE,2.0,FEMALE,"637,211"
"839,728",1,22.0,2.0,Passenger car,1,"316,018",2024 Mar 07 09:37:00 PM,2024 Mar 08 03:37:00 AM,"20,065,336",False,False,False,HISPANIC,1.0,MALE,"638,069"
"840,564",1,24.0,3.0,Passenger car,1,"317,216",2024 Mar 21 05:40:00 PM,2024 Mar 21 10:40:00 PM,"20,088,732",False,False,False,BLACK,2.0,FEMALE,"640,457"
"840,836",1,55.0,2.0,Passenger car,1,"317,608",2024 Mar 04 12:07:00 AM,2024 Mar 04 06:07:00 AM,"20,097,402",False,False,False,HISPANIC,2.0,FEMALE,"641,244"
"841,428",1,16.0,3.0,Passenger car,1,"318,508",2024 Mar 31 04:30:00 AM,2024 Mar 31 09:30:00 AM,"20,115,026",False,False,False,BLACK,2.0,FEMALE,"643,114"
"841,429",1,16.0,2.0,Passenger car,1,"318,508",2024 Mar 31 04:30:00 AM,2024 Mar 31 09:30:00 AM,"20,115,026",False,False,False,HISPANIC,2.0,FEMALE,"643,114"
"841,553",1,30.0,1.0,Large passenger vehicle,2,"318,674",2024 Apr 06 12:26:00 PM,2024 Apr 06 05:26:00 PM,"20,117,712",False,False,False,WHITE,2.0,FEMALE,"643,456"
"841,654",1,53.0,1.0,Large passenger vehicle,2,"318,764",2024 Apr 08 02:08:00 PM,2024 Apr 08 07:08:00 PM,"20,119,872",False,False,False,WHITE,2.0,FEMALE,"643,636"
"841,725",4,67.0,3.0,Large passenger vehicle,2,"318,842",2024 Mar 15 07:28:00 AM,2024 Mar 15 12:28:00 PM,"20,121,824",False,False,False,BLACK,1.0,MALE,"643,782"
"842,077",1,20.0,6.0,Passenger car,1,"319,355",2024 Apr 13 05:28:00 PM,2024 Apr 13 10:28:00 PM,"20,130,028",False,False,False,AMER. INDIAN/ALASKAN NATIVE,2.0,FEMALE,"644,816"
"842,148",1,25.0,2.0,Passenger car,1,"319,448",2024 Apr 15 01:05:00 PM,2024 Apr 15 06:05:00 PM,"20,131,981",False,False,False,HISPANIC,2.0,FEMALE,"645,006"
"842,180",1,26.0,4.0,Passenger car,1,"319,525",2024 Apr 13 01:45:00 AM,2024 Apr 13 06:45:00 AM,"20,134,091",False,False,False,ASIAN,1.0,MALE,"645,184"
"842,182",1,26.0,4.0,Passenger car,1,"319,525",2024 Apr 13 01:45:00 AM,2024 Apr 13 06:45:00 AM,"20,134,091",False,False,False,ASIAN,1.0,MALE,"645,184"
"842,207",4,91.0,2.0,Passenger car,1,"319,561",2024 Apr 10 07:40:00 PM,2024 Apr 11 12:40:00 AM,"20,134,782",False,False,False,HISPANIC,2.0,FEMALE,"645,270"
"842,485",1,36.0,2.0,Passenger car,1,"319,962",2024 Apr 09 12:19:00 AM,2024 Apr 09 05:19:00 AM,"20,145,389",False,False,False,HISPANIC,1.0,MALE,"646,067"
"843,228",1,59.0,1.0,Passenger car,1,"321,093",2024 May 05 01:39:00 PM,2024 May 05 06:39:00 PM,"20,167,169",False,False,False,WHITE,2.0,FEMALE,"648,349"
"843,341",1,39.0,2.0,Large passenger vehicle,2,"321,274",2024 May 07 06:02:00 PM,2024 May 07 11:02:00 PM,"20,170,907",False,False,False,HISPANIC,2.0,FEMALE,"648,708"
"843,343",1,8.0,2.0,Passenger car,1,"321,274",2024 May 07 06:02:00 PM,2024 May 07 11:02:00 PM,"20,170,907",False,False,False,HISPANIC,1.0,MALE,"648,709"
"843,344",1,5.0,2.0,Passenger car,1,"321,274",2024 May 07 06:02:00 PM,2024 May 07 11:02:00 PM,"20,170,907",False,False,False,HISPANIC,1.0,MALE,"648,709"
"843,345",1,10.0,2.0,Passenger car,1,"321,274",2024 May 07 06:02:00 PM,2024 May 07 11:02:00 PM,"20,170,907",False,False,False,HISPANIC,1.0,MALE,"648,709"
"843,670",1,31.0,3.0,Passenger car,1,"321,804",2024 May 13 04:26:00 PM,2024 May 13 09:26:00 PM,"20,181,815",False,False,False,BLACK,2.0,FEMALE,"649,791"
"843,830",1,1.0,2.0,Passenger car,1,"322,072",2024 May 16 05:11:00 PM,2024 May 16 10:11:00 PM,"20,186,593",False,False,False,HISPANIC,1.0,MALE,"650,329"
"843,922",1,42.0,1.0,Passenger car,1,"322,227",2024 May 17 10:54:00 AM,2024 May 17 03:54:00 PM,"20,190,927",False,False,False,WHITE,2.0,FEMALE,"650,642"
"844,317",1,32.0,1.0,Motor vehicle – other,4,"322,812",2024 May 23 08:59:00 AM,2024 May 23 01:59:00 PM,"20,201,177",False,False,False,WHITE,2.0,FEMALE,"651,851"
"844,867",1,17.0,1.0,Passenger car,1,"323,590",2024 May 25 09:08:00 PM,2024 May 26 02:08:00 AM,"20,216,750",False,False,False,WHITE,2.0,FEMALE,"653,439"
"844,868",4,19.0,3.0,Passenger car,1,"323,590",2024 May 25 09:08:00 PM,2024 May 26 02:08:00 AM,"20,216,750",False,False,False,BLACK,2.0,FEMALE,"653,439"
"844,869",1,33.0,3.0,Passenger car,1,"323,591",2024 May 27 11:38:00 PM,2024 May 28 04:38:00 AM,"20,216,751",False,False,False,BLACK,1.0,MALE,"653,443"
"844,870",1,11.0,3.0,Passenger car,1,"323,591",2024 May 27 11:38:00 PM,2024 May 28 04:38:00 AM,"20,216,751",False,False,False,BLACK,1.0,MALE,"653,443"
"844,880",1,18.0,2.0,Passenger car,1,"323,604",2024 May 31 09:42:00 PM,2024 Jun 01 02:42:00 AM,"20,216,764",False,False,False,HISPANIC,2.0,FEMALE,"653,466"
"845,281",1,27.0,2.0,Passenger car,1,"324,157",2024 Jun 09 11:08:00 PM,2024 Jun 10 04:08:00 AM,"20,228,711",False,False,False,HISPANIC,1.0,MALE,"654,609"
"845,620",1,47.0,2.0,Passenger car,1,"324,661",2024 Jun 14 01:33:00 PM,2024 Jun 14 06:33:00 PM,"20,240,931",False,False,False,HISPANIC,2.0,FEMALE,"655,648"
"846,970",4,26.0,4.0,Passenger car,1,"326,567",2024 Jul 04 01:09:00 AM,2024 Jul 04 06:09:00 AM,"20,276,271",False,False,False,ASIAN,1.0,MALE,"659,543"
"846,980",4,80.0,4.0,Passenger car,1,"326,587",2024 Jul 04 05:03:00 PM,2024 Jul 04 10:03:00 PM,"20,276,574",False,False,False,ASIAN,2.0,FEMALE,"659,584"
"847,021",1,30.0,2.0,Passenger car,1,"326,648",2024 Jul 09 06:30:00 AM,2024 Jul 09 11:30:00 AM,"20,278,836",False,False,False,HISPANIC,2.0,FEMALE,"659,693"
"847,590",1,25.0,2.0,Motorcycle,3,"327,460",2024 Jul 19 10:40:00 PM,2024 Jul 20 03:40:00 AM,"20,295,882",False,False,False,HISPANIC,2.0,FEMALE,"661,348"
"847,654",1,25.0,2.0,Other/Unknown,9,"327,479",2024 Jul 19 11:31:00 PM,2024 Jul 20 04:31:00 AM,"20,295,956",False,False,False,HISPANIC,2.0,FEMALE,"661,387"
"847,870",1,74.0,1.0,Passenger car,1,"327,808",2024 Jul 24 08:47:00 PM,2024 Jul 25 01:47:00 AM,"20,302,191",False,False,False,WHITE,2.0,FEMALE,"662,043"
"848,081",4,23.0,1.0,Motorcycle,3,"328,128",2024 Jul 28 03:38:00 AM,2024 Jul 28 08:38:00 AM,"20,307,979",False,True,False,WHITE,1.0,MALE,"662,687"
"848,169",1,18.0,2.0,Passenger car,1,"328,177",2024 Jul 27 11:54:00 PM,2024 Jul 28 04:54:00 AM,"20,310,003",False,True,False,HISPANIC,1.0,MALE,"662,784"
"848,183",1,43.0,5.0,Bicycle,5,"328,183",2024 Jul 29 01:59:00 PM,2024 Jul 29 06:59:00 PM,"20,310,011",False,True,False,OTHER,1.0,MALE,"662,798"
"848,364",4,43.0,1.0,Pedestrian,7,"328,238",2024 Jul 30 12:51:00 AM,2024 Jul 30 05:51:00 AM,"20,310,062",False,True,False,WHITE,1.0,MALE,"662,918"
"848,460",1,33.0,3.0,E-scooter,11,"328,288",2024 Jul 30 11:47:00 AM,2024 Jul 30 04:47:00 PM,"20,312,075",False,True,False,BLACK,1.0,MALE,"663,023"
"848,685",1,37.0,2.0,Passenger car,1,"328,355",2024 Jul 26 12:34:00 AM,2024 Jul 26 05:34:00 AM,"20,312,116",False,True,False,HISPANIC,2.0,FEMALE,"663,157"
"848,686",1,31.0,1.0,Passenger car,1,"328,355",2024 Jul 26 12:34:00 AM,2024 Jul 26 05:34:00 AM,"20,312,116",False,True,False,WHITE,1.0,MALE,"663,158"
"848,755",1,34.0,1.0,Passenger car,1,"328,389",2024 Jul 31 07:03:00 AM,2024 Jul 31 12:03:00 PM,"20,313,531",False,True,False,WHITE,1.0,MALE,"663,233"
"848,978",4,19.0,3.0,Large passenger vehicle,2,"328,460",2024 Jul 14 05:39:00 AM,2024 Jul 14 10:39:00 AM,"20,312,059",False,True,False,BLACK,1.0,MALE,"663,389"
"848,979",4,43.0,1.0,Large passenger vehicle,2,"328,460",2024 Jul 14 05:39:00 AM,2024 Jul 14 10:39:00 AM,"20,312,059",False,True,False,WHITE,1.0,MALE,"663,390"
"848,997",1,34.0,1.0,Motorcycle,3,"328,470",2024 Jul 31 02:03:00 PM,2024 Jul 31 07:03:00 PM,"20,313,540",False,True,False,WHITE,1.0,MALE,"663,409"
"849,094",1,42.0,3.0,Large passenger vehicle,2,"328,522",2024 Jul 30 08:35:00 AM,2024 Jul 30 01:35:00 PM,"20,315,295",False,True,False,BLACK,1.0,MALE,"663,509"
"849,336",1,47.0,2.0,Large passenger vehicle,2,"328,522",2024 Jul 30 08:35:00 AM,2024 Jul 30 01:35:00 PM,"20,315,295",False,False,False,HISPANIC,1.0,MALE,"663,509"
"849,459",1,34.0,1.0,Large passenger vehicle,2,"328,649",2024 Jul 31 05:00:00 PM,2024 Jul 31 10:00:00 PM,"20,315,254",False,True,False,WHITE,2.0,FEMALE,"663,780"
"849,846",1,45.0,1.0,Large passenger vehicle,2,"328,810",2024 Aug 02 09:23:00 AM,2024 Aug 02 02:23:00 PM,"20,320,909",False,True,False,WHITE,1.0,MALE,"664,093"
"849,859",1,20.0,1.0,Motorcycle,3,"328,818",2024 Aug 05 07:19:00 PM,2024 Aug 06 12:19:00 AM,"20,320,936",False,True,False,WHITE,1.0,MALE,"664,106"
"849,934",1,22.0,1.0,Passenger car,1,"328,856",2024 Aug 04 04:04:00 PM,2024 Aug 04 09:04:00 PM,"20,321,131",False,True,False,WHITE,1.0,MALE,"664,187"
"849,947",1,41.0,2.0,Passenger car,1,"328,864",2024 Aug 04 05:30:00 PM,2024 Aug 04 10:30:00 PM,"20,321,169",False,True,False,HISPANIC,1.0,MALE,"664,201"
"850,136",4,49.0,1.0,Pedestrian,7,"328,921",2024 Jul 31 06:22:00 PM,2024 Jul 31 11:22:00 PM,"20,321,062",False,True,False,WHITE,2.0,FEMALE,"664,322"
"850,146",1,21.0,2.0,Motorcycle,3,"328,928",2024 Aug 03 03:12:00 AM,2024 Aug 03 08:12:00 AM,"20,321,078",False,True,False,HISPANIC,1.0,MALE,"664,332"
"850,157",1,57.0,3.0,Pedestrian,7,"328,936",2024 Aug 02 09:35:00 PM,2024 Aug 03 02:35:00 AM,"20,321,123",False,True,False,BLACK,2.0,FEMALE,"664,346"
"850,241",1,17.0,3.0,Pedestrian,7,"328,981",2024 Jun 08 02:22:00 PM,2024 Jun 08 07:22:00 PM,"20,323,567",False,True,False,BLACK,1.0,MALE,"664,437"
"850,261",1,48.0,3.0,Pedestrian,7,"328,992",2024 Aug 06 09:53:00 PM,2024 Aug 07 02:53:00 AM,"20,323,587",False,True,False,BLACK,1.0,MALE,"664,459"
"850,304",1,21.0,2.0,Motorcycle,3,"328,928",2024 Aug 03 03:12:00 AM,2024 Aug 03 08:12:00 AM,"20,321,078",False,False,False,HISPANIC,2.0,FEMALE,"664,332"
"850,442",1,48.0,2.0,Motorcycle,3,"329,050",2024 Aug 06 06:37:00 PM,2024 Aug 06 11:37:00 PM,"20,323,584",False,True,False,HISPANIC,1.0,MALE,"664,594"
"850,451",1,19.0,4.0,Passenger car,1,"329,055",2024 Jul 26 12:36:00 AM,2024 Jul 26 05:36:00 AM,"20,323,646",False,True,False,ASIAN,1.0,MALE,"664,603"
"850,687",1,53.0,1.0,Large passenger vehicle,2,"329,145",2024 Aug 07 07:41:00 PM,2024 Aug 08 12:41:00 AM,"20,324,944",False,True,False,WHITE,1.0,MALE,"664,790"
"850,692",4,65.0,1.0,Pedestrian,7,"329,148",2024 Aug 08 08:39:00 AM,2024 Aug 08 01:39:00 PM,"20,325,372",False,True,False,WHITE,2.0,FEMALE,"664,795"
"850,693",1,66.0,1.0,Pedestrian,7,"329,148",2024 Aug 08 08:39:00 AM,2024 Aug 08 01:39:00 PM,"20,325,372",False,True,False,WHITE,1.0,MALE,"664,796"
"850,757",1,34.0,2.0,Passenger car,1,"329,182",2024 Aug 08 05:11:00 PM,2024 Aug 08 10:11:00 PM,"20,326,935",False,True,False,HISPANIC,1.0,MALE,"664,871"
"851,086",1,22.0,1.0,Motorcycle,3,"329,306",2024 Aug 09 01:23:00 AM,2024 Aug 09 06:23:00 AM,"20,326,991",False,True,False,WHITE,1.0,MALE,"665,126"
"851,518",4,22.0,2.0,Pedestrian,7,"329,468",2024 Aug 11 02:29:00 AM,2024 Aug 11 07:29:00 AM,"20,330,674",False,True,False,HISPANIC,1.0,MALE,"665,443"
"851,540",4,62.0,1.0,Motorcycle,3,"329,481",2024 Aug 10 08:53:00 PM,2024 Aug 11 01:53:00 AM,"20,330,815",False,True,False,WHITE,2.0,FEMALE,"665,467"
"851,596",1,36.0,2.0,Passenger car,1,"329,510",2024 Aug 12 03:03:00 PM,2024 Aug 12 08:03:00 PM,"20,333,141",False,True,False,HISPANIC,1.0,MALE,"665,525"
"852,393",1,43.0,0.0,Passenger car,1,"329,798",2024 Aug 13 09:00:00 PM,2024 Aug 14 02:00:00 AM,"20,337,166",False,True,False,UNKNOWN,1.0,MALE,"666,134"
"852,751",1,37.0,6.0,Bicycle,5,"329,916",2024 Jul 30 11:10:00 AM,2024 Jul 30 04:10:00 PM,"20,337,960",False,True,False,AMER. INDIAN/ALASKAN NATIVE,1.0,MALE,"666,377"
"852,796",1,29.0,2.0,Pedestrian,7,"329,942",2024 Aug 14 09:28:00 PM,2024 Aug 15 02:28:00 AM,"20,338,971",False,True,False,HISPANIC,1.0,MALE,"666,428"
"852,925",1,23.0,4.0,Passenger car,1,"329,914",2024 Aug 15 06:27:00 AM,2024 Aug 15 11:27:00 AM,"20,337,805",False,False,False,ASIAN,1.0,MALE,"666,371"
"853,822",1,39.0,2.0,Large passenger vehicle,2,"330,309",2024 Aug 18 11:12:00 AM,2024 Aug 18 04:12:00 PM,"20,341,733",False,True,False,HISPANIC,1.0,MALE,"667,178"
"854,069",1,21.0,2.0,Passenger car,1,"330,432",2024 Aug 17 12:03:00 PM,2024 Aug 17 05:03:00 PM,"20,345,392",False,True,False,HISPANIC,1.0,MALE,"667,444"
"854,070",1,34.0,2.0,Passenger car,1,"330,432",2024 Aug 17 12:03:00 PM,2024 Aug 17 05:03:00 PM,"20,345,392",False,True,False,HISPANIC,2.0,FEMALE,"667,445"
"854,533",1,58.0,1.0,Pedestrian,7,"330,606",2024 Aug 20 10:15:00 PM,2024 Aug 21 03:15:00 AM,"20,347,740",False,True,False,WHITE,1.0,MALE,"667,795"
"855,137",1,23.0,2.0,Large passenger vehicle,2,"330,827",2024 Aug 17 01:48:00 AM,2024 Aug 17 06:48:00 AM,"20,345,402",False,True,False,HISPANIC,1.0,MALE,"668,238"
"855,145",1,70.0,4.0,Passenger car,1,"330,831",2024 Aug 18 12:33:00 PM,2024 Aug 18 05:33:00 PM,"20,345,478",False,True,False,ASIAN,1.0,MALE,"668,247"
"855,174",4,49.0,4.0,Pedestrian,7,"330,841",2024 Aug 04 02:08:00 AM,2024 Aug 04 07:08:00 AM,"20,346,102",False,True,False,ASIAN,1.0,MALE,"668,276"
"855,234",4,30.0,2.0,Large passenger vehicle,2,"330,874",2024 Aug 15 11:27:00 PM,2024 Aug 16 04:27:00 AM,"20,348,208",False,True,False,HISPANIC,1.0,MALE,"668,341"
"855,366",1,71.0,2.0,Passenger car,1,"330,939",2024 Aug 21 07:19:00 PM,2024 Aug 22 12:19:00 AM,"20,349,754",False,True,False,HISPANIC,1.0,MALE,"668,485"
"1,110,582",1,58.0,1.0,Motorcycle,3,"427,447",2024 Aug 27 02:17:00 PM,2024 Aug 27 07:17:00 PM,"20,360,212",False,True,False,WHITE,1.0,MALE,"859,152"
"1,112,920",1,45.0,2.0,Passenger car,1,"427,424",2024 Aug 27 07:50:00 AM,2024 Aug 27 12:50:00 PM,"20,359,263",False,False,False,HISPANIC,2.0,FEMALE,"859,105"
"1,112,921",1,15.0,2.0,Passenger car,1,"427,424",2024 Aug 27 07:50:00 AM,2024 Aug 27 12:50:00 PM,"20,359,263",False,False,False,HISPANIC,2.0,FEMALE,"859,105"
"1,118,647",4,21.0,1.0,Pedestrian,7,"430,590",2024 Aug 24 02:20:00 AM,2024 Aug 24 07:20:00 AM,"20,359,210",False,True,False,WHITE,1.0,MALE,"865,578"
"1,118,648",4,50.0,2.0,Pedestrian,7,"430,590",2024 Aug 24 02:20:00 AM,2024 Aug 24 07:20:00 AM,"20,359,210",False,True,False,HISPANIC,1.0,MALE,"865,579"
"1,118,711",1,52.0,2.0,Passenger car,1,"430,622",2024 Aug 08 02:07:00 PM,2024 Aug 08 07:07:00 PM,"20,363,158",False,True,False,HISPANIC,1.0,MALE,"865,648"
"1,120,897",1,31.0,2.0,Large passenger vehicle,2,"430,592",2024 Aug 26 04:20:00 PM,2024 Aug 26 09:20:00 PM,"20,359,221",False,False,False,HISPANIC,2.0,FEMALE,"865,582"
"1,126,219",1,40.0,3.0,Passenger car,1,"433,462",2024 Aug 28 04:49:00 PM,2024 Aug 28 09:49:00 PM,"20,361,359",False,True,False,BLACK,1.0,MALE,"871,471"
"1,126,401",1,66.0,2.0,Large passenger vehicle,2,"433,555",2024 Aug 30 12:39:00 PM,2024 Aug 30 05:39:00 PM,"20,371,838",False,True,False,HISPANIC,2.0,FEMALE,"871,665"
"1,133,300",1,32.0,3.0,Passenger car,1,"436,208",2024 Sep 04 03:22:00 PM,2024 Sep 04 08:22:00 PM,"20,373,823",False,True,False,BLACK,2.0,FEMALE,"877,109"
"1,169,788",4,42.0,3.0,Passenger car,1,"450,547",2024 Aug 29 11:09:00 PM,2024 Aug 30 04:09:00 AM,"20,372,344",False,True,False,BLACK,1.0,MALE,"906,135"
"1,169,804",1,60.0,1.0,Passenger car,1,"450,555",2024 Sep 04 04:32:00 PM,2024 Sep 04 09:32:00 PM,"20,373,884",False,True,False,WHITE,2.0,FEMALE,"906,151"
"1,181,618",4,65.0,3.0,Pedestrian,7,"455,637",2024 Sep 03 05:37:00 AM,2024 Sep 03 10:37:00 AM,"20,372,299",False,True,False,BLACK,1.0,MALE,"916,504"
"1,181,628",4,34.0,2.0,Pedestrian,7,"455,643",2024 Sep 04 12:34:00 AM,2024 Sep 04 05:34:00 AM,"20,373,817",False,True,False,HISPANIC,2.0,FEMALE,"916,515"
"1,181,635",1,27.0,1.0,Motorcycle,3,"455,646",2024 Sep 04 03:21:00 PM,2024 Sep 04 08:21:00 PM,"20,373,828",False,True,False,WHITE,1.0,MALE,"916,522"
"1,181,665",1,26.0,2.0,Passenger car,1,"455,661",2024 Sep 02 01:00:00 AM,2024 Sep 02 06:00:00 AM,"20,375,700",False,True,False,HISPANIC,1.0,MALE,"916,553"
"1,181,671",4,58.0,6.0,Pedestrian,7,"455,665",2024 Sep 05 09:58:00 PM,2024 Sep 06 02:58:00 AM,"20,375,713",False,True,False,AMER. INDIAN/ALASKAN NATIVE,1.0,MALE,"916,561"
"1,198,108",1,73.0,2.0,Large passenger vehicle,2,"462,532",2024 Sep 07 06:21:00 AM,2024 Sep 07 11:21:00 AM,"20,381,828",False,True,False,HISPANIC,1.0,MALE,"930,631"
"1,198,109",1,73.0,2.0,Pedestrian,7,"462,532",2024 Sep 07 06:21:00 AM,2024 Sep 07 11:21:00 AM,"20,381,828",False,True,False,HISPANIC,1.0,MALE,"930,632"
"1,198,167",1,55.0,1.0,Pedestrian,7,"462,562",2024 Sep 09 11:17:00 AM,2024 Sep 09 04:17:00 PM,"20,381,956",False,True,False,WHITE,1.0,MALE,"930,697"
"1,198,180",1,62.0,3.0,Large passenger vehicle,2,"462,569",2024 Sep 07 06:03:00 PM,2024 Sep 07 11:03:00 PM,"20,381,990",False,True,False,BLACK,1.0,MALE,"930,710"
"1,198,186",1,28.0,1.0,Motorcycle,3,"462,571",2024 Sep 09 06:48:00 PM,2024 Sep 09 11:48:00 PM,"20,381,993",False,True,False,WHITE,1.0,MALE,"930,716"
"1,216,479",1,64.0,1.0,Passenger car,1,"469,712",2024 Sep 10 01:40:00 PM,2024 Sep 10 06:40:00 PM,"20,384,061",False,True,False,WHITE,2.0,FEMALE,"945,546"
"1,221,699",1,27.0,2.0,Passenger car,1,"469,711",2024 Sep 11 06:35:00 AM,2024 Sep 11 11:35:00 AM,"20,384,058",False,False,False,HISPANIC,2.0,FEMALE,"945,544"
"1,239,501",1,66.0,4.0,Passenger car,1,"478,145",2024 Sep 08 07:55:00 AM,2024 Sep 08 12:55:00 PM,"20,381,883",False,True,False,ASIAN,1.0,MALE,"962,845"
"1,369,723",1,27.0,0.0,Bicycle,5,"527,609",2024 Sep 12 07:45:00 AM,2024 Sep 12 12:45:00 PM,"20,387,947",False,True,False,UNKNOWN,2.0,FEMALE,"1,063,396"
"1,369,877",1,19.0,2.0,Passenger car,1,"527,604",2024 Sep 07 12:26:00 AM,2024 Sep 07 05:26:00 AM,"20,387,941",False,False,False,HISPANIC,2.0,FEMALE,"1,063,383"
"1,392,402",1,41.0,2.0,Large passenger vehicle,2,"536,664",2024 Sep 12 02:49:00 PM,2024 Sep 12 07:49:00 PM,"20,387,996",False,True,False,HISPANIC,1.0,MALE,"1,081,594"
"1,438,588",1,24.0,2.0,Motorcycle,3,"554,655",2024 Sep 13 06:12:00 PM,2024 Sep 13 11:12:00 PM,"20,392,454",False,True,False,HISPANIC,1.0,MALE,"1,118,016"
"1,438,731",1,42.0,1.0,Large passenger vehicle,2,"554,732",2024 Sep 06 02:40:00 PM,2024 Sep 06 07:40:00 PM,"20,394,444",False,True,False,WHITE,2.0,FEMALE,"1,118,178"
"1,438,785",1,34.0,3.0,Motorcycle,3,"554,654",2024 Sep 14 10:13:00 AM,2024 Sep 14 03:13:00 PM,"20,392,423",False,False,False,BLACK,2.0,FEMALE,"1,118,014"
"1,457,669",1,24.0,1.0,Motorcycle,3,"562,128",2024 Sep 15 08:10:00 PM,2024 Sep 16 01:10:00 AM,"20,392,545",False,True,False,WHITE,1.0,MALE,"1,133,110"
"1,523,730",1,29.0,2.0,Passenger car,1,"589,251",2024 Sep 19 04:16:00 PM,2024 Sep 19 09:16:00 PM,"20,399,413",False,True,False,HISPANIC,1.0,MALE,"1,187,157"
"1,539,605",1,28.0,2.0,Passenger car,1,"595,926",2024 Sep 21 02:36:00 AM,2024 Sep 21 07:36:00 AM,"20,403,721",False,True,False,HISPANIC,1.0,MALE,"1,200,282"
"1,539,616",1,20.0,3.0,Passenger car,1,"595,932",2024 Sep 22 07:15:00 AM,2024 Sep 22 12:15:00 PM,"20,403,733",False,True,False,BLACK,1.0,MALE,"1,200,293"
"1,559,165",1,33.0,1.0,Motorcycle,3,"603,743",2024 Sep 21 12:05:00 PM,2024 Sep 21 05:05:00 PM,"20,404,970",False,True,False,WHITE,1.0,MALE,"1,215,988"
"1,559,167",1,21.0,2.0,Motorcycle,3,"603,744",2024 Sep 15 01:13:00 PM,2024 Sep 15 06:13:00 PM,"20,404,972",False,True,False,HISPANIC,1.0,MALE,"1,215,990"
"1,581,540",1,29.0,4.0,Passenger car,1,"612,400",2024 Jul 07 05:56:00 PM,2024 Jul 07 10:56:00 PM,"20,404,965",False,True,False,ASIAN,2.0,FEMALE,"1,233,566"
"1,581,587",1,16.0,2.0,Pedestrian,7,"612,424",2024 Sep 21 05:20:00 PM,2024 Sep 21 10:20:00 PM,"20,406,556",False,True,False,HISPANIC,1.0,MALE,"1,233,620"
"1,581,603",1,31.0,,Motorcycle,3,"612,432",2024 Sep 21 02:45:00 AM,2024 Sep 21 07:45:00 AM,"20,406,611",False,True,False,,1.0,MALE,"1,233,636"
"1,581,918",1,28.0,4.0,Large passenger vehicle,2,"612,400",2024 Jul 07 05:56:00 PM,2024 Jul 07 10:56:00 PM,"20,404,965",False,False,False,ASIAN,1.0,MALE,"1,233,565"
"1,605,412",4,66.0,1.0,Bicycle,5,"621,517",2024 Sep 20 08:30:00 PM,2024 Sep 21 01:30:00 AM,"20,408,815",False,True,False,WHITE,1.0,MALE,"1,252,341"
"1,605,430",1,60.0,1.0,Bicycle,5,"621,525",2024 Sep 25 11:40:00 AM,2024 Sep 25 04:40:00 PM,"20,409,168",False,True,False,WHITE,2.0,FEMALE,"1,252,359"
"1,677,905",4,28.0,3.0,Pedestrian,7,"649,392",2024 Sep 25 09:32:00 PM,2024 Sep 26 02:32:00 AM,"20,410,840",False,True,False,BLACK,1.0,MALE,"1,308,935"
"1,678,108",1,1.0,3.0,Large passenger vehicle,2,"649,372",2024 Sep 24 04:14:00 PM,2024 Sep 24 09:14:00 PM,"20,408,814",False,False,False,BLACK,2.0,FEMALE,"1,308,895"
"1,700,185",4,33.0,1.0,Motorcycle,3,"657,861",2024 Sep 24 07:39:00 AM,2024 Sep 24 12:39:00 PM,"20,406,935",False,True,False,WHITE,1.0,MALE,"1,326,154"
"1,700,191",4,39.0,1.0,Bicycle,5,"657,865",2024 Sep 10 07:17:00 AM,2024 Sep 10 12:17:00 PM,"20,410,824",False,True,False,WHITE,1.0,MALE,"1,326,163"
"1,721,632",1,20.0,2.0,Passenger car,1,"665,990",2024 Sep 29 06:47:00 PM,2024 Sep 29 11:47:00 PM,"20,417,261",False,True,False,HISPANIC,1.0,MALE,"1,342,720"
"1,721,783",1,71.0,3.0,Pedestrian,7,"666,072",2024 Sep 30 07:58:00 AM,2024 Sep 30 12:58:00 PM,"20,418,896",False,True,False,BLACK,2.0,FEMALE,"1,342,884"
"1,721,942",1,33.0,1.0,Large passenger vehicle,2,"665,990",2024 Sep 29 06:47:00 PM,2024 Sep 29 11:47:00 PM,"20,417,261",False,False,False,WHITE,2.0,FEMALE,"1,342,719"
"2,988,529",1,21.0,1.0,Large passenger vehicle,2,"1,159,347",2024 Sep 27 05:27:00 PM,2024 Sep 27 10:27:00 PM,"20,417,139",False,True,False,WHITE,2.0,FEMALE,"2,339,764"
"2,988,555",1,31.0,1.0,Pedestrian,7,"1,159,361",2024 Sep 29 08:09:00 PM,2024 Sep 30 01:09:00 AM,"20,417,263",False,True,False,WHITE,2.0,FEMALE,"2,339,790"
"2,988,558",4,21.0,2.0,Motorcycle,3,"1,159,362",2024 Sep 29 09:11:00 PM,2024 Sep 30 02:11:00 AM,"20,417,264",False,True,False,HISPANIC,1.0,MALE,"2,339,793"
"2,988,833",4,90.0,3.0,Passenger car,1,"1,159,351",2024 Sep 28 06:22:00 PM,2024 Sep 28 11:22:00 PM,"20,417,185",False,False,False,BLACK,2.0,FEMALE,"2,339,770"
"2,988,929",4,58.0,2.0,Bicycle,5,"1,159,489",2018 Jan 29 10:42:00 AM,2018 Jan 29 04:42:00 PM,,False,True,True,HISPANIC,1.0,MALE,"2,340,069"
"3,011,632",1,33.0,2.0,Large passenger vehicle,2,"1,168,099",2024 Oct 02 04:43:00 PM,2024 Oct 02 09:43:00 PM,"20,423,494",False,False,False,HISPANIC,1.0,MALE,"2,357,637"
"3,077,956",1,55.0,0.0,Large passenger vehicle,2,"1,193,537",2024 Oct 02 11:33:00 AM,2024 Oct 02 04:33:00 PM,"20,423,448",False,True,False,UNKNOWN,1.0,MALE,"2,408,861"
"3,078,053",1,31.0,1.0,Motorcycle,3,"1,193,588",2024 Oct 03 05:33:00 PM,2024 Oct 03 10:33:00 PM,"20,425,528",False,True,False,WHITE,1.0,MALE,"2,408,961"
"3,113,091",4,71.0,2.0,Large passenger vehicle,2,"1,206,713",2024 Oct 04 05:15:00 AM,2024 Oct 04 10:15:00 AM,"20,430,584",False,True,False,HISPANIC,1.0,MALE,"2,435,615"
"3,113,298",1,11.0,2.0,Passenger car,1,"1,206,741",2024 Sep 22 01:00:00 AM,2024 Sep 22 06:00:00 AM,"20,430,932",False,False,False,HISPANIC,1.0,MALE,"2,435,673"
"3,131,004",1,45.0,2.0,Large passenger vehicle,2,"1,213,465",2024 Oct 06 11:40:00 AM,2024 Oct 06 04:40:00 PM,"20,430,587",False,True,False,HISPANIC,2.0,FEMALE,"2,449,183"
"3,131,161",1,,2.0,Bicycle,5,"1,213,548",2024 Oct 08 04:00:00 PM,2024 Oct 08 09:00:00 PM,"20,434,467",False,True,False,HISPANIC,1.0,MALE,"2,449,346"
"3,131,304",1,41.0,3.0,Passenger car,1,"1,213,530",2024 Oct 08 06:19:00 AM,2024 Oct 08 11:19:00 AM,"20,434,375",False,False,False,BLACK,1.0,MALE,"2,449,308"
"3,205,508",1,34.0,2.0,Large passenger vehicle,2,"1,241,725",2024 Oct 11 11:59:00 AM,2024 Oct 11 04:59:00 PM,"20,438,711",False,True,False,HISPANIC,1.0,MALE,"2,506,057"
"3,221,812",1,18.0,2.0,Large passenger vehicle,2,"1,247,797",2024 Oct 05 05:41:00 PM,2024 Oct 05 10:41:00 PM,"20,438,125",False,False,False,HISPANIC,1.0,MALE,"2,518,116"
"3,238,788",1,20.0,2.0,Motorcycle,3,"1,254,439",2024 Oct 12 03:50:00 PM,2024 Oct 12 08:50:00 PM,"20,440,372",False,True,False,HISPANIC,1.0,MALE,"2,531,321"
"3,238,919",1,44.0,1.0,Motorcycle,3,"1,254,508",2024 Oct 14 12:14:00 PM,2024 Oct 14 05:14:00 PM,"20,443,292",False,True,False,WHITE,1.0,MALE,"2,531,459"
"3,268,159",1,49.0,2.0,Large passenger vehicle,2,"1,266,639",2024 Oct 14 04:45:00 PM,2024 Oct 14 09:45:00 PM,"20,444,351",False,True,False,HISPANIC,2.0,FEMALE,"2,555,957"
"3,268,185",1,62.0,3.0,Large passenger vehicle,2,"1,266,651",2024 Oct 11 08:23:00 AM,2024 Oct 11 01:23:00 PM,"20,444,828",False,True,False,BLACK,2.0,FEMALE,"2,555,983"
"3,312,565",4,23.0,3.0,Passenger car,1,"1,284,837",2024 Oct 15 10:30:00 PM,2024 Oct 16 03:30:00 AM,"20,446,610",False,True,False,BLACK,1.0,MALE,"2,593,156"
"3,312,740",1,72.0,1.0,Bicycle,5,"1,284,930",2024 Oct 17 12:33:00 PM,2024 Oct 17 05:33:00 PM,"20,449,244",False,True,False,WHITE,1.0,MALE,"2,593,343"
"3,419,683",1,21.0,2.0,Motorcycle,3,"1,323,711",2024 Oct 09 05:11:00 PM,2024 Oct 09 10:11:00 PM,"20,438,142",False,True,False,HISPANIC,1.0,MALE,"2,671,431"
"3,419,727",1,22.0,2.0,Bicycle,5,"1,323,734",2024 Oct 14 11:09:00 PM,2024 Oct 15 04:09:00 AM,"20,448,848",False,True,False,HISPANIC,1.0,MALE,"2,671,481"
"3,419,886",1,42.0,3.0,Large passenger vehicle,2,"1,323,817",2024 Oct 18 11:38:00 AM,2024 Oct 18 04:38:00 PM,"20,451,090",False,True,False,BLACK,2.0,FEMALE,"2,671,650"
"3,429,679",1,34.0,2.0,Passenger car,1,"1,327,565",2024 Oct 19 09:30:00 PM,2024 Oct 20 02:30:00 AM,"20,454,845",False,True,False,HISPANIC,1.0,MALE,"2,679,370"
"3,429,680",1,26.0,2.0,Passenger car,1,"1,327,565",2024 Oct 19 09:30:00 PM,2024 Oct 20 02:30:00 AM,"20,454,845",False,True,False,HISPANIC,2.0,FEMALE,"2,679,371"
"3,429,822",1,33.0,2.0,Passenger car,1,"1,327,565",2024 Oct 19 09:30:00 PM,2024 Oct 20 02:30:00 AM,"20,454,845",False,False,False,HISPANIC,2.0,FEMALE,"2,679,370"
"3,429,823",1,0.0,2.0,Passenger car,1,"1,327,565",2024 Oct 19 09:30:00 PM,2024 Oct 20 02:30:00 AM,"20,454,845",False,False,False,HISPANIC,1.0,MALE,"2,679,370"
"3,453,257",1,44.0,1.0,Pedestrian,7,"1,337,102",2024 Oct 18 07:55:00 PM,2024 Oct 19 12:55:00 AM,"20,454,713",False,True,False,WHITE,1.0,MALE,"2,698,449"
"3,453,274",1,33.0,1.0,Passenger car,1,"1,337,113",2024 Oct 19 10:52:00 PM,2024 Oct 20 03:52:00 AM,"20,454,859",False,True,False,WHITE,2.0,FEMALE,"2,698,467"
"3,460,411",1,49.0,1.0,Motorcycle,3,"1,340,809",2024 Oct 20 03:44:00 AM,2024 Oct 20 08:44:00 AM,"20,454,871",False,True,False,WHITE,1.0,MALE,"2,706,021"
"3,460,469",1,36.0,5.0,Passenger car,1,"1,340,841",2024 Oct 12 06:45:00 PM,2024 Oct 12 11:45:00 PM,"20,458,180",False,True,False,OTHER,1.0,MALE,"2,706,083"
"3,460,476",1,20.0,2.0,Motorcycle,3,"1,340,845",2024 Oct 21 02:31:00 PM,2024 Oct 21 07:31:00 PM,"20,458,188",False,True,False,HISPANIC,1.0,MALE,"2,706,090"
"3,460,615",1,53.0,1.0,Passenger car,1,"1,340,918",2024 Oct 20 08:08:00 PM,2024 Oct 21 01:08:00 AM,"20,459,525",False,True,False,WHITE,1.0,MALE,"2,706,241"
"3,463,152",1,37.0,1.0,Motorcycle,3,"1,340,912",2024 Oct 04 04:27:00 PM,2024 Oct 04 09:27:00 PM,"20,459,517",False,False,False,WHITE,2.0,FEMALE,"2,706,228"
"3,463,255",4,59.0,1.0,Large passenger vehicle,2,"1,340,998",2024 Aug 11 08:34:00 AM,2024 Aug 11 01:34:00 PM,"20,460,300",False,True,False,WHITE,1.0,MALE,"2,706,410"
"3,463,440",4,16.0,2.0,Passenger car,1,"329,056",2024 Aug 07 02:36:00 AM,2024 Aug 07 07:36:00 AM,"20,323,647",False,False,False,HISPANIC,1.0,MALE,"664,605"
"3,463,464",4,26.0,1.0,Large passenger vehicle,2,"1,340,998",2024 Aug 11 08:34:00 AM,2024 Aug 11 01:34:00 PM,"20,460,300",False,False,False,WHITE,1.0,MALE,"2,706,410"
"3,464,622",1,40.0,1.0,Motorcycle,3,"1,341,554",2024 Oct 25 06:00:00 PM,2024 Oct 25 11:00:00 PM,"20,468,897",False,True,False,WHITE,1.0,MALE,"2,707,574"
"3,464,674",1,31.0,1.0,Pedestrian,7,"1,341,581",2024 Oct 25 10:29:00 PM,2024 Oct 26 03:29:00 AM,"20,468,992",False,True,False,WHITE,2.0,FEMALE,"2,707,627"
"3,464,686",1,35.0,1.0,Passenger car,1,"1,341,589",2024 Oct 26 08:45:00 AM,2024 Oct 26 01:45:00 PM,"20,469,057",False,True,False,WHITE,2.0,FEMALE,"2,707,639"
"3,464,696",1,32.0,2.0,Passenger car,1,"1,341,593",2024 Oct 26 03:16:00 PM,2024 Oct 26 08:16:00 PM,"20,469,061",False,True,False,HISPANIC,2.0,FEMALE,"2,707,649"
"3,464,721",4,47.0,2.0,Pedestrian,7,"1,341,604",2024 Oct 26 11:21:00 PM,2024 Oct 27 04:21:00 AM,"20,469,074",False,True,False,HISPANIC,2.0,FEMALE,"2,707,674"
"3,464,757",1,,5.0,Pedestrian,7,"1,341,622",2024 Oct 27 08:21:00 PM,2024 Oct 28 01:21:00 AM,"20,469,145",False,True,False,OTHER,1.0,MALE,"2,707,712"
"3,465,119",1,53.0,1.0,Passenger car,1,"1,341,810",2024 Aug 01 10:27:00 AM,2024 Aug 01 03:27:00 PM,"20,473,772",False,True,False,WHITE,1.0,MALE,"2,708,096"
"3,465,503",1,19.0,2.0,Passenger car,1,"1,341,866",2024 May 04 03:36:00 AM,2024 May 04 08:36:00 AM,"20,471,775",False,True,False,HISPANIC,1.0,MALE,"2,708,214"
"3,465,515",4,29.0,6.0,Pedestrian,7,"1,341,872",2024 Oct 19 04:50:00 AM,2024 Oct 19 09:50:00 AM,"20,471,848",False,True,False,AMER. INDIAN/ALASKAN NATIVE,1.0,MALE,"2,708,226"
"3,466,004",1,62.0,1.0,Bicycle,5,"1,342,071",2024 Oct 31 06:30:00 PM,2024 Oct 31 11:30:00 PM,"20,477,522",False,True,False,WHITE,1.0,MALE,"2,708,642"
"3,466,039",1,45.0,3.0,Bicycle,5,"1,342,090",2024 Nov 01 07:17:00 AM,2024 Nov 01 12:17:00 PM,"20,477,759",False,True,False,BLACK,1.0,MALE,"2,708,677"
"3,466,267",1,24.0,2.0,Motorcycle,3,"1,342,159",2024 Oct 29 07:53:00 PM,2024 Oct 30 12:53:00 AM,"20,473,789",False,True,False,HISPANIC,1.0,MALE,"2,708,816"
"3,466,299",1,22.0,2.0,Passenger car,1,"1,342,177",2024 Nov 01 04:57:00 AM,2024 Nov 01 09:57:00 AM,"20,476,932",False,True,False,HISPANIC,1.0,MALE,"2,708,851"
"3,466,719",4,42.0,2.0,Pedestrian,7,"1,342,371",2024 Nov 03 07:35:00 PM,2024 Nov 04 01:35:00 AM,"20,482,727",False,True,False,HISPANIC,2.0,FEMALE,"2,709,244"
"3,466,740",1,33.0,2.0,Passenger car,1,"1,342,382",2024 Nov 04 02:17:00 AM,2024 Nov 04 08:17:00 AM,"20,482,756",False,True,False,HISPANIC,1.0,MALE,"2,709,266"
"3,467,053",4,18.0,1.0,Motorcycle,3,"1,342,488",2024 Nov 02 03:38:00 AM,2024 Nov 02 08:38:00 AM,"20,482,577",False,True,False,WHITE,1.0,MALE,"2,709,475"
"3,467,119",1,22.0,3.0,Passenger car,1,"1,342,525",2024 Nov 04 08:43:00 PM,2024 Nov 05 02:43:00 AM,"20,483,884",False,True,False,BLACK,2.0,FEMALE,"2,709,547"
"3,467,330",1,8.0,3.0,Passenger car,1,"1,342,498",2024 Oct 26 09:08:00 PM,2024 Oct 27 02:08:00 AM,"20,482,634",False,False,False,BLACK,1.0,MALE,"2,709,498"
"3,467,504",1,52.0,1.0,Passenger car,1,"1,342,667",2024 Nov 05 04:32:00 PM,2024 Nov 05 10:32:00 PM,"20,486,529",False,True,False,WHITE,1.0,MALE,"2,709,835"
"3,467,743",1,37.0,3.0,Large passenger vehicle,2,"1,342,716",2024 Nov 05 12:00:00 PM,2024 Nov 05 06:00:00 PM,"20,488,270",False,False,False,BLACK,2.0,FEMALE,"2,709,941"
"3,468,858",1,63.0,1.0,Large passenger vehicle,2,"1,343,194",2024 Nov 08 11:24:00 AM,2024 Nov 08 05:24:00 PM,"20,497,764",False,True,False,WHITE,2.0,FEMALE,"2,710,922"
"3,468,896",1,59.0,1.0,Large passenger vehicle,2,"1,343,212",2024 Nov 12 10:53:00 AM,2024 Nov 12 04:53:00 PM,"20,497,889",False,True,False,WHITE,1.0,MALE,"2,710,961"
"3,469,022",1,35.0,4.0,Passenger car,1,"1,343,277",2024 Nov 09 04:45:00 AM,2024 Nov 09 10:45:00 AM,"20,499,321",False,True,False,ASIAN,1.0,MALE,"2,711,096"
"3,469,045",1,27.0,2.0,Motor vehicle – other,4,"1,343,289",2024 Nov 12 06:33:00 PM,2024 Nov 13 12:33:00 AM,"20,499,348",False,True,False,HISPANIC,1.0,MALE,"2,711,120"
"3,469,284",4,66.0,3.0,Pedestrian,7,"1,343,353",2024 Nov 12 03:34:00 AM,2024 Nov 12 09:34:00 AM,"20,499,335",False,True,False,BLACK,2.0,FEMALE,"2,711,261"
"3,469,455",4,34.0,4.0,Passenger car,1,"1,343,445",2024 Nov 06 08:00:00 PM,2024 Nov 07 02:00:00 AM,"20,501,707",False,True,False,ASIAN,2.0,FEMALE,"2,711,448"
"3,469,713",1,24.0,2.0,Motorcycle,3,"1,343,511",2024 Nov 10 08:44:00 AM,2024 Nov 10 02:44:00 PM,"20,499,913",False,True,False,HISPANIC,1.0,MALE,"2,711,600"
"3,470,187",1,39.0,2.0,Large passenger vehicle,2,"1,343,587",2024 Nov 14 03:12:00 PM,2024 Nov 14 09:12:00 PM,"20,503,652",False,False,False,HISPANIC,2.0,FEMALE,"2,711,759"
"3,470,306",4,39.0,1.0,Pedestrian,7,"1,343,729",2024 Nov 10 06:29:00 PM,2024 Nov 11 12:29:00 AM,"20,503,657",False,True,False,WHITE,2.0,FEMALE,"2,712,052"
"3,471,105",4,53.0,1.0,Bicycle,5,"1,344,045",2024 Nov 11 06:30:00 PM,2024 Nov 12 12:30:00 AM,"20,507,785",False,True,False,WHITE,1.0,MALE,"2,712,706"
"3,471,248",1,39.0,2.0,Passenger car,1,"1,344,123",2024 Nov 20 08:42:00 AM,2024 Nov 20 02:42:00 PM,"20,513,085",False,True,False,HISPANIC,1.0,MALE,"2,712,868"
"3,471,669",1,31.0,1.0,Passenger car,1,"1,344,238",2024 Nov 20 06:44:00 PM,2024 Nov 21 12:44:00 AM,"20,514,992",False,False,False,WHITE,2.0,FEMALE,"2,713,110"
"3,471,759",1,73.0,1.0,Passenger car,1,"1,344,299",2024 Nov 20 04:58:00 AM,2024 Nov 20 10:58:00 AM,"20,514,991",False,True,False,WHITE,2.0,FEMALE,"2,713,245"
"3,472,123",4,63.0,3.0,Large passenger vehicle,2,"1,344,450",2024 Nov 21 08:43:00 PM,2024 Nov 22 02:43:00 AM,"20,517,061",False,True,False,BLACK,1.0,MALE,"2,713,549"
"3,472,124",1,43.0,2.0,Passenger car,1,"1,344,450",2024 Nov 21 08:43:00 PM,2024 Nov 22 02:43:00 AM,"20,517,061",False,True,False,HISPANIC,2.0,FEMALE,"2,713,550"
"3,472,252",1,58.0,1.0,Pedestrian,7,"1,344,515",2024 Nov 21 11:19:00 PM,2024 Nov 22 05:19:00 AM,"20,521,489",False,True,False,WHITE,1.0,MALE,"2,713,684"
"3,472,317",4,81.0,1.0,Pedestrian,7,"1,344,548",2024 Nov 23 05:37:00 PM,2024 Nov 23 11:37:00 PM,"20,521,627",False,True,False,WHITE,1.0,MALE,"2,713,751"
"3,472,359",1,45.0,1.0,Passenger car,1,"1,344,571",2024 Nov 23 12:21:00 AM,2024 Nov 23 06:21:00 AM,"20,521,745",False,True,False,WHITE,1.0,MALE,"2,713,794"
"3,472,430",1,14.0,2.0,Passenger car,1,"1,344,450",2024 Nov 21 08:43:00 PM,2024 Nov 22 02:43:00 AM,"20,517,061",False,False,False,HISPANIC,1.0,MALE,"2,713,550"
"3,472,651",1,45.0,2.0,Passenger car,1,"1,344,636",2024 Nov 18 04:38:00 PM,2024 Nov 18 10:38:00 PM,"20,522,696",False,True,False,HISPANIC,1.0,MALE,"2,713,932"
"3,472,850",1,24.0,1.0,Passenger car,1,"1,344,703",2024 Nov 22 06:00:00 AM,2024 Nov 22 12:00:00 PM,"20,521,305",False,True,False,WHITE,1.0,MALE,"2,714,062"
"3,473,317",1,57.0,3.0,Pedestrian,7,"1,344,944",2024 Nov 26 08:07:00 PM,2024 Nov 27 02:07:00 AM,"20,529,754",False,True,False,BLACK,1.0,MALE,"2,714,563"
"3,474,030",1,26.0,1.0,Passenger car,1,"1,345,023",2024 Nov 25 01:48:00 PM,2024 Nov 25 07:48:00 PM,"20,524,607",False,False,False,WHITE,1.0,MALE,"2,714,726"
"3,474,223",4,26.0,3.0,Passenger car,1,"1,345,230",2024 Nov 28 09:15:00 PM,2024 Nov 29 03:15:00 AM,"20,531,606",False,True,False,BLACK,1.0,MALE,"2,715,144"
"3,474,224",1,33.0,1.0,Passenger car,1,"1,345,230",2024 Nov 28 09:15:00 PM,2024 Nov 29 03:15:00 AM,"20,531,606",False,True,False,WHITE,1.0,MALE,"2,715,145"
"3,474,265",1,38.0,3.0,Pedestrian,7,"1,345,253",2024 Dec 01 06:13:00 PM,2024 Dec 02 12:13:00 AM,"20,533,268",False,True,False,BLACK,2.0,FEMALE,"2,715,187"
"3,474,300",1,41.0,2.0,Motorcycle,3,"1,345,267",2024 Nov 19 05:35:00 PM,2024 Nov 19 11:35:00 PM,"20,533,973",False,True,False,HISPANIC,1.0,MALE,"2,715,222"
"3,474,399",1,56.0,2.0,Passenger car,1,"1,345,317",2024 Dec 03 06:00:00 AM,2024 Dec 03 12:00:00 PM,"20,535,661",False,True,False,HISPANIC,2.0,FEMALE,"2,715,330"
"3,474,420",1,33.0,1.0,Passenger car,1,"1,345,230",2024 Nov 28 09:15:00 PM,2024 Nov 29 03:15:00 AM,"20,531,606",False,False,False,WHITE,2.0,FEMALE,"2,715,145"
"3,474,727",1,19.0,2.0,Motorcycle,3,"1,345,456",2024 Dec 03 04:44:00 PM,2024 Dec 03 10:44:00 PM,"20,537,113",False,True,False,HISPANIC,1.0,MALE,"2,715,613"
"3,475,069",1,33.0,1.0,Motorcycle,3,"1,345,542",2024 Dec 01 02:50:00 PM,2024 Dec 01 08:50:00 PM,"20,533,277",False,True,False,WHITE,1.0,MALE,"2,715,799"
"3,475,518",1,13.0,2.0,Pedestrian,7,"1,345,755",2024 Dec 06 02:20:00 PM,2024 Dec 06 08:20:00 PM,"20,542,282",False,True,False,HISPANIC,2.0,FEMALE,"2,716,218"
"3,475,594",1,19.0,2.0,Passenger car,1,"1,345,793",2024 Nov 22 06:44:00 PM,2024 Nov 23 12:44:00 AM,"20,543,432",False,True,False,HISPANIC,1.0,MALE,"2,716,296"
"3,475,912",4,43.0,2.0,Pedestrian,7,"1,345,896",2024 Dec 06 03:49:00 AM,2024 Dec 06 09:49:00 AM,"20,543,463",False,True,False,HISPANIC,2.0,FEMALE,"2,716,493"
"3,476,052",1,19.0,2.0,Passenger car,1,"1,345,969",2024 Sep 02 02:04:00 PM,2024 Sep 02 07:04:00 PM,"20,546,180",False,True,False,HISPANIC,1.0,MALE,"2,716,638"
"3,476,203",1,43.0,2.0,Passenger car,1,"1,345,998",2024 Nov 11 12:00:00 AM,2024 Nov 11 06:00:00 AM,"20,543,430",False,True,False,HISPANIC,1.0,MALE,"2,716,695"
"3,476,251",1,25.0,2.0,Passenger car,1,"1,346,024",2024 Jun 17 05:38:00 AM,2024 Jun 17 10:38:00 AM,"20,546,178",False,True,False,HISPANIC,1.0,MALE,"2,716,745"
"3,476,606",1,26.0,2.0,Pedestrian,7,"1,346,152",2024 Sep 01 01:05:00 PM,2024 Sep 01 06:05:00 PM,"20,546,179",False,True,False,HISPANIC,1.0,MALE,"2,717,003"
"3,476,856",1,75.0,2.0,Passenger car,1,"1,346,274",2024 Dec 11 10:42:00 AM,2024 Dec 11 04:42:00 PM,"20,550,738",False,True,False,HISPANIC,2.0,FEMALE,"2,717,264"
"3,476,858",1,95.0,1.0,Passenger car,1,"1,346,275",2024 Dec 11 11:48:00 AM,2024 Dec 11 05:48:00 PM,"20,550,772",False,True,False,WHITE,2.0,FEMALE,"2,717,266"
"3,477,112",4,37.0,1.0,Large passenger vehicle,2,"1,346,319",2024 Dec 06 06:26:00 PM,2024 Dec 07 12:26:00 AM,"20,550,223",False,True,False,WHITE,2.0,FEMALE,"2,717,366"
"3,477,152",4,34.0,2.0,Large passenger vehicle,2,"1,346,340",2024 Dec 05 11:18:00 PM,2024 Dec 06 05:18:00 AM,"20,550,707",False,True,False,HISPANIC,1.0,MALE,"2,717,407"
"3,477,282",1,54.0,3.0,Large passenger vehicle,2,"1,346,325",2024 Dec 09 08:45:00 PM,2024 Dec 10 02:45:00 AM,"20,550,295",False,False,False,BLACK,2.0,FEMALE,"2,717,378"
"3,477,297",4,54.0,2.0,Passenger car,1,"1,346,342",2024 Dec 09 06:08:00 PM,2024 Dec 10 12:08:00 AM,"20,550,710",False,False,False,HISPANIC,2.0,FEMALE,"2,717,409"
"3,478,275",1,77.0,1.0,Pedestrian,7,"1,346,791",2024 Dec 13 03:23:00 PM,2024 Dec 13 09:23:00 PM,"20,559,686",False,True,False,WHITE,2.0,FEMALE,"2,718,309"
"3,478,309",1,42.0,2.0,Large passenger vehicle,2,"1,346,810",2024 Dec 01 02:20:00 AM,2024 Dec 01 08:20:00 AM,"20,559,763",False,True,False,HISPANIC,1.0,MALE,"2,718,344"
"3,478,368",1,35.0,2.0,Passenger car,1,"1,346,842",2024 Dec 15 08:20:00 PM,2024 Dec 16 02:20:00 AM,"20,559,932",False,True,False,HISPANIC,1.0,MALE,"2,718,409"
"3,478,510",1,,2.0,Large passenger vehicle,2,"1,346,810",2024 Dec 01 02:20:00 AM,2024 Dec 01 08:20:00 AM,"20,559,763",False,False,False,HISPANIC,2.0,FEMALE,"2,718,344"
"3,478,655",1,56.0,1.0,Large passenger vehicle,2,"1,346,941",2024 Dec 13 05:41:00 PM,2024 Dec 13 11:41:00 PM,"20,559,771",False,True,False,WHITE,1.0,MALE,"2,718,616"
"3,478,669",4,73.0,1.0,Passenger car,1,"1,346,948",2024 Dec 13 09:43:00 PM,2024 Dec 14 03:43:00 AM,"20,559,841",False,True,False,WHITE,1.0,MALE,"2,718,630"
"3,478,684",1,23.0,2.0,Passenger car,1,"1,346,956",2024 Dec 14 04:23:00 PM,2024 Dec 14 10:23:00 PM,"20,559,906",False,True,False,HISPANIC,1.0,MALE,"2,718,645"
"3,478,685",4,75.0,2.0,Large passenger vehicle,2,"1,346,956",2024 Dec 14 04:23:00 PM,2024 Dec 14 10:23:00 PM,"20,559,906",False,True,False,HISPANIC,1.0,MALE,"2,718,646"
"3,478,690",1,20.0,1.0,Large passenger vehicle,2,"1,346,959",2024 Dec 15 04:10:00 AM,2024 Dec 15 10:10:00 AM,"20,559,912",False,True,False,WHITE,1.0,MALE,"2,718,651"
"3,478,698",4,68.0,3.0,Pedestrian,7,"1,346,962",2024 Dec 16 06:29:00 AM,2024 Dec 16 12:29:00 PM,"20,560,047",False,True,False,BLACK,1.0,MALE,"2,718,659"
"3,478,895",4,18.0,2.0,Passenger car,1,"1,346,956",2024 Dec 14 04:23:00 PM,2024 Dec 14 10:23:00 PM,"20,559,906",False,False,False,HISPANIC,1.0,MALE,"2,718,645"
"3,478,899",1,19.0,1.0,Large passenger vehicle,2,"1,346,959",2024 Dec 15 04:10:00 AM,2024 Dec 15 10:10:00 AM,"20,559,912",False,False,False,WHITE,1.0,MALE,"2,718,651"
"3,482,497",1,48.0,1.0,Pedestrian,7,"1,348,460",2023 Dec 21 04:45:00 AM,2023 Dec 21 10:45:00 AM,"20,592,913",False,True,False,WHITE,1.0,MALE,"2,721,729"
"3,482,918",1,33.0,3.0,Pedestrian,7,"1,348,648",2024 Dec 28 09:43:00 PM,2024 Dec 29 03:43:00 AM,"20,595,143",False,True,False,BLACK,1.0,MALE,"2,722,116"
"3,482,967",1,16.0,2.0,Pedestrian,7,"1,348,674",2025 Jan 05 04:32:00 PM,2025 Jan 05 10:32:00 PM,"20,595,240",False,True,False,HISPANIC,1.0,MALE,"2,722,169"
"3,483,599",1,32.0,3.0,Passenger car,1,"1,348,921",2025 Jan 01 12:41:00 AM,2025 Jan 01 06:41:00 AM,"20,595,151",False,True,False,BLACK,1.0,MALE,"2,722,675"
"3,483,706",4,38.0,1.0,Pedestrian,7,"1,348,972",2024 Aug 27 01:04:00 AM,2024 Aug 27 06:04:00 AM,"20,595,846",False,True,False,WHITE,1.0,MALE,"2,722,792"
"3,484,139",1,28.0,1.0,Large passenger vehicle,2,"1,349,130",2025 Jan 06 04:58:00 PM,2025 Jan 06 10:58:00 PM,"20,595,455",False,True,False,WHITE,2.0,FEMALE,"2,723,111"
"3,484,163",4,25.0,2.0,Motorcycle,3,"1,349,143",2024 Dec 17 07:09:00 PM,2024 Dec 18 01:09:00 AM,"20,597,449",False,True,False,HISPANIC,1.0,MALE,"2,723,136"
"3,484,215",1,29.0,2.0,Motorcycle,3,"1,349,168",2025 Jan 08 01:13:00 PM,2025 Jan 08 07:13:00 PM,"20,598,880",False,True,False,HISPANIC,1.0,MALE,"2,723,190"
"3,484,941",1,82.0,1.0,Pedestrian,7,"1,349,450",2025 Jan 11 04:57:00 PM,2025 Jan 11 10:57:00 PM,"20,604,361",False,True,False,WHITE,2.0,FEMALE,"2,723,751"
"3,485,057",4,31.0,1.0,Pedestrian,7,"1,349,470",2024 Dec 29 04:06:00 AM,2024 Dec 29 10:06:00 AM,"20,600,429",False,True,False,WHITE,2.0,FEMALE,"2,723,787"
"3,485,640",4,47.0,2.0,Pedestrian,7,"1,349,683",2024 Dec 15 06:48:00 AM,2024 Dec 15 12:48:00 PM,"20,605,957",False,True,False,HISPANIC,1.0,MALE,"2,724,222"
"3,485,642",4,44.0,3.0,Motorcycle,3,"1,349,684",2024 Dec 25 08:37:00 PM,2024 Dec 26 02:37:00 AM,"20,606,559",False,True,False,BLACK,1.0,MALE,"2,724,224"
"3,485,643",4,27.0,3.0,Pedestrian,7,"1,349,684",2024 Dec 25 08:37:00 PM,2024 Dec 26 02:37:00 AM,"20,606,559",False,True,False,BLACK,1.0,MALE,"2,724,225"
"3,485,882",1,34.0,1.0,Passenger car,1,"1,349,776",2024 Dec 29 08:00:00 PM,2024 Dec 30 02:00:00 AM,"20,608,125",False,True,False,WHITE,2.0,FEMALE,"2,724,424"
"3,486,025",1,40.0,3.0,Pedestrian,7,"1,349,850",2023 Oct 19 02:17:00 PM,2023 Oct 19 07:17:00 PM,"20,611,400",False,True,False,BLACK,2.0,FEMALE,"2,724,573"
"3,486,104",1,37.0,3.0,Motorcycle,3,"1,349,893",2024 Dec 09 06:06:00 PM,2024 Dec 10 12:06:00 AM,"20,612,974",False,True,False,BLACK,2.0,FEMALE,"2,724,663"
"3,486,129",1,20.0,2.0,Passenger car,1,"1,349,907",2025 Jan 17 08:02:00 PM,2025 Jan 18 02:02:00 AM,"20,613,028",False,True,False,HISPANIC,1.0,MALE,"2,724,690"
"3,486,449",4,36.0,2.0,Large passenger vehicle,2,"1,350,002",2025 Jan 10 12:59:00 AM,2025 Jan 10 06:59:00 AM,"20,611,682",False,True,False,HISPANIC,1.0,MALE,"2,724,894"
"3,486,602",1,23.0,1.0,Motorcycle,3,"1,350,083",2025 Jan 18 02:31:00 PM,2025 Jan 18 08:31:00 PM,"20,615,987",False,True,False,WHITE,1.0,MALE,"2,725,057"
"3,486,874",1,42.0,5.0,Pedestrian,7,"1,350,157",2025 Jan 15 07:13:00 PM,2025 Jan 16 01:13:00 AM,"20,609,696",False,True,False,OTHER,2.0,FEMALE,"2,725,199"
"3,487,242",1,31.0,1.0,Pedestrian,7,"1,350,307",2025 Jan 20 05:26:00 PM,2025 Jan 20 11:26:00 PM,"20,618,126",False,True,False,WHITE,2.0,FEMALE,"2,725,498"
"3,489,447",1,23.0,2.0,Large passenger vehicle,2,"1,351,215",2025 Jan 24 09:53:00 AM,2025 Jan 24 03:53:00 PM,"20,625,490",False,True,False,HISPANIC,1.0,MALE,"2,727,315"
"3,490,106",4,47.0,1.0,Passenger car,1,"1,351,476",2025 Jan 27 07:03:00 AM,2025 Jan 27 01:03:00 PM,"20,627,212",False,True,False,WHITE,1.0,MALE,"2,727,829"
"3,490,279",1,34.0,1.0,Large passenger vehicle,2,"1,351,573",2025 Jan 30 08:14:00 PM,2025 Jan 31 02:14:00 AM,"20,632,750",False,True,False,WHITE,1.0,MALE,"2,728,017"
"3,490,338",1,28.0,2.0,Large passenger vehicle,2,"1,351,573",2025 Jan 30 08:14:00 PM,2025 Jan 31 02:14:00 AM,"20,632,750",False,False,False,HISPANIC,2.0,FEMALE,"2,728,016"
"3,490,377",4,50.0,1.0,Pedestrian,7,"1,351,603",2025 Jan 30 05:53:00 AM,2025 Jan 30 11:53:00 AM,"20,631,183",False,True,False,WHITE,1.0,MALE,"2,728,072"
"3,490,436",1,24.0,2.0,Passenger car,1,"1,351,639",2025 Jan 26 12:58:00 AM,2025 Jan 26 06:58:00 AM,"20,632,816",False,True,False,HISPANIC,1.0,MALE,"2,728,139"
"3,490,654",1,17.0,1.0,Passenger car,1,"1,351,718",2023 Dec 03 02:18:00 AM,2023 Dec 03 08:18:00 AM,"20,631,142",False,True,False,WHITE,1.0,MALE,"2,728,305"
"3,490,655",1,28.0,2.0,Motor vehicle – other,4,"1,351,718",2023 Dec 03 02:18:00 AM,2023 Dec 03 08:18:00 AM,"20,631,142",False,True,False,HISPANIC,1.0,MALE,"2,728,306"
"3,490,657",1,,2.0,Pedestrian,7,"1,351,718",2023 Dec 03 02:18:00 AM,2023 Dec 03 08:18:00 AM,"20,631,142",False,True,False,HISPANIC,1.0,MALE,"2,728,308"
"3,490,812",1,57.0,2.0,Passenger car,1,"1,351,806",2025 Feb 02 12:52:00 PM,2025 Feb 02 06:52:00 PM,"20,636,510",False,True,False,HISPANIC,1.0,MALE,"2,728,470"
"3,491,609",1,25.0,1.0,Motorcycle,3,"1,352,104",2025 Jan 11 01:01:00 PM,2025 Jan 11 07:01:00 PM,"20,641,056",False,True,False,WHITE,2.0,FEMALE,"2,729,099"
"3,491,612",1,61.0,2.0,Bicycle,5,"1,352,105",2025 Jan 27 06:41:00 AM,2025 Jan 27 12:41:00 PM,"20,641,098",False,True,False,HISPANIC,1.0,MALE,"2,729,102"
"3,491,659",1,41.0,1.0,Motorcycle,3,"1,352,128",2025 Feb 05 06:29:00 PM,2025 Feb 06 12:29:00 AM,"20,642,082",False,True,False,WHITE,1.0,MALE,"2,729,150"
"3,492,213",4,63.0,1.0,Pedestrian,7,"1,352,326",2025 Jan 31 12:55:00 AM,2025 Jan 31 06:55:00 AM,"20,643,066",False,True,False,WHITE,2.0,FEMALE,"2,729,548"
"3,492,279",1,48.0,1.0,Motorcycle,3,"1,352,359",2025 Feb 08 01:53:00 AM,2025 Feb 08 07:53:00 AM,"20,644,933",False,True,False,WHITE,1.0,MALE,"2,729,614"
"3,492,302",1,55.0,2.0,Large passenger vehicle,2,"1,352,372",2025 Feb 07 06:40:00 PM,2025 Feb 08 12:40:00 AM,"20,645,705",False,True,False,HISPANIC,1.0,MALE,"2,729,639"
"3,492,330",1,28.0,2.0,Passenger car,1,"1,352,388",2025 Feb 08 12:41:00 PM,2025 Feb 08 06:41:00 PM,"20,645,731",False,True,False,HISPANIC,1.0,MALE,"2,729,673"
"3,492,448",1,39.0,2.0,Passenger car,1,"1,352,365",2025 Feb 08 05:49:00 PM,2025 Feb 08 11:49:00 PM,"20,645,690",False,False,False,HISPANIC,1.0,MALE,"2,729,626"
"3,492,546",1,66.0,1.0,Pedestrian,7,"1,352,460",2025 Jan 30 01:06:00 PM,2025 Jan 30 07:06:00 PM,"20,647,538",False,True,False,WHITE,1.0,MALE,"2,729,818"
"3,492,581",1,67.0,1.0,Pedestrian,7,"1,352,479",2025 Feb 08 05:21:00 PM,2025 Feb 08 11:21:00 PM,"20,648,106",False,True,False,WHITE,1.0,MALE,"2,729,855"
"3,492,593",1,30.0,3.0,Pedestrian,7,"1,352,487",2025 Feb 08 09:38:00 PM,2025 Feb 09 03:38:00 AM,"20,648,119",False,True,False,BLACK,1.0,MALE,"2,729,868"
"3,492,597",1,39.0,3.0,Passenger car,1,"1,352,490",2024 Dec 25 08:52:00 PM,2024 Dec 26 02:52:00 AM,"20,648,141",False,True,False,BLACK,1.0,MALE,"2,729,872"
"3,492,599",1,34.0,1.0,Motorcycle,3,"1,352,491",2025 Feb 09 06:56:00 PM,2025 Feb 10 12:56:00 AM,"20,648,145",False,True,False,WHITE,1.0,MALE,"2,729,874"
"3,492,607",1,53.0,2.0,Pedestrian,7,"1,352,495",2025 Feb 08 06:36:00 PM,2025 Feb 09 12:36:00 AM,"20,648,157",False,True,False,HISPANIC,1.0,MALE,"2,729,882"
"3,492,836",1,48.0,2.0,Pedestrian,7,"1,352,582",2025 Feb 09 06:32:00 AM,2025 Feb 09 12:32:00 PM,"20,648,112",False,True,False,HISPANIC,1.0,MALE,"2,730,047"
"3,493,217",1,59.0,2.0,Large passenger vehicle,2,"1,352,689",2025 Feb 11 03:54:00 PM,2025 Feb 11 09:54:00 PM,"20,651,166",False,False,False,HISPANIC,2.0,FEMALE,"2,730,261"
"3,493,413",1,35.0,2.0,Pedestrian,7,"1,352,803",2025 Feb 12 01:50:00 PM,2025 Feb 12 07:50:00 PM,"20,653,194",False,True,False,HISPANIC,1.0,MALE,"2,730,493"
"3,493,450",1,20.0,2.0,Passenger car,1,"1,352,822",2025 Feb 13 08:28:00 AM,2025 Feb 13 02:28:00 PM,"20,653,769",False,True,False,HISPANIC,1.0,MALE,"2,730,533"
"3,493,455",1,34.0,3.0,Passenger car,1,"1,352,825",2025 Feb 13 10:54:00 AM,2025 Feb 13 04:54:00 PM,"20,653,780",False,True,False,BLACK,1.0,MALE,"2,730,539"
"3,494,161",1,23.0,1.0,Large passenger vehicle,2,"1,353,131",2025 Feb 14 08:17:00 AM,2025 Feb 14 02:17:00 PM,"20,660,343",False,True,False,WHITE,1.0,MALE,"2,731,128"
"3,494,192",1,49.0,1.0,Large passenger vehicle,2,"1,353,146",2025 Feb 13 06:30:00 AM,2025 Feb 13 12:30:00 PM,"20,660,424",False,True,False,WHITE,2.0,FEMALE,"2,731,159"
"3,494,227",1,41.0,6.0,Motorcycle,3,"1,353,163",2025 Feb 15 07:20:00 PM,2025 Feb 16 01:20:00 AM,"20,660,491",False,True,False,AMER. INDIAN/ALASKAN NATIVE,1.0,MALE,"2,731,194"
"3,494,544",4,22.0,1.0,Passenger car,1,"1,353,264",2025 Feb 15 08:00:00 PM,2025 Feb 16 02:00:00 AM,"20,660,640",False,True,False,WHITE,2.0,FEMALE,"2,731,413"
"3,494,556",4,29.0,3.0,Pedestrian,7,"1,353,271",2025 Feb 18 08:41:00 AM,2025 Feb 18 02:41:00 PM,"20,661,144",False,True,False,BLACK,1.0,MALE,"2,731,427"
"3,494,789",1,48.0,1.0,Passenger car,1,"1,353,349",2025 Feb 14 06:30:00 AM,2025 Feb 14 12:30:00 PM,"20,654,826",False,True,False,WHITE,2.0,FEMALE,"2,731,581"
"3,494,853",1,33.0,1.0,Motorcycle,3,"1,353,386",2025 Feb 17 05:40:00 PM,2025 Feb 17 11:40:00 PM,"20,660,515",False,True,False,WHITE,1.0,MALE,"2,731,656"
"3,494,940",1,24.0,2.0,Other/Unknown,9,"1,353,431",2025 Feb 18 01:22:00 PM,2025 Feb 18 07:22:00 PM,"20,663,225",False,True,False,HISPANIC,1.0,MALE,"2,731,748"
"3,495,966",1,25.0,1.0,Passenger car,1,"1,354,020",2025 Feb 22 07:00:00 PM,2025 Feb 23 01:00:00 AM,"20,672,639",False,True,False,WHITE,1.0,MALE,"2,732,545"
"3,495,981",1,41.0,1.0,Passenger car,1,"1,354,029",2025 Feb 23 02:26:00 AM,2025 Feb 23 08:26:00 AM,"20,672,663",False,True,False,WHITE,1.0,MALE,"2,732,561"
"3,495,983",1,31.0,2.0,Pedestrian,7,"1,354,030",2025 Feb 23 01:51:00 AM,2025 Feb 23 07:51:00 AM,"20,672,667",False,True,False,HISPANIC,1.0,MALE,"2,732,563"
"3,496,197",1,22.0,1.0,Passenger car,1,"1,354,018",2025 Feb 22 08:15:00 PM,2025 Feb 23 02:15:00 AM,"20,672,637",False,False,False,WHITE,1.0,MALE,"2,732,543"
"3,497,857",1,20.0,2.0,Large passenger vehicle,2,"1,354,695",2025 Feb 23 12:07:00 AM,2025 Feb 23 06:07:00 AM,"20,672,648",False,False,False,HISPANIC,2.0,FEMALE,"2,733,876"
"3,498,173",1,58.0,1.0,Passenger car,1,"1,354,958",2025 Mar 01 02:27:00 PM,2025 Mar 01 08:27:00 PM,"20,681,346",False,True,False,WHITE,1.0,MALE,"2,734,414"
"3,498,526",4,33.0,1.0,Motorcycle,3,"1,355,083",2025 Mar 02 04:15:00 AM,2025 Mar 02 10:15:00 AM,"20,681,354",False,True,False,WHITE,1.0,MALE,"2,734,681"
"3,498,804",1,20.0,2.0,Large passenger vehicle,2,"1,355,150",2025 Mar 04 01:04:00 PM,2025 Mar 04 07:04:00 PM,"20,683,809",False,False,False,HISPANIC,1.0,MALE,"2,734,810"
"3,498,848",4,24.0,2.0,Passenger car,1,"1,355,186",2025 Feb 21 11:15:00 PM,2025 Feb 22 05:15:00 AM,"20,682,791",False,True,False,HISPANIC,2.0,FEMALE,"2,734,883"
"3,499,963",4,40.0,1.0,Pedestrian,7,"1,355,627",2025 Mar 05 07:05:00 PM,2025 Mar 06 01:05:00 AM,"20,686,709",False,True,False,WHITE,1.0,MALE,"2,735,801"
"3,500,284",1,27.0,3.0,Passenger car,1,"1,355,756",2025 Mar 04 01:07:00 PM,2025 Mar 04 07:07:00 PM,"20,688,860",False,True,False,BLACK,2.0,FEMALE,"2,736,061"
"3,500,307",1,26.0,1.0,Motorcycle,3,"1,355,769",2025 Mar 05 09:15:00 PM,2025 Mar 06 03:15:00 AM,"20,688,958",False,True,False,WHITE,1.0,MALE,"2,736,086"
"3,500,494",4,29.0,3.0,Passenger car,1,"1,355,756",2025 Mar 04 01:07:00 PM,2025 Mar 04 07:07:00 PM,"20,688,860",False,False,False,BLACK,2.0,FEMALE,"2,736,061"
"3,500,874",1,28.0,1.0,Motor vehicle – other,4,"1,356,037",2025 Mar 10 09:58:00 PM,2025 Mar 11 02:58:00 AM,"20,696,048",False,True,False,WHITE,1.0,MALE,"2,736,646"
"3,501,056",4,4.0,2.0,Passenger car,1,"1,356,037",2025 Mar 10 09:58:00 PM,2025 Mar 11 02:58:00 AM,"20,696,048",False,False,False,HISPANIC,2.0,FEMALE,"2,736,645"
"3,501,177",1,25.0,1.0,Pedestrian,7,"1,356,096",2025 Mar 09 03:04:00 AM,2025 Mar 09 08:04:00 AM,"20,695,210",False,True,False,WHITE,1.0,MALE,"2,736,781"
"3,501,780",1,51.0,1.0,Large passenger vehicle,2,"1,356,364",2025 Mar 08 01:59:00 PM,2025 Mar 08 07:59:00 PM,"20,702,379",False,True,False,WHITE,2.0,FEMALE,"2,737,317"
"3,502,118",1,47.0,1.0,Passenger car,1,"1,356,502",2025 Mar 13 06:13:00 AM,2025 Mar 13 11:13:00 AM,"20,705,222",False,True,False,WHITE,1.0,MALE,"2,737,602"
"3,502,408",4,43.0,1.0,Passenger car,1,"1,356,591",2025 Mar 09 03:08:00 AM,2025 Mar 09 08:08:00 AM,"20,704,856",False,True,False,WHITE,1.0,MALE,"2,737,789"
"3,502,411",4,26.0,3.0,Passenger car,1,"1,356,592",2025 Mar 10 04:35:00 AM,2025 Mar 10 09:35:00 AM,"20,704,860",False,True,False,BLACK,2.0,FEMALE,"2,737,792"
"3,502,412",1,40.0,2.0,Large passenger vehicle,2,"1,356,592",2025 Mar 10 04:35:00 AM,2025 Mar 10 09:35:00 AM,"20,704,860",False,True,False,HISPANIC,2.0,FEMALE,"2,737,793"
"3,502,453",4,64.0,2.0,Passenger car,1,"1,356,614",2025 Mar 12 06:03:00 PM,2025 Mar 12 11:03:00 PM,"20,705,178",False,True,False,HISPANIC,1.0,MALE,"2,737,836"
"3,502,454",1,38.0,2.0,Large passenger vehicle,2,"1,356,614",2025 Mar 12 06:03:00 PM,2025 Mar 12 11:03:00 PM,"20,705,178",False,True,False,HISPANIC,2.0,FEMALE,"2,737,837"
"3,502,546",1,52.0,4.0,Passenger car,1,"1,356,659",2025 Mar 17 06:46:00 AM,2025 Mar 17 11:46:00 AM,"20,705,459",False,True,False,ASIAN,1.0,MALE,"2,737,934"
"3,502,636",1,54.0,1.0,Pedestrian,7,"1,356,708",2025 Mar 17 09:10:00 PM,2025 Mar 18 02:10:00 AM,"20,706,711",False,True,False,WHITE,1.0,MALE,"2,738,033"
"3,502,981",1,41.0,3.0,Motorcycle,3,"1,356,804",2025 Feb 14 11:36:00 PM,2025 Feb 15 05:36:00 AM,"20,706,700",False,True,False,BLACK,1.0,MALE,"2,738,251"
"3,503,062",1,30.0,2.0,Passenger car,1,"1,356,849",2025 Mar 16 02:16:00 AM,2025 Mar 16 07:16:00 AM,"20,708,680",False,True,False,HISPANIC,1.0,MALE,"2,738,336"
"3,503,393",1,30.0,4.0,Motor vehicle – other,4,"1,356,954",2025 Mar 18 05:42:00 AM,2025 Mar 18 10:42:00 AM,"20,708,631",False,True,False,ASIAN,1.0,MALE,"2,738,582"
"3,503,910",1,45.0,1.0,Large passenger vehicle,2,"1,357,158",2025 Mar 11 07:00:00 PM,2025 Mar 12 12:00:00 AM,"20,713,028",False,True,False,WHITE,2.0,FEMALE,"2,739,003"
"3,504,251",4,72.0,2.0,Passenger car,1,"1,357,268",2025 Mar 20 07:03:00 PM,2025 Mar 21 12:03:00 AM,"20,712,638",False,True,False,HISPANIC,1.0,MALE,"2,739,221"
"3,504,667",1,49.0,1.0,Passenger car,1,"1,357,430",2025 Mar 21 09:36:00 AM,2025 Mar 21 02:36:00 PM,"20,715,017",False,True,False,WHITE,2.0,FEMALE,"2,739,547"
"3,504,958",4,32.0,2.0,Motorcycle,3,"1,357,541",2025 Mar 16 08:17:00 PM,2025 Mar 17 01:17:00 AM,"20,718,006",False,True,False,HISPANIC,1.0,MALE,"2,739,780"
"3,505,190",1,39.0,2.0,Passenger car,1,"1,357,640",2025 Mar 09 03:26:00 AM,2025 Mar 09 08:26:00 AM,"20,719,088",False,True,False,HISPANIC,1.0,MALE,"2,739,981"
"3,506,446",1,35.0,2.0,Passenger car,1,"1,358,294",2025 Mar 28 02:18:00 AM,2025 Mar 28 07:18:00 AM,"20,730,088",False,True,False,HISPANIC,2.0,FEMALE,"2,741,029"
"3,506,473",1,33.0,1.0,Motorcycle,3,"1,358,309",2025 Mar 21 11:13:00 PM,2025 Mar 22 04:13:00 AM,"20,730,203",False,True,False,WHITE,1.0,MALE,"2,741,057"
"3,506,585",1,47.0,2.0,Passenger car,1,"1,358,370",2025 Mar 31 12:15:00 AM,2025 Mar 31 05:15:00 AM,"20,732,196",False,True,False,HISPANIC,1.0,MALE,"2,741,173"
"3,506,632",1,59.0,1.0,Pedestrian,7,"1,358,393",2025 Mar 08 12:15:00 AM,2025 Mar 08 06:15:00 AM,"20,732,332",False,True,False,WHITE,2.0,FEMALE,"2,741,223"
"3,506,991",4,32.0,2.0,Passenger car,1,"1,358,519",2025 Mar 13 11:20:00 PM,2025 Mar 14 04:20:00 AM,"20,732,264",False,True,False,HISPANIC,1.0,MALE,"2,741,474"
"3,506,992",1,60.0,2.0,Large passenger vehicle,2,"1,358,519",2025 Mar 13 11:20:00 PM,2025 Mar 14 04:20:00 AM,"20,732,264",False,True,False,HISPANIC,1.0,MALE,"2,741,475"
"3,506,993",1,29.0,2.0,Passenger car,1,"1,358,519",2025 Mar 13 11:20:00 PM,2025 Mar 14 04:20:00 AM,"20,732,264",False,True,False,HISPANIC,1.0,MALE,"2,741,476"
"3,507,001",1,39.0,1.0,Passenger car,1,"1,358,519",2025 Mar 13 11:20:00 PM,2025 Mar 14 04:20:00 AM,"20,732,264",False,True,False,WHITE,1.0,MALE,"2,741,485"
"3,507,225",4,25.0,2.0,Passenger car,1,"1,358,519",2025 Mar 13 11:20:00 PM,2025 Mar 14 04:20:00 AM,"20,732,264",False,False,False,HISPANIC,2.0,FEMALE,"2,741,474"
"3,507,226",4,0.0,2.0,Passenger car,1,"1,358,519",2025 Mar 13 11:20:00 PM,2025 Mar 14 04:20:00 AM,"20,732,264",False,False,False,HISPANIC,1.0,MALE,"2,741,474"
"3,507,227",4,6.0,2.0,Passenger car,1,"1,358,519",2025 Mar 13 11:20:00 PM,2025 Mar 14 04:20:00 AM,"20,732,264",False,False,False,HISPANIC,2.0,FEMALE,"2,741,474"
"3,507,229",4,78.0,2.0,Large passenger vehicle,2,"1,358,519",2025 Mar 13 11:20:00 PM,2025 Mar 14 04:20:00 AM,"20,732,264",False,False,False,HISPANIC,2.0,FEMALE,"2,741,475"
"3,507,230",1,24.0,2.0,Passenger car,1,"1,358,519",2025 Mar 13 11:20:00 PM,2025 Mar 14 04:20:00 AM,"20,732,264",False,False,False,HISPANIC,2.0,FEMALE,"2,741,476"
"3,508,542",4,62.0,1.0,Pedestrian,7,"1,359,073",2025 Mar 22 08:12:00 PM,2025 Mar 23 01:12:00 AM,"20,738,144",False,True,False,WHITE,1.0,MALE,"2,742,644"
"3,510,048",4,37.0,1.0,Motorcycle,3,"1,359,701",2025 Mar 18 07:07:00 PM,2025 Mar 19 12:07:00 AM,"20,745,359",False,True,False,WHITE,1.0,MALE,"2,743,909"
"3,510,142",1,30.0,2.0,Pedestrian,7,"1,359,752",2025 Apr 07 04:13:00 PM,2025 Apr 07 09:13:00 PM,"20,748,873",False,True,False,HISPANIC,1.0,MALE,"2,744,011"
"3,510,164",1,20.0,2.0,Passenger car,1,"1,359,763",2025 Apr 09 01:10:00 PM,2025 Apr 09 06:10:00 PM,"20,748,899",False,True,False,HISPANIC,1.0,MALE,"2,744,033"
"3,510,395",1,17.0,4.0,Large passenger vehicle,2,"1,359,852",2025 Apr 09 08:26:00 PM,2025 Apr 10 01:26:00 AM,"20,748,832",False,True,False,ASIAN,2.0,FEMALE,"2,744,217"
"3,510,419",4,17.0,1.0,Passenger car,1,"1,359,864",2025 Mar 31 01:54:00 AM,2025 Mar 31 06:54:00 AM,"20,748,940",False,True,False,WHITE,1.0,MALE,"2,744,241"
"3,510,444",4,24.0,2.0,Pedestrian,7,"1,359,878",2025 Apr 05 01:24:00 AM,2025 Apr 05 06:24:00 AM,"20,749,382",False,True,False,HISPANIC,1.0,MALE,"2,744,269"
"3,510,649",1,18.0,4.0,Passenger car,1,"1,359,864",2025 Mar 31 01:54:00 AM,2025 Mar 31 06:54:00 AM,"20,748,940",False,False,False,ASIAN,1.0,MALE,"2,744,241"
"3,511,026",1,62.0,3.0,Pedestrian,7,"1,360,129",2025 Mar 23 08:36:00 PM,2025 Mar 24 01:36:00 AM,"20,755,224",False,True,False,BLACK,1.0,MALE,"2,744,786"
"3,511,724",1,43.0,1.0,Passenger car,1,"1,360,345",2025 Apr 06 02:34:00 PM,2025 Apr 06 07:34:00 PM,"20,756,906",False,True,False,WHITE,1.0,MALE,"2,745,233"
"3,511,874",1,65.0,1.0,Passenger car,1,"1,360,345",2025 Apr 06 02:34:00 PM,2025 Apr 06 07:34:00 PM,"20,756,906",False,False,False,WHITE,1.0,MALE,"2,745,233"
"3,511,875",4,62.0,1.0,Passenger car,1,"1,360,345",2025 Apr 06 02:34:00 PM,2025 Apr 06 07:34:00 PM,"20,756,906",False,False,False,WHITE,2.0,FEMALE,"2,745,233"
"3,511,877",1,15.0,2.0,Passenger car,1,"1,360,351",2025 Apr 14 05:32:00 PM,2025 Apr 14 10:32:00 PM,"20,756,920",False,False,False,HISPANIC,1.0,MALE,"2,745,245"
"3,512,061",1,26.0,2.0,Passenger car,1,"1,360,478",2025 Apr 17 03:21:00 AM,2025 Apr 17 08:21:00 AM,"20,760,979",False,True,False,HISPANIC,2.0,FEMALE,"2,745,514"
"3,512,063",1,60.0,1.0,Passenger car,1,"1,360,479",2025 Mar 29 12:59:00 AM,2025 Mar 29 05:59:00 AM,"20,760,980",False,True,False,WHITE,1.0,MALE,"2,745,516"
"3,512,093",1,43.0,3.0,Passenger car,1,"1,360,496",2025 Apr 16 11:14:00 AM,2025 Apr 16 04:14:00 PM,"20,761,912",False,True,False,BLACK,1.0,MALE,"2,745,551"
"3,513,129",1,35.0,2.0,Passenger car,1,"1,360,897",2025 Apr 12 04:57:00 PM,2025 Apr 12 09:57:00 PM,"20,769,030",False,True,False,HISPANIC,1.0,MALE,"2,746,359"
"3,513,621",1,,2.0,Pedestrian,7,"1,361,078",2025 Apr 20 08:32:00 PM,2025 Apr 21 01:32:00 AM,"20,769,434",False,True,False,HISPANIC,1.0,MALE,"2,746,725"
"3,513,625",1,23.0,2.0,Passenger car,1,"1,361,081",2025 Apr 21 10:27:00 PM,2025 Apr 22 03:27:00 AM,"20,769,509",False,True,False,HISPANIC,2.0,FEMALE,"2,746,730"
"3,513,714",1,23.0,2.0,Large passenger vehicle,2,"1,361,129",2025 Apr 11 08:12:00 AM,2025 Apr 11 01:12:00 PM,"20,771,572",False,True,False,HISPANIC,2.0,FEMALE,"2,746,829"
"3,513,814",1,29.0,2.0,Passenger car,1,"1,361,064",2025 Apr 18 01:57:00 PM,2025 Apr 18 06:57:00 PM,"20,769,274",False,False,False,HISPANIC,2.0,FEMALE,"2,746,697"
"3,514,612",1,49.0,1.0,Large passenger vehicle,2,"1,361,454",2025 Apr 07 07:28:00 PM,2025 Apr 08 12:28:00 AM,"20,779,058",False,True,False,WHITE,1.0,MALE,"2,747,500"
"3,514,767",1,17.0,1.0,Large passenger vehicle,2,"1,361,454",2025 Apr 07 07:28:00 PM,2025 Apr 08 12:28:00 AM,"20,779,058",False,False,False,WHITE,1.0,MALE,"2,747,500"
"3,515,195",4,35.0,1.0,Pedestrian,7,"1,361,674",2025 Apr 25 06:01:00 AM,2025 Apr 25 11:01:00 AM,"20,779,102",False,True,False,WHITE,1.0,MALE,"2,747,939"
"3,516,054",1,25.0,1.0,Passenger car,1,"1,362,019",2024 Jun 01 02:28:00 PM,2024 Jun 01 07:28:00 PM,"20,787,385",False,True,False,WHITE,2.0,FEMALE,"2,748,661"
"3,516,430",1,39.0,2.0,Passenger car,1,"1,362,161",2025 Apr 25 07:18:00 PM,2025 Apr 26 12:18:00 AM,"20,779,186",False,True,False,HISPANIC,1.0,MALE,"2,748,947"
"3,516,648",4,66.0,2.0,Passenger car,1,"1,362,279",2025 May 04 12:59:00 PM,2025 May 04 05:59:00 PM,"20,794,117",False,True,False,HISPANIC,1.0,MALE,"2,749,178"
"3,516,920",1,54.0,1.0,Passenger car,1,"1,362,361",2025 May 02 03:25:00 AM,2025 May 02 08:25:00 AM,"20,793,916",False,True,False,WHITE,2.0,FEMALE,"2,749,347"
"3,517,031",1,24.0,1.0,Large passenger vehicle,2,"1,362,425",2025 May 01 11:07:00 AM,2025 May 01 04:07:00 PM,"20,795,788",False,True,False,WHITE,1.0,MALE,"2,749,463"
"3,517,240",4,51.0,2.0,Motorcycle,3,"1,362,486",2025 Apr 26 10:44:00 AM,2025 Apr 26 03:44:00 PM,"20,787,492",False,True,False,HISPANIC,1.0,MALE,"2,749,595"
"3,517,281",1,31.0,2.0,Passenger car,1,"1,362,507",2025 May 06 03:10:00 PM,2025 May 06 08:10:00 PM,"20,796,207",False,True,False,HISPANIC,2.0,FEMALE,"2,749,643"
"3,517,289",4,47.0,1.0,Motorcycle,3,"1,362,512",2025 May 06 11:38:00 PM,2025 May 07 04:38:00 AM,"20,796,270",False,True,False,WHITE,1.0,MALE,"2,749,653"
"3,517,476",1,48.0,1.0,Large passenger vehicle,2,"1,362,536",2025 Apr 25 12:20:00 PM,2025 Apr 25 05:20:00 PM,"20,798,062",False,False,False,WHITE,2.0,FEMALE,"2,749,710"
"3,517,811",1,47.0,1.0,Large passenger vehicle,2,"1,362,722",2025 May 08 02:21:00 PM,2025 May 08 07:21:00 PM,"20,799,541",False,True,False,WHITE,1.0,MALE,"2,750,109"
"3,517,814",1,25.0,2.0,Passenger car,1,"1,362,724",2025 May 08 03:06:00 PM,2025 May 08 08:06:00 PM,"20,799,573",False,True,False,HISPANIC,1.0,MALE,"2,750,112"
"3,517,957",1,28.0,4.0,Passenger car,1,"1,362,798",2025 May 05 05:56:00 PM,2025 May 05 10:56:00 PM,"20,801,308",False,True,False,ASIAN,1.0,MALE,"2,750,264"
"3,517,974",1,22.0,2.0,Large passenger vehicle,2,"1,362,810",2025 May 10 08:58:00 AM,2025 May 10 01:58:00 PM,"20,801,364",False,True,False,HISPANIC,2.0,FEMALE,"2,750,285"
"3,518,091",1,18.0,1.0,Passenger car,1,"1,362,738",2025 May 01 03:42:00 AM,2025 May 01 08:42:00 AM,"20,800,064",False,False,False,WHITE,2.0,FEMALE,"2,750,141"
"3,518,120",1,37.0,1.0,Passenger car,1,"1,362,798",2025 May 05 05:56:00 PM,2025 May 05 10:56:00 PM,"20,801,308",False,False,False,WHITE,2.0,FEMALE,"2,750,265"
"3,518,257",4,28.0,4.0,Motorcycle,3,"1,362,883",2025 Apr 15 10:20:00 PM,2025 Apr 16 03:20:00 AM,"20,799,512",False,True,False,ASIAN,1.0,MALE,"2,750,438"
"3,518,290",1,41.0,1.0,Passenger car,1,"1,362,900",2025 Apr 29 12:52:00 AM,2025 Apr 29 05:52:00 AM,"20,800,060",False,True,False,WHITE,1.0,MALE,"2,750,474"
"3,518,435",4,20.0,2.0,Pedestrian,7,"1,362,976",2025 May 11 04:59:00 AM,2025 May 11 09:59:00 AM,"20,803,350",False,True,False,HISPANIC,0.0,UNKNOWN,"2,750,629"
"3,519,094",1,48.0,2.0,Passenger car,1,"1,363,117",2025 May 12 02:54:00 AM,2025 May 12 07:54:00 AM,"20,803,463",False,False,False,HISPANIC,1.0,MALE,"2,750,928"
"3,519,352",1,48.0,1.0,Pedestrian,7,"1,363,387",2025 May 12 09:22:00 PM,2025 May 13 02:22:00 AM,"20,805,924",False,True,False,WHITE,1.0,MALE,"2,751,289"
"3,519,899",1,28.0,1.0,Bicycle,5,"1,363,627",2024 Aug 30 10:51:00 PM,2024 Aug 31 03:51:00 AM,"20,810,638",False,True,False,WHITE,2.0,FEMALE,"2,751,771"
"3,520,370",1,62.0,1.0,Passenger car,1,"1,363,801",2025 May 15 05:22:00 PM,2025 May 15 10:22:00 PM,"20,811,903",False,True,False,WHITE,2.0,FEMALE,"2,752,131"
"3,520,378",1,27.0,1.0,Large passenger vehicle,2,"1,363,805",2025 May 15 07:18:00 PM,2025 May 16 12:18:00 AM,"20,811,908",False,True,False,WHITE,1.0,MALE,"2,752,139"
"3,520,386",1,,1.0,Pedestrian,7,"1,363,809",2025 May 16 02:30:00 AM,2025 May 16 07:30:00 AM,"20,811,916",False,True,False,WHITE,1.0,MALE,"2,752,147"
"3,520,673",1,,2.0,Passenger car,1,"1,363,902",2025 Mar 16 03:45:00 AM,2025 Mar 16 08:45:00 AM,"20,811,829",False,True,False,HISPANIC,1.0,MALE,"2,752,344"
"3,520,843",1,34.0,4.0,Motorcycle,3,"1,363,995",2025 May 17 11:00:00 AM,2025 May 17 04:00:00 PM,"20,815,008",False,True,False,ASIAN,1.0,MALE,"2,752,526"
"3,521,562",1,31.0,1.0,Passenger car,1,"1,364,257",2025 Mar 06 06:51:00 AM,2025 Mar 06 12:51:00 PM,"20,816,779",False,True,False,WHITE,2.0,FEMALE,"2,753,070"
"3,521,563",1,35.0,1.0,Passenger car,1,"1,364,257",2025 Mar 06 06:51:00 AM,2025 Mar 06 12:51:00 PM,"20,816,779",False,True,False,WHITE,1.0,MALE,"2,753,071"
"3,521,711",4,65.0,1.0,Bicycle,5,"1,364,341",2025 May 20 11:44:00 PM,2025 May 21 04:44:00 AM,"20,820,570",False,True,False,WHITE,1.0,MALE,"2,753,229"
"3,521,940",1,18.0,2.0,Passenger car,1,"1,364,423",2025 May 17 09:19:00 AM,2025 May 17 02:19:00 PM,"20,820,566",False,True,False,HISPANIC,1.0,MALE,"2,753,408"
"3,521,941",1,60.0,2.0,Large passenger vehicle,2,"1,364,423",2025 May 17 09:19:00 AM,2025 May 17 02:19:00 PM,"20,820,566",False,True,False,HISPANIC,1.0,MALE,"2,753,409"
"3,522,126",4,18.0,2.0,Passenger car,1,"1,364,423",2025 May 17 09:19:00 AM,2025 May 17 02:19:00 PM,"20,820,566",False,False,False,HISPANIC,2.0,FEMALE,"2,753,408"
"3,522,127",1,61.0,2.0,Large passenger vehicle,2,"1,364,423",2025 May 17 09:19:00 AM,2025 May 17 02:19:00 PM,"20,820,566",False,False,False,HISPANIC,1.0,MALE,"2,753,409"
"3,522,500",1,59.0,2.0,Passenger car,1,"1,364,672",2025 May 23 05:12:00 PM,2025 May 23 10:12:00 PM,"20,826,212",False,True,False,HISPANIC,2.0,FEMALE,"2,753,930"
"3,522,563",4,68.0,6.0,Passenger car,1,"1,364,538",2025 May 17 03:33:00 PM,2025 May 17 08:33:00 PM,"20,820,690",False,False,False,AMER. INDIAN/ALASKAN NATIVE,2.0,FEMALE,"2,753,646"
"3,522,744",4,45.0,1.0,Large passenger vehicle,2,"1,364,746",2025 May 11 01:05:00 AM,2025 May 11 06:05:00 AM,"20,826,194",False,True,False,WHITE,1.0,MALE,"2,754,087"
"3,522,749",4,36.0,2.0,Pedestrian,7,"1,364,749",2025 May 24 12:49:00 AM,2025 May 24 05:49:00 AM,"20,826,230",False,True,False,HISPANIC,1.0,MALE,"2,754,094"
"3,522,997",1,55.0,3.0,Passenger car,1,"1,364,846",2025 May 23 11:00:00 PM,2025 May 24 04:00:00 AM,"20,826,222",False,True,False,BLACK,2.0,FEMALE,"2,754,279"
"3,522,998",1,18.0,4.0,Passenger car,1,"1,364,847",2025 May 23 11:55:00 PM,2025 May 24 04:55:00 AM,"20,826,228",False,True,False,ASIAN,1.0,MALE,"2,754,280"
"3,523,532",1,50.0,2.0,Pedestrian,7,"1,365,060",2024 Jul 12 10:58:00 PM,2024 Jul 13 03:58:00 AM,"20,829,906",False,True,False,HISPANIC,1.0,MALE,"2,754,710"
"3,523,646",1,34.0,3.0,Bicycle,5,"1,365,120",2025 May 27 10:49:00 PM,2025 May 28 03:49:00 AM,"20,832,346",False,True,False,BLACK,1.0,MALE,"2,754,827"
"3,523,802",4,45.0,0.0,Pedestrian,7,"1,365,202",2025 Jan 26 09:42:00 PM,2025 Jan 27 03:42:00 AM,"20,835,226",False,True,False,UNKNOWN,2.0,FEMALE,"2,754,990"
"3,524,899",4,55.0,3.0,Motorcycle,3,"1,365,596",2025 May 25 09:58:00 PM,2025 May 26 02:58:00 AM,"20,830,136",False,True,False,BLACK,1.0,MALE,"2,755,800"
"3,525,255",1,26.0,1.0,E-scooter,11,"1,365,750",2025 May 31 07:40:00 PM,2025 Jun 01 12:40:00 AM,"20,841,556",False,True,False,WHITE,1.0,MALE,"2,756,107"
"3,525,378",1,21.0,2.0,Passenger car,1,"1,365,780",2025 Jun 03 09:36:00 AM,2025 Jun 03 02:36:00 PM,"20,842,376",False,False,False,HISPANIC,2.0,FEMALE,"2,756,167"
"3,525,478",1,55.0,1.0,Large passenger vehicle,2,"1,365,831",2025 Jun 03 11:46:00 AM,2025 Jun 03 04:46:00 PM,"20,843,531",False,True,False,WHITE,1.0,MALE,"2,756,277"
"3,525,479",1,37.0,2.0,Large passenger vehicle,2,"1,365,831",2025 Jun 03 11:46:00 AM,2025 Jun 03 04:46:00 PM,"20,843,531",False,True,False,HISPANIC,2.0,FEMALE,"2,756,278"
"3,525,663",4,24.0,1.0,Pedestrian,7,"1,365,891",2025 May 25 10:28:00 PM,2025 May 26 03:28:00 AM,"20,843,525",False,True,False,WHITE,1.0,MALE,"2,756,404"
"3,525,709",4,29.0,2.0,Motorcycle,3,"1,365,916",2025 May 11 07:28:00 PM,2025 May 12 12:28:00 AM,"20,845,505",False,True,False,HISPANIC,1.0,MALE,"2,756,451"
"3,525,723",1,63.0,2.0,Large passenger vehicle,2,"1,365,925",2025 May 24 08:37:00 PM,2025 May 25 01:37:00 AM,"20,845,526",False,True,False,HISPANIC,1.0,MALE,"2,756,467"
"3,525,868",1,28.0,1.0,E-scooter,11,"1,365,974",2025 May 31 10:17:00 AM,2025 May 31 03:17:00 PM,"20,839,593",False,True,False,WHITE,1.0,MALE,"2,756,568"
"3,526,036",1,33.0,2.0,Passenger car,1,"1,365,978",2025 May 31 12:13:00 AM,2025 May 31 05:13:00 AM,"20,839,606",False,False,False,HISPANIC,2.0,FEMALE,"2,756,575"
"3,526,116",1,36.0,2.0,Pedestrian,7,"1,366,067",2024 Sep 12 09:52:00 PM,2024 Sep 13 02:52:00 AM,"20,839,419",False,True,False,HISPANIC,2.0,FEMALE,"2,756,753"
"3,526,158",4,66.0,1.0,Passenger car,1,"1,366,095",2025 Jun 04 09:03:00 PM,2025 Jun 05 02:03:00 AM,"20,847,298",False,True,False,WHITE,2.0,FEMALE,"2,756,803"
"3,526,640",1,51.0,4.0,Passenger car,1,"1,366,321",2025 Jun 10 11:02:00 AM,2025 Jun 10 04:02:00 PM,"20,854,498",False,True,False,ASIAN,1.0,MALE,"2,757,237"
"3,526,672",1,26.0,1.0,Large passenger vehicle,2,"1,366,335",2024 Dec 19 08:17:00 AM,2024 Dec 19 02:17:00 PM,"20,854,703",False,True,False,WHITE,1.0,MALE,"2,757,271"
"3,526,915",4,43.0,1.0,Pedestrian,7,"1,366,407",2025 Jun 06 11:33:00 PM,2025 Jun 07 04:33:00 AM,"20,851,266",False,True,False,WHITE,1.0,MALE,"2,757,433"
"3,526,968",1,47.0,1.0,Pedestrian,7,"1,366,437",2023 Oct 29 03:29:00 AM,2023 Oct 29 08:29:00 AM,"20,853,799",False,True,False,WHITE,1.0,MALE,"2,757,496"
"3,527,056",1,46.0,2.0,Passenger car,1,"1,366,488",2024 Dec 18 10:20:00 AM,2024 Dec 18 04:20:00 PM,"20,854,481",False,True,False,HISPANIC,1.0,MALE,"2,757,596"
"3,527,086",1,56.0,1.0,Passenger car,1,"1,366,501",2024 Dec 19 08:01:00 AM,2024 Dec 19 02:01:00 PM,"20,854,702",False,True,False,WHITE,1.0,MALE,"2,757,632"
"3,527,090",1,31.0,3.0,Pedestrian,7,"1,366,503",2024 Dec 19 06:55:00 AM,2024 Dec 19 12:55:00 PM,"20,854,705",False,True,False,BLACK,1.0,MALE,"2,757,636"
"3,527,161",1,61.0,1.0,Passenger car,1,"1,366,543",2025 Jun 04 03:33:00 PM,2025 Jun 04 08:33:00 PM,"20,856,723",False,True,False,WHITE,1.0,MALE,"2,757,709"
"3,527,218",1,23.0,2.0,Large passenger vehicle,2,"1,366,414",2025 Jun 08 01:31:00 AM,2025 Jun 08 06:31:00 AM,"20,851,346",False,False,False,HISPANIC,2.0,FEMALE,"2,757,446"
"3,527,222",4,4.0,2.0,Large passenger vehicle,2,"1,366,414",2025 Jun 08 01:31:00 AM,2025 Jun 08 06:31:00 AM,"20,851,346",False,False,False,HISPANIC,1.0,MALE,"2,757,446"
"3,527,625",1,37.0,1.0,Motor vehicle – other,4,"1,366,593",2025 Jun 05 05:00:00 PM,2025 Jun 05 10:00:00 PM,"20,847,290",False,False,False,WHITE,1.0,MALE,"2,757,818"
"3,528,086",1,61.0,1.0,Pedestrian,7,"1,366,894",2024 Dec 21 11:21:00 AM,2024 Dec 21 05:21:00 PM,"20,861,192",False,True,False,WHITE,2.0,FEMALE,"2,758,427"
"3,528,103",1,37.0,3.0,Pedestrian,7,"1,366,902",2024 Dec 21 06:29:00 PM,2024 Dec 22 12:29:00 AM,"20,861,203",False,True,False,BLACK,1.0,MALE,"2,758,444"
"3,528,159",1,37.0,3.0,Passenger car,1,"1,366,933",2024 Dec 24 06:54:00 AM,2024 Dec 24 12:54:00 PM,"20,861,279",False,True,False,BLACK,2.0,FEMALE,"2,758,503"
"3,528,235",1,30.0,1.0,Passenger car,1,"1,366,982",2024 Dec 27 03:12:00 PM,2024 Dec 27 09:12:00 PM,"20,861,382",False,True,False,WHITE,1.0,MALE,"2,758,584"
"3,528,736",4,34.0,2.0,Passenger car,1,"1,367,112",2025 Jun 08 04:35:00 AM,2025 Jun 08 09:35:00 AM,"20,859,577",False,True,False,HISPANIC,1.0,MALE,"2,758,832"
"3,528,740",4,34.0,1.0,Motorcycle,3,"1,367,114",2025 Jun 12 09:17:00 PM,2025 Jun 13 02:17:00 AM,"20,859,596",False,True,False,WHITE,1.0,MALE,"2,758,836"
"3,528,744",1,32.0,2.0,Passenger car,1,"1,367,116",2025 Jun 07 01:13:00 AM,2025 Jun 07 06:13:00 AM,"20,859,652",False,True,False,HISPANIC,2.0,FEMALE,"2,758,840"
"3,528,772",1,29.0,2.0,Passenger car,1,"1,367,132",2024 Dec 21 02:44:00 AM,2024 Dec 21 08:44:00 AM,"20,861,187",False,True,False,HISPANIC,2.0,FEMALE,"2,758,870"
"3,529,034",1,54.0,2.0,Bicycle,5,"1,367,217",2025 Jun 10 08:59:00 PM,2025 Jun 11 01:59:00 AM,"20,855,668",False,True,False,HISPANIC,1.0,MALE,"2,759,045"
"3,529,148",1,26.0,1.0,Pedestrian,7,"1,367,278",2025 Jun 13 11:00:00 AM,2025 Jun 13 04:00:00 PM,"20,864,132",False,True,False,WHITE,2.0,FEMALE,"2,759,176"
"3,529,331",1,18.0,,Passenger car,1,"1,363,414",2025 Apr 26 03:31:00 AM,2025 Apr 26 08:31:00 AM,"20,807,867",False,False,False,,2.0,FEMALE,"2,751,343"
"3,529,576",1,21.0,1.0,E-scooter,11,"1,367,445",2025 May 25 10:10:00 PM,2025 May 26 03:10:00 AM,"20,867,431",False,True,False,WHITE,2.0,FEMALE,"2,759,507"
"3,529,577",1,33.0,3.0,E-scooter,11,"1,367,445",2025 May 25 10:10:00 PM,2025 May 26 03:10:00 AM,"20,867,431",False,True,False,BLACK,1.0,MALE,"2,759,508"
"3,529,606",1,61.0,1.0,Bicycle,5,"1,367,458",2025 Jun 10 06:52:00 PM,2025 Jun 10 11:52:00 PM,"20,867,552",False,True,False,WHITE,1.0,MALE,"2,759,537"
"3,529,752",1,23.0,2.0,Large passenger vehicle,2,"1,367,510",2024 Dec 19 09:59:00 PM,2024 Dec 20 03:59:00 AM,"20,861,065",False,True,False,HISPANIC,1.0,MALE,"2,759,647"
"3,529,925",1,20.0,2.0,Large passenger vehicle,2,"1,367,510",2024 Dec 19 09:59:00 PM,2024 Dec 20 03:59:00 AM,"20,861,065",False,False,False,HISPANIC,1.0,MALE,"2,759,647"
"3,529,926",1,21.0,2.0,Large passenger vehicle,2,"1,367,510",2024 Dec 19 09:59:00 PM,2024 Dec 20 03:59:00 AM,"20,861,065",False,False,False,HISPANIC,1.0,MALE,"2,759,647"
"3,559,873",1,39.0,3.0,Large passenger vehicle,2,"1,381,638",2025 May 26 10:01:00 AM,2025 May 26 03:01:00 PM,"20,871,346",False,True,False,BLACK,1.0,MALE,"2,788,215"
"3,559,889",4,72.0,1.0,Pedestrian,7,"1,381,645",2025 Jun 20 07:45:00 AM,2025 Jun 20 12:45:00 PM,"20,871,548",False,True,False,WHITE,2.0,FEMALE,"2,788,231"
"3,590,929",4,15.0,1.0,Pedestrian,7,"1,394,996",2025 Jun 18 09:48:00 PM,2025 Jun 19 02:48:00 AM,"20,870,944",False,True,False,WHITE,1.0,MALE,"2,815,649"
"3,590,932",1,25.0,2.0,Passenger car,1,"1,394,998",2025 Jun 19 04:11:00 PM,2025 Jun 19 09:11:00 PM,"20,871,006",False,True,False,HISPANIC,1.0,MALE,"2,815,652"
"3,635,556",1,19.0,2.0,Pedestrian,7,"1,413,720",2025 Jun 07 09:39:00 PM,2025 Jun 08 02:39:00 AM,"20,874,498",False,True,False,HISPANIC,1.0,MALE,"2,853,760"
"3,635,587",1,34.0,2.0,Passenger car,1,"1,413,735",2025 Jun 21 01:30:00 PM,2025 Jun 21 06:30:00 PM,"20,874,609",False,True,False,HISPANIC,1.0,MALE,"2,853,791"
"3,635,765",1,62.0,1.0,Large passenger vehicle,2,"1,413,830",2025 Jun 24 11:45:00 AM,2025 Jun 24 04:45:00 PM,"20,877,504",False,True,False,WHITE,2.0,FEMALE,"2,853,980"
"3,687,279",4,52.0,2.0,Pedestrian,7,"1,434,196",2025 Jun 20 02:35:00 AM,2025 Jun 20 07:35:00 AM,"20,874,504",False,True,False,HISPANIC,1.0,MALE,"2,895,885"
"3,687,280",4,27.0,2.0,Large passenger vehicle,2,"1,434,197",2025 Jun 21 05:33:00 AM,2025 Jun 21 10:33:00 AM,"20,874,593",False,True,False,HISPANIC,1.0,MALE,"2,895,886"
"3,687,288",1,23.0,2.0,Passenger car,1,"1,434,202",2025 Jun 23 12:02:00 AM,2025 Jun 23 05:02:00 AM,"20,874,753",False,True,False,HISPANIC,2.0,FEMALE,"2,895,894"
"3,701,347",1,71.0,,Passenger car,1,"1,434,219",2025 Jun 23 01:15:00 PM,2025 Jun 23 06:15:00 PM,"20,877,470",False,False,False,,1.0,MALE,"2,895,928"
"3,748,250",1,41.0,2.0,Passenger car,1,"1,453,846",2025 Jun 17 10:33:00 PM,2025 Jun 18 03:33:00 AM,"20,867,452",False,True,False,HISPANIC,1.0,MALE,"2,935,735"
"3,748,251",1,38.0,3.0,Passenger car,1,"1,453,846",2025 Jun 17 10:33:00 PM,2025 Jun 18 03:33:00 AM,"20,867,452",False,True,False,BLACK,1.0,MALE,"2,935,736"
"3,748,322",1,25.0,2.0,Pedestrian,7,"1,453,884",2025 Jun 25 11:50:00 AM,2025 Jun 25 04:50:00 PM,"20,879,356",False,True,False,HISPANIC,1.0,MALE,"2,935,818"
"3,748,358",1,34.0,1.0,Pedestrian,7,"1,453,904",2025 Jun 25 01:07:00 PM,2025 Jun 25 06:07:00 PM,"20,880,577",False,True,False,WHITE,1.0,MALE,"2,935,854"
"3,837,107",1,43.0,1.0,Pedestrian,7,"1,488,792",2021 May 07 02:28:00 AM,2021 May 07 07:28:00 AM,"18,260,927",False,True,False,WHITE,1.0,MALE,"3,006,518"
"4,425,121",1,33.0,1.0,Motorcycle,3,"1,717,966",2025 Jun 24 11:34:00 PM,2025 Jun 25 04:34:00 AM,"20,897,964",False,True,False,WHITE,1.0,MALE,"3,468,611"
"4,425,196",1,43.0,1.0,Passenger car,1,"1,718,005",2025 Jun 29 01:18:00 PM,2025 Jun 29 06:18:00 PM,"20,898,172",False,True,False,WHITE,1.0,MALE,"3,468,690"
"4,475,559",1,58.0,3.0,Large passenger vehicle,2,"1,736,885",2025 Jun 28 12:40:00 PM,2025 Jun 28 05:40:00 PM,"20,897,909",False,True,False,BLACK,1.0,MALE,"3,506,827"
"4,475,574",4,61.0,3.0,Pedestrian,7,"1,736,892",2025 Jun 28 12:30:00 AM,2025 Jun 28 05:30:00 AM,"20,897,953",False,True,False,BLACK,1.0,MALE,"3,506,842"
"4,475,600",1,24.0,1.0,Large passenger vehicle,2,"1,736,907",2025 Jun 28 07:19:00 PM,2025 Jun 29 12:19:00 AM,"20,898,100",False,True,False,WHITE,2.0,FEMALE,"3,506,869"
"4,526,300",4,19.0,2.0,Large passenger vehicle,2,"1,756,203",2025 Jul 05 09:29:00 PM,2025 Jul 06 02:29:00 AM,"20,900,865",False,True,False,HISPANIC,1.0,MALE,"3,545,782"
"4,571,160",4,41.0,2.0,Pedestrian,7,"1,773,219",2025 Jul 04 08:58:00 AM,2025 Jul 04 01:58:00 PM,"20,900,737",False,True,False,HISPANIC,1.0,MALE,"3,579,657"
"4,571,181",1,81.0,1.0,Pedestrian,7,"1,773,231",2025 Jul 09 08:54:00 PM,2025 Jul 10 01:54:00 AM,"20,902,195",False,True,False,WHITE,1.0,MALE,"3,579,679"
"4,571,644",4,49.0,2.0,Bicycle,5,"1,773,431",2025 Jul 13 01:04:00 AM,2025 Jul 13 06:04:00 AM,"20,907,590",False,True,False,HISPANIC,1.0,MALE,"3,580,080"
"4,572,146",4,56.0,2.0,Passenger car,1,"1,773,601",2024 Dec 29 01:09:00 PM,2024 Dec 29 07:09:00 PM,"20,909,717",False,True,False,HISPANIC,1.0,MALE,"3,580,420"
"4,572,724",1,73.0,1.0,Passenger car,1,"1,773,856",2025 Jun 27 02:21:00 PM,2025 Jun 27 07:21:00 PM,"20,916,993",False,True,False,WHITE,2.0,FEMALE,"3,580,914"
"4,572,804",1,43.0,1.0,Motorcycle,3,"1,773,896",2025 Jul 18 12:12:00 PM,2025 Jul 18 05:12:00 PM,"20,917,082",False,True,False,WHITE,1.0,MALE,"3,580,995"
"4,572,813",1,29.0,2.0,Motorcycle,3,"1,773,901",2025 Jul 18 09:15:00 PM,2025 Jul 19 02:15:00 AM,"20,917,100",False,True,False,HISPANIC,1.0,MALE,"3,581,005"
"4,572,825",1,35.0,2.0,Motorcycle,3,"1,773,910",2025 Jul 19 07:07:00 AM,2025 Jul 19 12:07:00 PM,"20,917,115",False,True,False,HISPANIC,1.0,MALE,"3,581,020"
"4,573,063",4,68.0,2.0,Large passenger vehicle,2,"1,773,971",2024 Dec 30 07:35:00 PM,2024 Dec 31 01:35:00 AM,"20,916,931",False,True,False,HISPANIC,2.0,FEMALE,"3,581,143"
"4,573,094",1,53.0,2.0,Pedestrian,7,"1,773,985",2025 Jul 16 06:50:00 PM,2025 Jul 16 11:50:00 PM,"20,916,973",False,True,False,HISPANIC,1.0,MALE,"3,581,174"
"4,573,101",1,22.0,1.0,Passenger car,1,"1,773,988",2025 Jul 16 06:05:00 AM,2025 Jul 16 11:05:00 AM,"20,917,000",False,True,False,WHITE,1.0,MALE,"3,581,181"
"4,573,143",4,50.0,3.0,Pedestrian,7,"1,774,009",2025 Jul 18 03:07:00 AM,2025 Jul 18 08:07:00 AM,"20,917,070",False,True,False,BLACK,1.0,MALE,"3,581,225"
"4,573,285",1,70.0,1.0,Pedestrian,7,"1,774,084",2025 Jul 18 07:46:00 AM,2025 Jul 18 12:46:00 PM,"20,919,647",False,True,False,WHITE,1.0,MALE,"3,581,378"
"4,573,298",1,59.0,3.0,Large passenger vehicle,2,"1,774,091",2025 Jul 19 11:02:00 AM,2025 Jul 19 04:02:00 PM,"20,919,694",False,True,False,BLACK,1.0,MALE,"3,581,393"
"4,573,372",1,25.0,1.0,Passenger car,1,"1,774,014",2025 Jul 18 04:57:00 PM,2025 Jul 18 09:57:00 PM,"20,917,094",False,False,False,WHITE,2.0,FEMALE,"3,581,235"
"4,573,441",1,48.0,3.0,Large passenger vehicle,2,"1,774,091",2025 Jul 19 11:02:00 AM,2025 Jul 19 04:02:00 PM,"20,919,694",False,False,False,BLACK,2.0,FEMALE,"3,581,393"
"4,573,713",1,26.0,1.0,Bicycle,5,"1,774,241",2025 Jul 22 10:02:00 AM,2025 Jul 22 03:02:00 PM,"20,921,287",False,True,False,WHITE,1.0,MALE,"3,581,708"
"4,573,970",1,45.0,1.0,Large passenger vehicle,2,"1,774,334",2025 Jul 22 09:33:00 AM,2025 Jul 22 02:33:00 PM,"20,923,184",False,True,False,WHITE,2.0,FEMALE,"3,581,902"
"4,575,078",4,68.0,1.0,Pedestrian,7,"1,774,780",2025 Jul 25 09:20:00 PM,2025 Jul 26 02:20:00 AM,"20,930,005",False,True,False,WHITE,1.0,MALE,"3,582,805"
"4,575,097",4,61.0,1.0,Passenger car,1,"1,774,790",2025 Jul 28 05:54:00 AM,2025 Jul 28 10:54:00 AM,"20,930,133",False,True,False,WHITE,1.0,MALE,"3,582,824"
"4,575,150",1,42.0,1.0,Motorcycle,3,"1,774,814",2025 Jul 28 12:24:00 PM,2025 Jul 28 05:24:00 PM,"20,931,924",False,True,False,WHITE,1.0,MALE,"3,582,879"
"4,575,152",1,67.0,1.0,Large passenger vehicle,2,"1,774,815",2025 Jul 28 02:30:00 PM,2025 Jul 28 07:30:00 PM,"20,931,926",False,True,False,WHITE,1.0,MALE,"3,582,881"
"4,575,937",1,30.0,3.0,Motorcycle,3,"1,775,138",2025 Jul 30 04:27:00 PM,2025 Jul 30 09:27:00 PM,"20,935,676",False,True,False,BLACK,1.0,MALE,"3,583,540"
"4,575,947",4,24.0,1.0,Motorcycle,3,"1,775,143",2025 Jul 31 02:10:00 AM,2025 Jul 31 07:10:00 AM,"20,935,687",False,True,False,WHITE,1.0,MALE,"3,583,550"
"4,576,035",1,45.0,1.0,Bicycle,5,"1,775,196",2025 Jul 30 08:30:00 PM,2025 Jul 31 01:30:00 AM,"20,937,648",False,True,False,WHITE,2.0,FEMALE,"3,583,650"
"4,576,061",1,32.0,2.0,Large passenger vehicle,2,"1,775,209",2025 Jul 31 07:58:00 PM,2025 Aug 01 12:58:00 AM,"20,937,687",False,True,False,HISPANIC,1.0,MALE,"3,583,676"
"4,576,066",1,48.0,2.0,Pedestrian,7,"1,775,212",2025 Jul 31 11:38:00 PM,2025 Aug 01 04:38:00 AM,"20,937,698",False,True,False,HISPANIC,1.0,MALE,"3,583,682"
"4,576,319",1,54.0,1.0,Pedestrian,7,"1,775,288",2025 Jul 11 05:45:00 PM,2025 Jul 11 10:45:00 PM,"20,937,643",False,True,False,WHITE,1.0,MALE,"3,583,837"
"4,576,488",4,35.0,3.0,Pedestrian,7,"1,775,380",2025 Aug 02 12:32:00 AM,2025 Aug 02 05:32:00 AM,"20,941,896",False,True,False,BLACK,1.0,MALE,"3,584,021"
"4,576,508",1,33.0,1.0,Pedestrian,7,"1,775,393",2025 Aug 01 06:24:00 PM,2025 Aug 01 11:24:00 PM,"20,941,948",False,True,False,WHITE,1.0,MALE,"3,584,047"
"4,576,558",1,75.0,2.0,Large passenger vehicle,2,"1,775,291",2025 Jul 31 11:39:00 AM,2025 Jul 31 04:39:00 PM,"20,937,651",False,False,False,HISPANIC,1.0,MALE,"3,583,841"
"4,576,715",4,19.0,4.0,Pedestrian,7,"1,775,421",2025 Jul 25 06:29:00 AM,2025 Jul 25 11:29:00 AM,"20,927,000",False,True,False,ASIAN,1.0,MALE,"3,584,108"
"4,576,774",1,22.0,1.0,Motorcycle,3,"1,775,456",2025 Aug 01 07:00:00 PM,2025 Aug 02 12:00:00 AM,"20,941,844",False,True,False,WHITE,1.0,MALE,"3,584,179"
"4,576,806",4,62.0,1.0,Motorcycle,3,"1,775,472",2025 Aug 02 11:56:00 PM,2025 Aug 03 04:56:00 AM,"20,941,906",False,True,False,WHITE,1.0,MALE,"3,584,214"
"4,578,923",1,35.0,2.0,Passenger car,1,"1,776,312",2025 Aug 04 01:52:00 PM,2025 Aug 04 06:52:00 PM,"20,943,234",False,True,False,HISPANIC,2.0,FEMALE,"3,585,915"
"4,578,933",1,32.0,1.0,Motorcycle,3,"1,776,317",2025 Aug 04 04:51:00 PM,2025 Aug 04 09:51:00 PM,"20,943,244",False,True,False,WHITE,1.0,MALE,"3,585,925"
"4,579,183",1,34.0,1.0,Bicycle,5,"1,776,416",2025 Aug 01 12:14:00 PM,2025 Aug 01 05:14:00 PM,"20,945,028",False,True,False,WHITE,1.0,MALE,"3,586,131"
"4,579,468",4,49.0,5.0,Pedestrian,7,"1,776,526",2025 Jul 27 08:35:00 PM,2025 Jul 28 01:35:00 AM,"20,946,800",False,True,False,OTHER,1.0,MALE,"3,586,359"
"4,579,549",1,,2.0,Bicycle,5,"1,776,568",2025 Jul 28 09:00:00 PM,2025 Jul 29 02:00:00 AM,"20,948,559",False,True,False,HISPANIC,1.0,MALE,"3,586,444"
"4,579,574",1,36.0,3.0,Bicycle,5,"1,776,579",2025 Aug 07 04:11:00 PM,2025 Aug 07 09:11:00 PM,"20,948,573",False,True,False,BLACK,2.0,FEMALE,"3,586,469"
"4,579,742",1,25.0,2.0,Passenger car,1,"1,776,589",2025 Aug 08 01:26:00 AM,2025 Aug 08 06:26:00 AM,"20,948,628",False,False,False,HISPANIC,1.0,MALE,"3,586,488"
"4,579,945",1,58.0,6.0,Pedestrian,7,"1,776,731",2025 Aug 09 05:16:00 PM,2025 Aug 09 10:16:00 PM,"20,950,876",False,True,False,AMER. INDIAN/ALASKAN NATIVE,1.0,MALE,"3,586,776"
"4,580,193",4,28.0,1.0,Passenger car,1,"1,776,808",2025 Aug 08 04:05:00 AM,2025 Aug 08 09:05:00 AM,"20,950,817",False,True,False,WHITE,1.0,MALE,"3,586,940"
"4,580,202",1,23.0,1.0,Motorcycle,3,"1,776,813",2025 Aug 08 07:50:00 PM,2025 Aug 09 12:50:00 AM,"20,950,848",False,True,False,WHITE,2.0,FEMALE,"3,586,949"
"4,580,460",1,48.0,1.0,Passenger car,1,"1,776,952",2025 Jan 19 11:30:00 AM,2025 Jan 19 05:30:00 PM,"20,954,839",False,True,False,WHITE,2.0,FEMALE,"3,587,222"
"4,580,714",1,37.0,5.0,Large passenger vehicle,2,"1,777,023",2025 Aug 11 02:37:00 PM,2025 Aug 11 07:37:00 PM,"20,954,294",False,True,False,OTHER,1.0,MALE,"3,587,367"
"4,580,715",4,47.0,1.0,Passenger car,1,"1,777,023",2025 Aug 11 02:37:00 PM,2025 Aug 11 07:37:00 PM,"20,954,294",False,True,False,WHITE,1.0,MALE,"3,587,368"
"4,580,716",1,50.0,1.0,Pedestrian,7,"1,777,023",2025 Aug 11 02:37:00 PM,2025 Aug 11 07:37:00 PM,"20,954,294",False,True,False,WHITE,1.0,MALE,"3,587,369"
"4,580,747",1,26.0,2.0,Passenger car,1,"1,777,040",2025 Jan 11 11:43:00 PM,2025 Jan 12 05:43:00 AM,"20,954,634",False,True,False,HISPANIC,1.0,MALE,"3,587,401"
"4,580,980",4,34.0,3.0,Motorcycle,3,"1,777,125",2025 Apr 15 05:57:00 PM,2025 Apr 15 10:57:00 PM,"20,952,687",False,True,False,BLACK,1.0,MALE,"3,587,578"
"4,581,091",4,54.0,1.0,Motorcycle,3,"1,777,183",2025 Aug 07 01:21:00 AM,2025 Aug 07 06:21:00 AM,"20,958,760",False,True,False,WHITE,1.0,MALE,"3,587,695"
"4,581,113",1,44.0,2.0,Pedestrian,7,"1,777,194",2025 Aug 13 08:09:00 PM,2025 Aug 14 01:09:00 AM,"20,958,808",False,True,False,HISPANIC,1.0,MALE,"3,587,721"
"4,581,132",1,18.0,2.0,Large passenger vehicle,2,"1,777,205",2025 Aug 13 11:19:00 AM,2025 Aug 13 04:19:00 PM,"20,958,952",False,True,False,HISPANIC,2.0,FEMALE,"3,587,740"
"4,581,221",1,27.0,1.0,Passenger car,1,"1,777,210",2025 Jul 09 03:15:00 PM,2025 Jul 09 08:15:00 PM,"20,959,066",False,False,False,WHITE,1.0,MALE,"3,587,751"
"4,581,427",4,75.0,1.0,Passenger car,1,"1,777,325",2025 Aug 12 03:09:00 PM,2025 Aug 12 08:09:00 PM,"20,960,473",False,True,False,WHITE,2.0,FEMALE,"3,587,983"
"4,581,792",1,,1.0,Pedestrian,7,"1,777,451",2025 Jul 31 08:06:00 PM,2025 Aug 01 01:06:00 AM,"20,961,040",False,True,False,WHITE,2.0,FEMALE,"3,588,258"
"4,581,992",1,27.0,1.0,Passenger car,1,"1,777,556",2025 Aug 16 03:20:00 PM,2025 Aug 16 08:20:00 PM,"20,964,544",False,True,False,WHITE,2.0,FEMALE,"3,588,470"
"4,582,224",4,90.0,1.0,Passenger car,1,"1,777,611",2025 Aug 16 10:30:00 AM,2025 Aug 16 03:30:00 PM,"20,964,509",False,True,False,WHITE,2.0,FEMALE,"3,588,584"
"4,582,450",4,64.0,1.0,E-scooter,11,"1,777,688",2025 Aug 18 03:54:00 AM,2025 Aug 18 08:54:00 AM,"20,964,987",False,True,False,WHITE,1.0,MALE,"3,588,748"
"4,582,460",1,52.0,1.0,Large passenger vehicle,2,"1,777,694",2025 Aug 18 11:05:00 AM,2025 Aug 18 04:05:00 PM,"20,965,477",False,True,False,WHITE,1.0,MALE,"3,588,759"
"4,582,564",1,33.0,2.0,Motorcycle,3,"1,777,746",2024 Jun 28 02:05:00 PM,2024 Jun 28 07:05:00 PM,"20,967,583",False,True,False,HISPANIC,1.0,MALE,"3,588,871"
"4,582,574",1,36.0,1.0,Pedestrian,7,"1,777,752",2024 Apr 06 11:57:00 PM,2024 Apr 07 04:57:00 AM,"20,967,633",False,True,False,WHITE,1.0,MALE,"3,588,883"
"4,582,883",1,30.0,3.0,E-scooter,11,"1,777,872",2024 May 20 01:00:00 PM,2024 May 20 06:00:00 PM,"20,967,635",False,True,False,BLACK,1.0,MALE,"3,589,139"
"4,583,357",1,37.0,1.0,Passenger car,1,"1,778,057",2025 Aug 18 03:05:00 PM,2025 Aug 18 08:05:00 PM,"20,972,737",False,True,False,WHITE,1.0,MALE,"3,589,515"
"4,583,738",4,32.0,2.0,Passenger car,1,"1,778,172",2025 Aug 16 12:14:00 AM,2025 Aug 16 05:14:00 AM,"20,964,455",False,True,False,HISPANIC,1.0,MALE,"3,589,759"
"4,584,185",1,20.0,2.0,Pedestrian,7,"1,778,351",2025 Aug 23 01:16:00 AM,2025 Aug 23 06:16:00 AM,"20,976,954",False,True,False,HISPANIC,1.0,MALE,"3,590,112"
"4,584,887",1,55.0,1.0,Bicycle,5,"1,778,626",2025 Aug 23 11:49:00 PM,2025 Aug 24 04:49:00 AM,"20,977,057",False,True,False,WHITE,1.0,MALE,"3,590,676"
"4,585,179",4,22.0,1.0,Passenger car,1,"1,778,768",2025 Aug 26 09:29:00 PM,2025 Aug 27 02:29:00 AM,"20,982,659",False,True,False,WHITE,1.0,MALE,"3,590,967"
"4,586,332",4,29.0,3.0,Pedestrian,7,"1,779,210",2025 Aug 30 11:35:00 PM,2025 Aug 31 04:35:00 AM,"20,989,929",False,True,False,BLACK,1.0,MALE,"3,591,870"
"4,586,381",4,24.0,2.0,Motorcycle,3,"1,779,236",2025 Aug 24 08:57:00 PM,2025 Aug 25 01:57:00 AM,"20,990,746",False,True,False,HISPANIC,1.0,MALE,"3,591,921"
"4,586,602",4,21.0,2.0,Passenger car,1,"1,779,227",2025 Sep 01 09:46:00 PM,2025 Sep 02 02:46:00 AM,"20,990,142",False,False,False,HISPANIC,2.0,FEMALE,"3,591,901"
"4,586,677",4,22.0,1.0,Motorcycle,3,"1,779,330",2025 Aug 31 12:58:00 AM,2025 Aug 31 05:58:00 AM,"20,989,935",False,True,False,WHITE,1.0,MALE,"3,592,109"
"4,586,985",1,33.0,1.0,Motorcycle,3,"1,779,453",2025 Aug 21 12:37:00 PM,2025 Aug 21 05:37:00 PM,"20,971,818",False,True,False,WHITE,1.0,MALE,"3,592,374"
"4,587,093",1,21.0,2.0,Passenger car,1,"1,779,508",2025 Aug 24 03:24:00 AM,2025 Aug 24 08:24:00 AM,"20,995,975",False,True,False,HISPANIC,2.0,FEMALE,"3,592,491"
"4,587,094",1,34.0,1.0,Large passenger vehicle,2,"1,779,508",2025 Aug 24 03:24:00 AM,2025 Aug 24 08:24:00 AM,"20,995,975",False,True,False,WHITE,1.0,MALE,"3,592,492"
"4,587,142",1,19.0,3.0,Large passenger vehicle,2,"1,779,533",2025 May 25 12:27:00 PM,2025 May 25 05:27:00 PM,"20,996,484",False,True,False,BLACK,2.0,FEMALE,"3,592,542"
"4,587,345",1,21.0,3.0,Large passenger vehicle,2,"1,779,533",2025 May 25 12:27:00 PM,2025 May 25 05:27:00 PM,"20,996,484",False,False,False,BLACK,2.0,FEMALE,"3,592,542"
"4,587,346",1,23.0,3.0,Large passenger vehicle,2,"1,779,533",2025 May 25 12:27:00 PM,2025 May 25 05:27:00 PM,"20,996,484",False,False,False,BLACK,2.0,FEMALE,"3,592,542"
"4,587,415",1,35.0,2.0,Large passenger vehicle,2,"1,779,613",2025 Aug 21 10:30:00 PM,2025 Aug 22 03:30:00 AM,"20,976,859",False,True,False,HISPANIC,1.0,MALE,"3,592,702"
"4,587,623",1,44.0,2.0,Pedestrian,7,"1,777,194",2025 Aug 13 08:09:00 PM,2025 Aug 14 01:09:00 AM,"20,958,808",False,True,False,HISPANIC,1.0,MALE,"3,587,720"
"4,588,784",1,70.0,2.0,Motor vehicle – other,4,"1,780,184",2025 Sep 10 05:27:00 AM,2025 Sep 10 10:27:00 AM,"21,006,735",False,True,False,HISPANIC,1.0,MALE,"3,593,889"
"4,589,275",4,33.0,1.0,Passenger car,1,"1,780,378",2025 Sep 11 02:23:00 PM,2025 Sep 11 07:23:00 PM,"21,008,012",False,True,False,WHITE,2.0,FEMALE,"3,594,304"
"4,589,287",1,45.0,2.0,Large passenger vehicle,2,"1,780,384",2025 Sep 11 08:38:00 PM,2025 Sep 12 01:38:00 AM,"21,008,263",False,True,False,HISPANIC,1.0,MALE,"3,594,316"
"4,590,791",1,37.0,2.0,Large passenger vehicle,2,"1,780,958",2025 Sep 15 08:47:00 PM,2025 Sep 16 01:47:00 AM,"21,018,573",False,True,False,HISPANIC,2.0,FEMALE,"3,595,496"
"4,591,203",1,14.0,1.0,Bicycle,5,"1,781,098",2025 Sep 17 06:02:00 PM,2025 Sep 17 11:02:00 PM,"21,018,766",False,True,False,WHITE,1.0,MALE,"3,595,795"
"4,591,644",1,52.0,1.0,Motorcycle,3,"1,781,267",2025 Sep 05 08:17:00 PM,2025 Sep 06 01:17:00 AM,"21,020,304",False,True,False,WHITE,1.0,MALE,"3,596,137"
"4,591,982",1,33.0,1.0,Passenger car,1,"1,781,405",2025 Sep 14 12:20:00 PM,2025 Sep 14 05:20:00 PM,"21,025,337",False,True,False,WHITE,1.0,MALE,"3,596,409"
"4,591,985",1,59.0,2.0,Pedestrian,7,"1,781,406",2025 Sep 19 09:16:00 AM,2025 Sep 19 02:16:00 PM,"21,025,339",False,True,False,HISPANIC,2.0,FEMALE,"3,596,412"
"4,592,007",1,58.0,1.0,Bicycle,5,"1,781,417",2025 Sep 19 07:18:00 PM,2025 Sep 20 12:18:00 AM,"21,025,392",False,True,False,WHITE,1.0,MALE,"3,596,435"
"4,592,031",1,18.0,3.0,Motorcycle,3,"1,781,429",2025 Sep 20 08:35:00 PM,2025 Sep 21 01:35:00 AM,"21,025,454",False,True,False,BLACK,1.0,MALE,"3,596,460"
"4,592,394",4,,2.0,Pedestrian,7,"1,781,570",2025 Sep 22 12:49:00 AM,2025 Sep 22 05:49:00 AM,"21,025,531",False,True,False,HISPANIC,1.0,MALE,"3,596,771"
"4,592,434",4,23.0,3.0,Passenger car,1,"1,781,591",2025 Sep 18 02:15:00 AM,2025 Sep 18 07:15:00 AM,"21,027,446",False,True,False,BLACK,1.0,MALE,"3,596,811"
"4,592,654",1,36.0,2.0,Large passenger vehicle,2,"1,781,551",2025 Sep 20 06:35:00 AM,2025 Sep 20 11:35:00 AM,"21,025,399",False,False,False,HISPANIC,1.0,MALE,"3,596,731"
"4,592,860",1,34.0,1.0,Passenger car,1,"1,781,751",2025 Sep 23 04:29:00 PM,2025 Sep 23 09:29:00 PM,"21,029,817",False,True,False,WHITE,2.0,FEMALE,"3,597,146"
"4,592,920",1,40.0,1.0,Bicycle,5,"1,781,783",2025 Sep 20 10:11:00 AM,2025 Sep 20 03:11:00 PM,"21,030,793",False,True,False,WHITE,1.0,MALE,"3,597,212"
"4,592,957",1,48.0,1.0,Passenger car,1,"1,781,805",2025 Sep 24 05:38:00 PM,2025 Sep 24 10:38:00 PM,"21,031,137",False,True,False,WHITE,1.0,MALE,"3,597,252"
"4,593,872",1,27.0,2.0,Large passenger vehicle,2,"1,782,149",2025 Sep 26 03:17:00 AM,2025 Sep 26 08:17:00 AM,"21,033,402",False,True,False,HISPANIC,1.0,MALE,"3,597,955"
"4,595,048",1,65.0,1.0,Pedestrian,7,"1,782,634",2025 Sep 26 07:41:00 PM,2025 Sep 27 12:41:00 AM,"21,049,463",False,True,False,WHITE,2.0,FEMALE,"3,598,964"
"4,595,428",1,44.0,1.0,Passenger car,1,"1,782,773",2025 Sep 25 02:52:00 PM,2025 Sep 25 07:52:00 PM,"21,049,399",False,True,False,WHITE,2.0,FEMALE,"3,599,246"
"4,595,678",1,20.0,2.0,Motorcycle,3,"1,782,904",2025 Oct 04 06:25:00 PM,2025 Oct 04 11:25:00 PM,"21,050,747",False,True,False,HISPANIC,1.0,MALE,"3,599,521"
"4,595,710",1,71.0,1.0,Pedestrian,7,"1,782,919",2025 Sep 30 08:47:00 PM,2025 Oct 01 01:47:00 AM,"21,050,839",False,True,False,WHITE,1.0,MALE,"3,599,557"
"4,596,109",1,46.0,3.0,Passenger car,1,"1,783,030",2022 Jul 06 05:44:00 PM,2022 Jul 06 10:44:00 PM,"21,051,876",False,True,False,BLACK,1.0,MALE,"3,599,780"
"4,596,469",1,47.0,4.0,Motor vehicle – other,4,"1,783,216",2025 Oct 08 10:20:00 AM,2025 Oct 08 03:20:00 PM,"21,055,445",False,True,False,ASIAN,2.0,FEMALE,"3,600,166"
"4,596,719",1,34.0,2.0,Passenger car,1,"1,783,289",2025 Sep 24 11:42:00 PM,2025 Sep 25 04:42:00 AM,"21,056,083",False,True,False,HISPANIC,1.0,MALE,"3,600,312"
"4,596,750",1,46.0,0.0,Bicycle,5,"1,783,304",2025 Oct 08 04:40:00 PM,2025 Oct 08 09:40:00 PM,"21,056,376",False,True,False,UNKNOWN,1.0,MALE,"3,600,345"
"4,596,775",1,17.0,2.0,Passenger car,1,"1,783,319",2025 Oct 02 11:02:00 PM,2025 Oct 03 04:02:00 AM,"21,056,677",False,True,False,HISPANIC,1.0,MALE,"3,600,374"
"4,596,956",1,25.0,2.0,Motorcycle,3,"1,783,379",2025 Aug 06 05:15:00 PM,2025 Aug 06 10:15:00 PM,"21,056,389",False,True,False,HISPANIC,1.0,MALE,"3,600,499"
"4,597,069",1,18.0,2.0,Motorcycle,3,"1,783,439",2025 Oct 09 01:55:00 PM,2025 Oct 09 06:55:00 PM,"21,058,343",False,True,False,HISPANIC,1.0,MALE,"3,600,613"
"4,597,285",4,75.0,1.0,Pedestrian,7,"1,783,510",2025 Oct 04 10:13:00 PM,2025 Oct 05 03:13:00 AM,"21,058,328",False,True,False,WHITE,1.0,MALE,"3,600,760"
"4,597,298",1,32.0,2.0,Passenger car,1,"1,783,517",2025 Oct 09 06:11:00 PM,2025 Oct 09 11:11:00 PM,"21,058,346",False,True,False,HISPANIC,2.0,FEMALE,"3,600,773"
"4,597,578",1,34.0,1.0,Motorcycle,3,"1,783,627",2025 Oct 09 05:22:00 PM,2025 Oct 09 10:22:00 PM,"21,058,293",False,True,False,WHITE,1.0,MALE,"3,601,005"
"4,597,785",1,28.0,4.0,Passenger car,1,"612,400",2024 Jul 07 05:56:00 PM,2024 Jul 07 10:56:00 PM,"20,404,965",False,False,False,ASIAN,1.0,MALE,"1,233,566"
"4,598,057",1,27.0,2.0,Motor vehicle – other,4,"1,783,837",2025 Oct 12 04:46:00 PM,2025 Oct 12 09:46:00 PM,"21,065,423",False,True,False,HISPANIC,1.0,MALE,"3,601,424"
"4,598,058",1,26.0,2.0,Large passenger vehicle,2,"1,783,837",2025 Oct 12 04:46:00 PM,2025 Oct 12 09:46:00 PM,"21,065,423",False,True,False,HISPANIC,1.0,MALE,"3,601,425"
"4,598,070",1,27.0,2.0,E-scooter,11,"1,783,843",2025 Oct 04 09:15:00 AM,2025 Oct 04 02:15:00 PM,"21,065,441",False,True,False,HISPANIC,1.0,MALE,"3,601,438"
"4,598,102",1,22.0,2.0,Motorcycle,3,"1,783,858",2025 Oct 13 06:47:00 PM,2025 Oct 13 11:47:00 PM,"21,065,552",False,True,False,HISPANIC,1.0,MALE,"3,601,474"
"4,598,218",1,18.0,1.0,Passenger car,1,"1,783,918",2025 Oct 14 01:40:00 AM,2025 Oct 14 06:40:00 AM,"21,066,729",False,True,False,WHITE,1.0,MALE,"3,601,597"
"4,598,409",1,25.0,1.0,Passenger car,1,"1,783,969",2025 Oct 10 10:11:00 PM,2025 Oct 11 03:11:00 AM,"21,065,317",False,True,False,WHITE,2.0,FEMALE,"3,601,699"
"4,598,427",4,42.0,1.0,Bicycle,5,"1,783,975",2025 Oct 11 07:27:00 PM,2025 Oct 12 12:27:00 AM,"21,065,334",False,True,False,WHITE,1.0,MALE,"3,601,717"
"4,598,454",1,24.0,2.0,Passenger car,1,"1,783,991",2025 Oct 11 10:33:00 PM,2025 Oct 12 03:33:00 AM,"21,065,430",False,True,False,HISPANIC,2.0,FEMALE,"3,601,747"
"4,598,462",1,65.0,3.0,Passenger car,1,"1,783,996",2025 Oct 12 12:45:00 PM,2025 Oct 12 05:45:00 PM,"21,065,439",False,True,False,BLACK,2.0,FEMALE,"3,601,757"
"4,598,475",1,73.0,1.0,Pedestrian,7,"1,784,001",2025 Oct 13 08:55:00 AM,2025 Oct 13 01:55:00 PM,"21,065,534",False,True,False,WHITE,2.0,FEMALE,"3,601,770"
"4,598,539",1,59.0,2.0,Passenger car,1,"1,784,035",2025 Oct 14 11:50:00 PM,2025 Oct 15 04:50:00 AM,"21,066,730",False,True,False,HISPANIC,1.0,MALE,"3,601,838"
"4,598,966",4,27.0,0.0,Passenger car,1,"1,784,190",2024 Dec 26 03:30:00 AM,2024 Dec 26 09:30:00 AM,"21,068,952",False,True,False,UNKNOWN,1.0,MALE,"3,602,171"
"4,599,094",1,39.0,2.0,Pedestrian,7,"1,784,259",2025 Sep 12 09:36:00 PM,2025 Sep 13 02:36:00 AM,"21,070,969",False,True,False,HISPANIC,2.0,FEMALE,"3,602,306"
"4,599,392",1,18.0,1.0,Motorcycle,3,"1,784,351",2025 Oct 17 07:38:00 AM,2025 Oct 17 12:38:00 PM,"21,071,122",False,True,False,WHITE,1.0,MALE,"3,602,493"
"4,599,549",4,33.0,5.0,E-scooter,11,"1,784,437",2025 Oct 18 11:34:00 PM,2025 Oct 19 04:34:00 AM,"21,074,890",False,True,False,OTHER,1.0,MALE,"3,602,664"
"4,599,849",1,18.0,2.0,Motorcycle,3,"1,784,542",2025 Oct 19 02:29:00 AM,2025 Oct 19 07:29:00 AM,"21,075,160",False,True,False,HISPANIC,1.0,MALE,"3,602,875"
"4,599,855",1,29.0,3.0,Bicycle,5,"1,784,544",2025 Oct 18 09:53:00 AM,2025 Oct 18 02:53:00 PM,"21,075,163",False,True,False,BLACK,1.0,MALE,"3,602,881"
"4,600,372",4,22.0,2.0,Pedestrian,7,"1,784,743",2025 Oct 14 08:22:00 PM,2025 Oct 15 01:22:00 AM,"21,077,387",False,True,False,HISPANIC,1.0,MALE,"3,603,288"
"4,600,408",1,40.0,3.0,E-scooter,11,"1,784,760",2025 Sep 05 09:47:00 AM,2025 Sep 05 02:47:00 PM,"21,078,119",False,True,False,BLACK,1.0,MALE,"3,603,327"
"4,600,518",1,44.0,1.0,Motorcycle,3,"1,784,818",2025 Oct 18 02:51:00 AM,2025 Oct 18 07:51:00 AM,"21,079,821",False,True,False,WHITE,1.0,MALE,"3,603,443"
"4,600,530",1,23.0,4.0,Motorcycle,3,"1,784,824",2025 Oct 14 11:47:00 PM,2025 Oct 15 04:47:00 AM,"21,080,005",False,True,False,ASIAN,1.0,MALE,"3,603,455"
"4,600,783",1,36.0,1.0,Motorcycle,3,"1,784,871",2025 Oct 17 05:23:00 PM,2025 Oct 17 10:23:00 PM,"21,075,084",False,True,False,WHITE,1.0,MALE,"3,603,549"
"4,600,854",4,,0.0,Passenger car,1,"1,784,905",2025 Oct 21 09:04:00 PM,2025 Oct 22 02:04:00 AM,"21,079,776",False,True,False,UNKNOWN,1.0,MALE,"3,603,627"
"4,600,883",1,29.0,2.0,Passenger car,1,"1,784,919",2025 Oct 22 06:15:00 AM,2025 Oct 22 11:15:00 AM,"21,080,381",False,True,False,HISPANIC,1.0,MALE,"3,603,657"
"4,601,911",1,38.0,2.0,Passenger car,1,"1,785,350",2025 Oct 25 05:11:00 PM,2025 Oct 25 10:11:00 PM,"21,088,527",False,True,False,HISPANIC,1.0,MALE,"3,604,545"
"4,602,191",1,86.0,1.0,Passenger car,1,"1,785,416",2025 Oct 17 03:10:00 PM,2025 Oct 17 08:10:00 PM,"21,088,190",False,True,False,WHITE,2.0,FEMALE,"3,604,670"
"4,602,196",1,57.0,2.0,Pedestrian,7,"1,785,419",2025 Oct 24 05:44:00 AM,2025 Oct 24 10:44:00 AM,"21,088,200",False,True,False,HISPANIC,1.0,MALE,"3,604,676"
"4,602,415",1,29.0,2.0,Motorcycle,3,"1,785,529",2025 Oct 27 10:05:00 PM,2025 Oct 28 03:05:00 AM,"21,090,784",False,True,False,HISPANIC,1.0,MALE,"3,604,906"
"4,603,516",1,71.0,2.0,Passenger car,1,"1,785,932",2025 Oct 29 05:05:00 AM,2025 Oct 29 10:05:00 AM,"21,095,449",False,True,False,HISPANIC,2.0,FEMALE,"3,605,753"
"4,603,650",1,33.0,1.0,Bicycle,5,"1,786,003",2025 Oct 28 06:45:00 AM,2025 Oct 28 11:45:00 AM,"21,097,175",False,True,False,WHITE,1.0,MALE,"3,605,890"
"4,603,812",1,44.0,1.0,Bicycle,5,"1,786,042",2025 Oct 29 08:24:00 AM,2025 Oct 29 01:24:00 PM,"21,095,373",False,True,False,WHITE,1.0,MALE,"3,605,971"
"4,604,331",1,,1.0,Pedestrian,7,"1,786,270",2025 Nov 01 09:50:00 AM,2025 Nov 01 02:50:00 PM,"21,102,057",False,True,False,WHITE,1.0,MALE,"3,606,427"
"4,604,708",4,59.0,2.0,Large passenger vehicle,2,"1,786,389",2025 Oct 30 07:50:00 AM,2025 Oct 30 12:50:00 PM,"21,101,664",False,True,False,HISPANIC,1.0,MALE,"3,606,671"
"4,604,867",1,70.0,3.0,Motorcycle,3,"1,786,472",2025 Nov 03 04:07:00 PM,2025 Nov 03 10:07:00 PM,"21,104,570",False,True,False,BLACK,1.0,MALE,"3,606,840"
"4,604,989",1,76.0,1.0,Passenger car,1,"1,786,536",2025 Oct 19 11:35:00 AM,2025 Oct 19 04:35:00 PM,"21,106,599",False,True,False,WHITE,2.0,FEMALE,"3,606,968"
"4,605,238",1,68.0,1.0,Passenger car,1,"1,786,584",2025 Nov 05 07:54:00 AM,2025 Nov 05 01:54:00 PM,"21,107,505",False,False,False,WHITE,2.0,FEMALE,"3,607,067"
"4,605,416",1,42.0,2.0,Bicycle,5,"1,786,689",2025 Nov 05 11:14:00 AM,2025 Nov 05 05:14:00 PM,"21,107,509",False,True,False,HISPANIC,1.0,MALE,"3,607,281"
"4,605,469",1,73.0,1.0,Pedestrian,7,"1,786,720",2025 Nov 05 09:13:00 AM,2025 Nov 05 03:13:00 PM,"21,109,014",False,True,False,WHITE,2.0,FEMALE,"3,607,337"
"4,605,473",1,39.0,5.0,Bicycle,5,"1,786,722",2025 Nov 05 05:24:00 PM,2025 Nov 05 11:24:00 PM,"21,109,017",False,True,False,OTHER,1.0,MALE,"3,607,341"
"4,605,475",1,50.0,3.0,Passenger car,1,"1,786,723",2025 Nov 05 07:13:00 PM,2025 Nov 06 01:13:00 AM,"21,109,020",False,True,False,BLACK,1.0,MALE,"3,607,343"
"4,605,686",1,29.0,2.0,Passenger car,1,"1,786,795",2025 Nov 01 07:07:00 AM,2025 Nov 01 12:07:00 PM,"21,102,054",False,True,False,HISPANIC,2.0,FEMALE,"3,607,489"
"4,605,715",1,26.0,3.0,Passenger car,1,"1,786,810",2025 Nov 05 02:41:00 PM,2025 Nov 05 08:41:00 PM,"21,109,018",False,True,False,BLACK,2.0,FEMALE,"3,607,521"
"4,605,867",4,79.0,1.0,Passenger car,1,"1,786,892",2025 Nov 06 09:28:00 AM,2025 Nov 06 03:28:00 PM,"21,111,056",False,True,False,WHITE,2.0,FEMALE,"3,607,682"
"4,606,229",1,,1.0,Pedestrian,7,"1,787,021",2025 Nov 07 06:12:00 PM,2025 Nov 08 12:12:00 AM,"21,113,491",False,True,False,WHITE,2.0,FEMALE,"3,607,962"
"4,606,342",1,20.0,1.0,Passenger car,1,"1,787,083",2025 Nov 05 04:11:00 AM,2025 Nov 05 10:11:00 AM,"21,114,913",False,True,False,WHITE,1.0,MALE,"3,608,079"
"4,606,411",1,21.0,2.0,Large passenger vehicle,2,"1,787,123",2025 Nov 06 05:05:00 AM,2025 Nov 06 11:05:00 AM,"21,115,418",False,True,False,HISPANIC,1.0,MALE,"3,608,155"
"4,607,265",1,58.0,1.0,Large passenger vehicle,2,"1,787,417",2025 Nov 09 03:09:00 PM,2025 Nov 09 09:09:00 PM,"21,120,126",False,True,False,WHITE,1.0,MALE,"3,608,756"
"4,607,266",1,35.0,2.0,Passenger car,1,"1,787,418",2025 Nov 10 08:45:00 AM,2025 Nov 10 02:45:00 PM,"21,120,128",False,True,False,HISPANIC,2.0,FEMALE,"3,608,758"
"4,607,298",1,63.0,2.0,Passenger car,1,"1,787,435",2025 Nov 10 10:36:00 PM,2025 Nov 11 04:36:00 AM,"21,120,196",False,True,False,HISPANIC,2.0,FEMALE,"3,608,793"
"4,607,547",1,60.0,1.0,Large passenger vehicle,2,"1,787,417",2025 Nov 09 03:09:00 PM,2025 Nov 09 09:09:00 PM,"21,120,126",False,False,False,WHITE,2.0,FEMALE,"3,608,756"
"4,607,550",1,68.0,2.0,Large passenger vehicle,2,"1,787,436",2025 Nov 10 05:50:00 PM,2025 Nov 10 11:50:00 PM,"21,120,200",False,False,False,HISPANIC,1.0,MALE,"3,608,794"
"4,607,640",1,29.0,1.0,Passenger car,1,"1,787,558",2025 Nov 10 05:35:00 PM,2025 Nov 10 11:35:00 PM,"21,120,177",False,True,False,WHITE,1.0,MALE,"3,609,043"
"4,607,742",1,37.0,1.0,Large passenger vehicle,2,"1,787,610",2025 Nov 12 06:10:00 PM,2025 Nov 13 12:10:00 AM,"21,123,416",False,True,False,WHITE,1.0,MALE,"3,609,154"
"4,607,848",1,34.0,1.0,Pedestrian,7,"1,787,664",2025 Nov 13 05:55:00 AM,2025 Nov 13 11:55:00 AM,"21,124,307",False,True,False,WHITE,2.0,FEMALE,"3,609,264"
"4,608,498",1,22.0,1.0,Motorcycle,3,"1,787,924",2025 Nov 16 11:09:00 AM,2025 Nov 16 05:09:00 PM,"21,128,742",False,True,False,WHITE,1.0,MALE,"3,609,805"
"4,608,616",1,29.0,3.0,Passenger car,1,"1,787,980",2025 Nov 15 06:11:00 PM,2025 Nov 16 12:11:00 AM,"21,129,023",False,True,False,BLACK,1.0,MALE,"3,609,928"
"4,608,642",1,20.0,1.0,Pedestrian,7,"1,787,994",2025 Nov 16 05:51:00 PM,2025 Nov 16 11:51:00 PM,"21,129,097",False,True,False,WHITE,1.0,MALE,"3,609,957"
"4,608,937",4,56.0,1.0,Pedestrian,7,"1,788,074",2025 Nov 12 08:32:00 PM,2025 Nov 13 02:32:00 AM,"21,128,844",False,True,False,WHITE,2.0,FEMALE,"3,610,124"
"4,609,549",1,19.0,4.0,Motorcycle,3,"1,788,346",2025 Nov 19 03:53:00 PM,2025 Nov 19 09:53:00 PM,"21,135,416",False,True,False,ASIAN,1.0,MALE,"3,610,692"
"4,609,754",1,48.0,1.0,Motorcycle,3,"1,788,399",2025 Nov 17 06:22:00 PM,2025 Nov 18 12:22:00 AM,"21,133,632",False,True,False,WHITE,1.0,MALE,"3,610,798"
"4,609,827",4,22.0,2.0,E-scooter,11,"1,788,436",2025 Nov 15 01:29:00 AM,2025 Nov 15 07:29:00 AM,"21,135,404",False,True,False,HISPANIC,1.0,MALE,"3,610,880"
"4,610,001",1,39.0,1.0,Motorcycle,3,"1,788,526",2025 Nov 15 10:28:00 PM,2025 Nov 16 04:28:00 AM,"21,137,397",False,True,False,WHITE,1.0,MALE,"3,611,064"
"4,610,241",1,38.0,1.0,Motorcycle,3,"1,788,526",2025 Nov 15 10:28:00 PM,2025 Nov 16 04:28:00 AM,"21,137,397",False,False,False,WHITE,2.0,FEMALE,"3,611,064"
"4,610,841",1,19.0,1.0,Pedestrian,7,"1,788,837",2025 Nov 23 04:38:00 AM,2025 Nov 23 10:38:00 AM,"21,144,406",False,True,False,WHITE,1.0,MALE,"3,611,690"
"4,611,333",1,26.0,4.0,Bicycle,5,"1,789,031",2025 Nov 17 05:00:00 PM,2025 Nov 17 11:00:00 PM,"21,144,112",False,True,False,ASIAN,2.0,FEMALE,"3,612,085"
"4,611,608",1,60.0,2.0,Passenger car,1,"1,789,175",2025 Oct 26 02:00:00 AM,2025 Oct 26 07:00:00 AM,"21,146,753",False,True,False,HISPANIC,1.0,MALE,"3,612,381"
"4,611,613",1,39.0,3.0,Pedestrian,7,"1,789,176",2025 Nov 09 04:12:00 PM,2025 Nov 09 10:12:00 PM,"21,146,754",False,True,False,BLACK,1.0,MALE,"3,612,386"
"4,611,698",1,44.0,1.0,E-scooter,11,"1,789,219",2025 Nov 26 08:13:00 AM,2025 Nov 26 02:13:00 PM,"21,146,826",False,True,False,WHITE,1.0,MALE,"3,612,476"
"4,612,239",1,42.0,3.0,Motorcycle,3,"1,789,516",2025 Nov 28 06:19:00 PM,2025 Nov 29 12:19:00 AM,"21,155,372",False,True,False,BLACK,1.0,MALE,"3,613,063"
"4,612,352",1,31.0,1.0,Motorcycle,3,"1,789,575",2025 Nov 25 11:43:00 AM,2025 Nov 25 05:43:00 PM,"21,155,646",False,True,False,WHITE,1.0,MALE,"3,613,181"
"4,612,362",1,52.0,2.0,Large passenger vehicle,2,"1,789,580",2025 Nov 29 04:23:00 PM,2025 Nov 29 10:23:00 PM,"21,155,652",False,True,False,HISPANIC,1.0,MALE,"3,613,191"
"4,612,384",1,22.0,4.0,Pedestrian,7,"1,789,589",2025 Nov 28 02:00:00 PM,2025 Nov 28 08:00:00 PM,"21,155,708",False,True,False,ASIAN,1.0,MALE,"3,613,216"
"4,612,484",1,27.0,2.0,Passenger car,1,"1,789,649",2025 Dec 01 08:04:00 AM,2025 Dec 01 02:04:00 PM,"21,155,874",False,True,False,HISPANIC,2.0,FEMALE,"3,613,327"
"4,612,567",4,26.0,1.0,Passenger car,1,"1,789,691",2025 Nov 22 02:37:00 PM,2025 Nov 22 08:37:00 PM,"21,156,219",False,True,False,WHITE,2.0,FEMALE,"3,613,416"
"4,612,673",4,34.0,2.0,Motorcycle,3,"1,789,745",2025 Oct 19 07:24:00 PM,2025 Oct 20 12:24:00 AM,"21,157,736",False,True,False,HISPANIC,1.0,MALE,"3,613,530"
"4,612,707",1,29.0,1.0,Motorcycle,3,"1,789,762",2025 Dec 02 05:30:00 PM,2025 Dec 02 11:30:00 PM,"21,157,767",False,True,False,WHITE,1.0,MALE,"3,613,566"
"4,613,864",1,26.0,2.0,Large passenger vehicle,2,"1,789,905",2025 Nov 28 07:15:00 PM,2025 Nov 29 01:15:00 AM,"21,155,710",False,False,False,HISPANIC,2.0,FEMALE,"3,613,861"
"4,614,381",1,28.0,1.0,Passenger car,1,"1,790,234",2025 Dec 05 06:35:00 PM,2025 Dec 06 12:35:00 AM,"21,166,236",False,True,False,WHITE,2.0,FEMALE,"3,614,514"
"4,614,394",1,73.0,3.0,Large passenger vehicle,2,"1,790,240",2025 Dec 06 12:37:00 PM,2025 Dec 06 06:37:00 PM,"21,166,305",False,True,False,BLACK,2.0,FEMALE,"3,614,527"
"4,614,409",1,26.0,2.0,Passenger car,1,"1,790,249",2025 Dec 07 10:38:00 AM,2025 Dec 07 04:38:00 PM,"21,166,396",False,True,False,HISPANIC,1.0,MALE,"3,614,544"
"4,615,622",1,34.0,2.0,Passenger car,1,"1,790,724",2025 Dec 11 02:29:00 AM,2025 Dec 11 08:29:00 AM,"21,172,195",False,True,False,HISPANIC,1.0,MALE,"3,615,550"
"4,615,641",4,38.0,3.0,Passenger car,1,"1,790,733",2025 Dec 11 05:33:00 AM,2025 Dec 11 11:33:00 AM,"21,172,800",False,True,False,BLACK,1.0,MALE,"3,615,570"
"4,615,770",1,37.0,,Passenger car,1,"1,790,801",2025 Dec 11 12:15:00 PM,2025 Dec 11 06:15:00 PM,"21,175,452",False,True,False,,1.0,MALE,"3,615,706"
"4,616,134",1,12.0,1.0,Bicycle,5,"1,790,957",2025 Dec 14 03:45:00 PM,2025 Dec 14 09:45:00 PM,"21,178,301",False,True,False,WHITE,1.0,MALE,"3,616,014"
"4,617,163",1,61.0,1.0,Bicycle,5,"1,791,328",2025 Dec 16 03:54:00 PM,2025 Dec 16 09:54:00 PM,"21,182,928",False,True,False,WHITE,1.0,MALE,"3,616,768"
"4,617,184",1,53.0,2.0,Pedestrian,7,"1,791,338",2025 Dec 17 07:05:00 AM,2025 Dec 17 01:05:00 PM,"21,182,958",False,True,False,HISPANIC,2.0,FEMALE,"3,616,789"
"4,617,476",4,74.0,3.0,Pedestrian,7,"1,791,472",2025 Dec 11 06:59:00 PM,2025 Dec 12 12:59:00 AM,"21,184,098",False,True,False,BLACK,1.0,MALE,"3,617,050"
"4,618,066",1,32.0,2.0,Passenger car,1,"1,791,708",2025 Dec 10 03:37:00 PM,2025 Dec 10 09:37:00 PM,"21,185,567",False,True,False,HISPANIC,2.0,FEMALE,"3,617,575"
"4,618,648",1,67.0,3.0,Pedestrian,7,"1,791,934",2025 Dec 19 08:44:00 PM,2025 Dec 20 02:44:00 AM,"21,192,976",False,True,False,BLACK,1.0,MALE,"3,618,027"
"4,619,447",1,10.0,3.0,Large passenger vehicle,2,"1,792,073",2025 Dec 18 11:26:00 PM,2025 Dec 19 05:26:00 AM,"21,188,182",False,False,False,BLACK,1.0,MALE,"3,618,307"
"4,619,828",4,34.0,1.0,Large passenger vehicle,2,"1,792,400",2025 Dec 21 11:58:00 PM,2025 Dec 22 05:58:00 AM,"21,193,472",False,True,False,WHITE,1.0,MALE,"3,618,985"
"4,620,241",4,19.0,2.0,Passenger car,1,"1,792,553",2025 Dec 16 09:11:00 AM,2025 Dec 16 03:11:00 PM,"21,186,334",False,True,False,HISPANIC,1.0,MALE,"3,619,281"
"4,620,905",4,35.0,4.0,Pedestrian,7,"1,792,819",2025 Dec 24 05:55:00 PM,2025 Dec 24 11:55:00 PM,"21,199,323",False,True,False,ASIAN,1.0,MALE,"3,619,830"
"4,621,464",4,73.0,1.0,Passenger car,1,"1,793,056",2025 Dec 28 09:31:00 AM,2025 Dec 28 03:31:00 PM,"21,204,742",False,True,False,WHITE,2.0,FEMALE,"3,620,295"
"4,621,561",4,32.0,3.0,Large passenger vehicle,2,"1,793,069",2025 Dec 20 02:54:00 AM,2025 Dec 20 08:54:00 AM,"21,206,708",False,False,False,BLACK,2.0,FEMALE,"3,620,323"
"4,623,273",4,58.0,1.0,Bicycle,5,"1,793,727",2025 Dec 23 10:12:00 AM,2025 Dec 23 04:12:00 PM,"21,213,889",False,True,False,WHITE,1.0,MALE,"3,621,632"
"4,624,685",4,48.0,2.0,Bicycle,5,"1,794,273",2025 Dec 22 10:00:00 AM,2025 Dec 22 04:00:00 PM,"21,219,451",False,True,False,HISPANIC,1.0,MALE,"3,622,767"
"4,634,840",4,35.0,3.0,Pedestrian,7,"1,798,290",2025 Dec 24 08:13:00 PM,2025 Dec 25 02:13:00 AM,"21,252,539",False,True,False,BLACK,2.0,FEMALE,"3,630,860"
"4,635,465",1,20.0,4.0,Pedestrian,7,"1,798,554",2025 Nov 16 05:50:00 PM,2025 Nov 16 11:50:00 PM,"21,261,379",False,False,False,ASIAN,1.0,MALE,"3,631,411"
"4,647,416",1,24.0,1.0,E-scooter,11,"1,803,307",2025 Dec 19 01:54:00 PM,2025 Dec 19 07:54:00 PM,"21,344,318",False,True,False,WHITE,2.0,FEMALE,"3,641,106"
"4,649,989",1,31.0,2.0,Pedestrian,7,"1,804,366",2025 Sep 27 06:50:00 PM,2025 Sep 27 11:50:00 PM,"21,368,164",False,True,False,HISPANIC,2.0,FEMALE,"3,643,214"
"4,650,799",1,20.0,3.0,Motorcycle,3,"1,804,704",2022 Feb 11 04:35:00 PM,2022 Feb 11 10:35:00 PM,"21,364,937",False,True,False,BLACK,1.0,MALE,"3,643,880"
"4,664,751",1,16.0,2.0,Pedestrian,7,"1,810,334",2025 Nov 22 06:41:00 PM,2025 Nov 23 12:41:00 AM,"21,448,931",False,True,False,HISPANIC,1.0,MALE,"3,655,264"
"4,672,477",1,31.0,2.0,Passenger car,1,"1,813,459",2023 Mar 31 12:24:00 AM,2023 Mar 31 05:24:00 AM,"21,494,203",False,True,False,HISPANIC,1.0,MALE,"3,661,560"
"4,672,478",1,,2.0,Passenger car,1,"1,813,460",2023 Mar 11 09:39:00 PM,2023 Mar 12 03:39:00 AM,"21,494,207",False,True,False,HISPANIC,1.0,MALE,"3,661,561"
"4,675,645",1,25.0,1.0,Motorcycle,3,"1,814,778",2025 Feb 14 01:07:00 PM,2025 Feb 14 07:07:00 PM,"21,501,214",False,True,False,WHITE,1.0,MALE,"3,664,176"
