Victim ID,prsn_injry_sev_id,prsn_age,prsn_ethnicity_id,mode_desc,mode_id,Victim File Crash ID,Is primary person,Person ethnicity,Person Sex ID,Person Sex Label,Unit ID,cris_id
"73,455",1,30.0,2.0,Large passenger vehicle,2,"27,418",True,HISPANIC,2.0,FEMALE,"54,729",14842081
"73,463",1,55.0,1.0,Passenger car,1,"27,423",True,WHITE,1.0,MALE,"54,737",14842086
"73,859",1,24.0,1.0,Passenger car,1,"27,626",True,WHITE,1.0,MALE,"55,149",14848769
"74,127",1,32.0,1.0,Motorcycle,3,"27,767",True,WHITE,1.0,MALE,"55,434",14850788
"74,603",1,63.0,1.0,Bicycle,5,"28,016",True,WHITE,1.0,MALE,"55,931",14859731
"74,629",1,43.0,1.0,Passenger car,1,"28,028",True,WHITE,1.0,MALE,"55,957",14859748
"74,654",1,33.0,2.0,Passenger car,1,"28,039",True,HISPANIC,2.0,FEMALE,"55,983",14859771
"74,827",4,23.0,1.0,Pedestrian,7,"28,136",True,WHITE,2.0,FEMALE,"56,171",14863141
"74,997",1,40.0,2.0,Passenger car,1,"28,237",True,HISPANIC,1.0,MALE,"56,360",14867740
"74,998",1,28.0,2.0,Passenger car,1,"28,238",True,HISPANIC,2.0,FEMALE,"56,361",14867741
"74,999",1,24.0,2.0,Large passenger vehicle,2,"28,238",True,HISPANIC,2.0,FEMALE,"56,362",14867741
"75,024",1,24.0,1.0,Passenger car,1,"28,251",True,WHITE,1.0,MALE,"56,387",14867759
"75,273",1,54.0,5.0,Large passenger vehicle,2,"28,364",True,OTHER,1.0,MALE,"56,646",14868063
"75,274",1,68.0,1.0,Large passenger vehicle,2,"28,364",True,WHITE,1.0,MALE,"56,647",14868063
"75,336",1,22.0,2.0,Passenger car,1,"28,395",True,HISPANIC,1.0,MALE,"56,713",14868137
"75,352",1,60.0,3.0,Motorcycle,3,"28,404",True,BLACK,1.0,MALE,"56,729",14868146
"75,359",1,57.0,1.0,Passenger car,1,"28,408",True,WHITE,1.0,MALE,"56,737",14868150
"75,613",1,37.0,2.0,Motorcycle,3,"28,547",True,HISPANIC,1.0,MALE,"57,008",14872559
"75,641",4,22.0,1.0,Pedestrian,7,"28,562",True,WHITE,2.0,FEMALE,"57,037",14872983
"75,867",1,37.0,1.0,Motorcycle,3,"28,674",True,WHITE,1.0,MALE,"57,272",14875432
"75,941",1,21.0,2.0,Passenger car,1,"28,716",True,HISPANIC,1.0,MALE,"57,351",14875505
"76,225",1,81.0,1.0,Passenger car,1,"28,864",True,WHITE,2.0,FEMALE,"57,656",14878658
"76,517",1,57.0,1.0,Motorcycle,3,"29,014",True,WHITE,1.0,MALE,"57,963",14882452
"76,583",1,34.0,1.0,Passenger car,1,"29,045",True,WHITE,2.0,FEMALE,"58,033",14882513
"76,629",1,38.0,2.0,Motorcycle,3,"29,068",True,HISPANIC,1.0,MALE,"58,081",14882550
"76,642",4,40.0,2.0,Passenger car,1,"29,073",True,HISPANIC,1.0,MALE,"58,094",14882557
"76,693",1,39.0,1.0,Passenger car,1,"29,102",True,WHITE,1.0,MALE,"58,151",14882615
"76,739",1,32.0,1.0,Large passenger vehicle,2,"29,124",True,WHITE,1.0,MALE,"58,201",14882668
"76,776",1,33.0,1.0,Passenger car,1,"29,144",True,WHITE,1.0,MALE,"58,241",14883012
"77,236",1,33.0,4.0,Large passenger vehicle,2,"29,391",True,ASIAN,2.0,FEMALE,"58,737",14889928
"77,237",1,30.0,2.0,Passenger car,1,"29,391",True,HISPANIC,1.0,MALE,"58,738",14889928
"77,258",1,22.0,2.0,Motorcycle,3,"29,402",True,HISPANIC,1.0,MALE,"58,759",14889969
"77,290",1,47.0,1.0,Motorcycle,3,"29,416",True,WHITE,1.0,MALE,"58,792",14889983
"77,312",4,65.0,1.0,Pedestrian,7,"29,428",True,WHITE,1.0,MALE,"58,814",14890040
"77,812",1,31.0,1.0,Motorcycle,3,"29,699",True,WHITE,1.0,MALE,"59,363",14896423
"77,848",1,49.0,1.0,Passenger car,1,"29,716",True,WHITE,1.0,MALE,"59,400",14896484
"77,923",1,70.0,1.0,Pedestrian,7,"29,750",True,WHITE,2.0,FEMALE,"59,476",14896585
"77,981",1,13.0,1.0,Bicycle,5,"29,778",True,WHITE,1.0,MALE,"59,537",14896709
"78,544",1,66.0,1.0,Motor vehicle – other,4,"30,064",True,WHITE,1.0,MALE,"60,122",14902761
"78,554",1,23.0,1.0,Passenger car,1,"30,070",True,WHITE,2.0,FEMALE,"60,138",14902773
"78,626",1,32.0,2.0,Passenger car,1,"30,108",True,HISPANIC,1.0,MALE,"60,218",14903543
"78,768",1,60.0,2.0,Large passenger vehicle,2,"30,180",True,HISPANIC,1.0,MALE,"60,371",14905560
"78,789",1,42.0,1.0,Motorcycle,3,"30,189",True,WHITE,1.0,MALE,"60,392",14905572
"78,970",1,21.0,1.0,Pedestrian,7,"30,280",True,WHITE,2.0,FEMALE,"60,584",14907778
"79,146",1,71.0,1.0,Pedestrian,7,"30,369",True,WHITE,2.0,FEMALE,"60,765",14909270
"79,243",1,52.0,2.0,Pedestrian,7,"30,420",True,HISPANIC,1.0,MALE,"60,869",14909388
"79,495",1,34.0,1.0,Large passenger vehicle,2,"30,546",True,WHITE,2.0,FEMALE,"61,134",14911297
"79,792",1,11.0,1.0,Bicycle,5,"30,707",True,WHITE,1.0,MALE,"61,461",14917566
"79,846",1,43.0,3.0,Passenger car,1,"30,733",True,BLACK,1.0,MALE,"61,517",14917630
"79,847",1,49.0,1.0,Large passenger vehicle,2,"30,733",True,WHITE,1.0,MALE,"61,518",14917630
"79,876",1,35.0,1.0,Passenger car,1,"30,749",True,WHITE,2.0,FEMALE,"61,552",14917660
"79,909",4,36.0,2.0,Motorcycle,3,"30,765",True,HISPANIC,1.0,MALE,"61,585",14917702
"79,951",1,21.0,1.0,Motorcycle,3,"30,788",True,WHITE,2.0,FEMALE,"61,630",14917757
"79,985",1,67.0,1.0,Pedestrian,7,"30,808",True,WHITE,2.0,FEMALE,"61,669",14917803
"80,097",1,29.0,1.0,Large passenger vehicle,2,"30,869",True,WHITE,1.0,MALE,"61,790",14919699
"80,146",1,70.0,1.0,Passenger car,1,"30,895",True,WHITE,1.0,MALE,"61,840",14919757
"80,185",1,,1.0,Bicycle,5,"30,911",True,WHITE,2.0,FEMALE,"61,883",14920143
"80,339",1,69.0,1.0,Passenger car,1,"30,990",True,WHITE,1.0,MALE,"62,049",14922092
"80,552",1,42.0,3.0,Motor vehicle – other,4,"31,097",True,BLACK,1.0,MALE,"62,272",14923518
"80,586",1,72.0,1.0,Passenger car,1,"31,113",True,WHITE,1.0,MALE,"62,311",14923730
"80,619",1,22.0,1.0,Passenger car,1,"31,129",True,WHITE,1.0,MALE,"62,347",14923952
"80,878",1,34.0,2.0,Passenger car,1,"31,265",True,HISPANIC,1.0,MALE,"62,624",14927446
"80,886",4,64.0,2.0,Pedestrian,7,"31,269",True,HISPANIC,1.0,MALE,"62,632",14927450
"80,899",1,40.0,1.0,Motorcycle,3,"31,277",True,WHITE,1.0,MALE,"62,647",14927458
"80,947",1,60.0,1.0,Large passenger vehicle,2,"31,303",True,WHITE,2.0,FEMALE,"62,699",14927542
"80,971",1,60.0,1.0,Motorcycle,3,"31,312",True,WHITE,1.0,MALE,"62,723",14927584
"81,152",1,46.0,1.0,Motorcycle,3,"31,413",True,WHITE,1.0,MALE,"62,916",14930298
"81,180",1,43.0,1.0,Motorcycle,3,"31,426",True,WHITE,1.0,MALE,"62,944",14930521
"81,266",1,56.0,1.0,Motorcycle,3,"31,466",True,WHITE,1.0,MALE,"63,036",14930790
"81,482",4,34.0,1.0,Motorcycle,3,"31,584",True,WHITE,1.0,MALE,"63,263",14932694
"81,561",4,27.0,2.0,Pedestrian,7,"31,629",True,HISPANIC,2.0,FEMALE,"63,347",14935137
"81,709",1,23.0,1.0,Motorcycle,3,"31,707",True,WHITE,1.0,MALE,"63,502",14937416
"81,862",1,38.0,1.0,Passenger car,1,"31,790",True,WHITE,2.0,FEMALE,"63,663",14940144
"81,981",1,47.0,1.0,Passenger car,1,"31,852",True,WHITE,1.0,MALE,"63,793",14941778
"82,026",1,41.0,1.0,Large passenger vehicle,2,"31,876",True,WHITE,1.0,MALE,"63,839",14941850
"82,064",1,37.0,1.0,Pedestrian,7,"31,895",True,WHITE,1.0,MALE,"63,879",14941906
"82,129",1,21.0,2.0,Motorcycle,3,"31,928",True,HISPANIC,1.0,MALE,"63,946",14941994
"82,150",1,37.0,3.0,Motorcycle,3,"31,938",True,BLACK,1.0,MALE,"63,967",14942006
"82,230",1,21.0,2.0,Bicycle,5,"31,981",True,HISPANIC,1.0,MALE,"64,055",14942958
"82,241",1,77.0,4.0,Passenger car,1,"31,988",True,ASIAN,2.0,FEMALE,"64,067",14942966
"82,490",1,22.0,1.0,Bicycle,5,"32,106",True,WHITE,1.0,MALE,"64,327",14945144
"82,590",1,41.0,3.0,Passenger car,1,"32,158",True,BLACK,2.0,FEMALE,"64,432",14945480
"82,788",1,54.0,2.0,Large passenger vehicle,2,"32,261",True,HISPANIC,1.0,MALE,"64,638",14948001
"83,081",1,64.0,1.0,Motor vehicle – other,4,"32,413",True,WHITE,1.0,MALE,"64,952",14951010
"83,083",1,50.0,3.0,Passenger car,1,"32,414",True,BLACK,2.0,FEMALE,"64,954",14951011
"83,099",1,53.0,3.0,Passenger car,1,"32,422",True,BLACK,2.0,FEMALE,"64,971",14951020
"83,397",1,29.0,2.0,Passenger car,1,"32,583",True,HISPANIC,2.0,FEMALE,"65,289",14956346
"83,398",1,17.0,2.0,Passenger car,1,"32,583",True,HISPANIC,2.0,FEMALE,"65,290",14956346
"83,492",1,53.0,3.0,Passenger car,1,"32,631",True,BLACK,1.0,MALE,"65,392",14956658
"83,683",4,72.0,1.0,Passenger car,1,"32,733",True,WHITE,2.0,FEMALE,"65,597",14958801
"84,060",1,56.0,1.0,Motorcycle,3,"32,935",True,WHITE,1.0,MALE,"65,997",14963473
"84,062",1,65.0,1.0,Pedestrian,7,"32,936",True,WHITE,1.0,MALE,"66,000",14963475
"84,238",1,52.0,3.0,Large passenger vehicle,2,"33,032",True,BLACK,1.0,MALE,"66,189",14966211
"84,239",1,64.0,1.0,Large passenger vehicle,2,"33,032",True,WHITE,2.0,FEMALE,"66,190",14966211
"84,319",1,23.0,1.0,Pedestrian,7,"33,077",True,WHITE,1.0,MALE,"66,274",14967884
"84,410",4,72.0,1.0,Pedestrian,7,"33,125",True,WHITE,1.0,MALE,"66,368",14967978
"84,648",1,19.0,3.0,Passenger car,1,"33,251",True,BLACK,2.0,FEMALE,"66,624",14970260
"84,704",1,32.0,1.0,Pedestrian,7,"33,279",True,WHITE,1.0,MALE,"66,682",14970301
"84,713",1,45.0,1.0,Bicycle,5,"33,284",True,WHITE,1.0,MALE,"66,692",14970306
"84,826",4,28.0,1.0,Motorcycle,3,"33,345",True,WHITE,1.0,MALE,"66,812",14971766
"85,075",1,21.0,1.0,Motorcycle,3,"33,483",True,WHITE,1.0,MALE,"67,082",14976156
"85,115",1,36.0,4.0,Pedestrian,7,"33,504",True,ASIAN,2.0,FEMALE,"67,123",14976223
"85,516",1,26.0,5.0,Large passenger vehicle,2,"33,718",True,OTHER,1.0,MALE,"67,554",14979670
"85,577",1,8.0,1.0,Pedestrian,7,"33,748",True,WHITE,1.0,MALE,"67,616",14979722
"85,599",1,37.0,3.0,Motorcycle,3,"33,758",True,BLACK,1.0,MALE,"67,639",14979776
"85,794",1,,1.0,Passenger car,1,"33,862",True,WHITE,1.0,MALE,"67,842",14983007
"85,815",4,17.0,1.0,Large passenger vehicle,2,"33,875",True,WHITE,1.0,MALE,"67,863",14983024
"86,053",1,27.0,1.0,Pedestrian,7,"34,003",True,WHITE,1.0,MALE,"68,122",14985202
"86,283",1,51.0,2.0,Motorcycle,3,"34,117",True,HISPANIC,1.0,MALE,"68,365",14987609
"86,292",1,24.0,1.0,Passenger car,1,"34,121",True,WHITE,2.0,FEMALE,"68,375",14987616
"86,685",1,20.0,1.0,Passenger car,1,"34,327",True,WHITE,2.0,FEMALE,"68,780",14993488
"86,751",1,43.0,1.0,Pedestrian,7,"34,360",True,WHITE,2.0,FEMALE,"68,849",14993585
"86,761",1,35.0,3.0,Passenger car,1,"34,366",True,BLACK,1.0,MALE,"68,859",14993591
"86,779",1,48.0,1.0,Motorcycle,3,"34,377",True,WHITE,2.0,FEMALE,"68,878",14993608
"87,048",4,30.0,2.0,Pedestrian,7,"34,522",True,HISPANIC,1.0,MALE,"69,174",14998130
"87,116",1,16.0,1.0,Pedestrian,7,"34,557",True,WHITE,1.0,MALE,"69,250",14998222
"87,366",1,31.0,0.0,Passenger car,1,"34,687",True,UNKNOWN,1.0,MALE,"69,515",15000234
"87,367",1,18.0,1.0,Passenger car,1,"34,687",True,WHITE,2.0,FEMALE,"69,516",15000234
"87,506",1,25.0,3.0,Passenger car,1,"34,764",True,BLACK,2.0,FEMALE,"69,664",15002750
"87,800",1,42.0,1.0,Passenger car,1,"34,921",True,WHITE,2.0,FEMALE,"69,980",15006734
"88,195",1,24.0,2.0,Pedestrian,7,"35,128",True,HISPANIC,2.0,FEMALE,"70,399",15010691
"88,196",1,30.0,2.0,Pedestrian,7,"35,128",True,HISPANIC,2.0,FEMALE,"70,400",15010691
"88,218",4,38.0,1.0,Motorcycle,3,"35,140",True,WHITE,1.0,MALE,"70,423",15010703
"88,323",1,35.0,1.0,Passenger car,1,"35,190",True,WHITE,1.0,MALE,"70,529",15010845
"88,604",4,83.0,1.0,Passenger car,1,"35,341",True,WHITE,2.0,FEMALE,"70,839",15015700
"88,611",1,28.0,1.0,Bicycle,5,"35,344",True,WHITE,2.0,FEMALE,"70,846",15015703
"88,625",1,34.0,1.0,Motorcycle,3,"35,354",True,WHITE,1.0,MALE,"70,861",15015715
"88,843",1,21.0,1.0,Passenger car,1,"35,462",True,WHITE,2.0,FEMALE,"71,086",15017259
"88,851",1,35.0,1.0,Pedestrian,7,"35,465",True,WHITE,1.0,MALE,"71,094",15017294
"88,859",4,17.0,5.0,Motorcycle,3,"35,469",True,OTHER,1.0,MALE,"71,102",15017298
"89,304",1,25.0,1.0,Passenger car,1,"35,710",True,WHITE,2.0,FEMALE,"71,575",15024934
"89,380",1,60.0,4.0,Passenger car,1,"35,746",True,ASIAN,1.0,MALE,"71,654",15025011
"89,451",1,48.0,3.0,Bicycle,5,"35,781",True,BLACK,1.0,MALE,"71,729",15025115
"89,663",1,64.0,1.0,Motorcycle,3,"35,900",True,WHITE,1.0,MALE,"71,953",15028175
"89,674",1,31.0,1.0,Motorcycle,3,"35,905",True,WHITE,1.0,MALE,"71,965",15028180
"89,683",1,62.0,2.0,Passenger car,1,"35,910",True,HISPANIC,1.0,MALE,"71,975",15028185
"89,746",1,63.0,1.0,Large passenger vehicle,2,"35,943",True,WHITE,1.0,MALE,"72,041",15028281
"90,007",1,59.0,2.0,Passenger car,1,"36,087",True,HISPANIC,1.0,MALE,"72,324",15032541
"90,014",1,38.0,1.0,Passenger car,1,"36,092",True,WHITE,1.0,MALE,"72,332",15032549
"90,044",1,44.0,1.0,Passenger car,1,"36,109",True,WHITE,2.0,FEMALE,"72,365",15032616
"90,072",1,35.0,3.0,Passenger car,1,"36,123",True,BLACK,2.0,FEMALE,"72,393",15032631
"90,105",1,56.0,3.0,Passenger car,1,"36,139",True,BLACK,1.0,MALE,"72,426",15032670
"90,138",1,25.0,3.0,Passenger car,1,"36,158",True,BLACK,2.0,FEMALE,"72,460",15032689
"90,404",1,69.0,1.0,Pedestrian,7,"36,304",True,WHITE,2.0,FEMALE,"72,750",15036498
"90,448",1,61.0,1.0,Passenger car,1,"36,326",True,WHITE,2.0,FEMALE,"72,795",15036554
"90,721",1,26.0,1.0,Passenger car,1,"36,474",True,WHITE,1.0,MALE,"73,079",15039512
"91,019",1,31.0,3.0,Passenger car,1,"36,628",True,BLACK,2.0,FEMALE,"73,385",15043437
"91,034",4,57.0,1.0,Motorcycle,3,"36,635",True,WHITE,1.0,MALE,"73,400",15043473
"91,233",1,17.0,2.0,Passenger car,1,"36,741",True,HISPANIC,1.0,MALE,"73,609",15045351
"91,240",1,29.0,1.0,Passenger car,1,"36,745",True,WHITE,1.0,MALE,"73,616",15045375
"91,468",1,24.0,1.0,Pedestrian,7,"36,868",True,WHITE,2.0,FEMALE,"73,866",15049402
"91,588",1,22.0,1.0,Passenger car,1,"36,930",True,WHITE,2.0,FEMALE,"73,993",15049958
"91,681",1,41.0,2.0,Motorcycle,3,"36,980",True,HISPANIC,1.0,MALE,"74,095",15050039
"91,688",4,31.0,1.0,Motorcycle,3,"36,985",True,WHITE,1.0,MALE,"74,102",15050044
"92,019",1,21.0,2.0,Passenger car,1,"37,158",True,HISPANIC,1.0,MALE,"74,449",15053927
"92,724",1,27.0,2.0,Passenger car,1,"37,530",True,HISPANIC,1.0,MALE,"75,194",15072740
"92,751",4,26.0,2.0,Pedestrian,7,"37,542",True,HISPANIC,1.0,MALE,"75,223",15072753
"92,794",1,27.0,1.0,Large passenger vehicle,2,"37,565",True,WHITE,2.0,FEMALE,"75,269",15072787
"92,872",1,40.0,1.0,Pedestrian,7,"37,609",True,WHITE,2.0,FEMALE,"75,358",15077949
"93,104",1,16.0,1.0,Pedestrian,7,"37,739",True,WHITE,1.0,MALE,"75,611",15080124
"93,129",1,19.0,1.0,Passenger car,1,"37,752",True,WHITE,2.0,FEMALE,"75,636",15080164
"93,508",1,53.0,1.0,Passenger car,1,"37,953",True,WHITE,2.0,FEMALE,"76,039",15085005
"93,601",4,63.0,1.0,Pedestrian,7,"37,997",True,WHITE,1.0,MALE,"76,132",15085198
"93,688",1,26.0,2.0,Passenger car,1,"38,047",True,HISPANIC,2.0,FEMALE,"76,229",15087559
"93,810",1,41.0,3.0,Large passenger vehicle,2,"38,112",True,BLACK,1.0,MALE,"76,358",15088781
"94,478",1,36.0,2.0,Passenger car,1,"38,464",True,HISPANIC,1.0,MALE,"77,076",15097933
"94,502",4,20.0,2.0,Large passenger vehicle,2,"38,478",True,HISPANIC,1.0,MALE,"77,106",15097947
"94,544",1,35.0,1.0,Pedestrian,7,"38,499",True,WHITE,1.0,MALE,"77,151",15098011
"94,579",1,16.0,2.0,Pedestrian,7,"38,518",True,HISPANIC,2.0,FEMALE,"77,189",15098045
"95,209",1,54.0,3.0,Passenger car,1,"38,851",True,BLACK,2.0,FEMALE,"77,873",15105148
"95,230",1,56.0,1.0,Passenger car,1,"38,860",True,WHITE,1.0,MALE,"77,895",15105230
"95,301",1,21.0,2.0,Large passenger vehicle,2,"38,894",True,HISPANIC,1.0,MALE,"77,969",15105946
"95,365",4,5.0,2.0,Pedestrian,7,"38,929",True,HISPANIC,1.0,MALE,"78,034",15106839
"95,670",1,18.0,1.0,Bicycle,5,"39,090",True,WHITE,1.0,MALE,"78,367",15111398
"95,684",1,49.0,1.0,Large passenger vehicle,2,"39,097",True,WHITE,2.0,FEMALE,"78,381",15111405
"95,709",1,14.0,2.0,Pedestrian,7,"39,108",True,HISPANIC,2.0,FEMALE,"78,408",15111417
"95,729",1,62.0,1.0,Passenger car,1,"39,119",True,WHITE,2.0,FEMALE,"78,430",15111443
"95,757",1,37.0,2.0,Passenger car,1,"39,133",True,HISPANIC,2.0,FEMALE,"78,458",15111457
"95,782",1,20.0,1.0,Motorcycle,3,"39,144",True,WHITE,1.0,MALE,"78,483",15111489
"95,867",1,28.0,2.0,Passenger car,1,"39,191",True,HISPANIC,2.0,FEMALE,"78,571",15111553
"95,868",1,23.0,4.0,Motorcycle,3,"39,192",True,ASIAN,1.0,MALE,"78,572",15111554
"96,077",4,29.0,2.0,Passenger car,1,"39,307",True,HISPANIC,1.0,MALE,"78,801",15114891
"96,117",1,56.0,1.0,Motorcycle,3,"39,327",True,WHITE,1.0,MALE,"78,842",15114986
"96,309",1,15.0,2.0,Passenger car,1,"39,436",True,HISPANIC,1.0,MALE,"79,044",15117707
"96,336",1,37.0,2.0,Motorcycle,3,"39,449",True,HISPANIC,1.0,MALE,"79,071",15117741
"96,361",1,27.0,1.0,Large passenger vehicle,2,"39,462",True,WHITE,2.0,FEMALE,"79,098",15117791
"96,454",1,37.0,2.0,Large passenger vehicle,2,"39,516",True,HISPANIC,1.0,MALE,"79,201",15119393
"96,961",1,29.0,1.0,Motorcycle,3,"39,799",True,WHITE,1.0,MALE,"79,754",15128670
"97,052",1,46.0,2.0,Large passenger vehicle,2,"39,841",True,HISPANIC,1.0,MALE,"79,849",15129053
"97,088",4,56.0,1.0,Pedestrian,7,"39,859",True,WHITE,1.0,MALE,"79,886",15129119
"97,123",1,40.0,1.0,Motorcycle,3,"39,878",True,WHITE,1.0,MALE,"79,925",15129179
"97,143",1,26.0,1.0,Passenger car,1,"39,888",True,WHITE,1.0,MALE,"79,945",15129190
"97,304",1,29.0,2.0,Motorcycle,3,"39,975",True,HISPANIC,1.0,MALE,"80,112",15129443
"97,325",1,50.0,3.0,Passenger car,1,"39,986",True,BLACK,2.0,FEMALE,"80,135",15129471
"97,461",1,25.0,1.0,Bicycle,5,"40,060",True,WHITE,1.0,MALE,"80,278",15131435
"97,656",1,30.0,3.0,Motorcycle,3,"40,166",True,BLACK,1.0,MALE,"80,478",15133486
"97,685",1,13.0,5.0,Passenger car,1,"40,182",True,OTHER,1.0,MALE,"80,509",15133503
"98,076",1,23.0,1.0,Large passenger vehicle,2,"40,389",True,WHITE,2.0,FEMALE,"80,918",15140138
"98,082",1,52.0,1.0,Passenger car,1,"40,392",True,WHITE,2.0,FEMALE,"80,924",15140143
"98,198",1,28.0,2.0,Passenger car,1,"40,452",True,HISPANIC,2.0,FEMALE,"81,048",15140357
"98,375",1,51.0,2.0,Passenger car,1,"40,540",True,HISPANIC,2.0,FEMALE,"81,236",15140623
"98,459",1,29.0,2.0,Motorcycle,3,"40,588",True,HISPANIC,1.0,MALE,"81,332",15143043
"98,504",1,36.0,1.0,Passenger car,1,"40,612",True,WHITE,1.0,MALE,"81,378",15143262
"98,505",1,23.0,2.0,Passenger car,1,"40,612",True,HISPANIC,1.0,MALE,"81,379",15143262
"98,697",1,53.0,2.0,Passenger car,1,"40,713",True,HISPANIC,2.0,FEMALE,"81,588",15145584
"98,737",1,40.0,3.0,Passenger car,1,"40,733",True,BLACK,2.0,FEMALE,"81,634",15146029
"99,297",1,30.0,1.0,Motorcycle,3,"41,037",True,WHITE,1.0,MALE,"82,235",15153588
"99,304",1,26.0,1.0,Passenger car,1,"41,042",True,WHITE,1.0,MALE,"82,243",15153593
"99,332",1,68.0,1.0,Large passenger vehicle,2,"41,058",True,WHITE,1.0,MALE,"82,272",15153640
"99,634",1,27.0,2.0,Motorcycle,3,"41,221",True,HISPANIC,1.0,MALE,"82,594",15157142
"99,649",1,39.0,1.0,Large passenger vehicle,2,"41,230",True,WHITE,2.0,FEMALE,"82,609",15157174
"99,738",4,3.0,2.0,Pedestrian,7,"41,280",True,HISPANIC,1.0,MALE,"82,706",15159136
"99,750",1,28.0,1.0,Motorcycle,3,"41,285",True,WHITE,1.0,MALE,"82,718",15159145
"99,784",1,52.0,1.0,Large passenger vehicle,2,"41,303",True,WHITE,1.0,MALE,"82,756",15159181
"99,841",4,33.0,2.0,Passenger car,1,"41,330",True,HISPANIC,2.0,FEMALE,"82,815",15160155
"100,556",1,51.0,1.0,Large passenger vehicle,2,"41,704",True,WHITE,2.0,FEMALE,"83,580",15169194
"100,743",1,37.0,4.0,Passenger car,1,"41,803",True,ASIAN,1.0,MALE,"83,781",15171003
"100,767",1,35.0,1.0,Motorcycle,3,"41,815",True,WHITE,1.0,MALE,"83,806",15171051
"100,795",1,58.0,2.0,Passenger car,1,"41,829",True,HISPANIC,1.0,MALE,"83,835",15171070
"100,822",1,23.0,2.0,Passenger car,1,"41,845",True,HISPANIC,1.0,MALE,"83,864",15171115
"100,845",1,17.0,1.0,Large passenger vehicle,2,"41,857",True,WHITE,2.0,FEMALE,"83,887",15171127
"100,851",1,69.0,1.0,Passenger car,1,"41,861",True,WHITE,2.0,FEMALE,"83,893",15171154
"100,902",1,48.0,1.0,Bicycle,5,"41,885",True,WHITE,1.0,MALE,"83,948",15171191
"101,131",1,19.0,1.0,Motorcycle,3,"42,007",True,WHITE,1.0,MALE,"84,189",15172891
"101,369",1,39.0,1.0,Bicycle,5,"42,130",True,WHITE,2.0,FEMALE,"84,440",15175108
"101,540",1,54.0,1.0,Motorcycle,3,"42,221",True,WHITE,1.0,MALE,"84,624",15178387
"101,554",1,16.0,2.0,Large passenger vehicle,2,"42,230",True,HISPANIC,1.0,MALE,"84,639",15178411
"101,555",1,42.0,2.0,Passenger car,1,"42,230",True,HISPANIC,1.0,MALE,"84,640",15178411
"101,562",1,34.0,1.0,Passenger car,1,"42,234",True,WHITE,2.0,FEMALE,"84,647",15178415
"101,563",1,38.0,3.0,Passenger car,1,"42,235",True,BLACK,2.0,FEMALE,"84,648",15178416
"101,606",1,21.0,1.0,Motorcycle,3,"42,256",True,WHITE,2.0,FEMALE,"84,692",15178487
"101,845",4,14.0,1.0,Pedestrian,7,"42,386",True,WHITE,1.0,MALE,"84,947",15181271
"102,017",1,23.0,2.0,Passenger car,1,"42,480",True,HISPANIC,1.0,MALE,"85,135",15184558
"102,019",1,19.0,2.0,Motorcycle,3,"42,481",True,HISPANIC,1.0,MALE,"85,138",15184559
"102,053",1,28.0,1.0,Motorcycle,3,"42,499",True,WHITE,1.0,MALE,"85,174",15184643
"102,130",1,20.0,1.0,Pedestrian,7,"42,533",True,WHITE,1.0,MALE,"85,256",15184752
"102,188",1,59.0,2.0,Large passenger vehicle,2,"42,561",True,HISPANIC,1.0,MALE,"85,315",15185218
"102,222",1,57.0,1.0,Passenger car,1,"42,580",True,WHITE,2.0,FEMALE,"85,351",15185293
"102,242",1,50.0,1.0,Large passenger vehicle,2,"42,593",True,WHITE,1.0,MALE,"85,374",15185307
"102,386",1,30.0,1.0,Pedestrian,7,"42,666",True,WHITE,1.0,MALE,"85,524",15187327
"102,390",1,51.0,3.0,Passenger car,1,"42,668",True,BLACK,2.0,FEMALE,"85,528",15187329
"102,488",1,61.0,3.0,Large passenger vehicle,2,"42,718",True,BLACK,1.0,MALE,"85,634",15187862
"102,761",1,34.0,1.0,Passenger car,1,"42,864",True,WHITE,2.0,FEMALE,"85,929",15191119
"102,769",1,27.0,1.0,Motorcycle,3,"42,866",True,WHITE,2.0,FEMALE,"85,937",15191121
"102,833",1,62.0,1.0,Motorcycle,3,"42,900",True,WHITE,1.0,MALE,"86,008",15191189
"103,511",1,40.0,1.0,Passenger car,1,"43,249",True,WHITE,1.0,MALE,"86,739",15198138
"103,512",1,14.0,2.0,Passenger car,1,"43,249",True,HISPANIC,1.0,MALE,"86,740",15198138
"103,833",1,26.0,2.0,Large passenger vehicle,2,"43,417",True,HISPANIC,2.0,FEMALE,"87,082",15202112
"103,844",1,35.0,1.0,Bicycle,5,"43,423",True,WHITE,2.0,FEMALE,"87,093",15202119
"103,857",4,40.0,1.0,Pedestrian,7,"43,430",True,WHITE,1.0,MALE,"87,107",15202128
"103,893",4,18.0,1.0,Passenger car,1,"43,449",True,WHITE,1.0,MALE,"87,148",15202181
"103,924",4,26.0,1.0,Bicycle,5,"43,465",True,WHITE,1.0,MALE,"87,180",15202234
"104,084",1,43.0,1.0,Passenger car,1,"43,551",True,WHITE,1.0,MALE,"87,352",15205011
"104,288",1,24.0,2.0,Large passenger vehicle,2,"43,660",True,HISPANIC,2.0,FEMALE,"87,561",15206727
"104,436",1,31.0,1.0,Passenger car,1,"43,739",True,WHITE,1.0,MALE,"87,719",15208642
"104,493",1,35.0,1.0,Bicycle,5,"43,771",True,WHITE,1.0,MALE,"87,783",15210162
"104,983",1,57.0,3.0,Passenger car,1,"44,042",True,BLACK,1.0,MALE,"88,311",15217010
"105,012",1,26.0,1.0,Passenger car,1,"44,056",True,WHITE,2.0,FEMALE,"88,342",15217025
"105,044",1,63.0,1.0,Large passenger vehicle,2,"44,070",True,WHITE,1.0,MALE,"88,376",15217426
"105,047",1,44.0,1.0,Passenger car,1,"44,072",True,WHITE,2.0,FEMALE,"88,381",15217428
"105,069",1,26.0,1.0,Motorcycle,3,"44,084",True,WHITE,2.0,FEMALE,"88,405",15217442
"105,209",1,17.0,0.0,Pedestrian,7,"44,156",True,UNKNOWN,1.0,MALE,"88,558",15218288
"105,737",1,57.0,2.0,Large passenger vehicle,2,"44,430",True,HISPANIC,2.0,FEMALE,"89,129",15225996
"105,763",1,26.0,1.0,Passenger car,1,"44,443",True,WHITE,1.0,MALE,"89,157",15226017
"105,882",1,22.0,1.0,Pedestrian,7,"44,502",True,WHITE,2.0,FEMALE,"89,285",15226179
"105,887",1,23.0,1.0,Motorcycle,3,"44,505",True,WHITE,1.0,MALE,"89,292",15226183
"105,898",1,61.0,3.0,Passenger car,1,"44,511",True,BLACK,1.0,MALE,"89,304",15226189
"105,899",1,34.0,4.0,Passenger car,1,"44,511",True,ASIAN,1.0,MALE,"89,305",15226189
"105,955",1,19.0,3.0,Passenger car,1,"44,540",True,BLACK,1.0,MALE,"89,363",15226269
"106,049",4,39.0,1.0,Large passenger vehicle,2,"44,588",True,WHITE,1.0,MALE,"89,461",15226370
"106,054",1,19.0,2.0,Passenger car,1,"44,591",True,HISPANIC,1.0,MALE,"89,466",15226373
"106,198",1,36.0,3.0,Large passenger vehicle,2,"44,666",True,BLACK,2.0,FEMALE,"89,615",15228423
"106,227",1,26.0,2.0,Large passenger vehicle,2,"44,677",True,HISPANIC,2.0,FEMALE,"89,645",15228434
"106,395",4,63.0,1.0,Pedestrian,7,"44,767",True,WHITE,1.0,MALE,"89,826",15230188
"106,853",1,31.0,1.0,Motorcycle,3,"45,014",True,WHITE,1.0,MALE,"90,327",15234690
"106,896",1,37.0,3.0,Pedestrian,7,"45,034",True,BLACK,1.0,MALE,"90,372",15234741
"106,921",4,31.0,1.0,Passenger car,1,"45,048",True,WHITE,2.0,FEMALE,"90,398",15234997
"107,053",1,24.0,1.0,Motorcycle,3,"45,120",True,WHITE,1.0,MALE,"90,542",15237848
"107,128",1,44.0,1.0,Passenger car,1,"45,162",True,WHITE,1.0,MALE,"90,621",15238399
"107,328",1,18.0,2.0,Passenger car,1,"45,270",True,HISPANIC,2.0,FEMALE,"90,845",15240370
"107,344",1,45.0,3.0,Large passenger vehicle,2,"45,276",True,BLACK,1.0,MALE,"90,861",15240377
"107,673",1,18.0,1.0,Bicycle,5,"45,446",True,WHITE,1.0,MALE,"91,212",15243040
"107,733",4,22.0,1.0,Passenger car,1,"45,483",True,WHITE,2.0,FEMALE,"91,279",15244970
"108,513",1,38.0,1.0,Large passenger vehicle,2,"45,908",True,WHITE,1.0,MALE,"92,133",15259788
"108,888",1,18.0,2.0,Passenger car,1,"46,094",True,HISPANIC,1.0,MALE,"92,526",15260256
"109,068",1,39.0,1.0,Large passenger vehicle,2,"46,183",True,WHITE,1.0,MALE,"92,713",15260392
"109,433",1,44.0,4.0,Passenger car,1,"46,370",True,ASIAN,2.0,FEMALE,"93,097",15263986
"109,920",1,19.0,2.0,Passenger car,1,"46,645",True,HISPANIC,1.0,MALE,"93,616",15268835
"109,930",4,34.0,0.0,Pedestrian,7,"46,649",True,UNKNOWN,1.0,MALE,"93,627",15268839
"110,100",1,59.0,3.0,Bicycle,5,"46,736",True,BLACK,1.0,MALE,"93,811",15270971
"110,263",4,33.0,2.0,Passenger car,1,"46,824",True,HISPANIC,2.0,FEMALE,"93,983",15272912
"110,363",1,42.0,1.0,Motorcycle,3,"46,880",True,WHITE,1.0,MALE,"94,089",15275565
"110,502",1,29.0,1.0,Passenger car,1,"46,957",True,WHITE,1.0,MALE,"94,242",15277373
"110,617",1,62.0,3.0,Passenger car,1,"47,016",True,BLACK,2.0,FEMALE,"94,369",15277565
"110,708",4,58.0,1.0,Pedestrian,7,"47,061",True,WHITE,1.0,MALE,"94,464",15277674
"110,755",1,37.0,2.0,Passenger car,1,"47,089",True,HISPANIC,1.0,MALE,"94,512",15277748
"110,910",1,42.0,2.0,Large passenger vehicle,2,"47,186",True,HISPANIC,2.0,FEMALE,"94,682",15281500
"110,911",1,28.0,2.0,Passenger car,1,"47,186",True,HISPANIC,2.0,FEMALE,"94,683",15281500
"110,932",1,25.0,1.0,Motorcycle,3,"47,197",True,WHITE,1.0,MALE,"94,705",15281555
"110,954",1,21.0,3.0,Passenger car,1,"47,210",True,BLACK,2.0,FEMALE,"94,728",15281568
"111,003",1,25.0,2.0,Motorcycle,3,"47,236",True,HISPANIC,1.0,MALE,"94,779",15281609
"111,017",1,46.0,2.0,Passenger car,1,"47,243",True,HISPANIC,2.0,FEMALE,"94,794",15281621
"111,126",1,19.0,2.0,Bicycle,5,"47,302",True,HISPANIC,1.0,MALE,"94,913",15283494
"111,154",1,35.0,1.0,Motorcycle,3,"47,318",True,WHITE,2.0,FEMALE,"94,941",15283532
"111,287",1,39.0,1.0,Pedestrian,7,"47,391",True,WHITE,2.0,FEMALE,"95,086",15285508
"111,304",1,64.0,1.0,Bicycle,5,"47,400",True,WHITE,1.0,MALE,"95,104",15285522
"111,617",1,40.0,1.0,Bicycle,5,"47,554",True,WHITE,1.0,MALE,"95,427",15288615
"111,702",1,28.0,2.0,Motorcycle,3,"47,600",True,HISPANIC,1.0,MALE,"95,522",15288717
"111,730",1,22.0,2.0,Passenger car,1,"47,615",True,HISPANIC,2.0,FEMALE,"95,552",15288735
"111,735",1,24.0,2.0,Passenger car,1,"47,618",True,HISPANIC,2.0,FEMALE,"95,557",15288738
"111,745",1,68.0,3.0,Pedestrian,7,"47,623",True,BLACK,1.0,MALE,"95,569",15288778
"111,865",1,27.0,1.0,Bicycle,5,"47,684",True,WHITE,1.0,MALE,"95,695",15291281
"111,933",1,78.0,3.0,Passenger car,1,"47,722",True,BLACK,2.0,FEMALE,"95,765",15291860
"112,156",1,45.0,3.0,Large passenger vehicle,2,"47,841",True,BLACK,1.0,MALE,"96,013",15293908
"112,300",1,17.0,4.0,Pedestrian,7,"47,917",True,ASIAN,1.0,MALE,"96,164",15295756
"112,500",1,45.0,1.0,Large passenger vehicle,2,"48,023",True,WHITE,2.0,FEMALE,"96,382",15298031
"112,506",4,46.0,3.0,Motorcycle,3,"48,026",True,BLACK,1.0,MALE,"96,388",15298035
"112,947",1,28.0,2.0,Large passenger vehicle,2,"48,260",True,HISPANIC,1.0,MALE,"96,862",15304901
"113,020",1,34.0,1.0,Large passenger vehicle,2,"48,296",True,WHITE,1.0,MALE,"96,940",15304966
"113,237",1,34.0,3.0,Pedestrian,7,"48,410",True,BLACK,1.0,MALE,"97,172",15305544
"113,323",1,30.0,1.0,Motorcycle,3,"48,456",True,WHITE,1.0,MALE,"97,262",15306733
"113,448",1,27.0,1.0,Passenger car,1,"48,518",True,WHITE,2.0,FEMALE,"97,394",15309134
"113,492",1,57.0,1.0,Motorcycle,3,"48,540",True,WHITE,1.0,MALE,"97,438",15309291
"113,616",1,57.0,1.0,Large passenger vehicle,2,"48,601",True,WHITE,1.0,MALE,"97,568",15309482
"113,800",1,57.0,2.0,Passenger car,1,"48,706",True,HISPANIC,2.0,FEMALE,"97,775",15313007
"113,833",1,48.0,1.0,Passenger car,1,"48,725",True,WHITE,1.0,MALE,"97,809",15313104
"113,892",1,31.0,1.0,Passenger car,1,"48,753",True,WHITE,2.0,FEMALE,"97,869",15313171
"113,921",1,67.0,1.0,Motorcycle,3,"48,769",True,WHITE,1.0,MALE,"97,900",15313216
"113,937",1,46.0,2.0,Large passenger vehicle,2,"48,778",True,HISPANIC,2.0,FEMALE,"97,917",15313228
"114,039",1,27.0,1.0,Pedestrian,7,"48,830",True,WHITE,2.0,FEMALE,"98,026",15314253
"114,160",1,22.0,4.0,Motorcycle,3,"48,891",True,ASIAN,2.0,FEMALE,"98,155",15316524
"114,196",1,9.0,1.0,Pedestrian,7,"48,909",True,WHITE,1.0,MALE,"98,193",15316565
"114,216",1,,2.0,Pedestrian,7,"48,918",True,HISPANIC,1.0,MALE,"98,215",15316574
"114,491",1,54.0,0.0,Motorcycle,3,"49,058",True,UNKNOWN,1.0,MALE,"98,504",15320404
"114,497",4,19.0,2.0,Passenger car,1,"49,062",True,HISPANIC,1.0,MALE,"98,510",15320408
"114,968",1,26.0,1.0,Passenger car,1,"49,310",True,WHITE,1.0,MALE,"99,020",15326229
"115,078",1,61.0,1.0,Large passenger vehicle,2,"49,365",True,WHITE,1.0,MALE,"99,137",15326471
"115,453",4,29.0,1.0,Motorcycle,3,"49,569",True,WHITE,1.0,MALE,"99,541",15331070
"115,480",4,44.0,1.0,Passenger car,1,"49,582",True,WHITE,1.0,MALE,"99,568",15331090
"115,481",1,55.0,1.0,Large passenger vehicle,2,"49,582",True,WHITE,1.0,MALE,"99,569",15331090
"115,546",1,30.0,2.0,Passenger car,1,"49,616",True,HISPANIC,2.0,FEMALE,"99,636",15331214
"115,821",1,29.0,1.0,Motorcycle,3,"49,756",True,WHITE,1.0,MALE,"99,933",15332964
"116,153",4,38.0,2.0,Large passenger vehicle,2,"49,930",True,HISPANIC,1.0,MALE,"100,281",15339720
"116,167",1,32.0,1.0,Motorcycle,3,"49,939",True,WHITE,1.0,MALE,"100,296",15339729
"116,379",1,24.0,1.0,Passenger car,1,"50,045",True,WHITE,1.0,MALE,"100,515",15340140
"116,455",1,40.0,1.0,Passenger car,1,"50,092",True,WHITE,2.0,FEMALE,"100,597",15340306
"116,666",1,47.0,3.0,Passenger car,1,"50,203",True,BLACK,1.0,MALE,"100,822",15342836
"116,799",1,27.0,1.0,Bicycle,5,"50,271",True,WHITE,1.0,MALE,"100,963",15344138
"117,101",1,59.0,1.0,Passenger car,1,"50,424",True,WHITE,2.0,FEMALE,"101,291",15346993
"117,469",1,40.0,3.0,Passenger car,1,"50,623",True,BLACK,2.0,FEMALE,"101,681",15353069
"117,638",1,19.0,2.0,Large passenger vehicle,2,"50,711",True,HISPANIC,1.0,MALE,"101,855",15353418
"117,798",1,52.0,3.0,Passenger car,1,"50,795",True,BLACK,2.0,FEMALE,"102,023",15355509
"117,799",1,50.0,3.0,Large passenger vehicle,2,"50,795",True,BLACK,2.0,FEMALE,"102,024",15355509
"118,074",1,42.0,3.0,Passenger car,1,"50,939",True,BLACK,1.0,MALE,"102,311",15359355
"118,085",1,49.0,1.0,Motorcycle,3,"50,943",True,WHITE,1.0,MALE,"102,322",15359359
"118,094",1,27.0,1.0,Motorcycle,3,"50,946",True,WHITE,1.0,MALE,"102,331",15359362
"118,126",1,27.0,1.0,Passenger car,1,"50,963",True,WHITE,1.0,MALE,"102,364",15359435
"118,145",1,44.0,1.0,Bicycle,5,"50,973",True,WHITE,1.0,MALE,"102,384",15359445
"118,150",1,29.0,1.0,Large passenger vehicle,2,"50,975",True,WHITE,1.0,MALE,"102,389",15359447
"118,192",1,33.0,1.0,Bicycle,5,"50,995",True,WHITE,1.0,MALE,"102,434",15359492
"118,339",1,47.0,3.0,Large passenger vehicle,2,"51,073",True,BLACK,1.0,MALE,"102,592",15361231
"118,340",1,47.0,3.0,Other/Unknown,9,"51,073",True,BLACK,1.0,MALE,"102,593",15361231
"118,477",1,22.0,4.0,Motorcycle,3,"51,140",True,ASIAN,1.0,MALE,"102,733",15361926
"118,798",1,50.0,2.0,Large passenger vehicle,2,"51,305",True,HISPANIC,2.0,FEMALE,"103,072",15365857
"118,813",1,34.0,3.0,Passenger car,1,"51,312",True,BLACK,1.0,MALE,"103,087",15365890
"118,977",4,32.0,0.0,Motorcycle,3,"51,406",True,UNKNOWN,1.0,MALE,"103,264",15368162
"119,021",1,68.0,1.0,Large passenger vehicle,2,"51,427",True,WHITE,2.0,FEMALE,"103,308",15368331
"119,052",1,55.0,2.0,Passenger car,1,"51,444",True,HISPANIC,1.0,MALE,"103,342",15368348
"119,428",4,34.0,2.0,Passenger car,1,"51,628",True,HISPANIC,1.0,MALE,"103,738",15371948
"119,437",1,48.0,1.0,Large passenger vehicle,2,"51,633",True,WHITE,1.0,MALE,"103,748",15372092
"119,481",1,17.0,2.0,Large passenger vehicle,2,"51,656",True,HISPANIC,1.0,MALE,"103,796",15372115
"119,558",4,,2.0,Large passenger vehicle,2,"51,693",True,HISPANIC,1.0,MALE,"103,880",15372459
"119,850",1,21.0,1.0,Motorcycle,3,"51,852",True,WHITE,1.0,MALE,"104,193",15378830
"120,020",1,38.0,2.0,Motorcycle,3,"51,939",True,HISPANIC,1.0,MALE,"104,376",15381626
"120,033",1,53.0,1.0,Passenger car,1,"51,947",True,WHITE,2.0,FEMALE,"104,391",15381635
"120,185",1,32.0,1.0,Pedestrian,7,"52,026",True,WHITE,1.0,MALE,"104,552",15381827
"120,221",4,53.0,1.0,Pedestrian,7,"52,049",True,WHITE,1.0,MALE,"104,589",15382117
"120,233",1,57.0,1.0,Bicycle,5,"52,055",True,WHITE,2.0,FEMALE,"104,601",15382127
"120,260",1,53.0,1.0,Motorcycle,3,"52,069",True,WHITE,1.0,MALE,"104,628",15382154
"120,266",1,52.0,3.0,Passenger car,1,"52,072",True,BLACK,2.0,FEMALE,"104,634",15382182
"120,311",4,66.0,1.0,Large passenger vehicle,2,"52,093",True,WHITE,1.0,MALE,"104,681",15382205
"121,142",1,19.0,2.0,Large passenger vehicle,2,"52,517",True,HISPANIC,1.0,MALE,"105,560",15391887
"121,442",1,38.0,2.0,Passenger car,1,"52,672",True,HISPANIC,1.0,MALE,"105,874",15396251
"121,471",1,33.0,1.0,Motorcycle,3,"52,685",True,WHITE,1.0,MALE,"105,903",15396264
"121,510",1,29.0,3.0,Passenger car,1,"52,706",True,BLACK,1.0,MALE,"105,944",15396712
"121,685",1,21.0,1.0,Pedestrian,7,"52,794",True,WHITE,1.0,MALE,"106,136",15396951
"121,712",4,20.0,2.0,Passenger car,1,"52,807",True,HISPANIC,2.0,FEMALE,"106,163",15397011
"121,893",1,25.0,1.0,Bicycle,5,"52,892",True,WHITE,1.0,MALE,"106,350",15397208
"122,290",4,21.0,1.0,Passenger car,1,"53,105",True,WHITE,1.0,MALE,"106,775",15400832
"122,301",4,22.0,1.0,Passenger car,1,"53,111",True,WHITE,1.0,MALE,"106,786",15400838
"122,302",1,49.0,1.0,Passenger car,1,"53,111",True,WHITE,2.0,FEMALE,"106,787",15400838
"122,318",1,59.0,1.0,Pedestrian,7,"53,119",True,WHITE,1.0,MALE,"106,803",15400846
"123,335",1,48.0,3.0,Large passenger vehicle,2,"53,657",True,BLACK,1.0,MALE,"107,888",15411897
"123,401",1,19.0,1.0,Motorcycle,3,"53,686",True,WHITE,1.0,MALE,"107,960",15411953
"123,408",1,23.0,1.0,Motorcycle,3,"53,690",True,WHITE,1.0,MALE,"107,967",15411957
"123,476",1,72.0,1.0,Passenger car,1,"53,728",True,WHITE,2.0,FEMALE,"108,040",15412021
"123,546",1,43.0,3.0,Large passenger vehicle,2,"53,762",True,BLACK,1.0,MALE,"108,112",15412571
"123,684",4,32.0,1.0,Motorcycle,3,"53,833",True,WHITE,2.0,FEMALE,"108,257",15414221
"123,685",4,33.0,1.0,Passenger car,1,"53,834",True,WHITE,1.0,MALE,"108,258",15414222
"124,132",4,34.0,1.0,Bicycle,5,"54,073",True,WHITE,1.0,MALE,"108,728",15418213
"124,601",1,34.0,,Passenger car,1,"54,325",True,,1.0,MALE,"109,230",15426268
"124,620",1,27.0,2.0,Passenger car,1,"54,333",True,HISPANIC,1.0,MALE,"109,249",15426277
"124,681",1,62.0,2.0,Pedestrian,7,"54,364",True,HISPANIC,1.0,MALE,"109,315",15426340
"124,691",4,53.0,5.0,Pedestrian,7,"54,368",True,OTHER,1.0,MALE,"109,325",15426345
"125,120",1,48.0,1.0,Passenger car,1,"54,606",True,WHITE,1.0,MALE,"109,783",15432168
"125,128",1,21.0,2.0,Large passenger vehicle,2,"54,611",True,HISPANIC,2.0,FEMALE,"109,791",15432187
"125,207",1,51.0,1.0,Passenger car,1,"54,653",True,WHITE,1.0,MALE,"109,876",15432326
"125,233",1,49.0,1.0,Passenger car,1,"54,665",True,WHITE,1.0,MALE,"109,903",15432356
"125,253",4,63.0,1.0,Motorcycle,3,"54,674",True,WHITE,1.0,MALE,"109,923",15432418
"125,581",1,33.0,2.0,Passenger car,1,"54,834",True,HISPANIC,2.0,FEMALE,"110,265",15435354
"125,953",1,25.0,2.0,Pedestrian,7,"55,032",True,HISPANIC,1.0,MALE,"110,658",15441585
"126,209",1,25.0,3.0,Passenger car,1,"55,167",True,BLACK,2.0,FEMALE,"110,930",15446019
"126,221",1,29.0,3.0,Passenger car,1,"55,174",True,BLACK,2.0,FEMALE,"110,943",15446072
"126,240",1,38.0,3.0,Bicycle,5,"55,184",True,BLACK,2.0,FEMALE,"110,962",15446082
"126,242",1,38.0,2.0,Large passenger vehicle,2,"55,185",True,HISPANIC,1.0,MALE,"110,964",15446083
"126,327",1,51.0,0.0,Passenger car,1,"55,233",True,UNKNOWN,1.0,MALE,"111,063",15446244
"126,374",1,29.0,1.0,Pedestrian,7,"55,257",True,WHITE,1.0,MALE,"111,111",15446326
"126,420",1,27.0,2.0,Large passenger vehicle,2,"55,276",True,HISPANIC,1.0,MALE,"111,159",15446346
"126,422",4,61.0,3.0,Pedestrian,7,"55,277",True,BLACK,1.0,MALE,"111,161",15446399
"126,555",1,32.0,1.0,Passenger car,1,"55,341",True,WHITE,1.0,MALE,"111,300",15446528
"126,607",1,18.0,2.0,Large passenger vehicle,2,"55,370",True,HISPANIC,1.0,MALE,"111,357",15446605
"126,674",1,29.0,2.0,Large passenger vehicle,2,"55,406",True,HISPANIC,1.0,MALE,"111,430",15446702
"126,857",1,22.0,1.0,Motorcycle,3,"55,506",True,WHITE,1.0,MALE,"111,635",15448831
"126,870",1,19.0,2.0,Passenger car,1,"55,512",True,HISPANIC,2.0,FEMALE,"111,648",15448838
"127,383",1,31.0,1.0,Bicycle,5,"55,788",True,WHITE,1.0,MALE,"112,187",15456998
"127,445",4,39.0,1.0,Motorcycle,3,"55,821",True,WHITE,1.0,MALE,"112,250",15457782
"127,665",4,40.0,1.0,Pedestrian,7,"55,941",True,WHITE,2.0,FEMALE,"112,486",15461739
"127,800",1,75.0,2.0,Large passenger vehicle,2,"56,007",True,HISPANIC,1.0,MALE,"112,627",15461931
"127,888",1,49.0,2.0,Large passenger vehicle,2,"56,052",True,HISPANIC,2.0,FEMALE,"112,722",15462316
"127,891",1,28.0,2.0,Passenger car,1,"56,054",True,HISPANIC,1.0,MALE,"112,727",15462318
"128,171",1,23.0,2.0,Large passenger vehicle,2,"56,196",True,HISPANIC,1.0,MALE,"113,027",15464553
"128,178",4,22.0,1.0,Passenger car,1,"56,201",True,WHITE,1.0,MALE,"113,034",15464558
"128,224",1,34.0,2.0,Large passenger vehicle,2,"56,228",True,HISPANIC,2.0,FEMALE,"113,086",15464599
"128,225",1,33.0,2.0,Motorcycle,3,"56,229",True,HISPANIC,1.0,MALE,"113,087",15464600
"129,040",4,69.0,3.0,Pedestrian,7,"56,679",True,BLACK,1.0,MALE,"113,955",15474023
"129,219",1,20.0,2.0,Pedestrian,7,"56,773",True,HISPANIC,1.0,MALE,"114,142",15476362
"129,254",1,36.0,1.0,Motorcycle,3,"56,789",True,WHITE,1.0,MALE,"114,178",15476412
"129,266",1,64.0,1.0,Passenger car,1,"56,796",True,WHITE,2.0,FEMALE,"114,190",15476419
"129,363",1,25.0,3.0,Pedestrian,7,"56,846",True,BLACK,1.0,MALE,"114,290",15476522
"129,696",1,79.0,1.0,Passenger car,1,"57,037",True,WHITE,2.0,FEMALE,"114,645",15480340
"129,752",4,31.0,2.0,Large passenger vehicle,2,"57,064",True,HISPANIC,1.0,MALE,"114,704",15480638
"129,799",1,21.0,2.0,Passenger car,1,"57,087",True,HISPANIC,2.0,FEMALE,"114,754",15480680
"129,826",1,23.0,3.0,Passenger car,1,"57,102",True,BLACK,1.0,MALE,"114,784",15480704
"129,840",1,21.0,2.0,Large passenger vehicle,2,"57,110",True,HISPANIC,1.0,MALE,"114,802",15480713
"129,875",1,47.0,1.0,Passenger car,1,"57,129",True,WHITE,1.0,MALE,"114,841",15480742
"129,877",1,25.0,1.0,Passenger car,1,"57,130",True,WHITE,2.0,FEMALE,"114,843",15480743
"130,110",1,69.0,1.0,Passenger car,1,"57,260",True,WHITE,1.0,MALE,"115,086",15483755
"130,314",4,38.0,1.0,Pedestrian,7,"57,367",True,WHITE,2.0,FEMALE,"115,300",15484728
"130,673",1,50.0,1.0,Motorcycle,3,"57,551",True,WHITE,1.0,MALE,"115,675",15489478
"130,729",1,26.0,1.0,Motorcycle,3,"57,579",True,WHITE,1.0,MALE,"115,731",15489515
"130,759",1,26.0,3.0,Large passenger vehicle,2,"57,591",True,BLACK,2.0,FEMALE,"115,762",15489527
"130,857",1,29.0,1.0,Pedestrian,7,"57,640",True,WHITE,1.0,MALE,"115,863",15489627
"130,994",1,33.0,1.0,Passenger car,1,"57,719",True,WHITE,2.0,FEMALE,"116,004",15491412
"131,222",1,30.0,1.0,Pedestrian,7,"57,839",True,WHITE,1.0,MALE,"116,255",15493394
"131,250",1,23.0,1.0,Passenger car,1,"57,853",True,WHITE,1.0,MALE,"116,286",15493408
"131,489",1,61.0,1.0,Motorcycle,3,"57,979",True,WHITE,1.0,MALE,"116,538",15497298
"131,552",1,25.0,3.0,Bicycle,5,"58,015",True,BLACK,1.0,MALE,"116,609",15498904
"131,586",4,49.0,1.0,Pedestrian,7,"58,034",True,WHITE,1.0,MALE,"116,646",15498966
"131,697",1,54.0,2.0,Bicycle,5,"58,096",True,HISPANIC,1.0,MALE,"116,766",15499141
"131,890",1,66.0,1.0,Passenger car,1,"58,202",True,WHITE,2.0,FEMALE,"116,974",15499633
"132,062",1,58.0,2.0,Bicycle,5,"58,293",True,HISPANIC,1.0,MALE,"117,156",15502616
"132,081",1,27.0,2.0,Passenger car,1,"58,304",True,HISPANIC,1.0,MALE,"117,177",15502628
"132,158",4,36.0,1.0,Passenger car,1,"58,342",True,WHITE,1.0,MALE,"117,261",15502734
"132,169",4,53.0,1.0,Pedestrian,7,"58,347",True,WHITE,1.0,MALE,"117,273",15502739
"132,526",1,27.0,,Large passenger vehicle,2,"58,549",True,,1.0,MALE,"117,647",15508891
"132,619",1,50.0,2.0,Large passenger vehicle,2,"58,595",True,HISPANIC,1.0,MALE,"117,744",15509035
"132,670",1,31.0,3.0,Passenger car,1,"58,619",True,BLACK,1.0,MALE,"117,798",15509088
"132,734",1,27.0,3.0,Passenger car,1,"58,654",True,BLACK,1.0,MALE,"117,864",15509142
"132,754",1,,2.0,Pedestrian,7,"58,666",True,HISPANIC,1.0,MALE,"117,884",15509183
"132,791",1,20.0,2.0,Large passenger vehicle,2,"58,683",True,HISPANIC,1.0,MALE,"117,923",15509200
"132,848",1,40.0,2.0,Passenger car,1,"58,715",True,HISPANIC,1.0,MALE,"117,983",15509285
"132,857",1,,3.0,Pedestrian,7,"58,720",True,BLACK,1.0,MALE,"117,992",15509290
"132,952",4,46.0,1.0,Pedestrian,7,"58,773",True,WHITE,1.0,MALE,"118,092",15511421
"132,956",4,25.0,0.0,Pedestrian,7,"58,774",True,UNKNOWN,2.0,FEMALE,"118,096",15511440
"133,003",1,21.0,3.0,Pedestrian,7,"58,804",True,BLACK,1.0,MALE,"118,147",15512702
"133,102",1,47.0,2.0,Passenger car,1,"58,856",True,HISPANIC,1.0,MALE,"118,251",15512832
"133,105",1,37.0,1.0,Large passenger vehicle,2,"58,857",True,WHITE,1.0,MALE,"118,254",15512833
"133,122",1,42.0,3.0,Pedestrian,7,"58,867",True,BLACK,2.0,FEMALE,"118,273",15512843
"133,125",1,34.0,3.0,Passenger car,1,"58,869",True,BLACK,1.0,MALE,"118,276",15512845
"133,153",1,38.0,1.0,Motorcycle,3,"58,883",True,WHITE,1.0,MALE,"118,308",15512882
"133,329",1,31.0,1.0,Large passenger vehicle,2,"58,978",True,WHITE,1.0,MALE,"118,495",15514307
"133,583",1,80.0,1.0,Passenger car,1,"59,109",True,WHITE,2.0,FEMALE,"118,770",15519155
"133,584",1,19.0,1.0,Large passenger vehicle,2,"59,109",True,WHITE,2.0,FEMALE,"118,771",15519155
"133,618",1,33.0,2.0,Large passenger vehicle,2,"59,127",True,HISPANIC,2.0,FEMALE,"118,807",15519228
"133,628",4,52.0,1.0,Pedestrian,7,"59,132",True,WHITE,1.0,MALE,"118,817",15519580
"133,679",1,65.0,2.0,Large passenger vehicle,2,"59,157",True,HISPANIC,2.0,FEMALE,"118,873",15521857
"133,733",1,20.0,1.0,Passenger car,1,"59,187",True,WHITE,2.0,FEMALE,"118,934",15522985
"134,066",1,56.0,2.0,Motorcycle,3,"59,371",True,HISPANIC,1.0,MALE,"119,287",15532686
"134,100",1,49.0,1.0,Pedestrian,7,"59,389",True,WHITE,1.0,MALE,"119,322",15534461
"134,212",1,42.0,1.0,Passenger car,1,"59,454",True,WHITE,1.0,MALE,"119,446",15541139
"134,349",1,67.0,2.0,Pedestrian,7,"59,528",True,HISPANIC,2.0,FEMALE,"119,589",15551224
"134,357",1,63.0,1.0,Bicycle,5,"59,531",True,WHITE,1.0,MALE,"119,597",15551227
"134,358",4,29.0,2.0,Passenger car,1,"59,532",True,HISPANIC,2.0,FEMALE,"119,598",15551497
"134,377",1,50.0,1.0,Motor vehicle – other,4,"59,542",True,WHITE,1.0,MALE,"119,618",15551813
"134,436",1,30.0,2.0,Large passenger vehicle,2,"59,572",True,HISPANIC,1.0,MALE,"119,679",15562290
"134,460",1,66.0,1.0,Pedestrian,7,"59,584",True,WHITE,2.0,FEMALE,"119,707",15570047
"134,520",4,57.0,1.0,Pedestrian,7,"59,612",True,WHITE,1.0,MALE,"119,768",15577380
"134,632",1,51.0,1.0,Motorcycle,3,"59,672",True,WHITE,1.0,MALE,"119,889",15590114
"134,826",1,37.0,1.0,Motorcycle,3,"59,783",True,WHITE,1.0,MALE,"120,103",15942268
"134,874",1,51.0,2.0,Passenger car,1,"59,812",True,HISPANIC,1.0,MALE,"120,155",16221047
"135,661",1,3.0,2.0,Passenger car,1,"28,238",False,HISPANIC,1.0,MALE,"56,361",14867741
"135,662",1,5.0,2.0,Passenger car,1,"28,238",False,HISPANIC,1.0,MALE,"56,361",14867741
"135,663",1,27.0,2.0,Large passenger vehicle,2,"28,238",False,HISPANIC,1.0,MALE,"56,362",14867741
"135,859",1,42.0,1.0,Motorcycle,3,"28,547",False,WHITE,2.0,FEMALE,"57,008",14872559
"136,441",1,73.0,1.0,Large passenger vehicle,2,"29,391",False,WHITE,2.0,FEMALE,"58,737",14889928
"136,469",1,12.0,1.0,Motorcycle,3,"29,416",False,WHITE,2.0,FEMALE,"58,792",14889983
"136,856",1,32.0,1.0,Passenger car,1,"30,070",False,WHITE,2.0,FEMALE,"60,138",14902773
"136,885",1,24.0,2.0,Passenger car,1,"30,108",False,HISPANIC,1.0,MALE,"60,218",14903543
"137,084",1,33.0,1.0,Passenger car,1,"30,381",False,WHITE,1.0,MALE,"60,789",14909317
"137,376",4,31.0,1.0,Large passenger vehicle,2,"30,770",False,WHITE,2.0,FEMALE,"61,592",14917712
"137,499",1,55.0,,Motor vehicle – other,4,"30,907",False,,1.0,MALE,"61,872",14919771
"137,500",1,58.0,,Motor vehicle – other,4,"30,907",False,,2.0,FEMALE,"61,872",14919771
"137,501",1,33.0,3.0,Motor vehicle – other,4,"30,907",False,BLACK,1.0,MALE,"61,872",14919771
"137,502",1,64.0,3.0,Motor vehicle – other,4,"30,907",False,BLACK,2.0,FEMALE,"61,872",14919771
"137,970",1,34.0,4.0,Motorcycle,3,"31,584",False,ASIAN,2.0,FEMALE,"63,263",14932694
"138,148",1,8.0,1.0,Passenger car,1,"31,852",False,WHITE,1.0,MALE,"63,793",14941778
"138,691",1,8.0,2.0,Large passenger vehicle,2,"32,614",False,HISPANIC,1.0,MALE,"65,351",14956601
"139,841",1,62.0,1.0,Passenger car,1,"34,089",False,WHITE,2.0,FEMALE,"68,301",14987551
"140,205",1,65.0,2.0,Motor vehicle – other,4,"34,558",False,HISPANIC,1.0,MALE,"69,252",14998223
"140,276",1,23.0,1.0,Passenger car,1,"34,687",False,WHITE,2.0,FEMALE,"69,516",15000234
"140,302",1,49.0,2.0,Passenger car,1,"34,724",False,HISPANIC,2.0,FEMALE,"69,585",15001137
"140,762",1,25.0,1.0,Passenger car,1,"35,340",False,WHITE,1.0,MALE,"70,836",15015699
"140,766",4,20.0,2.0,Passenger car,1,"35,345",False,HISPANIC,1.0,MALE,"70,847",15015704
"141,581",1,23.0,1.0,Passenger car,1,"36,370",False,WHITE,2.0,FEMALE,"72,874",15036693
"141,795",1,57.0,4.0,Motorcycle,3,"36,635",False,ASIAN,2.0,FEMALE,"73,400",15043473
"141,918",1,21.0,3.0,Motor vehicle – other,4,"36,794",False,BLACK,1.0,MALE,"73,724",15046540
"142,275",1,2.0,2.0,Large passenger vehicle,2,"37,196",False,HISPANIC,1.0,MALE,"74,529",15053997
"142,366",1,42.0,1.0,Large passenger vehicle,2,"37,314",False,WHITE,2.0,FEMALE,"74,780",15067821
"142,680",1,58.0,2.0,Passenger car,1,"37,743",False,HISPANIC,1.0,MALE,"75,617",15080128
"142,875",1,67.0,1.0,Passenger car,1,"38,110",False,WHITE,2.0,FEMALE,"76,355",15088776
"142,963",1,15.0,1.0,Passenger car,1,"38,213",False,WHITE,2.0,FEMALE,"76,568",15092504
"143,110",1,39.0,2.0,Passenger car,1,"38,418",False,HISPANIC,2.0,FEMALE,"76,990",15096060
"143,158",1,29.0,2.0,Large passenger vehicle,2,"38,478",False,HISPANIC,1.0,MALE,"77,106",15097947
"143,159",1,35.0,2.0,Large passenger vehicle,2,"38,478",False,HISPANIC,1.0,MALE,"77,106",15097947
"143,178",1,5.0,2.0,Passenger car,1,"38,505",False,HISPANIC,2.0,FEMALE,"77,164",15098031
"143,525",1,53.0,3.0,Passenger car,1,"38,851",False,BLACK,2.0,FEMALE,"77,873",15105148
"143,903",1,17.0,2.0,Passenger car,1,"39,436",False,HISPANIC,2.0,FEMALE,"79,044",15117707
"143,904",1,3.0,2.0,Passenger car,1,"39,436",False,HISPANIC,1.0,MALE,"79,044",15117707
"143,905",1,1.0,2.0,Passenger car,1,"39,436",False,HISPANIC,1.0,MALE,"79,044",15117707
"144,159",1,63.0,2.0,Passenger car,1,"39,826",False,HISPANIC,2.0,FEMALE,"79,818",15129006
"144,218",1,70.0,1.0,Large passenger vehicle,2,"39,931",False,WHITE,2.0,FEMALE,"80,027",15129335
"144,227",4,95.0,1.0,Passenger car,1,"39,948",False,WHITE,2.0,FEMALE,"80,059",15129369
"144,317",1,26.0,3.0,Passenger car,1,"40,062",False,BLACK,1.0,MALE,"80,281",15131438
"144,320",1,33.0,2.0,Passenger car,1,"40,070",False,HISPANIC,2.0,FEMALE,"80,294",15131472
"144,330",1,56.0,1.0,Passenger car,1,"40,089",False,WHITE,2.0,FEMALE,"80,330",15131492
"144,416",1,23.0,2.0,Passenger car,1,"40,251",False,HISPANIC,2.0,FEMALE,"80,657",15135248
"144,816",1,36.0,2.0,Passenger car,1,"40,704",False,HISPANIC,2.0,FEMALE,"81,570",15145575
"144,848",1,29.0,2.0,Passenger car,1,"40,759",False,HISPANIC,2.0,FEMALE,"81,683",15147332
"144,911",1,18.0,1.0,Large passenger vehicle,2,"40,853",False,WHITE,1.0,MALE,"81,880",15149487
"144,920",1,31.0,2.0,Passenger car,1,"40,864",False,HISPANIC,2.0,FEMALE,"81,903",15149503
"145,341",1,46.0,3.0,Passenger car,1,"41,471",False,BLACK,2.0,FEMALE,"83,093",15162175
"145,553",1,31.0,1.0,Passenger car,1,"41,700",False,WHITE,2.0,FEMALE,"83,571",15169190
"145,788",1,65.0,2.0,Large passenger vehicle,2,"41,976",False,HISPANIC,2.0,FEMALE,"84,129",15172814
"145,802",1,17.0,1.0,Passenger car,1,"41,997",False,WHITE,2.0,FEMALE,"84,172",15172881
"146,091",1,29.0,4.0,Passenger car,1,"42,323",False,ASIAN,2.0,FEMALE,"84,817",15178705
"146,362",1,14.0,2.0,Large passenger vehicle,2,"42,665",False,HISPANIC,1.0,MALE,"85,520",15187326
"146,400",1,22.0,2.0,Large passenger vehicle,2,"42,718",False,HISPANIC,1.0,MALE,"85,633",15187862
"146,601",1,28.0,2.0,Large passenger vehicle,2,"42,932",False,HISPANIC,1.0,MALE,"86,075",15191261
"146,622",1,3.0,2.0,Passenger car,1,"42,943",False,HISPANIC,1.0,MALE,"86,094",15191348
"147,024",1,4.0,2.0,Large passenger vehicle,2,"43,502",False,HISPANIC,2.0,FEMALE,"87,247",15204361
"147,154",1,25.0,2.0,Large passenger vehicle,2,"43,660",False,HISPANIC,2.0,FEMALE,"87,561",15206727
"147,518",1,61.0,1.0,Passenger car,1,"44,141",False,WHITE,2.0,FEMALE,"88,525",15218187
"147,881",4,5.0,4.0,Passenger car,1,"44,549",False,ASIAN,1.0,MALE,"89,384",15226278
"148,115",1,16.0,2.0,Passenger car,1,"44,823",False,HISPANIC,1.0,MALE,"89,949",15230283
"148,218",1,0.0,1.0,Passenger car,1,"44,952",False,WHITE,2.0,FEMALE,"90,204",15234591
"149,055",1,54.0,2.0,Large passenger vehicle,2,"46,014",False,HISPANIC,2.0,FEMALE,"92,354",15260057
"149,079",1,29.0,2.0,Passenger car,1,"46,042",False,HISPANIC,2.0,FEMALE,"92,420",15260138
"149,839",1,64.0,3.0,Passenger car,1,"47,016",False,BLACK,1.0,MALE,"94,369",15277565
"149,856",4,17.0,2.0,Large passenger vehicle,2,"47,038",False,HISPANIC,2.0,FEMALE,"94,416",15277616
"149,993",4,88.0,1.0,Passenger car,1,"47,229",False,WHITE,1.0,MALE,"94,764",15281602
"150,245",1,25.0,2.0,Passenger car,1,"47,618",False,HISPANIC,1.0,MALE,"95,557",15288738
"150,354",1,85.0,1.0,Passenger car,1,"47,706",False,WHITE,2.0,FEMALE,"95,736",15291774
"150,869",1,50.0,,Passenger car,1,"48,376",False,,2.0,FEMALE,"97,110",15305318
"151,016",1,24.0,2.0,Passenger car,1,"48,556",False,HISPANIC,1.0,MALE,"97,469",15309318
"151,154",1,22.0,2.0,Passenger car,1,"48,715",False,HISPANIC,2.0,FEMALE,"97,792",15313079
"151,203",1,49.0,2.0,Large passenger vehicle,2,"48,778",False,HISPANIC,1.0,MALE,"97,917",15313228
"151,320",1,20.0,2.0,Large passenger vehicle,2,"48,917",False,HISPANIC,1.0,MALE,"98,213",15316573
"151,586",1,42.0,2.0,Passenger car,1,"49,342",False,HISPANIC,2.0,FEMALE,"99,092",15326406
"152,162",1,41.0,2.0,Large passenger vehicle,2,"50,087",False,HISPANIC,2.0,FEMALE,"100,590",15340301
"152,358",1,16.0,4.0,Passenger car,1,"50,372",False,ASIAN,2.0,FEMALE,"101,181",15346586
"152,633",1,73.0,2.0,Large passenger vehicle,2,"50,790",False,HISPANIC,2.0,FEMALE,"102,016",15355503
"152,634",1,50.0,3.0,Passenger car,1,"50,795",False,BLACK,1.0,MALE,"102,023",15355509
"152,827",1,23.0,2.0,Large passenger vehicle,2,"51,073",False,HISPANIC,1.0,MALE,"102,592",15361231
"152,997",1,36.0,2.0,Large passenger vehicle,2,"51,305",False,HISPANIC,2.0,FEMALE,"103,071",15365857
"153,580",1,59.0,1.0,Large passenger vehicle,2,"52,082",False,WHITE,2.0,FEMALE,"104,656",15382194
"153,581",1,57.0,1.0,Large passenger vehicle,2,"52,082",False,WHITE,1.0,MALE,"104,656",15382194
"153,589",1,65.0,1.0,Large passenger vehicle,2,"52,093",False,WHITE,2.0,FEMALE,"104,681",15382205
"154,005",1,22.0,2.0,Large passenger vehicle,2,"52,653",False,HISPANIC,2.0,FEMALE,"105,832",15396193
"154,257",1,18.0,2.0,Passenger car,1,"52,940",False,HISPANIC,2.0,FEMALE,"106,446",15397291
"154,476",1,22.0,1.0,Passenger car,1,"53,111",False,WHITE,1.0,MALE,"106,786",15400838
"154,794",1,62.0,1.0,Passenger car,1,"53,530",False,WHITE,2.0,FEMALE,"107,629",15409437
"154,942",1,22.0,3.0,Large passenger vehicle,2,"53,762",False,BLACK,2.0,FEMALE,"108,112",15412571
"155,549",1,32.0,3.0,Passenger car,1,"54,719",False,BLACK,2.0,FEMALE,"110,017",15432498
"156,504",1,47.0,3.0,Passenger car,1,"55,920",False,BLACK,1.0,MALE,"112,444",15461678
"156,575",1,19.0,2.0,Passenger car,1,"56,054",False,HISPANIC,2.0,FEMALE,"112,727",15462318
"156,669",1,44.0,1.0,Passenger car,1,"56,177",False,WHITE,2.0,FEMALE,"112,986",15464502
"156,956",1,9.0,3.0,Passenger car,1,"56,539",False,BLACK,1.0,MALE,"113,701",15470841
"156,957",1,11.0,3.0,Passenger car,1,"56,539",False,BLACK,2.0,FEMALE,"113,701",15470841
"156,958",1,6.0,3.0,Passenger car,1,"56,539",False,BLACK,1.0,MALE,"113,701",15470841
"157,302",1,42.0,2.0,Passenger car,1,"57,087",False,HISPANIC,2.0,FEMALE,"114,754",15480680
"157,506",1,31.0,2.0,Passenger car,1,"57,400",False,HISPANIC,2.0,FEMALE,"115,366",15484805
"157,743",1,51.0,3.0,Passenger car,1,"57,740",False,BLACK,2.0,FEMALE,"116,054",15491479
"157,944",1,25.0,2.0,Passenger car,1,"58,066",False,HISPANIC,1.0,MALE,"116,704",15499065
"158,534",4,17.0,1.0,Passenger car,1,"58,766",False,WHITE,1.0,MALE,"118,078",15510999
"158,704",1,55.0,1.0,Large passenger vehicle,2,"58,996",False,WHITE,2.0,FEMALE,"118,532",15514326
"158,984",1,47.0,2.0,Motorcycle,3,"59,371",False,HISPANIC,2.0,FEMALE,"119,287",15532686
"158,991",1,72.0,1.0,Passenger car,1,"59,376",False,WHITE,2.0,FEMALE,"119,297",15532691
"159,078",4,1.0,2.0,Passenger car,1,"59,532",False,HISPANIC,2.0,FEMALE,"119,598",15551497
"159,330",1,39.0,1.0,Bicycle,5,"59,930",True,WHITE,2.0,FEMALE,"120,369",15519236
"159,664",1,49.0,1.0,Large passenger vehicle,2,"60,106",True,WHITE,2.0,FEMALE,"120,738",15523115
"159,762",4,22.0,1.0,Passenger car,1,"60,161",True,WHITE,1.0,MALE,"120,844",15524504
"159,813",1,48.0,3.0,Passenger car,1,"60,189",True,BLACK,1.0,MALE,"120,897",15524551
"159,958",1,51.0,3.0,Large passenger vehicle,2,"60,277",True,BLACK,1.0,MALE,"121,059",15528213
"160,094",1,20.0,0.0,Passenger car,1,"60,350",True,UNKNOWN,1.0,MALE,"121,204",15528396
"160,096",1,47.0,1.0,Motor vehicle – other,4,"60,350",True,WHITE,2.0,FEMALE,"121,206",15528396
"160,224",1,62.0,2.0,Motorcycle,3,"60,420",True,HISPANIC,1.0,MALE,"121,347",15531239
"160,270",1,29.0,2.0,Passenger car,1,"60,444",True,HISPANIC,2.0,FEMALE,"121,395",15531266
"160,272",1,69.0,1.0,Bicycle,5,"60,445",True,WHITE,1.0,MALE,"121,397",15531267
"160,413",1,31.0,4.0,Passenger car,1,"60,523",True,ASIAN,1.0,MALE,"121,548",15532651
"160,422",1,41.0,2.0,Passenger car,1,"60,526",True,HISPANIC,2.0,FEMALE,"121,557",15532685
"160,456",4,24.0,0.0,Pedestrian,7,"60,542",True,UNKNOWN,1.0,MALE,"121,592",15532743
"160,551",4,61.0,1.0,Bicycle,5,"60,592",True,WHITE,1.0,MALE,"121,698",15534469
"160,580",1,49.0,3.0,Passenger car,1,"60,606",True,BLACK,2.0,FEMALE,"121,728",15534483
"160,588",1,54.0,1.0,Pedestrian,7,"60,610",True,WHITE,2.0,FEMALE,"121,736",15534497
"160,599",1,30.0,1.0,Passenger car,1,"60,614",True,WHITE,2.0,FEMALE,"121,747",15534503
"160,758",1,41.0,1.0,Motorcycle,3,"60,696",True,WHITE,1.0,MALE,"121,909",15536472
"161,062",1,24.0,2.0,Passenger car,1,"60,866",True,HISPANIC,2.0,FEMALE,"122,232",15540815
"161,175",1,32.0,1.0,Pedestrian,7,"60,923",True,WHITE,1.0,MALE,"122,349",15541160
"161,209",1,48.0,1.0,Passenger car,1,"60,942",True,WHITE,2.0,FEMALE,"122,383",15541190
"161,460",1,56.0,1.0,Large passenger vehicle,2,"61,079",True,WHITE,2.0,FEMALE,"122,647",15543516
"161,673",1,64.0,2.0,Pedestrian,7,"61,196",True,HISPANIC,1.0,MALE,"122,875",15545501
"161,917",1,58.0,4.0,Pedestrian,7,"61,333",True,ASIAN,1.0,MALE,"123,139",15547816
"162,062",1,45.0,0.0,Large passenger vehicle,2,"61,416",True,UNKNOWN,1.0,MALE,"123,294",15551229
"162,129",1,35.0,1.0,Motorcycle,3,"61,448",True,WHITE,1.0,MALE,"123,364",15551293
"162,136",1,49.0,1.0,Pedestrian,7,"61,451",True,WHITE,2.0,FEMALE,"123,371",15551296
"162,186",1,30.0,2.0,Passenger car,1,"61,479",True,HISPANIC,2.0,FEMALE,"123,426",15551354
"162,188",1,49.0,3.0,Pedestrian,7,"61,480",True,BLACK,1.0,MALE,"123,428",15551355
"162,420",1,50.0,1.0,Bicycle,5,"61,607",True,WHITE,1.0,MALE,"123,677",15554146
"162,422",1,29.0,2.0,Large passenger vehicle,2,"61,608",True,HISPANIC,1.0,MALE,"123,679",15554147
"162,749",1,34.0,1.0,Bicycle,5,"61,776",True,WHITE,1.0,MALE,"124,028",15557069
"162,892",1,40.0,1.0,Motorcycle,3,"61,851",True,WHITE,1.0,MALE,"124,183",15558955
"163,122",1,30.0,1.0,Large passenger vehicle,2,"61,972",True,WHITE,1.0,MALE,"124,424",15561865
"163,169",1,29.0,2.0,Passenger car,1,"61,995",True,HISPANIC,2.0,FEMALE,"124,472",15562304
"163,470",1,27.0,1.0,Large passenger vehicle,2,"62,151",True,WHITE,2.0,FEMALE,"124,788",15564707
"163,857",1,21.0,3.0,Passenger car,1,"62,359",True,BLACK,1.0,MALE,"125,202",15569637
"163,892",1,28.0,1.0,Motorcycle,3,"62,375",True,WHITE,2.0,FEMALE,"125,239",15570028
"163,967",1,57.0,1.0,Pedestrian,7,"62,414",True,WHITE,1.0,MALE,"125,323",15570111
"164,103",1,48.0,2.0,Bicycle,5,"62,483",True,HISPANIC,1.0,MALE,"125,467",15570267
"164,233",4,21.0,2.0,Large passenger vehicle,2,"62,557",True,HISPANIC,2.0,FEMALE,"125,606",15572836
"164,276",1,12.0,2.0,Bicycle,5,"62,581",True,HISPANIC,2.0,FEMALE,"125,652",15572960
"164,326",1,40.0,3.0,Passenger car,1,"62,609",True,BLACK,2.0,FEMALE,"125,708",15573247
"164,723",1,35.0,2.0,Passenger car,1,"62,820",True,HISPANIC,1.0,MALE,"126,126",15576307
"164,724",1,27.0,1.0,Passenger car,1,"62,820",True,WHITE,2.0,FEMALE,"126,127",15576307
"164,853",1,24.0,1.0,Passenger car,1,"62,890",True,WHITE,1.0,MALE,"126,274",15578068
"164,943",1,34.0,2.0,Large passenger vehicle,2,"62,933",True,HISPANIC,2.0,FEMALE,"126,364",15578259
"165,464",1,66.0,1.0,Pedestrian,7,"63,200",True,WHITE,2.0,FEMALE,"126,909",15585306
"165,465",1,27.0,2.0,Pedestrian,7,"63,200",True,HISPANIC,1.0,MALE,"126,910",15585306
"165,481",4,26.0,0.0,Large passenger vehicle,2,"63,211",True,UNKNOWN,1.0,MALE,"126,929",15585376
"165,630",1,38.0,1.0,Motorcycle,3,"63,287",True,WHITE,1.0,MALE,"127,086",15585694
"165,786",4,22.0,1.0,Large passenger vehicle,2,"63,366",True,WHITE,2.0,FEMALE,"127,246",15588720
"166,338",4,27.0,2.0,Passenger car,1,"63,650",True,HISPANIC,2.0,FEMALE,"127,825",15593921
"166,570",1,24.0,2.0,Motorcycle,3,"63,771",True,HISPANIC,1.0,MALE,"128,075",15597804
"166,654",1,27.0,2.0,Large passenger vehicle,2,"63,814",True,HISPANIC,1.0,MALE,"128,161",15597897
"166,675",1,24.0,1.0,Passenger car,1,"63,825",True,WHITE,1.0,MALE,"128,182",15597938
"166,722",1,21.0,2.0,Passenger car,1,"63,847",True,HISPANIC,1.0,MALE,"128,230",15598028
"166,767",4,56.0,5.0,Passenger car,1,"63,870",True,OTHER,2.0,FEMALE,"128,276",15598198
"167,255",1,26.0,1.0,Large passenger vehicle,2,"64,114",True,WHITE,2.0,FEMALE,"128,788",15604721
"167,390",4,38.0,0.0,Motorcycle,3,"64,176",True,UNKNOWN,0.0,UNKNOWN,"128,926",15604837
"167,406",1,25.0,2.0,Passenger car,1,"64,185",True,HISPANIC,1.0,MALE,"128,943",15604877
"167,407",1,39.0,2.0,Large passenger vehicle,2,"64,185",True,HISPANIC,1.0,MALE,"128,944",15604877
"167,435",1,65.0,1.0,Passenger car,1,"64,199",True,WHITE,1.0,MALE,"128,972",15604891
"167,650",1,44.0,1.0,Passenger car,1,"64,317",True,WHITE,2.0,FEMALE,"129,198",15609314
"167,754",1,52.0,1.0,Motorcycle,3,"64,364",True,WHITE,1.0,MALE,"129,303",15609459
"167,810",1,28.0,1.0,Passenger car,1,"64,388",True,WHITE,2.0,FEMALE,"129,361",15609547
"167,818",1,49.0,2.0,Motorcycle,3,"64,392",True,HISPANIC,1.0,MALE,"129,370",15609551
"167,930",1,64.0,1.0,Passenger car,1,"64,457",True,WHITE,1.0,MALE,"129,491",15609972
"167,942",1,62.0,2.0,Passenger car,1,"64,462",True,HISPANIC,1.0,MALE,"129,503",15610085
"168,213",1,21.0,2.0,Bicycle,5,"64,608",True,HISPANIC,2.0,FEMALE,"129,780",15613607
"168,245",1,29.0,1.0,Bicycle,5,"64,625",True,WHITE,2.0,FEMALE,"129,814",15613625
"168,367",1,78.0,1.0,Passenger car,1,"64,695",True,WHITE,1.0,MALE,"129,943",15616949
"168,465",1,52.0,2.0,Pedestrian,7,"64,749",True,HISPANIC,2.0,FEMALE,"130,050",15618025
"168,476",1,35.0,1.0,Bicycle,5,"64,754",True,WHITE,2.0,FEMALE,"130,061",15618030
"168,528",1,29.0,2.0,Motorcycle,3,"64,779",True,HISPANIC,1.0,MALE,"130,114",15618090
"168,532",1,34.0,1.0,Pedestrian,7,"64,781",True,WHITE,1.0,MALE,"130,118",15618092
"168,587",1,30.0,1.0,Motorcycle,3,"64,811",True,WHITE,2.0,FEMALE,"130,180",15618152
"168,978",1,31.0,1.0,Passenger car,1,"65,022",True,WHITE,1.0,MALE,"130,597",15623391
"169,092",1,69.0,1.0,Large passenger vehicle,2,"65,082",True,WHITE,2.0,FEMALE,"130,712",15623552
"169,169",1,45.0,1.0,Passenger car,1,"65,122",True,WHITE,2.0,FEMALE,"130,790",15623669
"169,357",1,21.0,4.0,Pedestrian,7,"65,220",True,ASIAN,1.0,MALE,"130,992",15625436
"169,668",1,30.0,3.0,Large passenger vehicle,2,"65,385",True,BLACK,1.0,MALE,"131,318",15635473
"169,679",1,67.0,1.0,Passenger car,1,"65,391",True,WHITE,2.0,FEMALE,"131,329",15635479
"169,927",1,31.0,1.0,Pedestrian,7,"65,527",True,WHITE,2.0,FEMALE,"131,600",15637657
"170,216",1,53.0,1.0,Passenger car,1,"65,686",True,WHITE,1.0,MALE,"131,907",15643692
"170,383",4,59.0,2.0,Pedestrian,7,"65,776",True,HISPANIC,1.0,MALE,"132,088",15643945
"170,675",4,37.0,2.0,Passenger car,1,"65,931",True,HISPANIC,1.0,MALE,"132,395",15646104
"170,866",1,37.0,1.0,Large passenger vehicle,2,"66,032",True,WHITE,2.0,FEMALE,"132,602",15647397
"170,867",1,29.0,2.0,Large passenger vehicle,2,"66,032",True,HISPANIC,1.0,MALE,"132,603",15647397
"171,128",4,53.0,3.0,Bicycle,5,"66,173",True,BLACK,1.0,MALE,"132,885",15650107
"171,254",1,29.0,1.0,Passenger car,1,"66,236",True,WHITE,1.0,MALE,"133,015",15651715
"171,425",1,27.0,2.0,Large passenger vehicle,2,"66,326",True,HISPANIC,1.0,MALE,"133,198",15653889
"171,459",1,38.0,1.0,Pedestrian,7,"66,344",True,WHITE,1.0,MALE,"133,235",15653932
"171,547",1,63.0,1.0,Passenger car,1,"66,392",True,WHITE,2.0,FEMALE,"133,331",15654041
"171,695",1,25.0,1.0,Passenger car,1,"66,473",True,WHITE,1.0,MALE,"133,489",15656022
"172,024",4,19.0,1.0,Passenger car,1,"66,646",True,WHITE,1.0,MALE,"133,842",15659893
"172,112",1,13.0,3.0,Motorcycle,3,"66,691",True,BLACK,1.0,MALE,"133,936",15660005
"172,158",1,,1.0,Passenger car,1,"66,716",True,WHITE,1.0,MALE,"133,987",15660670
"172,173",1,32.0,5.0,Passenger car,1,"66,723",True,OTHER,1.0,MALE,"134,003",15660908
"172,301",1,44.0,2.0,Large passenger vehicle,2,"66,790",True,HISPANIC,1.0,MALE,"134,137",15661750
"172,316",1,44.0,2.0,Large passenger vehicle,2,"66,797",True,HISPANIC,1.0,MALE,"134,152",15661782
"172,318",1,44.0,2.0,Large passenger vehicle,2,"66,798",True,HISPANIC,1.0,MALE,"134,154",15661783
"172,565",1,24.0,2.0,Passenger car,1,"66,933",True,HISPANIC,1.0,MALE,"134,422",15666934
"172,659",1,42.0,1.0,Bicycle,5,"66,983",True,WHITE,2.0,FEMALE,"134,522",15668990
"172,664",4,65.0,1.0,Pedestrian,7,"66,986",True,WHITE,1.0,MALE,"134,527",15669169
"172,716",4,22.0,3.0,Pedestrian,7,"67,012",True,BLACK,1.0,MALE,"134,581",15669232
"172,855",1,26.0,1.0,Passenger car,1,"67,077",True,WHITE,2.0,FEMALE,"134,726",15669368
"172,911",1,37.0,2.0,Large passenger vehicle,2,"67,107",True,HISPANIC,2.0,FEMALE,"134,786",15669414
"173,158",1,60.0,2.0,Bicycle,5,"67,242",True,HISPANIC,1.0,MALE,"135,054",15671109
"173,189",1,20.0,0.0,Bicycle,5,"67,257",True,UNKNOWN,2.0,FEMALE,"135,087",15671124
"173,197",1,31.0,1.0,Bicycle,5,"67,262",True,WHITE,2.0,FEMALE,"135,095",15671173
"173,461",1,55.0,1.0,Large passenger vehicle,2,"67,394",True,WHITE,2.0,FEMALE,"135,377",15673599
"173,661",1,67.0,1.0,Passenger car,1,"67,490",True,WHITE,2.0,FEMALE,"135,585",15675720
"174,114",1,51.0,1.0,Large passenger vehicle,2,"67,738",True,WHITE,1.0,MALE,"136,074",15684070
"174,137",1,63.0,1.0,Large passenger vehicle,2,"67,750",True,WHITE,1.0,MALE,"136,097",15684082
"174,159",1,45.0,2.0,Motor vehicle – other,4,"67,761",True,HISPANIC,1.0,MALE,"136,121",15684133
"174,231",1,44.0,3.0,Motorcycle,3,"67,794",True,BLACK,1.0,MALE,"136,196",15684214
"174,247",1,57.0,2.0,Passenger car,1,"67,802",True,HISPANIC,1.0,MALE,"136,215",15684222
"174,322",1,29.0,1.0,Passenger car,1,"67,847",True,WHITE,1.0,MALE,"136,302",15684355
"174,528",4,36.0,1.0,Pedestrian,7,"67,955",True,WHITE,1.0,MALE,"136,525",15686199
"174,553",1,51.0,1.0,Large passenger vehicle,2,"67,968",True,WHITE,1.0,MALE,"136,551",15686285
"174,778",1,46.0,1.0,Motorcycle,3,"68,082",True,WHITE,1.0,MALE,"136,786",15688611
"175,006",1,46.0,1.0,Passenger car,1,"68,210",True,WHITE,1.0,MALE,"137,028",15693888
"175,083",1,57.0,1.0,Passenger car,1,"68,244",True,WHITE,1.0,MALE,"137,108",15693946
"175,108",4,42.0,2.0,Passenger car,1,"68,257",True,HISPANIC,1.0,MALE,"137,138",15693995
"175,109",4,38.0,2.0,Large passenger vehicle,2,"68,257",True,HISPANIC,1.0,MALE,"137,139",15693995
"175,333",1,21.0,1.0,Motorcycle,3,"68,373",True,WHITE,1.0,MALE,"137,376",15696424
"175,350",1,36.0,3.0,Large passenger vehicle,2,"68,382",True,BLACK,1.0,MALE,"137,393",15696468
"175,637",1,41.0,1.0,Pedestrian,7,"68,544",True,WHITE,1.0,MALE,"137,701",15702451
"175,885",1,31.0,2.0,Passenger car,1,"68,687",True,HISPANIC,2.0,FEMALE,"137,969",15706511
"176,003",1,30.0,4.0,Motorcycle,3,"68,742",True,ASIAN,1.0,MALE,"138,096",15706672
"176,028",1,45.0,,Large passenger vehicle,2,"68,755",True,,1.0,MALE,"138,124",15706709
"176,055",4,22.0,1.0,Passenger car,1,"68,770",True,WHITE,2.0,FEMALE,"138,154",15706724
"176,056",4,59.0,2.0,Large passenger vehicle,2,"68,770",True,HISPANIC,1.0,MALE,"138,155",15706724
"176,105",1,24.0,1.0,Large passenger vehicle,2,"68,797",True,WHITE,1.0,MALE,"138,207",15706782
"176,207",1,66.0,2.0,Pedestrian,7,"68,844",True,HISPANIC,2.0,FEMALE,"138,311",15706915
"176,315",1,3.0,3.0,Bicycle,5,"68,898",True,BLACK,1.0,MALE,"138,423",15707038
"176,347",1,27.0,3.0,Passenger car,1,"68,912",True,BLACK,1.0,MALE,"138,457",15707082
"176,486",4,21.0,1.0,Motorcycle,3,"68,990",True,WHITE,2.0,FEMALE,"138,608",15709575
"176,673",1,28.0,1.0,Motorcycle,3,"69,087",True,WHITE,1.0,MALE,"138,805",15711419
"177,055",1,41.0,2.0,Passenger car,1,"69,275",True,HISPANIC,1.0,MALE,"139,201",15714976
"177,563",1,38.0,1.0,Large passenger vehicle,2,"69,538",True,WHITE,1.0,MALE,"139,736",15718975
"177,797",1,24.0,2.0,Passenger car,1,"69,661",True,HISPANIC,1.0,MALE,"139,989",15723635
"177,798",1,23.0,2.0,Passenger car,1,"69,661",True,HISPANIC,1.0,MALE,"139,990",15723635
"177,832",1,64.0,3.0,Passenger car,1,"69,680",True,BLACK,2.0,FEMALE,"140,029",15723883
"178,078",4,,1.0,Bicycle,5,"69,800",True,WHITE,1.0,MALE,"140,283",15725973
"178,223",1,40.0,2.0,Passenger car,1,"69,876",True,HISPANIC,1.0,MALE,"140,441",15727909
"178,236",1,40.0,1.0,Pedestrian,7,"69,881",True,WHITE,2.0,FEMALE,"140,455",15727914
"178,264",4,48.0,1.0,Pedestrian,7,"69,894",True,WHITE,1.0,MALE,"140,484",15727946
"178,274",1,52.0,2.0,Passenger car,1,"69,899",True,HISPANIC,1.0,MALE,"140,496",15727951
"178,334",1,71.0,3.0,Passenger car,1,"69,928",True,BLACK,2.0,FEMALE,"140,558",15727991
"178,510",1,67.0,1.0,Passenger car,1,"70,025",True,WHITE,2.0,FEMALE,"140,753",15731323
"178,512",1,24.0,1.0,Passenger car,1,"70,026",True,WHITE,2.0,FEMALE,"140,755",15731326
"178,606",4,29.0,2.0,Large passenger vehicle,2,"70,074",True,HISPANIC,1.0,MALE,"140,855",15731524
"178,863",4,52.0,1.0,Large passenger vehicle,2,"70,210",True,WHITE,2.0,FEMALE,"141,132",15734974
"179,364",1,20.0,3.0,Pedestrian,7,"70,478",True,BLACK,2.0,FEMALE,"141,672",15740409
"179,367",1,23.0,1.0,Motorcycle,3,"70,480",True,WHITE,1.0,MALE,"141,675",15740413
"179,369",1,62.0,1.0,Passenger car,1,"70,481",True,WHITE,2.0,FEMALE,"141,677",15740414
"179,388",1,84.0,1.0,Large passenger vehicle,2,"70,491",True,WHITE,2.0,FEMALE,"141,697",15740424
"179,399",1,32.0,1.0,Large passenger vehicle,2,"70,496",True,WHITE,2.0,FEMALE,"141,708",15740430
"179,453",1,22.0,1.0,Passenger car,1,"70,524",True,WHITE,2.0,FEMALE,"141,767",15741004
"179,853",1,46.0,1.0,Passenger car,1,"70,739",True,WHITE,1.0,MALE,"142,202",15745487
"179,924",1,44.0,2.0,Large passenger vehicle,2,"70,775",True,HISPANIC,1.0,MALE,"142,274",15745543
"179,925",1,41.0,3.0,Large passenger vehicle,2,"70,775",True,BLACK,2.0,FEMALE,"142,275",15745543
"179,928",1,40.0,1.0,Large passenger vehicle,2,"70,777",True,WHITE,1.0,MALE,"142,278",15745545
"179,936",1,25.0,3.0,Passenger car,1,"70,780",True,BLACK,1.0,MALE,"142,286",15745548
"180,229",1,59.0,1.0,Motorcycle,3,"70,938",True,WHITE,1.0,MALE,"142,596",15750503
"180,403",1,38.0,3.0,Passenger car,1,"71,029",True,BLACK,2.0,FEMALE,"142,776",15751030
"180,500",1,23.0,2.0,Large passenger vehicle,2,"71,084",True,HISPANIC,1.0,MALE,"142,880",15752184
"180,586",1,48.0,1.0,Pedestrian,7,"71,128",True,WHITE,2.0,FEMALE,"142,972",15752298
"180,875",1,25.0,1.0,Passenger car,1,"71,287",True,WHITE,2.0,FEMALE,"143,285",15757374
"181,109",1,22.0,1.0,Passenger car,1,"71,405",True,WHITE,2.0,FEMALE,"143,539",15760621
"181,160",4,28.0,1.0,Motorcycle,3,"71,432",True,WHITE,2.0,FEMALE,"143,593",15761032
"181,192",1,75.0,2.0,Passenger car,1,"71,450",True,HISPANIC,1.0,MALE,"143,626",15761250
"181,276",1,38.0,1.0,Passenger car,1,"71,492",True,WHITE,2.0,FEMALE,"143,716",15761336
"181,330",1,67.0,1.0,Large passenger vehicle,2,"71,519",True,WHITE,1.0,MALE,"143,773",15761455
"181,391",1,31.0,2.0,Passenger car,1,"71,547",True,HISPANIC,2.0,FEMALE,"143,836",15761507
"181,401",1,23.0,3.0,Passenger car,1,"71,553",True,BLACK,2.0,FEMALE,"143,847",15761855
"181,881",1,56.0,3.0,Passenger car,1,"71,798",True,BLACK,2.0,FEMALE,"144,361",15766926
"182,031",1,37.0,2.0,Large passenger vehicle,2,"71,881",True,HISPANIC,1.0,MALE,"144,520",15767433
"182,182",1,28.0,1.0,Pedestrian,7,"71,962",True,WHITE,2.0,FEMALE,"144,681",15770116
"182,247",1,35.0,3.0,Passenger car,1,"71,999",True,BLACK,1.0,MALE,"144,750",15770193
"182,316",1,75.0,1.0,Passenger car,1,"72,041",True,WHITE,2.0,FEMALE,"144,822",15771016
"182,318",1,50.0,3.0,Large passenger vehicle,2,"72,042",True,BLACK,2.0,FEMALE,"144,824",15771017
"182,578",1,41.0,3.0,Passenger car,1,"72,183",True,BLACK,1.0,MALE,"145,099",15774340
"183,316",1,35.0,3.0,Passenger car,1,"72,594",True,BLACK,2.0,FEMALE,"145,899",15787015
"183,442",1,44.0,1.0,Bicycle,5,"72,655",True,WHITE,1.0,MALE,"146,029",15787145
"183,566",1,52.0,1.0,Passenger car,1,"72,719",True,WHITE,2.0,FEMALE,"146,160",15787258
"183,594",1,20.0,1.0,Passenger car,1,"72,733",True,WHITE,1.0,MALE,"146,188",15787321
"183,644",1,54.0,3.0,Passenger car,1,"72,759",True,BLACK,1.0,MALE,"146,241",15787401
"183,802",1,22.0,0.0,Pedestrian,7,"72,850",True,UNKNOWN,2.0,FEMALE,"146,418",15787750
"183,945",1,35.0,3.0,Passenger car,1,"72,930",True,BLACK,2.0,FEMALE,"146,568",15791198
"184,018",1,24.0,2.0,Passenger car,1,"72,966",True,HISPANIC,1.0,MALE,"146,647",15791274
"184,025",1,37.0,2.0,Passenger car,1,"72,971",True,HISPANIC,2.0,FEMALE,"146,655",15791279
"184,029",4,34.0,2.0,Large passenger vehicle,2,"72,973",True,HISPANIC,1.0,MALE,"146,659",15791281
"184,082",1,33.0,1.0,Passenger car,1,"72,999",True,WHITE,2.0,FEMALE,"146,714",15791352
"184,167",1,53.0,4.0,Large passenger vehicle,2,"73,042",True,ASIAN,2.0,FEMALE,"146,808",15791639
"184,410",1,27.0,1.0,Motorcycle,3,"73,170",True,WHITE,1.0,MALE,"147,076",15795162
"184,536",1,34.0,1.0,Bicycle,5,"73,235",True,WHITE,2.0,FEMALE,"147,212",15795523
"184,562",1,21.0,2.0,Passenger car,1,"73,250",True,HISPANIC,1.0,MALE,"147,239",15795545
"184,765",1,31.0,1.0,Large passenger vehicle,2,"73,360",True,WHITE,2.0,FEMALE,"147,459",15798204
"184,787",1,21.0,2.0,Passenger car,1,"73,371",True,HISPANIC,1.0,MALE,"147,482",15798215
"184,805",1,58.0,1.0,Large passenger vehicle,2,"73,382",True,WHITE,2.0,FEMALE,"147,503",15798239
"185,164",1,53.0,2.0,Pedestrian,7,"73,572",True,HISPANIC,1.0,MALE,"147,889",15802324
"185,309",1,28.0,1.0,Motorcycle,3,"73,638",True,WHITE,1.0,MALE,"148,038",15802471
"185,556",1,31.0,2.0,Pedestrian,7,"73,775",True,HISPANIC,1.0,MALE,"148,308",15808300
"185,603",1,27.0,1.0,Passenger car,1,"73,801",True,WHITE,1.0,MALE,"148,357",15808374
"185,630",1,48.0,1.0,Motorcycle,3,"73,814",True,WHITE,1.0,MALE,"148,386",15808387
"185,776",1,22.0,1.0,Passenger car,1,"73,890",True,WHITE,2.0,FEMALE,"148,541",15808773
"185,777",4,58.0,1.0,Passenger car,1,"73,891",True,WHITE,1.0,MALE,"148,542",15808775
"185,991",1,31.0,2.0,Motorcycle,3,"73,997",True,HISPANIC,1.0,MALE,"148,771",15811975
"186,010",4,46.0,,Passenger car,1,"74,007",True,,1.0,MALE,"148,791",15811985
"186,271",1,50.0,3.0,Passenger car,1,"74,144",True,BLACK,1.0,MALE,"149,073",15814461
"186,545",1,26.0,2.0,Large passenger vehicle,2,"74,287",True,HISPANIC,1.0,MALE,"149,372",15816679
"186,847",1,61.0,1.0,Large passenger vehicle,2,"74,445",True,WHITE,1.0,MALE,"149,683",15820646
"186,885",1,51.0,2.0,Passenger car,1,"74,464",True,HISPANIC,1.0,MALE,"149,722",15820665
"186,915",1,41.0,1.0,Motorcycle,3,"74,480",True,WHITE,1.0,MALE,"149,752",15820685
"186,946",1,26.0,1.0,Passenger car,1,"74,496",True,WHITE,1.0,MALE,"149,785",15820710
"187,394",1,59.0,1.0,Bicycle,5,"74,737",True,WHITE,2.0,FEMALE,"150,271",15826121
"187,395",1,47.0,3.0,Bicycle,5,"74,737",True,BLACK,1.0,MALE,"150,272",15826121
"187,396",1,32.0,4.0,Bicycle,5,"74,737",True,ASIAN,2.0,FEMALE,"150,273",15826121
"187,430",1,30.0,3.0,Passenger car,1,"74,753",True,BLACK,1.0,MALE,"150,307",15826203
"187,596",1,53.0,1.0,Bicycle,5,"74,837",True,WHITE,1.0,MALE,"150,487",15827854
"187,684",1,66.0,4.0,Large passenger vehicle,2,"74,882",True,ASIAN,2.0,FEMALE,"150,582",15827950
"187,692",1,36.0,1.0,Motorcycle,3,"74,884",True,WHITE,1.0,MALE,"150,590",15827953
"187,880",1,15.0,3.0,Passenger car,1,"74,981",True,BLACK,1.0,MALE,"150,785",15831217
"187,892",4,75.0,3.0,Pedestrian,7,"74,986",True,BLACK,1.0,MALE,"150,797",15831222
"187,990",1,39.0,1.0,Passenger car,1,"75,037",True,WHITE,1.0,MALE,"150,900",15831360
"187,993",1,24.0,2.0,Motorcycle,3,"75,040",True,HISPANIC,1.0,MALE,"150,903",15831363
"188,013",1,39.0,1.0,Pedestrian,7,"75,050",True,WHITE,2.0,FEMALE,"150,928",15831373
"188,081",1,25.0,1.0,Motorcycle,3,"75,086",True,WHITE,1.0,MALE,"151,000",15831494
"188,435",1,39.0,1.0,Pedestrian,7,"75,280",True,WHITE,1.0,MALE,"151,379",15836715
"188,512",1,57.0,2.0,Pedestrian,7,"75,320",True,HISPANIC,1.0,MALE,"151,457",15836777
"188,516",1,41.0,2.0,Passenger car,1,"75,322",True,HISPANIC,2.0,FEMALE,"151,461",15836779
"188,743",1,67.0,3.0,Large passenger vehicle,2,"75,440",True,BLACK,1.0,MALE,"151,705",15839702
"188,772",1,29.0,1.0,Motorcycle,3,"75,455",True,WHITE,1.0,MALE,"151,737",15839743
"188,818",1,28.0,1.0,Motorcycle,3,"75,476",True,WHITE,1.0,MALE,"151,783",15839790
"189,344",1,22.0,2.0,Passenger car,1,"75,768",True,HISPANIC,1.0,MALE,"152,342",15846726
"189,345",1,51.0,1.0,Large passenger vehicle,2,"75,768",True,WHITE,2.0,FEMALE,"152,343",15846726
"189,385",1,35.0,1.0,Pedestrian,7,"75,787",True,WHITE,1.0,MALE,"152,384",15846792
"189,392",1,37.0,2.0,Large passenger vehicle,2,"75,791",True,HISPANIC,2.0,FEMALE,"152,391",15846796
"189,444",1,35.0,1.0,Bicycle,5,"75,815",True,WHITE,2.0,FEMALE,"152,444",15847006
"189,445",1,28.0,1.0,Motorcycle,3,"75,816",True,WHITE,1.0,MALE,"152,445",15847195
"189,490",1,37.0,1.0,Motorcycle,3,"75,839",True,WHITE,1.0,MALE,"152,491",15847352
"189,491",1,33.0,1.0,Passenger car,1,"75,840",True,WHITE,1.0,MALE,"152,492",15847353
"189,516",1,17.0,3.0,Passenger car,1,"75,852",True,BLACK,1.0,MALE,"152,519",15847398
"189,735",1,48.0,2.0,Passenger car,1,"75,974",True,HISPANIC,2.0,FEMALE,"152,749",15851714
"189,896",1,68.0,1.0,Passenger car,1,"76,055",True,WHITE,1.0,MALE,"152,924",15852068
"190,079",1,30.0,1.0,Passenger car,1,"76,159",True,WHITE,2.0,FEMALE,"153,129",15855409
"190,227",4,31.0,2.0,Passenger car,1,"76,239",True,HISPANIC,1.0,MALE,"153,294",15857124
"190,239",1,21.0,5.0,Motorcycle,3,"76,246",True,OTHER,1.0,MALE,"153,307",15857173
"190,247",1,45.0,3.0,Large passenger vehicle,2,"76,250",True,BLACK,2.0,FEMALE,"153,315",15857177
"190,281",1,27.0,3.0,Pedestrian,7,"76,266",True,BLACK,1.0,MALE,"153,349",15857193
"190,285",1,61.0,1.0,Passenger car,1,"76,269",True,WHITE,1.0,MALE,"153,353",15857232
"190,329",1,58.0,1.0,Passenger car,1,"76,291",True,WHITE,1.0,MALE,"153,399",15857255
"190,348",1,58.0,4.0,Passenger car,1,"76,300",True,ASIAN,1.0,MALE,"153,418",15857296
"190,361",1,46.0,1.0,Motorcycle,3,"76,306",True,WHITE,1.0,MALE,"153,431",15857308
"191,096",1,60.0,1.0,Passenger car,1,"76,689",True,WHITE,1.0,MALE,"154,214",15866549
"191,201",1,22.0,2.0,Motorcycle,3,"76,741",True,HISPANIC,1.0,MALE,"154,323",15866810
"191,306",1,36.0,3.0,Large passenger vehicle,2,"76,800",True,BLACK,1.0,MALE,"154,435",15867060
"191,329",1,20.0,5.0,Large passenger vehicle,2,"76,812",True,OTHER,2.0,FEMALE,"154,458",15867072
"191,523",1,52.0,1.0,Passenger car,1,"76,910",True,WHITE,1.0,MALE,"154,673",15868597
"191,649",4,34.0,1.0,Pedestrian,7,"76,980",True,WHITE,1.0,MALE,"154,807",15870241
"191,690",1,19.0,2.0,Passenger car,1,"76,999",True,HISPANIC,2.0,FEMALE,"154,848",15870341
"191,829",1,33.0,1.0,Passenger car,1,"77,073",True,WHITE,2.0,FEMALE,"154,991",15871782
"192,011",4,29.0,1.0,Passenger car,1,"77,171",True,WHITE,1.0,MALE,"155,184",15874437
"192,051",1,55.0,2.0,Passenger car,1,"77,192",True,HISPANIC,2.0,FEMALE,"155,226",15874472
"192,080",1,20.0,2.0,Motorcycle,3,"77,204",True,HISPANIC,1.0,MALE,"155,256",15874485
"192,102",1,41.0,1.0,Large passenger vehicle,2,"77,214",True,WHITE,1.0,MALE,"155,279",15874513
"192,262",1,33.0,2.0,Passenger car,1,"77,302",True,HISPANIC,1.0,MALE,"155,457",15877401
"192,364",1,37.0,1.0,Passenger car,1,"77,358",True,WHITE,1.0,MALE,"155,566",15878097
"192,460",1,66.0,3.0,Passenger car,1,"77,411",True,BLACK,1.0,MALE,"155,666",15878252
"192,461",1,49.0,1.0,Large passenger vehicle,2,"77,411",True,WHITE,1.0,MALE,"155,667",15878252
"192,712",1,62.0,2.0,Large passenger vehicle,2,"77,543",True,HISPANIC,2.0,FEMALE,"155,941",15883531
"192,784",1,52.0,1.0,Motorcycle,3,"77,584",True,WHITE,1.0,MALE,"156,019",15885957
"193,061",1,29.0,1.0,Large passenger vehicle,2,"77,728",True,WHITE,1.0,MALE,"156,313",15890003
"193,489",1,24.0,1.0,Motorcycle,3,"77,946",True,WHITE,1.0,MALE,"156,764",15890471
"193,525",1,23.0,1.0,Motorcycle,3,"77,966",True,WHITE,2.0,FEMALE,"156,800",15890495
"193,707",1,23.0,2.0,Large passenger vehicle,2,"78,067",True,HISPANIC,1.0,MALE,"156,994",15892195
"193,718",1,39.0,2.0,Passenger car,1,"78,073",True,HISPANIC,2.0,FEMALE,"157,006",15892314
"194,100",1,49.0,2.0,Motorcycle,3,"78,276",True,HISPANIC,1.0,MALE,"157,422",15896472
"194,170",1,27.0,3.0,Large passenger vehicle,2,"78,312",True,BLACK,1.0,MALE,"157,494",15896633
"194,201",1,19.0,2.0,Passenger car,1,"78,327",True,HISPANIC,1.0,MALE,"157,526",15896648
"194,343",1,35.0,3.0,Passenger car,1,"78,398",True,BLACK,1.0,MALE,"157,671",15898102
"194,344",1,53.0,4.0,Large passenger vehicle,2,"78,398",True,ASIAN,1.0,MALE,"157,672",15898102
"194,362",1,21.0,2.0,Motorcycle,3,"78,409",True,HISPANIC,1.0,MALE,"157,692",15898115
"194,559",1,26.0,1.0,Large passenger vehicle,2,"78,513",True,WHITE,2.0,FEMALE,"157,903",15901687
"194,660",1,20.0,5.0,Passenger car,1,"78,567",True,OTHER,2.0,FEMALE,"158,010",15902112
"194,671",1,26.0,1.0,Motorcycle,3,"78,574",True,WHITE,1.0,MALE,"158,021",15902120
"194,925",1,33.0,1.0,Pedestrian,7,"78,717",True,WHITE,1.0,MALE,"158,295",15904342
"194,975",1,56.0,2.0,Passenger car,1,"78,746",True,HISPANIC,1.0,MALE,"158,350",15904483
"195,110",1,15.0,2.0,Bicycle,5,"78,819",True,HISPANIC,1.0,MALE,"158,491",15906059
"195,111",4,48.0,1.0,Motorcycle,3,"78,820",True,WHITE,1.0,MALE,"158,492",15906060
"195,122",1,35.0,4.0,Passenger car,1,"78,827",True,ASIAN,1.0,MALE,"158,507",15906067
"195,311",1,28.0,2.0,Bicycle,5,"78,925",True,HISPANIC,1.0,MALE,"158,702",15908213
"195,655",1,42.0,1.0,Passenger car,1,"79,101",True,WHITE,2.0,FEMALE,"159,064",15913581
"195,856",1,24.0,5.0,Motorcycle,3,"79,204",True,OTHER,1.0,MALE,"159,278",15914312
"195,863",1,37.0,3.0,Motorcycle,3,"79,208",True,BLACK,1.0,MALE,"159,285",15914316
"195,981",1,60.0,2.0,Pedestrian,7,"79,268",True,HISPANIC,1.0,MALE,"159,413",15915484
"196,059",1,50.0,1.0,Pedestrian,7,"79,309",True,WHITE,1.0,MALE,"159,496",15915913
"196,151",1,43.0,3.0,Pedestrian,7,"79,361",True,BLACK,2.0,FEMALE,"159,600",15917084
"196,427",1,39.0,1.0,Passenger car,1,"79,506",True,WHITE,2.0,FEMALE,"159,892",15920065
"196,451",1,65.0,3.0,Large passenger vehicle,2,"79,516",True,BLACK,1.0,MALE,"159,916",15920075
"196,466",1,27.0,3.0,Passenger car,1,"79,522",True,BLACK,1.0,MALE,"159,932",15920082
"196,487",1,29.0,2.0,Passenger car,1,"79,533",True,HISPANIC,1.0,MALE,"159,955",15920111
"196,595",1,63.0,2.0,Passenger car,1,"79,591",True,HISPANIC,1.0,MALE,"160,069",15921687
"196,927",1,58.0,3.0,Pedestrian,7,"79,772",True,BLACK,1.0,MALE,"160,424",15925374
"196,995",1,55.0,1.0,Motorcycle,3,"79,806",True,WHITE,1.0,MALE,"160,494",15925454
"197,158",4,25.0,3.0,Pedestrian,7,"79,888",True,BLACK,2.0,FEMALE,"160,665",15926839
"197,291",1,36.0,1.0,Passenger car,1,"79,960",True,WHITE,2.0,FEMALE,"160,808",15929397
"197,450",4,20.0,2.0,Pedestrian,7,"80,041",True,HISPANIC,1.0,MALE,"160,972",15929688
"197,880",4,21.0,2.0,Passenger car,1,"80,270",True,HISPANIC,1.0,MALE,"161,430",15937759
"198,023",1,27.0,1.0,Passenger car,1,"80,340",True,WHITE,2.0,FEMALE,"161,583",15940140
"198,275",1,23.0,1.0,Passenger car,1,"80,461",True,WHITE,1.0,MALE,"161,845",15940348
"198,444",1,39.0,1.0,Motorcycle,3,"80,555",True,WHITE,2.0,FEMALE,"162,018",15940544
"198,473",1,44.0,2.0,Motorcycle,3,"80,569",True,HISPANIC,1.0,MALE,"162,047",15940558
"198,611",4,34.0,1.0,Motorcycle,3,"80,644",True,WHITE,1.0,MALE,"162,194",15942280
"198,622",1,53.0,3.0,Pedestrian,7,"80,650",True,BLACK,1.0,MALE,"162,209",15942286
"198,634",4,25.0,2.0,Passenger car,1,"80,656",True,HISPANIC,1.0,MALE,"162,221",15942323
"198,650",1,43.0,3.0,Large passenger vehicle,2,"80,663",True,BLACK,1.0,MALE,"162,238",15942332
"199,060",1,27.0,3.0,Passenger car,1,"80,878",True,BLACK,1.0,MALE,"162,671",15945619
"199,185",1,,1.0,Pedestrian,7,"80,944",True,WHITE,1.0,MALE,"162,799",15945999
"199,242",4,33.0,3.0,Passenger car,1,"80,972",True,BLACK,1.0,MALE,"162,861",15946155
"199,298",1,45.0,1.0,Motorcycle,3,"81,002",True,WHITE,1.0,MALE,"162,921",15946221
"199,448",1,45.0,4.0,Motorcycle,3,"81,079",True,ASIAN,1.0,MALE,"163,081",15948418
"199,556",1,90.0,1.0,Passenger car,1,"81,133",True,WHITE,1.0,MALE,"163,197",15948584
"199,673",1,,1.0,Motorcycle,3,"81,191",True,WHITE,1.0,MALE,"163,317",15950296
"199,707",4,38.0,3.0,Pedestrian,7,"81,208",True,BLACK,1.0,MALE,"163,353",15950313
"199,733",1,26.0,1.0,Pedestrian,7,"81,221",True,WHITE,2.0,FEMALE,"163,380",15950348
"200,152",1,21.0,0.0,Passenger car,1,"81,439",True,UNKNOWN,2.0,FEMALE,"163,834",15958199
"200,498",1,37.0,1.0,Passenger car,1,"81,614",True,WHITE,2.0,FEMALE,"164,201",15959725
"200,637",1,59.0,2.0,Passenger car,1,"81,685",True,HISPANIC,2.0,FEMALE,"164,347",15961382
"201,171",1,45.0,2.0,Motorcycle,3,"81,970",True,HISPANIC,1.0,MALE,"164,924",15969698
"201,444",1,36.0,1.0,Bicycle,5,"82,114",True,WHITE,1.0,MALE,"165,221",15972278
"201,468",4,37.0,1.0,Pedestrian,7,"82,125",True,WHITE,1.0,MALE,"165,245",15972290
"201,530",1,46.0,1.0,Bicycle,5,"82,154",True,WHITE,2.0,FEMALE,"165,309",15972381
"201,545",1,28.0,3.0,Passenger car,1,"82,161",True,BLACK,1.0,MALE,"165,324",15972421
"201,770",1,22.0,,Motorcycle,3,"82,279",True,,1.0,MALE,"165,563",15974694
"202,255",1,24.0,1.0,Passenger car,1,"82,524",True,WHITE,1.0,MALE,"166,076",15978776
"202,560",1,42.0,2.0,Large passenger vehicle,2,"82,686",True,HISPANIC,2.0,FEMALE,"166,396",15982462
"202,579",1,22.0,1.0,Passenger car,1,"82,696",True,WHITE,1.0,MALE,"166,417",15982480
"202,676",1,15.0,2.0,Pedestrian,7,"82,746",True,HISPANIC,1.0,MALE,"166,523",15982648
"202,690",4,34.0,2.0,Passenger car,1,"82,754",True,HISPANIC,1.0,MALE,"166,539",15982658
"202,897",1,20.0,2.0,Passenger car,1,"82,864",True,HISPANIC,1.0,MALE,"166,758",15985097
"203,162",4,33.0,1.0,Bicycle,5,"83,000",True,WHITE,1.0,MALE,"167,038",15986973
"203,178",1,57.0,1.0,Passenger car,1,"83,008",True,WHITE,1.0,MALE,"167,055",15986981
"203,270",1,22.0,3.0,Passenger car,1,"83,056",True,BLACK,2.0,FEMALE,"167,147",15987691
"203,311",1,30.0,2.0,Large passenger vehicle,2,"83,076",True,HISPANIC,1.0,MALE,"167,189",15987986
"203,312",1,45.0,1.0,Large passenger vehicle,2,"83,076",True,WHITE,2.0,FEMALE,"167,190",15987986
"203,314",1,52.0,1.0,Passenger car,1,"83,076",True,WHITE,1.0,MALE,"167,192",15987986
"203,425",1,37.0,2.0,Passenger car,1,"83,135",True,HISPANIC,2.0,FEMALE,"167,307",15991012
"203,658",1,80.0,1.0,Passenger car,1,"83,261",True,WHITE,2.0,FEMALE,"167,555",15996067
"203,703",4,28.0,3.0,Large passenger vehicle,2,"83,284",True,BLACK,2.0,FEMALE,"167,602",15996115
"203,723",1,30.0,1.0,Passenger car,1,"83,292",True,WHITE,2.0,FEMALE,"167,624",15996126
"203,826",1,19.0,2.0,Passenger car,1,"83,348",True,HISPANIC,1.0,MALE,"167,735",15996219
"203,827",1,52.0,2.0,Large passenger vehicle,2,"83,348",True,HISPANIC,1.0,MALE,"167,736",15996219
"203,869",1,42.0,2.0,Passenger car,1,"83,367",True,HISPANIC,2.0,FEMALE,"167,781",15996256
"204,051",1,48.0,1.0,Passenger car,1,"83,460",True,WHITE,1.0,MALE,"167,973",15996380
"204,456",1,37.0,2.0,Large passenger vehicle,2,"83,670",True,HISPANIC,1.0,MALE,"168,402",16000629
"204,538",1,64.0,1.0,Pedestrian,7,"83,713",True,WHITE,2.0,FEMALE,"168,485",16000784
"204,662",1,70.0,1.0,Bicycle,5,"83,781",True,WHITE,1.0,MALE,"168,618",16002840
"204,951",1,62.0,1.0,Passenger car,1,"83,929",True,WHITE,2.0,FEMALE,"168,923",16005217
"205,190",1,39.0,2.0,Bicycle,5,"84,058",True,HISPANIC,1.0,MALE,"169,173",16009470
"205,251",1,52.0,1.0,Bicycle,5,"84,089",True,WHITE,1.0,MALE,"169,237",16009543
"205,324",1,38.0,3.0,Passenger car,1,"84,127",True,BLACK,1.0,MALE,"169,323",16009614
"205,353",1,45.0,4.0,Large passenger vehicle,2,"84,142",True,ASIAN,2.0,FEMALE,"169,354",16009665
"205,369",1,20.0,1.0,Motorcycle,3,"84,150",True,WHITE,2.0,FEMALE,"169,370",16009674
"205,722",1,54.0,2.0,Passenger car,1,"84,333",True,HISPANIC,1.0,MALE,"169,742",16015435
"205,733",1,21.0,1.0,Pedestrian,7,"84,338",True,WHITE,2.0,FEMALE,"169,753",16015445
"205,739",1,21.0,2.0,Passenger car,1,"84,341",True,HISPANIC,1.0,MALE,"169,759",16015453
"205,805",1,17.0,2.0,Large passenger vehicle,2,"84,374",True,HISPANIC,2.0,FEMALE,"169,828",16015784
"205,822",1,21.0,1.0,Pedestrian,7,"84,383",True,WHITE,2.0,FEMALE,"169,847",16015793
"205,849",4,77.0,1.0,Pedestrian,7,"84,396",True,WHITE,2.0,FEMALE,"169,874",16015806
"205,854",1,16.0,1.0,Passenger car,1,"84,398",True,WHITE,1.0,MALE,"169,880",16015927
"205,871",1,46.0,2.0,Motorcycle,3,"84,408",True,HISPANIC,1.0,MALE,"169,899",16015938
"205,923",4,49.0,1.0,Pedestrian,7,"84,435",True,WHITE,2.0,FEMALE,"169,954",16015991
"206,035",1,63.0,1.0,Passenger car,1,"84,498",True,WHITE,2.0,FEMALE,"170,073",16018324
"206,041",1,29.0,1.0,Pedestrian,7,"84,502",True,WHITE,1.0,MALE,"170,080",16018328
"206,074",1,54.0,1.0,Large passenger vehicle,2,"84,517",True,WHITE,1.0,MALE,"170,113",16018359
"206,435",4,61.0,2.0,Pedestrian,7,"84,705",True,HISPANIC,1.0,MALE,"170,500",16022240
"206,437",1,34.0,1.0,Pedestrian,7,"84,706",True,WHITE,2.0,FEMALE,"170,502",16022241
"206,476",1,85.0,1.0,Passenger car,1,"84,729",True,WHITE,1.0,MALE,"170,544",16022305
"206,501",1,19.0,2.0,Passenger car,1,"84,739",True,HISPANIC,2.0,FEMALE,"170,573",16022315
"206,545",4,28.0,2.0,Pedestrian,7,"84,762",True,HISPANIC,1.0,MALE,"170,618",16022597
"206,757",1,21.0,1.0,Pedestrian,7,"84,873",True,WHITE,1.0,MALE,"170,839",16026963
"206,890",1,27.0,2.0,Motorcycle,3,"84,939",True,HISPANIC,1.0,MALE,"170,977",16027132
"206,914",1,49.0,1.0,Passenger car,1,"84,952",True,WHITE,2.0,FEMALE,"171,001",16027145
"207,042",1,68.0,3.0,Passenger car,1,"85,017",True,BLACK,2.0,FEMALE,"171,132",16028908
"207,053",1,8.0,2.0,Pedestrian,7,"85,023",True,HISPANIC,2.0,FEMALE,"171,146",16028946
"207,230",1,19.0,3.0,Passenger car,1,"85,112",True,BLACK,1.0,MALE,"171,330",16030823
"207,271",1,68.0,1.0,Motorcycle,3,"85,131",True,WHITE,1.0,MALE,"171,377",16030888
"207,292",1,44.0,2.0,Passenger car,1,"85,142",True,HISPANIC,1.0,MALE,"171,399",16030903
"207,559",1,28.0,2.0,Passenger car,1,"85,287",True,HISPANIC,1.0,MALE,"171,686",16035246
"207,648",1,41.0,2.0,Large passenger vehicle,2,"85,335",True,HISPANIC,2.0,FEMALE,"171,778",16035392
"207,962",1,67.0,1.0,Pedestrian,7,"85,508",True,WHITE,2.0,FEMALE,"172,117",16042485
"208,007",1,46.0,2.0,Motor vehicle – other,4,"85,530",True,HISPANIC,1.0,MALE,"172,162",16042535
"208,395",1,27.0,1.0,Motorcycle,3,"85,722",True,WHITE,1.0,MALE,"172,576",16045581
"208,870",1,49.0,1.0,Motorcycle,3,"85,973",True,WHITE,1.0,MALE,"173,077",16052837
"209,081",1,31.0,1.0,Passenger car,1,"86,078",True,WHITE,1.0,MALE,"173,297",16053099
"209,083",1,42.0,1.0,Large passenger vehicle,2,"86,078",True,WHITE,1.0,MALE,"173,299",16053099
"209,119",4,29.0,1.0,Motorcycle,3,"86,099",True,WHITE,1.0,MALE,"173,336",16053315
"209,120",1,26.0,1.0,Passenger car,1,"86,099",True,WHITE,1.0,MALE,"173,337",16053315
"209,129",1,23.0,1.0,Passenger car,1,"86,104",True,WHITE,1.0,MALE,"173,346",16053321
"209,258",1,18.0,4.0,Passenger car,1,"86,174",True,ASIAN,2.0,FEMALE,"173,484",16054154
"209,259",1,33.0,2.0,Passenger car,1,"86,174",True,HISPANIC,1.0,MALE,"173,485",16054154
"209,266",1,44.0,1.0,Motorcycle,3,"86,178",True,WHITE,1.0,MALE,"173,493",16054159
"209,306",1,31.0,2.0,Bicycle,5,"86,195",True,HISPANIC,1.0,MALE,"173,533",16054176
"209,531",1,28.0,1.0,Large passenger vehicle,2,"86,314",True,WHITE,1.0,MALE,"173,772",16056492
"209,593",1,37.0,1.0,Large passenger vehicle,2,"86,344",True,WHITE,1.0,MALE,"173,834",16056568
"209,594",1,37.0,1.0,Passenger car,1,"86,344",True,WHITE,1.0,MALE,"173,835",16056568
"210,176",4,26.0,1.0,Motorcycle,3,"86,652",True,WHITE,1.0,MALE,"174,456",16065607
"210,214",1,24.0,0.0,Motorcycle,3,"86,670",True,UNKNOWN,1.0,MALE,"174,496",16065684
"210,468",1,23.0,1.0,Pedestrian,7,"86,803",True,WHITE,1.0,MALE,"174,770",16068655
"210,469",1,29.0,2.0,Pedestrian,7,"86,803",True,HISPANIC,2.0,FEMALE,"174,771",16068655
"210,504",4,34.0,3.0,Pedestrian,7,"86,821",True,BLACK,1.0,MALE,"174,812",16068832
"210,587",1,33.0,2.0,Passenger car,1,"86,864",True,HISPANIC,1.0,MALE,"174,900",16068918
"210,635",1,26.0,3.0,Pedestrian,7,"86,887",True,BLACK,1.0,MALE,"174,949",16068985
"210,657",1,25.0,1.0,Large passenger vehicle,2,"86,898",True,WHITE,2.0,FEMALE,"174,974",16068997
"210,663",1,25.0,,Motorcycle,3,"86,901",True,,1.0,MALE,"174,980",16069000
"210,954",1,37.0,2.0,Passenger car,1,"87,065",True,HISPANIC,1.0,MALE,"175,296",16077759
"211,143",1,39.0,1.0,Large passenger vehicle,2,"87,161",True,WHITE,1.0,MALE,"175,494",16078642
"211,171",4,32.0,1.0,Passenger car,1,"87,177",True,WHITE,1.0,MALE,"175,525",16078873
"211,201",1,26.0,2.0,Motorcycle,3,"87,193",True,HISPANIC,1.0,MALE,"175,564",16078899
"211,328",1,37.0,1.0,Large passenger vehicle,2,"87,253",True,WHITE,1.0,MALE,"175,698",16079105
"211,566",1,20.0,2.0,Large passenger vehicle,2,"87,374",True,HISPANIC,1.0,MALE,"175,956",16083454
"211,587",1,33.0,1.0,Passenger car,1,"87,385",True,WHITE,1.0,MALE,"175,979",16083474
"211,727",1,40.0,1.0,Motorcycle,3,"87,456",True,WHITE,1.0,MALE,"176,121",16084405
"211,749",1,32.0,2.0,Passenger car,1,"87,469",True,HISPANIC,2.0,FEMALE,"176,147",16084456
"211,879",1,22.0,1.0,Large passenger vehicle,2,"87,536",True,WHITE,1.0,MALE,"176,284",16086837
"211,946",1,29.0,1.0,Motorcycle,3,"87,569",True,WHITE,1.0,MALE,"176,352",16086903
"211,962",1,33.0,,Large passenger vehicle,2,"87,578",True,,2.0,FEMALE,"176,375",16086912
"212,073",1,21.0,1.0,Pedestrian,7,"87,636",True,WHITE,1.0,MALE,"176,491",16088856
"212,120",1,25.0,2.0,Passenger car,1,"87,663",True,HISPANIC,2.0,FEMALE,"176,540",16088945
"212,345",1,23.0,2.0,Passenger car,1,"87,782",True,HISPANIC,1.0,MALE,"176,782",16093970
"212,711",1,32.0,1.0,Passenger car,1,"87,978",True,WHITE,2.0,FEMALE,"177,171",16096728
"212,714",1,37.0,2.0,Large passenger vehicle,2,"87,980",True,HISPANIC,1.0,MALE,"177,174",16096731
"212,716",1,35.0,2.0,Passenger car,1,"87,980",True,HISPANIC,1.0,MALE,"177,176",16096731
"212,718",1,50.0,4.0,Large passenger vehicle,2,"87,980",True,ASIAN,1.0,MALE,"177,178",16096731
"212,758",4,36.0,1.0,Pedestrian,7,"87,998",True,WHITE,1.0,MALE,"177,218",16096815
"212,772",1,33.0,1.0,Passenger car,1,"88,005",True,WHITE,1.0,MALE,"177,232",16096823
"213,121",1,66.0,1.0,Passenger car,1,"88,189",True,WHITE,1.0,MALE,"177,609",16102537
"213,488",4,27.0,1.0,Large passenger vehicle,2,"88,381",True,WHITE,2.0,FEMALE,"178,000",16106353
"213,533",1,25.0,2.0,Pedestrian,7,"88,401",True,HISPANIC,1.0,MALE,"178,046",16106404
"213,582",1,16.0,2.0,Pedestrian,7,"88,428",True,HISPANIC,1.0,MALE,"178,100",16106516
"213,706",1,34.0,1.0,Passenger car,1,"88,497",True,WHITE,1.0,MALE,"178,231",16109017
"213,734",4,30.0,1.0,Pedestrian,7,"88,512",True,WHITE,1.0,MALE,"178,261",16109696
"213,826",1,41.0,1.0,Large passenger vehicle,2,"88,565",True,WHITE,1.0,MALE,"178,358",16110982
"213,827",4,38.0,1.0,Large passenger vehicle,2,"88,565",True,WHITE,2.0,FEMALE,"178,359",16110982
"213,884",1,28.0,3.0,Passenger car,1,"88,593",True,BLACK,2.0,FEMALE,"178,416",16111417
"213,900",1,80.0,1.0,Passenger car,1,"88,602",True,WHITE,1.0,MALE,"178,434",16111493
"214,118",1,26.0,2.0,Large passenger vehicle,2,"88,708",True,HISPANIC,1.0,MALE,"178,664",16111942
"214,345",1,24.0,2.0,Large passenger vehicle,2,"88,825",True,HISPANIC,2.0,FEMALE,"178,903",16115820
"214,470",1,31.0,3.0,Bicycle,5,"88,888",True,BLACK,1.0,MALE,"179,032",16115971
"214,892",1,52.0,1.0,Motorcycle,3,"89,103",True,WHITE,1.0,MALE,"179,487",16119846
"214,894",1,27.0,1.0,Bicycle,5,"89,104",True,WHITE,1.0,MALE,"179,489",16119848
"214,932",1,46.0,1.0,Motorcycle,3,"89,127",True,WHITE,1.0,MALE,"179,531",16119920
"214,981",4,15.0,5.0,Pedestrian,7,"89,154",True,OTHER,1.0,MALE,"179,582",16120082
"215,372",1,57.0,1.0,Pedestrian,7,"89,363",True,WHITE,1.0,MALE,"180,001",16126823
"215,412",1,26.0,2.0,Motorcycle,3,"89,386",True,HISPANIC,1.0,MALE,"180,043",16127635
"216,096",1,17.0,3.0,Passenger car,1,"89,764",True,BLACK,1.0,MALE,"180,763",16133633
"216,097",1,41.0,2.0,Large passenger vehicle,2,"89,764",True,HISPANIC,1.0,MALE,"180,764",16133633
"216,185",1,47.0,3.0,Large passenger vehicle,2,"89,810",True,BLACK,1.0,MALE,"180,857",16133719
"216,259",1,24.0,1.0,Motorcycle,3,"89,850",True,WHITE,1.0,MALE,"180,934",16133853
"217,009",1,63.0,1.0,Pedestrian,7,"90,239",True,WHITE,1.0,MALE,"181,725",16142859
"217,017",1,28.0,1.0,Motorcycle,3,"90,244",True,WHITE,1.0,MALE,"181,733",16142864
"217,023",1,64.0,1.0,Motorcycle,3,"90,248",True,WHITE,1.0,MALE,"181,741",16142885
"217,025",1,64.0,1.0,Large passenger vehicle,2,"90,249",True,WHITE,1.0,MALE,"181,744",16142886
"217,083",1,56.0,1.0,Passenger car,1,"90,278",True,WHITE,2.0,FEMALE,"181,804",16142941
"217,415",4,36.0,1.0,Motorcycle,3,"90,462",True,WHITE,1.0,MALE,"182,166",16147178
"217,439",1,80.0,1.0,Large passenger vehicle,2,"90,478",True,WHITE,1.0,MALE,"182,191",16147419
"217,538",1,27.0,1.0,Motorcycle,3,"90,529",True,WHITE,1.0,MALE,"182,299",16148337
"217,556",1,55.0,1.0,Passenger car,1,"90,539",True,WHITE,1.0,MALE,"182,320",16148351
"217,685",1,28.0,1.0,Large passenger vehicle,2,"90,609",True,WHITE,2.0,FEMALE,"182,456",16148499
"217,850",4,55.0,2.0,Pedestrian,7,"90,696",True,HISPANIC,1.0,MALE,"182,635",16151013
"217,864",1,16.0,1.0,Large passenger vehicle,2,"90,703",True,WHITE,2.0,FEMALE,"182,649",16151027
"218,402",4,33.0,1.0,Passenger car,1,"90,986",True,WHITE,1.0,MALE,"183,217",16157226
"218,463",1,48.0,2.0,Large passenger vehicle,2,"91,019",True,HISPANIC,2.0,FEMALE,"183,283",16158073
"218,989",1,29.0,1.0,Pedestrian,7,"91,311",True,WHITE,2.0,FEMALE,"183,838",16166175
"219,169",1,56.0,1.0,Large passenger vehicle,2,"91,414",True,WHITE,1.0,MALE,"184,041",16169035
"219,177",1,66.0,1.0,Passenger car,1,"91,419",True,WHITE,1.0,MALE,"184,049",16169040
"219,269",4,23.0,3.0,Motorcycle,3,"91,468",True,BLACK,1.0,MALE,"184,148",16170471
"219,703",4,18.0,2.0,Motorcycle,3,"91,708",True,HISPANIC,1.0,MALE,"184,621",16180781
"219,706",4,62.0,1.0,Motorcycle,3,"91,709",True,WHITE,1.0,MALE,"184,624",16180782
"219,753",1,21.0,1.0,Passenger car,1,"91,732",True,WHITE,1.0,MALE,"184,672",16181986
"219,897",1,26.0,3.0,Passenger car,1,"91,813",True,BLACK,1.0,MALE,"184,829",16188939
"219,980",1,33.0,1.0,Passenger car,1,"91,862",True,WHITE,1.0,MALE,"184,923",16201320
"219,984",1,33.0,2.0,Large passenger vehicle,2,"91,865",True,HISPANIC,1.0,MALE,"184,927",16201324
"220,014",4,18.0,2.0,Passenger car,1,"91,881",True,HISPANIC,1.0,MALE,"184,959",16211482
"220,042",1,55.0,1.0,Passenger car,1,"91,896",True,WHITE,2.0,FEMALE,"184,988",16221058
"220,097",1,60.0,1.0,Motorcycle,3,"91,931",True,WHITE,1.0,MALE,"185,055",16228657
"220,098",1,33.0,3.0,Motorcycle,3,"91,932",True,BLACK,1.0,MALE,"185,056",16228660
"220,181",1,43.0,2.0,Motorcycle,3,"91,980",True,HISPANIC,1.0,MALE,"185,146",16233005
"220,232",1,54.0,5.0,Passenger car,1,"92,012",True,OTHER,2.0,FEMALE,"185,199",16244096
"220,316",4,45.0,2.0,Pedestrian,7,"92,054",True,HISPANIC,1.0,MALE,"185,291",16346378
"220,401",1,40.0,2.0,Passenger car,1,"92,103",True,HISPANIC,1.0,MALE,"185,385",16423890
"221,285",1,18.0,1.0,Passenger car,1,"60,866",False,WHITE,2.0,FEMALE,"122,231",15540815
"221,343",1,19.0,1.0,Passenger car,1,"60,942",False,WHITE,2.0,FEMALE,"122,383",15541190
"221,391",1,36.0,2.0,Large passenger vehicle,2,"60,990",False,HISPANIC,2.0,FEMALE,"122,476",15541295
"221,394",1,47.0,2.0,Large passenger vehicle,2,"60,993",False,HISPANIC,1.0,MALE,"122,481",15541298
"221,556",1,21.0,1.0,Passenger car,1,"61,279",False,WHITE,2.0,FEMALE,"123,032",15547414
"221,650",1,27.0,4.0,Large passenger vehicle,2,"61,416",False,ASIAN,2.0,FEMALE,"123,294",15551229
"222,429",1,16.0,2.0,Passenger car,1,"62,578",False,HISPANIC,1.0,MALE,"125,644",15572957
"222,447",1,34.0,3.0,Passenger car,1,"62,609",False,BLACK,1.0,MALE,"125,708",15573247
"222,593",4,43.0,2.0,Passenger car,1,"62,820",False,HISPANIC,2.0,FEMALE,"126,126",15576307
"222,594",1,5.0,2.0,Passenger car,1,"62,820",False,HISPANIC,1.0,MALE,"126,126",15576307
"222,595",1,4.0,2.0,Passenger car,1,"62,820",False,HISPANIC,2.0,FEMALE,"126,126",15576307
"222,872",1,30.0,1.0,Large passenger vehicle,2,"63,240",False,WHITE,2.0,FEMALE,"126,987",15585509
"222,873",1,4.0,1.0,Large passenger vehicle,2,"63,240",False,WHITE,1.0,MALE,"126,987",15585509
"223,368",1,21.0,2.0,Passenger car,1,"63,847",False,HISPANIC,1.0,MALE,"128,230",15598028
"223,449",1,54.0,2.0,Passenger car,1,"63,954",False,HISPANIC,2.0,FEMALE,"128,451",15601064
"223,792",1,73.0,1.0,Passenger car,1,"64,416",False,WHITE,1.0,MALE,"129,414",15609612
"223,845",1,19.0,2.0,Large passenger vehicle,2,"64,508",False,HISPANIC,1.0,MALE,"129,588",15611896
"224,359",1,30.0,1.0,Passenger car,1,"65,242",False,WHITE,2.0,FEMALE,"131,032",15625548
"224,445",1,26.0,3.0,Large passenger vehicle,2,"65,385",False,BLACK,1.0,MALE,"131,318",15635473
"225,058",1,28.0,,Passenger car,1,"66,236",False,,2.0,FEMALE,"133,015",15651715
"225,392",1,14.0,3.0,Motorcycle,3,"66,691",False,BLACK,1.0,MALE,"133,936",15660005
"225,952",4,86.0,1.0,Passenger car,1,"67,490",False,WHITE,2.0,FEMALE,"135,585",15675720
"226,169",1,22.0,1.0,Large passenger vehicle,2,"67,828",False,WHITE,2.0,FEMALE,"136,267",15684286
"226,432",1,21.0,3.0,Passenger car,1,"68,210",False,BLACK,1.0,MALE,"137,029",15693888
"226,479",1,20.0,4.0,Passenger car,1,"68,264",False,ASIAN,2.0,FEMALE,"137,156",15694002
"226,760",1,42.0,2.0,Large passenger vehicle,2,"68,684",False,HISPANIC,2.0,FEMALE,"137,963",15706508
"226,820",1,56.0,2.0,Passenger car,1,"68,766",False,HISPANIC,2.0,FEMALE,"138,147",15706720
"226,823",1,51.0,2.0,Large passenger vehicle,2,"68,770",False,HISPANIC,2.0,FEMALE,"138,155",15706724
"226,918",1,20.0,2.0,Passenger car,1,"68,927",False,HISPANIC,1.0,MALE,"138,487",15707098
"227,342",1,25.0,1.0,Passenger car,1,"69,493",False,WHITE,2.0,FEMALE,"139,647",15718843
"228,079",1,47.0,3.0,Passenger car,1,"70,501",False,BLACK,1.0,MALE,"141,718",15740435
"228,334",1,35.0,3.0,Passenger car,1,"70,780",False,BLACK,1.0,MALE,"142,286",15745548
"228,449",1,14.0,3.0,Passenger car,1,"71,029",False,BLACK,2.0,FEMALE,"142,776",15751030
"228,646",1,20.0,2.0,Passenger car,1,"71,273",False,HISPANIC,2.0,FEMALE,"143,251",15756417
"228,824",1,10.0,3.0,Large passenger vehicle,2,"71,519",False,BLACK,1.0,MALE,"143,774",15761455
"228,850",1,40.0,2.0,Passenger car,1,"71,553",False,HISPANIC,2.0,FEMALE,"143,847",15761855
"229,047",1,18.0,2.0,Large passenger vehicle,2,"71,780",False,HISPANIC,1.0,MALE,"144,321",15766832
"229,090",1,18.0,2.0,Passenger car,1,"71,840",False,HISPANIC,1.0,MALE,"144,440",15767186
"229,129",1,25.0,2.0,Large passenger vehicle,2,"71,881",False,HISPANIC,2.0,FEMALE,"144,520",15767433
"229,234",1,97.0,1.0,Passenger car,1,"72,041",False,WHITE,2.0,FEMALE,"144,822",15771016
"229,613",1,38.0,3.0,Passenger car,1,"72,546",False,BLACK,2.0,FEMALE,"145,809",15786634
"229,748",1,45.0,1.0,Passenger car,1,"72,733",False,WHITE,1.0,MALE,"146,188",15787321
"229,879",1,,3.0,Passenger car,1,"72,939",False,BLACK,2.0,FEMALE,"146,588",15791213
"229,886",1,64.0,1.0,Passenger car,1,"72,948",False,WHITE,2.0,FEMALE,"146,610",15791222
"230,233",1,52.0,3.0,Passenger car,1,"73,392",False,BLACK,2.0,FEMALE,"147,525",15798249
"230,948",1,16.0,2.0,Large passenger vehicle,2,"74,325",False,HISPANIC,2.0,FEMALE,"149,449",15817940
"230,949",1,11.0,2.0,Large passenger vehicle,2,"74,325",False,HISPANIC,1.0,MALE,"149,449",15817940
"230,950",1,8.0,2.0,Large passenger vehicle,2,"74,325",False,HISPANIC,1.0,MALE,"149,449",15817940
"231,049",1,28.0,2.0,Passenger car,1,"74,464",False,HISPANIC,2.0,FEMALE,"149,722",15820665
"231,231",1,4.0,2.0,Passenger car,1,"74,700",False,HISPANIC,1.0,MALE,"150,195",15825016
"231,408",1,41.0,1.0,Large passenger vehicle,2,"74,873",False,WHITE,1.0,MALE,"150,562",15827917
"231,846",1,27.0,3.0,Passenger car,1,"75,442",False,BLACK,2.0,FEMALE,"151,709",15839704
"232,127",1,48.0,2.0,Large passenger vehicle,2,"75,791",False,HISPANIC,1.0,MALE,"152,391",15846796
"232,144",1,22.0,3.0,Passenger car,1,"75,809",False,BLACK,2.0,FEMALE,"152,432",15846851
"232,147",1,28.0,1.0,Motorcycle,3,"75,816",False,WHITE,2.0,FEMALE,"152,445",15847195
"232,195",1,17.0,3.0,Passenger car,1,"75,852",False,BLACK,2.0,FEMALE,"152,519",15847398
"232,196",1,17.0,3.0,Passenger car,1,"75,852",False,BLACK,1.0,MALE,"152,519",15847398
"232,330",1,36.0,1.0,Motor vehicle – other,4,"76,020",False,WHITE,1.0,MALE,"152,844",15851962
"232,362",1,28.0,1.0,Passenger car,1,"76,060",False,WHITE,2.0,FEMALE,"152,932",15852073
"232,856",1,21.0,,Motorcycle,3,"76,679",False,,2.0,FEMALE,"154,196",15866539
"232,951",1,23.0,1.0,Large passenger vehicle,2,"76,812",False,WHITE,2.0,FEMALE,"154,457",15867072
"232,952",1,22.0,1.0,Large passenger vehicle,2,"76,812",False,WHITE,2.0,FEMALE,"154,460",15867072
"232,953",1,19.0,1.0,Large passenger vehicle,2,"76,812",False,WHITE,2.0,FEMALE,"154,460",15867072
"232,954",1,19.0,1.0,Large passenger vehicle,2,"76,812",False,WHITE,2.0,FEMALE,"154,460",15867072
"233,398",1,8.0,1.0,Passenger car,1,"77,358",False,WHITE,1.0,MALE,"155,566",15878097
"233,792",4,88.0,1.0,Passenger car,1,"77,865",False,WHITE,1.0,MALE,"156,594",15890274
"233,939",1,40.0,2.0,Passenger car,1,"78,073",False,HISPANIC,2.0,FEMALE,"157,006",15892314
"234,112",1,16.0,2.0,Passenger car,1,"78,327",False,HISPANIC,2.0,FEMALE,"157,526",15896648
"234,378",1,33.0,1.0,Passenger car,1,"78,725",False,WHITE,2.0,FEMALE,"158,309",15904456
"234,938",1,87.0,2.0,Passenger car,1,"79,506",False,HISPANIC,1.0,MALE,"159,892",15920065
"235,530",1,21.0,1.0,Motorcycle,3,"80,342",False,WHITE,2.0,FEMALE,"161,589",15940142
"235,558",1,59.0,4.0,Passenger car,1,"80,368",False,ASIAN,2.0,FEMALE,"161,647",15940192
"235,602",4,83.0,1.0,Large passenger vehicle,2,"80,421",False,WHITE,2.0,FEMALE,"161,755",15940284
"235,651",1,20.0,2.0,Large passenger vehicle,2,"80,490",False,HISPANIC,1.0,MALE,"161,893",15940404
"235,778",1,42.0,3.0,Large passenger vehicle,2,"80,663",False,BLACK,1.0,MALE,"162,238",15942332
"236,148",4,77.0,2.0,Passenger car,1,"81,219",False,HISPANIC,2.0,FEMALE,"163,374",15950346
"236,303",1,9.0,3.0,Large passenger vehicle,2,"81,439",False,BLACK,1.0,MALE,"163,833",15958199
"236,334",1,23.0,1.0,Passenger car,1,"81,473",False,WHITE,2.0,FEMALE,"163,908",15958290
"236,456",1,42.0,1.0,Passenger car,1,"81,614",False,WHITE,1.0,MALE,"164,201",15959725
"237,018",1,31.0,1.0,Bicycle,5,"82,511",False,WHITE,2.0,FEMALE,"166,049",15978737
"237,019",1,29.0,1.0,Bicycle,5,"82,511",False,WHITE,2.0,FEMALE,"166,049",15978737
"237,156",1,27.0,1.0,Passenger car,1,"82,696",False,WHITE,1.0,MALE,"166,417",15982480
"237,460",1,65.0,3.0,Passenger car,1,"83,149",False,BLACK,1.0,MALE,"167,340",15991136
"237,632",1,18.0,2.0,Large passenger vehicle,2,"83,348",False,HISPANIC,1.0,MALE,"167,736",15996219
"237,706",1,46.0,1.0,Passenger car,1,"83,460",False,WHITE,1.0,MALE,"167,973",15996380
"237,848",1,37.0,3.0,Passenger car,1,"83,680",False,BLACK,1.0,MALE,"168,419",16000679
"237,952",1,16.0,2.0,Passenger car,1,"83,829",False,HISPANIC,1.0,MALE,"168,707",16004639
"237,969",1,56.0,2.0,Large passenger vehicle,2,"83,846",False,HISPANIC,2.0,FEMALE,"168,746",16005003
"238,126",1,37.0,1.0,Passenger car,1,"84,095",False,WHITE,2.0,FEMALE,"169,258",16009549
"238,343",1,58.0,1.0,Passenger car,1,"84,374",False,WHITE,2.0,FEMALE,"169,827",16015784
"240,297",1,33.0,2.0,Passenger car,1,"87,162",False,HISPANIC,2.0,FEMALE,"175,496",16078643
"240,491",1,,,Large passenger vehicle,2,"87,459",False,,1.0,MALE,"176,126",16084408
"240,549",1,34.0,1.0,Large passenger vehicle,2,"87,536",False,WHITE,1.0,MALE,"176,284",16086837
"240,693",1,29.0,2.0,Passenger car,1,"87,782",False,HISPANIC,1.0,MALE,"176,781",16093970
"240,740",1,35.0,2.0,Large passenger vehicle,2,"87,851",False,HISPANIC,1.0,MALE,"176,927",16094105
"241,126",1,58.0,1.0,Large passenger vehicle,2,"88,305",False,WHITE,2.0,FEMALE,"177,835",16106123
"241,349",4,41.0,1.0,Large passenger vehicle,2,"88,565",False,WHITE,1.0,MALE,"178,359",16110982
"241,350",4,14.0,1.0,Large passenger vehicle,2,"88,565",False,WHITE,1.0,MALE,"178,359",16110982
"241,354",1,15.0,2.0,Large passenger vehicle,2,"88,572",False,HISPANIC,1.0,MALE,"178,372",16111394
"241,374",1,79.0,1.0,Passenger car,1,"88,602",False,WHITE,2.0,FEMALE,"178,434",16111493
"241,774",1,28.0,1.0,Motorcycle,3,"89,127",False,WHITE,2.0,FEMALE,"179,531",16119920
"242,114",1,14.0,3.0,Passenger car,1,"89,764",False,BLACK,1.0,MALE,"180,763",16133633
"242,119",1,63.0,2.0,Large passenger vehicle,2,"89,781",False,HISPANIC,2.0,FEMALE,"180,799",16133650
"242,655",1,60.0,3.0,Passenger car,1,"90,559",False,BLACK,2.0,FEMALE,"182,369",16148395
"242,656",1,59.0,3.0,Passenger car,1,"90,559",False,BLACK,2.0,FEMALE,"182,369",16148395
"243,529",4,29.0,3.0,Passenger car,1,"91,813",False,BLACK,1.0,MALE,"184,829",16188939
"243,609",4,19.0,,Passenger car,1,"91,881",False,,2.0,FEMALE,"184,959",16211482
"244,007",1,25.0,3.0,Passenger car,1,"92,401",True,BLACK,2.0,FEMALE,"185,946",16831796
"244,270",1,62.0,1.0,Pedestrian,7,"92,540",True,WHITE,2.0,FEMALE,"186,227",16835193
"244,271",1,70.0,1.0,Pedestrian,7,"92,540",True,WHITE,1.0,MALE,"186,228",16835193
"244,343",1,51.0,2.0,Passenger car,1,"92,578",True,HISPANIC,2.0,FEMALE,"186,302",16835393
"244,357",1,43.0,1.0,Motorcycle,3,"92,585",True,WHITE,1.0,MALE,"186,318",16835400
"244,410",1,19.0,0.0,Motorcycle,3,"92,613",True,UNKNOWN,1.0,MALE,"186,376",16835457
"244,500",1,31.0,1.0,Large passenger vehicle,2,"92,661",True,WHITE,1.0,MALE,"186,475",16836014
"244,642",1,55.0,1.0,Passenger car,1,"92,736",True,WHITE,2.0,FEMALE,"186,625",16837597
"244,704",1,47.0,1.0,Passenger car,1,"92,769",True,WHITE,2.0,FEMALE,"186,688",16838967
"244,729",1,38.0,1.0,Bicycle,5,"92,777",True,WHITE,1.0,MALE,"186,714",16839361
"244,744",1,53.0,1.0,Bicycle,5,"92,785",True,WHITE,1.0,MALE,"186,730",16839369
"244,785",4,15.0,2.0,Pedestrian,7,"92,805",True,HISPANIC,1.0,MALE,"186,773",16839437
"244,800",1,29.0,1.0,Motorcycle,3,"92,812",True,WHITE,1.0,MALE,"186,789",16839451
"244,882",1,33.0,1.0,Motorcycle,3,"92,855",True,WHITE,1.0,MALE,"186,877",16841405
"244,898",1,55.0,3.0,Large passenger vehicle,2,"92,863",True,BLACK,2.0,FEMALE,"186,893",16841416
"244,937",1,53.0,1.0,Large passenger vehicle,2,"92,880",True,WHITE,1.0,MALE,"186,933",16841460
"244,938",1,28.0,2.0,Large passenger vehicle,2,"92,880",True,HISPANIC,1.0,MALE,"186,934",16841460
"245,064",1,36.0,1.0,Passenger car,1,"92,947",True,WHITE,1.0,MALE,"187,068",16843462
"245,069",1,59.0,1.0,Passenger car,1,"92,950",True,WHITE,2.0,FEMALE,"187,075",16843465
"245,140",1,57.0,2.0,Passenger car,1,"92,981",True,HISPANIC,2.0,FEMALE,"187,148",16843515
"245,489",1,14.0,3.0,Bicycle,5,"93,162",True,BLACK,2.0,FEMALE,"187,516",16848469
"245,563",1,22.0,2.0,Passenger car,1,"93,200",True,HISPANIC,2.0,FEMALE,"187,591",16848569
"245,602",1,28.0,2.0,Passenger car,1,"93,220",True,HISPANIC,1.0,MALE,"187,631",16848625
"245,802",1,27.0,1.0,Pedestrian,7,"93,325",True,WHITE,1.0,MALE,"187,846",16850971
"245,863",4,31.0,1.0,Pedestrian,7,"93,357",True,WHITE,1.0,MALE,"187,909",16852586
"245,899",4,66.0,1.0,Passenger car,1,"93,375",True,WHITE,2.0,FEMALE,"187,947",16852935
"245,975",1,25.0,3.0,Passenger car,1,"93,414",True,BLACK,2.0,FEMALE,"188,027",16854644
"245,982",1,26.0,0.0,Passenger car,1,"93,417",True,UNKNOWN,2.0,FEMALE,"188,034",16854647
"246,072",1,21.0,1.0,Passenger car,1,"93,463",True,WHITE,2.0,FEMALE,"188,130",16854751
"246,091",1,30.0,1.0,Passenger car,1,"93,471",True,WHITE,1.0,MALE,"188,151",16854759
"246,121",1,29.0,1.0,Motorcycle,3,"93,485",True,WHITE,1.0,MALE,"188,187",16854825
"246,164",1,20.0,3.0,Passenger car,1,"93,510",True,BLACK,1.0,MALE,"188,232",16854897
"246,195",1,57.0,1.0,Passenger car,1,"93,527",True,WHITE,2.0,FEMALE,"188,265",16854917
"246,241",1,34.0,1.0,Passenger car,1,"93,548",True,WHITE,1.0,MALE,"188,311",16854971
"246,242",1,33.0,3.0,Passenger car,1,"93,548",True,BLACK,2.0,FEMALE,"188,312",16854971
"246,253",1,53.0,1.0,Passenger car,1,"93,553",True,WHITE,2.0,FEMALE,"188,323",16854977
"246,696",1,37.0,1.0,Passenger car,1,"93,791",True,WHITE,1.0,MALE,"188,794",16861141
"246,857",1,24.0,1.0,Bicycle,5,"93,874",True,WHITE,1.0,MALE,"188,958",16861293
"246,976",1,60.0,2.0,Pedestrian,7,"93,939",True,HISPANIC,1.0,MALE,"189,090",16863191
"246,985",1,35.0,3.0,Passenger car,1,"93,944",True,BLACK,2.0,FEMALE,"189,100",16863196
"247,013",1,60.0,3.0,Passenger car,1,"93,957",True,BLACK,2.0,FEMALE,"189,129",16863212
"247,154",1,58.0,1.0,Passenger car,1,"94,032",True,WHITE,1.0,MALE,"189,281",16864726
"247,677",1,77.0,2.0,Pedestrian,7,"94,299",True,HISPANIC,2.0,FEMALE,"189,836",16870245
"247,789",1,22.0,3.0,E-scooter,11,"94,355",True,BLACK,1.0,MALE,"189,954",16871254
"247,791",1,29.0,0.0,Motor vehicle – other,4,"94,356",True,UNKNOWN,1.0,MALE,"189,956",16871255
"247,842",1,34.0,1.0,Pedestrian,7,"94,380",True,WHITE,2.0,FEMALE,"190,008",16871309
"247,900",1,20.0,1.0,Passenger car,1,"94,410",True,WHITE,1.0,MALE,"190,070",16871377
"247,940",1,63.0,1.0,Pedestrian,7,"94,430",True,WHITE,2.0,FEMALE,"190,112",16871421
"248,426",4,58.0,1.0,Pedestrian,7,"94,679",True,WHITE,2.0,FEMALE,"190,634",16876416
"248,446",1,57.0,1.0,Passenger car,1,"94,688",True,WHITE,2.0,FEMALE,"190,654",16876425
"248,448",1,40.0,1.0,Passenger car,1,"94,689",True,WHITE,1.0,MALE,"190,656",16876426
"248,512",1,19.0,2.0,Pedestrian,7,"94,717",True,HISPANIC,1.0,MALE,"190,721",16876494
"248,521",4,21.0,1.0,E-scooter,11,"94,723",True,WHITE,1.0,MALE,"190,731",16876500
"249,119",1,26.0,1.0,Pedestrian,7,"95,044",True,WHITE,1.0,MALE,"191,364",16882319
"249,169",1,50.0,1.0,Bicycle,5,"95,070",True,WHITE,2.0,FEMALE,"191,415",16882399
"249,507",4,32.0,1.0,Motorcycle,3,"95,256",True,WHITE,1.0,MALE,"191,794",16887514
"249,510",1,18.0,2.0,Pedestrian,7,"95,257",True,HISPANIC,1.0,MALE,"191,797",16887515
"249,568",1,51.0,1.0,Large passenger vehicle,2,"95,284",True,WHITE,2.0,FEMALE,"191,856",16887569
"249,609",1,30.0,2.0,Large passenger vehicle,2,"95,305",True,HISPANIC,1.0,MALE,"191,898",16887612
"249,742",1,38.0,1.0,Passenger car,1,"95,377",True,WHITE,1.0,MALE,"192,042",16889076
"250,132",1,44.0,3.0,Passenger car,1,"95,598",True,BLACK,2.0,FEMALE,"192,462",16893193
"250,384",1,18.0,1.0,Passenger car,1,"95,734",True,WHITE,1.0,MALE,"192,730",16895710
"250,425",1,63.0,1.0,Bicycle,5,"95,756",True,WHITE,2.0,FEMALE,"192,773",16896360
"250,549",1,27.0,1.0,Passenger car,1,"95,818",True,WHITE,2.0,FEMALE,"192,904",16897826
"250,819",1,54.0,1.0,Motorcycle,3,"95,956",True,WHITE,1.0,MALE,"193,194",16901165
"250,970",1,26.0,1.0,Passenger car,1,"96,035",True,WHITE,1.0,MALE,"193,355",16903410
"251,282",1,37.0,1.0,Motorcycle,3,"96,199",True,WHITE,1.0,MALE,"193,686",16906898
"251,297",1,31.0,2.0,Passenger car,1,"96,207",True,HISPANIC,1.0,MALE,"193,701",16906927
"251,316",1,51.0,1.0,Pedestrian,7,"96,216",True,WHITE,1.0,MALE,"193,721",16906941
"251,728",1,21.0,1.0,Motorcycle,3,"96,438",True,WHITE,1.0,MALE,"194,157",16911325
"251,843",1,60.0,2.0,Passenger car,1,"96,499",True,HISPANIC,2.0,FEMALE,"194,276",16911448
"251,959",1,72.0,1.0,Passenger car,1,"96,558",True,WHITE,2.0,FEMALE,"194,398",16913582
"251,985",1,47.0,4.0,Passenger car,1,"96,570",True,ASIAN,2.0,FEMALE,"194,426",16913635
"252,036",1,18.0,2.0,Passenger car,1,"96,593",True,HISPANIC,2.0,FEMALE,"194,478",16913680
"252,091",4,,0.0,Pedestrian,7,"96,621",True,UNKNOWN,2.0,FEMALE,"194,537",16913731
"252,096",4,59.0,2.0,Pedestrian,7,"96,624",True,HISPANIC,1.0,MALE,"194,542",16913734
"252,463",1,33.0,5.0,Passenger car,1,"96,827",True,OTHER,2.0,FEMALE,"194,936",16918083
"252,524",1,31.0,2.0,Passenger car,1,"96,859",True,HISPANIC,1.0,MALE,"194,999",16918143
"252,526",1,40.0,3.0,Passenger car,1,"96,860",True,BLACK,1.0,MALE,"195,001",16918144
"252,561",1,30.0,1.0,Motorcycle,3,"96,877",True,WHITE,1.0,MALE,"195,037",16918186
"252,679",1,57.0,3.0,Pedestrian,7,"96,941",True,BLACK,1.0,MALE,"195,160",16919849
"252,928",1,37.0,3.0,Passenger car,1,"97,076",True,BLACK,2.0,FEMALE,"195,434",16924054
"253,521",1,,3.0,Pedestrian,7,"97,385",True,BLACK,1.0,MALE,"196,071",16930619
"253,562",1,51.0,3.0,Passenger car,1,"97,406",True,BLACK,2.0,FEMALE,"196,114",16930667
"253,710",1,18.0,3.0,Pedestrian,7,"97,480",True,BLACK,1.0,MALE,"196,267",16930846
"253,866",1,63.0,3.0,Pedestrian,7,"97,563",True,BLACK,2.0,FEMALE,"196,439",16932767
"253,876",1,23.0,1.0,Passenger car,1,"97,570",True,WHITE,1.0,MALE,"196,453",16932781
"254,460",4,39.0,5.0,Bicycle,5,"97,880",True,OTHER,1.0,MALE,"197,078",16941430
"254,495",1,25.0,1.0,Passenger car,1,"97,899",True,WHITE,2.0,FEMALE,"197,115",16941778
"254,567",1,43.0,3.0,Passenger car,1,"97,938",True,BLACK,1.0,MALE,"197,192",16942183
"254,653",1,23.0,1.0,Motorcycle,3,"97,982",True,WHITE,1.0,MALE,"197,282",16942277
"254,670",1,21.0,4.0,Motorcycle,3,"97,989",True,ASIAN,1.0,MALE,"197,299",16942309
"254,824",1,27.0,2.0,Passenger car,1,"98,072",True,HISPANIC,2.0,FEMALE,"197,465",16942575
"255,041",1,56.0,1.0,Bicycle,5,"98,196",True,WHITE,1.0,MALE,"197,698",16946166
"255,455",1,53.0,3.0,Passenger car,1,"98,414",True,BLACK,2.0,FEMALE,"198,135",16949959
"255,472",1,17.0,4.0,Passenger car,1,"98,423",True,ASIAN,2.0,FEMALE,"198,152",16950007
"255,473",1,20.0,4.0,Passenger car,1,"98,423",True,ASIAN,2.0,FEMALE,"198,153",16950007
"256,169",1,23.0,1.0,Passenger car,1,"98,785",True,WHITE,1.0,MALE,"198,890",16954612
"256,219",1,24.0,3.0,Passenger car,1,"98,815",True,BLACK,2.0,FEMALE,"198,943",16954715
"256,316",1,40.0,1.0,Pedestrian,7,"98,863",True,WHITE,2.0,FEMALE,"199,047",16956459
"256,327",4,53.0,1.0,Pedestrian,7,"98,869",True,WHITE,1.0,MALE,"199,062",16956465
"256,673",1,23.0,2.0,Large passenger vehicle,2,"99,048",True,HISPANIC,2.0,FEMALE,"199,422",16960736
"256,726",1,44.0,1.0,Large passenger vehicle,2,"99,073",True,WHITE,1.0,MALE,"199,476",16960795
"256,754",1,41.0,1.0,Passenger car,1,"99,088",True,WHITE,1.0,MALE,"199,504",16960853
"256,862",1,38.0,3.0,Passenger car,1,"99,146",True,BLACK,1.0,MALE,"199,616",16962801
"256,869",1,65.0,1.0,Pedestrian,7,"99,150",True,WHITE,1.0,MALE,"199,623",16962806
"256,892",1,76.0,1.0,Passenger car,1,"99,161",True,WHITE,2.0,FEMALE,"199,648",16962818
"256,893",1,49.0,1.0,Large passenger vehicle,2,"99,161",True,WHITE,1.0,MALE,"199,649",16962818
"257,215",1,25.0,1.0,Bicycle,5,"99,332",True,WHITE,2.0,FEMALE,"200,001",16967233
"257,240",1,27.0,2.0,Motorcycle,3,"99,345",True,HISPANIC,1.0,MALE,"200,027",16967254
"257,326",1,75.0,1.0,Passenger car,1,"99,391",True,WHITE,1.0,MALE,"200,119",16967357
"257,404",1,34.0,3.0,Passenger car,1,"99,432",True,BLACK,2.0,FEMALE,"200,201",16967439
"257,568",1,51.0,1.0,Pedestrian,7,"99,519",True,WHITE,1.0,MALE,"200,375",16969364
"257,593",1,39.0,1.0,Motorcycle,3,"99,533",True,WHITE,1.0,MALE,"200,400",16969395
"257,677",1,29.0,3.0,Large passenger vehicle,2,"99,577",True,BLACK,1.0,MALE,"200,487",16970686
"257,678",4,19.0,2.0,Passenger car,1,"99,577",True,HISPANIC,1.0,MALE,"200,488",16970686
"257,994",1,23.0,1.0,Large passenger vehicle,2,"99,741",True,WHITE,2.0,FEMALE,"200,828",16973659
"258,138",1,21.0,2.0,Pedestrian,7,"99,812",True,HISPANIC,2.0,FEMALE,"200,984",16975764
"258,174",1,63.0,1.0,Passenger car,1,"99,829",True,WHITE,1.0,MALE,"201,021",16975890
"258,175",1,22.0,1.0,Large passenger vehicle,2,"99,829",True,WHITE,1.0,MALE,"201,022",16975890
"258,359",4,28.0,1.0,Bicycle,5,"99,927",True,WHITE,2.0,FEMALE,"201,220",16979508
"258,390",1,37.0,3.0,Motorcycle,3,"99,944",True,BLACK,1.0,MALE,"201,251",16979528
"258,443",4,45.0,2.0,Pedestrian,7,"99,968",True,HISPANIC,1.0,MALE,"201,305",16979593
"258,588",1,25.0,2.0,Passenger car,1,"100,042",True,HISPANIC,1.0,MALE,"201,452",16980231
"258,589",1,62.0,2.0,Large passenger vehicle,2,"100,042",True,HISPANIC,1.0,MALE,"201,453",16980231
"258,687",1,28.0,2.0,Pedestrian,7,"100,097",True,HISPANIC,1.0,MALE,"201,560",16983836
"258,872",1,73.0,1.0,Bicycle,5,"100,188",True,WHITE,1.0,MALE,"201,752",16985813
"258,913",1,52.0,2.0,Passenger car,1,"100,207",True,HISPANIC,2.0,FEMALE,"201,796",16985888
"258,923",1,20.0,2.0,E-scooter,11,"100,212",True,HISPANIC,1.0,MALE,"201,808",16985893
"258,944",1,32.0,1.0,Motorcycle,3,"100,223",True,WHITE,1.0,MALE,"201,831",16985905
"258,950",1,60.0,1.0,Motorcycle,3,"100,226",True,WHITE,1.0,MALE,"201,837",16985908
"259,150",1,34.0,2.0,Pedestrian,7,"100,336",True,HISPANIC,2.0,FEMALE,"202,051",16991943
"259,154",4,27.0,1.0,Large passenger vehicle,2,"100,338",True,WHITE,1.0,MALE,"202,055",16991945
"259,163",4,25.0,1.0,Passenger car,1,"100,342",True,WHITE,2.0,FEMALE,"202,064",16991949
"259,214",1,19.0,1.0,Pedestrian,7,"100,366",True,WHITE,1.0,MALE,"202,117",16991990
"259,278",1,47.0,1.0,Bicycle,5,"100,398",True,WHITE,1.0,MALE,"202,185",16992161
"259,362",1,22.0,3.0,Passenger car,1,"100,447",True,BLACK,2.0,FEMALE,"202,273",16993476
"259,727",1,16.0,2.0,Passenger car,1,"100,646",True,HISPANIC,1.0,MALE,"202,663",16998249
"259,736",1,37.0,1.0,Passenger car,1,"100,651",True,WHITE,1.0,MALE,"202,673",16998257
"259,737",1,68.0,1.0,Large passenger vehicle,2,"100,651",True,WHITE,2.0,FEMALE,"202,674",16998257
"260,022",1,18.0,3.0,Passenger car,1,"100,804",True,BLACK,1.0,MALE,"202,982",17001087
"260,036",1,47.0,1.0,Passenger car,1,"100,811",True,WHITE,1.0,MALE,"202,997",17001095
"260,053",1,52.0,2.0,Passenger car,1,"100,820",True,HISPANIC,1.0,MALE,"203,014",17001115
"260,122",1,50.0,1.0,Large passenger vehicle,2,"100,855",True,WHITE,2.0,FEMALE,"203,085",17001230
"260,230",1,24.0,3.0,E-scooter,11,"100,910",True,BLACK,1.0,MALE,"203,198",17003568
"260,594",1,32.0,1.0,Motorcycle,3,"101,101",True,WHITE,1.0,MALE,"203,596",17007394
"260,725",1,21.0,1.0,Bicycle,5,"101,164",True,WHITE,2.0,FEMALE,"203,731",17007714
"261,061",1,31.0,2.0,Passenger car,1,"101,332",True,HISPANIC,2.0,FEMALE,"204,087",17012491
"261,337",1,58.0,4.0,Passenger car,1,"101,473",True,ASIAN,2.0,FEMALE,"204,384",17014269
"261,376",4,86.0,1.0,Large passenger vehicle,2,"101,495",True,WHITE,1.0,MALE,"204,425",17014325
"261,948",1,40.0,1.0,Passenger car,1,"101,796",True,WHITE,2.0,FEMALE,"205,038",17020866
"262,063",1,34.0,1.0,Passenger car,1,"101,855",True,WHITE,1.0,MALE,"205,162",17021084
"262,350",4,19.0,2.0,Passenger car,1,"102,009",True,HISPANIC,1.0,MALE,"205,484",17025047
"262,354",4,70.0,1.0,Passenger car,1,"102,010",True,WHITE,1.0,MALE,"205,488",17025171
"262,444",1,28.0,2.0,Passenger car,1,"102,060",True,HISPANIC,1.0,MALE,"205,588",17026550
"262,449",4,55.0,0.0,Pedestrian,7,"102,063",True,UNKNOWN,1.0,MALE,"205,593",17026555
"262,585",1,11.0,2.0,Pedestrian,7,"102,130",True,HISPANIC,2.0,FEMALE,"205,738",17026818
"262,597",1,21.0,1.0,Motorcycle,3,"102,137",True,WHITE,1.0,MALE,"205,750",17026825
"262,638",1,40.0,1.0,Passenger car,1,"102,160",True,WHITE,2.0,FEMALE,"205,793",17026879
"263,414",1,82.0,1.0,Passenger car,1,"102,574",True,WHITE,2.0,FEMALE,"206,626",17037886
"263,443",1,17.0,2.0,Large passenger vehicle,2,"102,589",True,HISPANIC,1.0,MALE,"206,662",17038504
"263,558",1,29.0,2.0,Passenger car,1,"102,644",True,HISPANIC,1.0,MALE,"206,780",17038705
"263,591",1,22.0,2.0,Pedestrian,7,"102,660",True,HISPANIC,2.0,FEMALE,"206,813",17038763
"263,671",1,36.0,1.0,Passenger car,1,"102,695",True,WHITE,2.0,FEMALE,"206,895",17038845
"263,676",1,57.0,1.0,Passenger car,1,"102,697",True,WHITE,2.0,FEMALE,"206,901",17038847
"263,732",1,32.0,1.0,Large passenger vehicle,2,"102,723",True,WHITE,1.0,MALE,"206,958",17038920
"264,021",1,29.0,2.0,Large passenger vehicle,2,"102,870",True,HISPANIC,1.0,MALE,"207,261",17040574
"264,029",1,44.0,1.0,Large passenger vehicle,2,"102,875",True,WHITE,1.0,MALE,"207,270",17040625
"264,030",1,59.0,1.0,Passenger car,1,"102,875",True,WHITE,1.0,MALE,"207,271",17040625
"264,038",1,41.0,2.0,Large passenger vehicle,2,"102,880",True,HISPANIC,1.0,MALE,"207,279",17040649
"264,180",1,51.0,1.0,Passenger car,1,"102,954",True,WHITE,2.0,FEMALE,"207,432",17043141
"264,220",1,43.0,3.0,Passenger car,1,"102,975",True,BLACK,1.0,MALE,"207,474",17043180
"264,330",1,31.0,1.0,Passenger car,1,"103,036",True,WHITE,2.0,FEMALE,"207,593",17045465
"264,331",1,53.0,1.0,Passenger car,1,"103,036",True,WHITE,1.0,MALE,"207,594",17045465
"264,402",1,29.0,1.0,Passenger car,1,"103,074",True,WHITE,2.0,FEMALE,"207,669",17045658
"264,858",1,55.0,1.0,Pedestrian,7,"103,319",True,WHITE,1.0,MALE,"208,147",17052210
"264,862",4,77.0,2.0,Passenger car,1,"103,321",True,HISPANIC,2.0,FEMALE,"208,151",17052213
"264,885",1,57.0,2.0,Large passenger vehicle,2,"103,335",True,HISPANIC,2.0,FEMALE,"208,178",17052238
"265,070",1,85.0,4.0,Passenger car,1,"103,437",True,ASIAN,1.0,MALE,"208,376",17052576
"265,071",1,27.0,2.0,Passenger car,1,"103,437",True,HISPANIC,1.0,MALE,"208,377",17052576
"265,079",1,47.0,3.0,Motorcycle,3,"103,441",True,BLACK,1.0,MALE,"208,385",17052582
"265,090",1,45.0,1.0,Large passenger vehicle,2,"103,446",True,WHITE,2.0,FEMALE,"208,396",17052587
"265,148",1,44.0,1.0,Pedestrian,7,"103,478",True,WHITE,1.0,MALE,"208,458",17052643
"265,437",4,52.0,1.0,Pedestrian,7,"103,631",True,WHITE,1.0,MALE,"208,774",17056446
"265,598",1,21.0,2.0,Passenger car,1,"103,724",True,HISPANIC,1.0,MALE,"208,945",17058822
"265,599",1,41.0,1.0,Passenger car,1,"103,724",True,WHITE,1.0,MALE,"208,946",17058822
"265,920",1,63.0,3.0,Pedestrian,7,"103,879",True,BLACK,2.0,FEMALE,"209,284",17061454
"265,944",1,24.0,2.0,Large passenger vehicle,2,"103,891",True,HISPANIC,2.0,FEMALE,"209,310",17061470
"266,163",1,39.0,2.0,Passenger car,1,"104,013",True,HISPANIC,2.0,FEMALE,"209,545",17064989
"266,237",1,17.0,1.0,Passenger car,1,"104,047",True,WHITE,1.0,MALE,"209,619",17065148
"266,283",1,32.0,2.0,Bicycle,5,"104,069",True,HISPANIC,1.0,MALE,"209,667",17065229
"266,284",1,22.0,2.0,Passenger car,1,"104,070",True,HISPANIC,2.0,FEMALE,"209,668",17065230
"266,321",4,26.0,2.0,Passenger car,1,"104,091",True,HISPANIC,2.0,FEMALE,"209,707",17065274
"266,512",4,21.0,1.0,Passenger car,1,"104,190",True,WHITE,1.0,MALE,"209,910",17067872
"266,549",1,36.0,2.0,Pedestrian,7,"104,206",True,HISPANIC,2.0,FEMALE,"209,948",17067924
"266,579",1,57.0,1.0,Pedestrian,7,"104,220",True,WHITE,1.0,MALE,"209,979",17067938
"266,593",1,62.0,1.0,Bicycle,5,"104,228",True,WHITE,1.0,MALE,"209,994",17067980
"266,905",1,69.0,2.0,Large passenger vehicle,2,"104,385",True,HISPANIC,1.0,MALE,"210,323",17071677
"266,982",1,78.0,2.0,Pedestrian,7,"104,422",True,HISPANIC,2.0,FEMALE,"210,405",17071777
"267,106",4,52.0,3.0,Passenger car,1,"104,487",True,BLACK,1.0,MALE,"210,538",17073556
"267,566",1,60.0,2.0,Motorcycle,3,"104,719",True,HISPANIC,1.0,MALE,"211,023",17079192
"267,578",1,38.0,2.0,Large passenger vehicle,2,"104,724",True,HISPANIC,1.0,MALE,"211,035",17079245
"267,743",1,34.0,2.0,Passenger car,1,"104,807",True,HISPANIC,2.0,FEMALE,"211,211",17081757
"267,878",4,15.0,2.0,Pedestrian,7,"104,876",True,HISPANIC,1.0,MALE,"211,358",17083241
"267,897",1,28.0,2.0,Large passenger vehicle,2,"104,884",True,HISPANIC,2.0,FEMALE,"211,378",17083280
"268,066",4,64.0,3.0,Passenger car,1,"104,972",True,BLACK,1.0,MALE,"211,561",17083904
"268,075",1,23.0,2.0,Passenger car,1,"104,978",True,HISPANIC,1.0,MALE,"211,576",17083911
"268,657",1,32.0,1.0,Pedestrian,7,"105,277",True,WHITE,1.0,MALE,"212,205",17091813
"268,686",1,,2.0,Pedestrian,7,"105,293",True,HISPANIC,1.0,MALE,"212,235",17092249
"268,763",1,22.0,2.0,Large passenger vehicle,2,"105,331",True,HISPANIC,1.0,MALE,"212,318",17092326
"268,772",1,29.0,2.0,Motorcycle,3,"105,335",True,HISPANIC,1.0,MALE,"212,330",17092342
"268,781",1,61.0,1.0,Motorcycle,3,"105,340",True,WHITE,2.0,FEMALE,"212,339",17092347
"268,883",1,28.0,2.0,Large passenger vehicle,2,"105,391",True,HISPANIC,2.0,FEMALE,"212,444",17092429
"268,959",1,34.0,2.0,Large passenger vehicle,2,"105,434",True,HISPANIC,1.0,MALE,"212,531",17092493
"269,469",1,40.0,2.0,Large passenger vehicle,2,"105,699",True,HISPANIC,2.0,FEMALE,"213,083",17098901
"269,551",1,48.0,0.0,Large passenger vehicle,2,"105,741",True,UNKNOWN,1.0,MALE,"213,170",17099021
"269,790",1,50.0,2.0,Large passenger vehicle,2,"105,873",True,HISPANIC,2.0,FEMALE,"213,427",17102867
"269,791",1,26.0,3.0,Large passenger vehicle,2,"105,873",True,BLACK,1.0,MALE,"213,428",17102867
"269,876",1,42.0,1.0,Large passenger vehicle,2,"105,916",True,WHITE,1.0,MALE,"213,519",17103781
"270,058",4,69.0,4.0,Passenger car,1,"106,011",True,ASIAN,1.0,MALE,"213,714",17106145
"270,061",4,46.0,3.0,Pedestrian,7,"106,012",True,BLACK,1.0,MALE,"213,717",17106146
"270,064",4,,2.0,Pedestrian,7,"106,014",True,HISPANIC,1.0,MALE,"213,720",17106148
"270,149",4,23.0,2.0,Large passenger vehicle,2,"106,058",True,HISPANIC,1.0,MALE,"213,807",17106633
"270,239",1,47.0,3.0,Passenger car,1,"106,108",True,BLACK,1.0,MALE,"213,907",17108303
"270,456",4,40.0,3.0,Large passenger vehicle,2,"106,216",True,BLACK,1.0,MALE,"214,138",17111382
"270,478",1,38.0,1.0,Bicycle,5,"106,227",True,WHITE,1.0,MALE,"214,161",17111394
"270,530",1,46.0,2.0,Large passenger vehicle,2,"106,252",True,HISPANIC,1.0,MALE,"214,217",17111470
"270,973",1,18.0,1.0,E-scooter,11,"106,479",True,WHITE,1.0,MALE,"214,706",17119022
"271,025",1,25.0,2.0,Passenger car,1,"106,505",True,HISPANIC,2.0,FEMALE,"214,761",17119094
"271,115",1,39.0,1.0,Pedestrian,7,"106,549",True,WHITE,2.0,FEMALE,"214,859",17119230
"271,167",1,52.0,2.0,Pedestrian,7,"106,575",True,HISPANIC,1.0,MALE,"214,914",17119329
"271,171",1,27.0,1.0,Pedestrian,7,"106,577",True,WHITE,2.0,FEMALE,"214,918",17119331
"271,181",1,38.0,1.0,Passenger car,1,"106,583",True,WHITE,1.0,MALE,"214,930",17119337
"271,361",1,18.0,2.0,Passenger car,1,"106,680",True,HISPANIC,2.0,FEMALE,"215,118",17121416
"271,410",1,79.0,1.0,Passenger car,1,"106,704",True,WHITE,2.0,FEMALE,"215,170",17121489
"271,735",4,42.0,2.0,Large passenger vehicle,2,"106,877",True,HISPANIC,1.0,MALE,"215,519",17127192
"271,742",4,53.0,1.0,Motorcycle,3,"106,881",True,WHITE,1.0,MALE,"215,526",17127196
"271,830",1,56.0,1.0,Passenger car,1,"106,928",True,WHITE,2.0,FEMALE,"215,623",17127372
"271,945",1,21.0,2.0,Motorcycle,3,"106,985",True,HISPANIC,1.0,MALE,"215,742",17127499
"272,008",1,67.0,1.0,Large passenger vehicle,2,"107,019",True,WHITE,1.0,MALE,"215,808",17128120
"272,009",1,22.0,3.0,Passenger car,1,"107,019",True,BLACK,2.0,FEMALE,"215,809",17128120
"272,389",1,20.0,2.0,Large passenger vehicle,2,"107,226",True,HISPANIC,1.0,MALE,"216,206",17132427
"272,390",1,36.0,2.0,Passenger car,1,"107,227",True,HISPANIC,1.0,MALE,"216,207",17132428
"272,615",1,49.0,1.0,Large passenger vehicle,2,"107,348",True,WHITE,2.0,FEMALE,"216,452",17135610
"272,694",1,63.0,1.0,Pedestrian,7,"107,388",True,WHITE,1.0,MALE,"216,535",17135708
"272,837",1,26.0,1.0,Passenger car,1,"107,461",True,WHITE,2.0,FEMALE,"216,688",17136947
"273,023",1,54.0,1.0,Bicycle,5,"107,555",True,WHITE,2.0,FEMALE,"216,888",17138276
"273,104",1,62.0,1.0,Bicycle,5,"107,602",True,WHITE,1.0,MALE,"216,981",17139932
"273,199",1,27.0,2.0,Large passenger vehicle,2,"107,647",True,HISPANIC,1.0,MALE,"217,083",17140242
"273,237",1,34.0,2.0,Passenger car,1,"107,668",True,HISPANIC,1.0,MALE,"217,124",17140298
"273,475",1,27.0,1.0,Motorcycle,3,"107,801",True,WHITE,1.0,MALE,"217,377",17143911
"273,624",1,29.0,4.0,Motor vehicle – other,4,"107,877",True,ASIAN,1.0,MALE,"217,536",17144093
"273,651",1,19.0,2.0,Passenger car,1,"107,893",True,HISPANIC,1.0,MALE,"217,567",17144110
"273,762",1,60.0,1.0,Passenger car,1,"107,954",True,WHITE,2.0,FEMALE,"217,682",17145678
"274,326",1,22.0,1.0,Motorcycle,3,"108,245",True,WHITE,1.0,MALE,"218,274",17150449
"274,470",1,46.0,1.0,Passenger car,1,"108,316",True,WHITE,1.0,MALE,"218,427",17152302
"274,472",1,57.0,3.0,Large passenger vehicle,2,"108,316",True,BLACK,1.0,MALE,"218,429",17152302
"274,590",1,85.0,1.0,Pedestrian,7,"108,379",True,WHITE,2.0,FEMALE,"218,554",17153610
"274,872",1,20.0,2.0,Large passenger vehicle,2,"108,536",True,HISPANIC,2.0,FEMALE,"218,857",17158710
"274,961",1,,1.0,Motorcycle,3,"108,583",True,WHITE,1.0,MALE,"218,950",17158808
"275,012",4,31.0,1.0,Motorcycle,3,"108,611",True,WHITE,1.0,MALE,"219,002",17158908
"275,015",1,28.0,1.0,Pedestrian,7,"108,613",True,WHITE,2.0,FEMALE,"219,005",17158910
"275,167",1,53.0,1.0,Motorcycle,3,"108,699",True,WHITE,1.0,MALE,"219,164",17159095
"275,178",1,21.0,3.0,Large passenger vehicle,2,"108,705",True,BLACK,2.0,FEMALE,"219,175",17159134
"275,187",1,34.0,4.0,Large passenger vehicle,2,"108,710",True,ASIAN,2.0,FEMALE,"219,185",17159140
"275,514",4,35.0,3.0,Passenger car,1,"108,884",True,BLACK,1.0,MALE,"219,539",17164216
"275,587",1,50.0,1.0,Motorcycle,3,"108,924",True,WHITE,1.0,MALE,"219,614",17164306
"276,065",1,32.0,1.0,Pedestrian,7,"109,178",True,WHITE,2.0,FEMALE,"220,130",17168805
"276,068",1,20.0,5.0,Pedestrian,7,"109,180",True,OTHER,1.0,MALE,"220,138",17168807
"276,086",1,21.0,5.0,Passenger car,1,"109,190",True,OTHER,2.0,FEMALE,"220,158",17168817
"276,090",1,24.0,2.0,Passenger car,1,"109,192",True,HISPANIC,2.0,FEMALE,"220,162",17168819
"276,147",1,61.0,1.0,Pedestrian,7,"109,226",True,WHITE,2.0,FEMALE,"220,225",17169349
"276,263",4,49.0,0.0,Pedestrian,7,"109,286",True,UNKNOWN,1.0,MALE,"220,356",17170695
"276,269",1,73.0,1.0,Passenger car,1,"109,289",True,WHITE,1.0,MALE,"220,362",17170701
"276,444",1,61.0,1.0,Passenger car,1,"109,376",True,WHITE,2.0,FEMALE,"220,545",17172246
"276,740",1,17.0,2.0,Large passenger vehicle,2,"109,530",True,HISPANIC,1.0,MALE,"220,857",17176059
"276,918",1,60.0,1.0,Motorcycle,3,"109,627",True,WHITE,1.0,MALE,"221,056",17179389
"277,094",1,35.0,1.0,Passenger car,1,"109,719",True,WHITE,1.0,MALE,"221,242",17180259
"277,102",1,50.0,2.0,Large passenger vehicle,2,"109,722",True,HISPANIC,1.0,MALE,"221,250",17180262
"277,227",1,38.0,1.0,Passenger car,1,"109,790",True,WHITE,2.0,FEMALE,"221,379",17180473
"277,240",1,31.0,2.0,Passenger car,1,"109,796",True,HISPANIC,1.0,MALE,"221,392",17180479
"277,252",1,33.0,2.0,Bicycle,5,"109,802",True,HISPANIC,1.0,MALE,"221,404",17180529
"277,390",1,27.0,3.0,Motorcycle,3,"109,874",True,BLACK,1.0,MALE,"221,547",17183135
"277,574",1,29.0,3.0,Passenger car,1,"109,971",True,BLACK,1.0,MALE,"221,741",17184121
"277,586",1,32.0,1.0,Pedestrian,7,"109,977",True,WHITE,1.0,MALE,"221,755",17184127
"277,599",1,26.0,1.0,Motorcycle,3,"109,984",True,WHITE,1.0,MALE,"221,769",17184135
"277,672",1,34.0,1.0,Pedestrian,7,"110,021",True,WHITE,2.0,FEMALE,"221,845",17184902
"277,719",1,50.0,2.0,Pedestrian,7,"110,043",True,HISPANIC,1.0,MALE,"221,894",17184942
"277,836",4,43.0,1.0,Pedestrian,7,"110,106",True,WHITE,1.0,MALE,"222,018",17186952
"277,981",1,57.0,1.0,Large passenger vehicle,2,"110,183",True,WHITE,1.0,MALE,"222,169",17188005
"278,243",1,59.0,1.0,Passenger car,1,"110,315",True,WHITE,2.0,FEMALE,"222,456",17191788
"278,305",1,42.0,1.0,Large passenger vehicle,2,"110,344",True,WHITE,1.0,MALE,"222,518",17191844
"278,363",1,54.0,2.0,Pedestrian,7,"110,376",True,HISPANIC,1.0,MALE,"222,585",17192009
"278,390",1,28.0,3.0,Large passenger vehicle,2,"110,391",True,BLACK,2.0,FEMALE,"222,614",17192032
"278,572",1,47.0,3.0,Passenger car,1,"110,482",True,BLACK,1.0,MALE,"222,799",17193914
"278,573",4,38.0,1.0,Motorcycle,3,"110,483",True,WHITE,1.0,MALE,"222,800",17193915
"278,626",1,40.0,5.0,Passenger car,1,"110,513",True,OTHER,2.0,FEMALE,"222,858",17195076
"278,633",1,23.0,1.0,Motorcycle,3,"110,517",True,WHITE,1.0,MALE,"222,867",17195080
"278,634",1,74.0,1.0,Passenger car,1,"110,518",True,WHITE,2.0,FEMALE,"222,868",17195081
"279,108",1,24.0,2.0,Motorcycle,3,"110,767",True,HISPANIC,1.0,MALE,"223,373",17199865
"279,123",4,56.0,1.0,Pedestrian,7,"110,773",True,WHITE,1.0,MALE,"223,389",17199876
"279,129",1,47.0,4.0,E-scooter,11,"110,776",True,ASIAN,1.0,MALE,"223,395",17199879
"279,141",1,39.0,1.0,Passenger car,1,"110,784",True,WHITE,1.0,MALE,"223,408",17199897
"279,481",1,27.0,1.0,Motorcycle,3,"110,958",True,WHITE,1.0,MALE,"223,767",17202931
"279,562",1,50.0,2.0,Passenger car,1,"111,002",True,HISPANIC,1.0,MALE,"223,853",17203046
"279,724",4,24.0,1.0,Pedestrian,7,"111,090",True,WHITE,1.0,MALE,"224,028",17207022
"279,824",1,18.0,3.0,Passenger car,1,"111,139",True,BLACK,2.0,FEMALE,"224,137",17207112
"279,874",1,65.0,1.0,Large passenger vehicle,2,"111,166",True,WHITE,2.0,FEMALE,"224,190",17207179
"280,111",1,28.0,3.0,Motorcycle,3,"111,288",True,BLACK,1.0,MALE,"224,441",17209482
"280,238",4,28.0,3.0,Pedestrian,7,"111,355",True,BLACK,1.0,MALE,"224,576",17210555
"280,311",1,62.0,4.0,Passenger car,1,"111,395",True,ASIAN,2.0,FEMALE,"224,657",17210700
"280,313",1,39.0,0.0,Large passenger vehicle,2,"111,395",True,UNKNOWN,1.0,MALE,"224,659",17210700
"280,357",1,53.0,2.0,Pedestrian,7,"111,420",True,HISPANIC,2.0,FEMALE,"224,711",17211254
"280,387",1,32.0,1.0,Passenger car,1,"111,436",True,WHITE,1.0,MALE,"224,742",17211614
"280,665",1,54.0,1.0,Passenger car,1,"111,580",True,WHITE,1.0,MALE,"225,033",17215522
"280,667",1,25.0,3.0,Passenger car,1,"111,581",True,BLACK,1.0,MALE,"225,035",17215523
"280,671",1,33.0,1.0,Pedestrian,7,"111,583",True,WHITE,1.0,MALE,"225,039",17215525
"280,743",1,41.0,4.0,Motorcycle,3,"111,621",True,ASIAN,1.0,MALE,"225,119",17215607
"280,813",4,45.0,1.0,Pedestrian,7,"111,656",True,WHITE,1.0,MALE,"225,191",17215738
"281,471",4,36.0,1.0,Motorcycle,3,"112,006",True,WHITE,1.0,MALE,"225,889",17222972
"281,493",1,31.0,1.0,Motorcycle,3,"112,018",True,WHITE,1.0,MALE,"225,912",17223020
"281,559",1,31.0,1.0,Motorcycle,3,"112,052",True,WHITE,1.0,MALE,"225,983",17223111
"281,837",1,46.0,1.0,Motorcycle,3,"112,202",True,WHITE,1.0,MALE,"226,281",17226816
"281,843",1,28.0,1.0,Large passenger vehicle,2,"112,206",True,WHITE,2.0,FEMALE,"226,287",17226820
"281,844",1,21.0,2.0,Passenger car,1,"112,206",True,HISPANIC,2.0,FEMALE,"226,288",17226820
"281,845",1,54.0,1.0,Pedestrian,7,"112,206",True,WHITE,1.0,MALE,"226,289",17226820
"281,880",1,26.0,3.0,Pedestrian,7,"112,223",True,BLACK,1.0,MALE,"226,328",17226854
"282,106",1,44.0,1.0,Passenger car,1,"112,336",True,WHITE,2.0,FEMALE,"226,569",17227164
"282,446",4,54.0,1.0,Pedestrian,7,"112,510",True,WHITE,1.0,MALE,"226,936",17230663
"282,895",1,28.0,1.0,Passenger car,1,"112,740",True,WHITE,1.0,MALE,"227,419",17235587
"282,938",1,25.0,1.0,Passenger car,1,"112,758",True,WHITE,1.0,MALE,"227,463",17235608
"282,948",4,25.0,3.0,Pedestrian,7,"112,763",True,BLACK,1.0,MALE,"227,474",17235662
"283,505",1,25.0,3.0,Pedestrian,7,"113,044",True,BLACK,1.0,MALE,"228,080",17241428
"283,589",1,43.0,2.0,Large passenger vehicle,2,"113,087",True,HISPANIC,1.0,MALE,"228,169",17242129
"283,616",1,34.0,1.0,Large passenger vehicle,2,"113,102",True,WHITE,2.0,FEMALE,"228,197",17242146
"283,619",4,47.0,3.0,Large passenger vehicle,2,"113,104",True,BLACK,1.0,MALE,"228,200",17242148
"283,986",1,51.0,1.0,Pedestrian,7,"113,290",True,WHITE,1.0,MALE,"228,589",17245607
"284,224",1,27.0,3.0,Passenger car,1,"113,413",True,BLACK,2.0,FEMALE,"228,838",17248274
"284,290",1,57.0,2.0,Passenger car,1,"113,448",True,HISPANIC,1.0,MALE,"228,910",17248333
"284,687",1,47.0,3.0,Large passenger vehicle,2,"113,659",True,BLACK,1.0,MALE,"229,335",17253962
"284,778",1,36.0,1.0,Passenger car,1,"113,703",True,WHITE,2.0,FEMALE,"229,430",17254040
"284,819",1,26.0,5.0,Passenger car,1,"113,723",True,OTHER,1.0,MALE,"229,472",17254112
"284,833",1,50.0,1.0,Motorcycle,3,"113,733",True,WHITE,1.0,MALE,"229,487",17254125
"284,840",1,21.0,2.0,Passenger car,1,"113,738",True,HISPANIC,1.0,MALE,"229,494",17254130
"284,888",1,47.0,1.0,Bicycle,5,"113,763",True,WHITE,1.0,MALE,"229,543",17254212
"284,919",4,36.0,3.0,Motorcycle,3,"113,781",True,BLACK,1.0,MALE,"229,576",17254522
"285,154",1,46.0,2.0,Large passenger vehicle,2,"113,894",True,HISPANIC,2.0,FEMALE,"229,825",17258561
"285,201",1,25.0,1.0,Passenger car,1,"113,919",True,WHITE,2.0,FEMALE,"229,877",17258639
"285,290",1,38.0,2.0,Passenger car,1,"113,961",True,HISPANIC,2.0,FEMALE,"229,967",17258762
"285,876",4,36.0,3.0,Bicycle,5,"114,267",True,BLACK,1.0,MALE,"230,586",17267199
"285,888",1,51.0,2.0,Passenger car,1,"114,273",True,HISPANIC,1.0,MALE,"230,599",17267206
"285,972",1,47.0,1.0,Pedestrian,7,"114,311",True,WHITE,1.0,MALE,"230,685",17267315
"286,057",1,22.0,1.0,Motorcycle,3,"114,352",True,WHITE,1.0,MALE,"230,773",17267411
"286,093",1,22.0,1.0,Passenger car,1,"114,372",True,WHITE,2.0,FEMALE,"230,815",17267511
"286,096",1,37.0,2.0,Passenger car,1,"114,374",True,HISPANIC,1.0,MALE,"230,818",17267513
"286,108",1,43.0,1.0,Motor vehicle – other,4,"114,380",True,WHITE,1.0,MALE,"230,831",17267519
"286,142",1,25.0,2.0,E-scooter,11,"114,399",True,HISPANIC,1.0,MALE,"230,868",17267658
"286,162",1,28.0,4.0,Motorcycle,3,"114,411",True,ASIAN,2.0,FEMALE,"230,888",17267716
"286,165",1,21.0,0.0,Passenger car,1,"114,412",True,UNKNOWN,1.0,MALE,"230,891",17267718
"286,191",4,54.0,2.0,Passenger car,1,"114,424",True,HISPANIC,1.0,MALE,"230,918",17267744
"286,229",1,24.0,2.0,Passenger car,1,"114,443",True,HISPANIC,1.0,MALE,"230,962",17267816
"286,285",1,54.0,1.0,E-scooter,11,"114,469",True,WHITE,1.0,MALE,"231,020",17267912
"286,398",1,33.0,2.0,Motorcycle,3,"114,528",True,HISPANIC,1.0,MALE,"231,144",17269974
"286,426",4,25.0,2.0,Motorcycle,3,"114,541",True,HISPANIC,1.0,MALE,"231,174",17270689
"286,428",4,30.0,2.0,Pedestrian,7,"114,542",True,HISPANIC,1.0,MALE,"231,177",17270690
"286,429",1,50.0,3.0,Passenger car,1,"114,543",True,BLACK,2.0,FEMALE,"231,178",17270691
"286,449",1,67.0,1.0,Motorcycle,3,"114,553",True,WHITE,1.0,MALE,"231,200",17270708
"286,512",1,26.0,3.0,Passenger car,1,"114,585",True,BLACK,1.0,MALE,"231,270",17270863
"286,977",1,29.0,3.0,Motorcycle,3,"114,822",True,BLACK,1.0,MALE,"231,753",17276061
"287,022",1,54.0,2.0,Motorcycle,3,"114,844",True,HISPANIC,1.0,MALE,"231,799",17276149
"287,031",1,59.0,2.0,Motorcycle,3,"114,848",True,HISPANIC,1.0,MALE,"231,808",17276153
"287,032",1,48.0,2.0,Motorcycle,3,"114,848",True,HISPANIC,1.0,MALE,"231,809",17276153
"287,145",1,37.0,1.0,Large passenger vehicle,2,"114,907",True,WHITE,1.0,MALE,"231,931",17276429
"287,248",1,40.0,2.0,Passenger car,1,"114,964",True,HISPANIC,2.0,FEMALE,"232,039",17278135
"287,660",1,20.0,1.0,Passenger car,1,"115,165",True,WHITE,2.0,FEMALE,"232,476",17282008
"287,790",4,52.0,3.0,Pedestrian,7,"115,229",True,BLACK,1.0,MALE,"232,610",17283417
"288,283",4,54.0,1.0,Motorcycle,3,"115,487",True,WHITE,1.0,MALE,"233,141",17290420
"288,320",1,34.0,2.0,Large passenger vehicle,2,"115,503",True,HISPANIC,2.0,FEMALE,"233,181",17290436
"288,363",1,24.0,1.0,Pedestrian,7,"115,525",True,WHITE,1.0,MALE,"233,228",17290511
"288,476",1,51.0,1.0,Bicycle,5,"115,586",True,WHITE,1.0,MALE,"233,351",17290668
"288,477",1,38.0,1.0,Passenger car,1,"115,587",True,WHITE,2.0,FEMALE,"233,352",17290669
"288,478",1,21.0,2.0,Passenger car,1,"115,587",True,HISPANIC,1.0,MALE,"233,353",17290669
"288,543",4,42.0,2.0,Pedestrian,7,"115,618",True,HISPANIC,1.0,MALE,"233,422",17291490
"288,776",1,64.0,1.0,Motorcycle,3,"115,737",True,WHITE,1.0,MALE,"233,669",17293952
"288,906",4,41.0,1.0,Motorcycle,3,"115,806",True,WHITE,1.0,MALE,"233,807",17296079
"288,974",1,65.0,2.0,Pedestrian,7,"115,840",True,HISPANIC,2.0,FEMALE,"233,876",17296188
"289,087",1,55.0,2.0,Pedestrian,7,"115,893",True,HISPANIC,2.0,FEMALE,"233,994",17296471
"289,540",1,50.0,1.0,Motorcycle,3,"116,133",True,WHITE,1.0,MALE,"234,485",17303223
"289,590",1,72.0,1.0,Passenger car,1,"116,156",True,WHITE,2.0,FEMALE,"234,536",17303411
"289,640",1,36.0,3.0,Passenger car,1,"116,183",True,BLACK,2.0,FEMALE,"234,588",17303534
"289,790",1,46.0,3.0,Pedestrian,7,"116,260",True,BLACK,1.0,MALE,"234,750",17303784
"289,919",1,29.0,0.0,Passenger car,1,"116,323",True,UNKNOWN,1.0,MALE,"234,884",17303909
"290,137",4,26.0,1.0,Pedestrian,7,"116,437",True,WHITE,1.0,MALE,"235,131",17307372
"290,171",1,44.0,1.0,Passenger car,1,"116,455",True,WHITE,2.0,FEMALE,"235,165",17307413
"290,183",1,37.0,2.0,Large passenger vehicle,2,"116,461",True,HISPANIC,1.0,MALE,"235,178",17307421
"290,217",1,39.0,2.0,Pedestrian,7,"116,477",True,HISPANIC,1.0,MALE,"235,213",17307464
"290,357",4,24.0,2.0,Passenger car,1,"116,549",True,HISPANIC,1.0,MALE,"235,357",17309090
"290,378",1,53.0,1.0,Pedestrian,7,"116,560",True,WHITE,2.0,FEMALE,"235,379",17309169
"290,382",1,49.0,3.0,Passenger car,1,"116,562",True,BLACK,2.0,FEMALE,"235,383",17309171
"290,417",1,40.0,3.0,Passenger car,1,"116,577",True,BLACK,1.0,MALE,"235,419",17309196
"290,913",1,33.0,3.0,Bicycle,5,"116,845",True,BLACK,1.0,MALE,"235,948",17316284
"290,938",1,34.0,2.0,Large passenger vehicle,2,"116,860",True,HISPANIC,2.0,FEMALE,"235,975",17316367
"291,012",1,11.0,2.0,Pedestrian,7,"116,894",True,HISPANIC,2.0,FEMALE,"236,053",17316481
"291,098",1,23.0,2.0,Passenger car,1,"116,938",True,HISPANIC,1.0,MALE,"236,145",17316634
"291,106",1,19.0,2.0,Passenger car,1,"116,941",True,HISPANIC,2.0,FEMALE,"236,153",17316641
"291,114",1,40.0,3.0,Passenger car,1,"116,945",True,BLACK,2.0,FEMALE,"236,161",17316645
"291,189",1,33.0,3.0,E-scooter,11,"116,985",True,BLACK,1.0,MALE,"236,237",17316825
"291,767",4,19.0,2.0,Passenger car,1,"117,286",True,HISPANIC,1.0,MALE,"236,861",17325018
"292,313",4,15.0,3.0,Pedestrian,7,"117,562",True,BLACK,1.0,MALE,"237,436",17330230
"292,333",1,24.0,2.0,Passenger car,1,"117,571",True,HISPANIC,2.0,FEMALE,"237,456",17330243
"292,334",1,63.0,1.0,Passenger car,1,"117,571",True,WHITE,1.0,MALE,"237,457",17330243
"292,404",1,19.0,2.0,Passenger car,1,"117,609",True,HISPANIC,1.0,MALE,"237,536",17330295
"292,440",1,24.0,2.0,Passenger car,1,"117,625",True,HISPANIC,1.0,MALE,"237,573",17330317
"292,454",1,15.0,3.0,Passenger car,1,"117,632",True,BLACK,1.0,MALE,"237,588",17330324
"293,237",1,23.0,3.0,Passenger car,1,"118,032",True,BLACK,1.0,MALE,"238,408",17336998
"293,307",1,45.0,2.0,E-scooter,11,"118,067",True,HISPANIC,1.0,MALE,"238,480",17337327
"293,660",1,36.0,3.0,Passenger car,1,"118,262",True,BLACK,2.0,FEMALE,"238,860",17343234
"293,675",1,75.0,1.0,Passenger car,1,"118,269",True,WHITE,2.0,FEMALE,"238,875",17343241
"293,752",1,81.0,1.0,Pedestrian,7,"118,307",True,WHITE,2.0,FEMALE,"238,952",17343324
"293,758",4,23.0,2.0,Pedestrian,7,"118,311",True,HISPANIC,1.0,MALE,"238,959",17343328
"293,938",1,39.0,1.0,Passenger car,1,"118,410",True,WHITE,2.0,FEMALE,"239,154",17346389
"294,082",1,34.0,2.0,Passenger car,1,"118,478",True,HISPANIC,2.0,FEMALE,"239,302",17346704
"294,525",1,20.0,1.0,Pedestrian,7,"118,709",True,WHITE,1.0,MALE,"239,779",17351323
"294,863",1,21.0,2.0,Passenger car,1,"118,890",True,HISPANIC,1.0,MALE,"240,136",17354781
"294,864",1,36.0,2.0,Large passenger vehicle,2,"118,890",True,HISPANIC,2.0,FEMALE,"240,137",17354781
"294,867",1,34.0,2.0,Large passenger vehicle,2,"118,892",True,HISPANIC,2.0,FEMALE,"240,140",17354783
"294,873",1,34.0,2.0,Passenger car,1,"118,895",True,HISPANIC,2.0,FEMALE,"240,149",17354786
"294,957",1,23.0,5.0,Passenger car,1,"118,936",True,OTHER,2.0,FEMALE,"240,240",17354907
"295,000",1,38.0,1.0,Motorcycle,3,"118,957",True,WHITE,1.0,MALE,"240,287",17354928
"295,014",1,34.0,3.0,Large passenger vehicle,2,"118,965",True,BLACK,2.0,FEMALE,"240,301",17354988
"295,352",1,26.0,1.0,Motorcycle,3,"119,138",True,WHITE,1.0,MALE,"240,652",17357266
"295,575",1,36.0,1.0,Pedestrian,7,"119,255",True,WHITE,2.0,FEMALE,"240,887",17359020
"295,594",1,19.0,2.0,Passenger car,1,"119,265",True,HISPANIC,1.0,MALE,"240,906",17359078
"295,878",1,50.0,2.0,Passenger car,1,"119,414",True,HISPANIC,2.0,FEMALE,"241,205",17362977
"295,938",1,47.0,2.0,Bicycle,5,"119,440",True,HISPANIC,1.0,MALE,"241,271",17363044
"296,043",1,31.0,4.0,Passenger car,1,"119,497",True,ASIAN,1.0,MALE,"241,379",17363349
"296,074",4,58.0,2.0,Pedestrian,7,"119,515",True,HISPANIC,1.0,MALE,"241,413",17364375
"296,338",1,16.0,1.0,Pedestrian,7,"119,658",True,WHITE,1.0,MALE,"241,696",17368348
"296,669",1,50.0,1.0,Passenger car,1,"119,829",True,WHITE,1.0,MALE,"242,051",17371993
"296,723",1,51.0,1.0,Large passenger vehicle,2,"119,855",True,WHITE,2.0,FEMALE,"242,108",17372091
"296,798",4,30.0,2.0,Passenger car,1,"119,893",True,HISPANIC,1.0,MALE,"242,185",17372492
"296,851",4,28.0,1.0,Passenger car,1,"119,926",True,WHITE,1.0,MALE,"242,241",17373279
"296,856",1,32.0,1.0,Passenger car,1,"119,929",True,WHITE,1.0,MALE,"242,247",17373284
"296,888",1,56.0,1.0,Large passenger vehicle,2,"119,945",True,WHITE,1.0,MALE,"242,279",17373301
"297,077",1,59.0,1.0,Passenger car,1,"120,045",True,WHITE,1.0,MALE,"242,483",17375950
"297,102",1,80.0,1.0,Pedestrian,7,"120,056",True,WHITE,2.0,FEMALE,"242,508",17375963
"297,339",1,20.0,3.0,Passenger car,1,"120,176",True,BLACK,2.0,FEMALE,"242,763",17378528
"297,729",1,52.0,1.0,Motorcycle,3,"120,391",True,WHITE,1.0,MALE,"243,180",17382371
"297,807",1,26.0,2.0,Pedestrian,7,"120,430",True,HISPANIC,1.0,MALE,"243,263",17382520
"297,855",1,52.0,3.0,Passenger car,1,"120,454",True,BLACK,1.0,MALE,"243,313",17382608
"297,866",1,34.0,2.0,Bicycle,5,"120,459",True,HISPANIC,1.0,MALE,"243,324",17382614
"297,983",1,50.0,1.0,Bicycle,5,"120,520",True,WHITE,1.0,MALE,"243,449",17385074
"298,360",1,40.0,2.0,Passenger car,1,"120,713",True,HISPANIC,2.0,FEMALE,"243,843",17389843
"298,402",1,57.0,3.0,Pedestrian,7,"120,736",True,BLACK,1.0,MALE,"243,891",17389934
"298,439",1,34.0,1.0,Passenger car,1,"120,754",True,WHITE,1.0,MALE,"243,930",17389959
"298,447",1,52.0,3.0,Pedestrian,7,"120,759",True,BLACK,1.0,MALE,"243,938",17390003
"298,522",4,34.0,2.0,Pedestrian,7,"120,794",True,HISPANIC,1.0,MALE,"244,020",17390057
"299,181",1,16.0,1.0,Passenger car,1,"121,146",True,WHITE,2.0,FEMALE,"244,715",17397692
"299,229",1,16.0,3.0,Pedestrian,7,"121,172",True,BLACK,2.0,FEMALE,"244,763",17397772
"299,396",1,41.0,1.0,Pedestrian,7,"121,258",True,WHITE,1.0,MALE,"244,937",17398867
"299,723",1,26.0,3.0,Passenger car,1,"121,428",True,BLACK,2.0,FEMALE,"245,283",17403268
"299,727",1,37.0,3.0,Passenger car,1,"121,430",True,BLACK,1.0,MALE,"245,287",17403270
"299,823",1,24.0,3.0,Pedestrian,7,"121,483",True,BLACK,1.0,MALE,"245,391",17403379
"300,006",1,52.0,1.0,Large passenger vehicle,2,"121,576",True,WHITE,1.0,MALE,"245,586",17405020
"300,060",1,32.0,2.0,Passenger car,1,"121,601",True,HISPANIC,2.0,FEMALE,"245,640",17405309
"300,343",4,31.0,2.0,Passenger car,1,"121,754",True,HISPANIC,1.0,MALE,"245,940",17408302
"300,345",1,38.0,1.0,Motorcycle,3,"121,755",True,WHITE,1.0,MALE,"245,942",17408303
"300,369",4,26.0,1.0,Motorcycle,3,"121,768",True,WHITE,1.0,MALE,"245,967",17408379
"300,402",1,23.0,1.0,Large passenger vehicle,2,"121,789",True,WHITE,2.0,FEMALE,"246,004",17408454
"300,410",1,24.0,2.0,Motorcycle,3,"121,794",True,HISPANIC,1.0,MALE,"246,015",17408459
"300,423",1,52.0,1.0,Passenger car,1,"121,803",True,WHITE,2.0,FEMALE,"246,029",17408943
"300,571",4,48.0,1.0,Pedestrian,7,"121,877",True,WHITE,2.0,FEMALE,"246,188",17411394
"300,687",1,34.0,2.0,Motorcycle,3,"121,937",True,HISPANIC,1.0,MALE,"246,314",17412057
"301,379",1,31.0,2.0,Pedestrian,7,"122,286",True,HISPANIC,1.0,MALE,"247,042",17418582
"301,563",1,25.0,3.0,Passenger car,1,"122,386",True,BLACK,2.0,FEMALE,"247,235",17421842
"301,568",1,67.0,3.0,Large passenger vehicle,2,"122,388",True,BLACK,1.0,MALE,"247,240",17421844
"301,659",1,24.0,3.0,Motorcycle,3,"122,434",True,BLACK,1.0,MALE,"247,334",17422005
"301,710",1,31.0,1.0,Motorcycle,3,"122,461",True,WHITE,1.0,MALE,"247,386",17422116
"301,719",1,44.0,3.0,Pedestrian,7,"122,466",True,BLACK,1.0,MALE,"247,396",17422125
"301,764",1,44.0,1.0,Motorcycle,3,"122,490",True,WHITE,1.0,MALE,"247,443",17422220
"301,914",1,26.0,2.0,Bicycle,5,"122,569",True,HISPANIC,1.0,MALE,"247,600",17424534
"302,473",1,71.0,1.0,Passenger car,1,"122,878",True,WHITE,2.0,FEMALE,"248,200",17433124
"302,703",1,49.0,2.0,Passenger car,1,"123,005",True,HISPANIC,2.0,FEMALE,"248,443",17433612
"302,829",1,66.0,1.0,Passenger car,1,"123,078",True,WHITE,1.0,MALE,"248,573",17433908
"302,887",1,54.0,3.0,Passenger car,1,"123,108",True,BLACK,2.0,FEMALE,"248,638",17434829
"302,954",4,55.0,1.0,Pedestrian,7,"123,141",True,WHITE,1.0,MALE,"248,710",17436106
"302,958",4,28.0,3.0,Motorcycle,3,"123,143",True,BLACK,1.0,MALE,"248,714",17436108
"303,257",1,39.0,5.0,Passenger car,1,"123,299",True,OTHER,1.0,MALE,"249,029",17439718
"303,859",1,48.0,3.0,Pedestrian,7,"123,609",True,BLACK,1.0,MALE,"249,668",17447775
"304,056",1,9.0,1.0,Bicycle,5,"123,711",True,WHITE,2.0,FEMALE,"249,881",17449176
"304,078",1,38.0,3.0,Passenger car,1,"123,720",True,BLACK,2.0,FEMALE,"249,903",17449185
"304,206",1,31.0,1.0,Large passenger vehicle,2,"123,785",True,WHITE,1.0,MALE,"250,034",17450015
"304,288",4,27.0,1.0,Passenger car,1,"123,825",True,WHITE,1.0,MALE,"250,122",17450122
"304,358",1,40.0,1.0,Passenger car,1,"123,858",True,WHITE,2.0,FEMALE,"250,193",17450191
"304,383",4,34.0,1.0,Large passenger vehicle,2,"123,870",True,WHITE,2.0,FEMALE,"250,219",17450210
"304,434",1,36.0,2.0,Passenger car,1,"123,897",True,HISPANIC,2.0,FEMALE,"250,277",17450276
"304,438",1,25.0,1.0,Passenger car,1,"123,899",True,WHITE,2.0,FEMALE,"250,281",17450278
"304,444",1,27.0,2.0,Pedestrian,7,"123,902",True,HISPANIC,2.0,FEMALE,"250,288",17450281
"304,450",1,72.0,0.0,Passenger car,1,"123,906",True,UNKNOWN,1.0,MALE,"250,295",17450287
"304,486",1,27.0,3.0,Passenger car,1,"123,923",True,BLACK,1.0,MALE,"250,332",17450405
"304,491",1,30.0,3.0,Passenger car,1,"123,923",True,BLACK,2.0,FEMALE,"250,337",17450405
"304,511",1,26.0,1.0,Passenger car,1,"123,935",True,WHITE,2.0,FEMALE,"250,359",17450420
"304,943",1,24.0,3.0,Pedestrian,7,"124,162",True,BLACK,1.0,MALE,"250,818",17455303
"305,138",1,52.0,3.0,Passenger car,1,"124,257",True,BLACK,1.0,MALE,"251,023",17456143
"305,222",1,61.0,2.0,Pedestrian,7,"124,301",True,HISPANIC,1.0,MALE,"251,110",17457188
"305,301",1,49.0,2.0,Large passenger vehicle,2,"124,343",True,HISPANIC,2.0,FEMALE,"251,194",17457967
"305,447",1,38.0,2.0,Pedestrian,7,"124,423",True,HISPANIC,2.0,FEMALE,"251,348",17460297
"305,496",1,65.0,1.0,Large passenger vehicle,2,"124,448",True,WHITE,1.0,MALE,"251,400",17460344
"305,605",1,16.0,2.0,Passenger car,1,"124,504",True,HISPANIC,2.0,FEMALE,"251,517",17460707
"305,621",1,44.0,2.0,Large passenger vehicle,2,"124,513",True,HISPANIC,1.0,MALE,"251,533",17460740
"305,636",1,53.0,2.0,Passenger car,1,"124,522",True,HISPANIC,2.0,FEMALE,"251,549",17460753
"305,640",1,59.0,2.0,Passenger car,1,"124,524",True,HISPANIC,1.0,MALE,"251,553",17460756
"305,710",1,31.0,3.0,Passenger car,1,"124,557",True,BLACK,1.0,MALE,"251,626",17460925
"305,939",1,3.0,1.0,Pedestrian,7,"124,670",True,WHITE,2.0,FEMALE,"251,866",17464600
"305,995",1,37.0,2.0,Passenger car,1,"124,696",True,HISPANIC,1.0,MALE,"251,922",17464747
"306,365",1,35.0,2.0,Motorcycle,3,"124,886",True,HISPANIC,1.0,MALE,"252,313",17468292
"306,882",4,62.0,1.0,Pedestrian,7,"125,160",True,WHITE,2.0,FEMALE,"252,861",17474835
"306,991",1,28.0,2.0,Large passenger vehicle,2,"125,213",True,HISPANIC,2.0,FEMALE,"252,978",17475061
"307,058",1,,1.0,Large passenger vehicle,2,"125,247",True,WHITE,2.0,FEMALE,"253,047",17475292
"307,089",1,30.0,3.0,Passenger car,1,"125,262",True,BLACK,1.0,MALE,"253,081",17475316
"307,241",1,55.0,1.0,Large passenger vehicle,2,"125,346",True,WHITE,2.0,FEMALE,"253,242",17475601
"307,332",1,19.0,3.0,Passenger car,1,"125,393",True,BLACK,1.0,MALE,"253,339",17475803
"307,667",4,22.0,2.0,Pedestrian,7,"125,569",True,HISPANIC,1.0,MALE,"253,696",17480006
"308,032",1,36.0,2.0,Passenger car,1,"125,774",True,HISPANIC,1.0,MALE,"254,089",17486549
"308,037",1,,1.0,Pedestrian,7,"125,776",True,WHITE,1.0,MALE,"254,094",17486606
"308,293",1,28.0,2.0,Motorcycle,3,"125,917",True,HISPANIC,1.0,MALE,"254,366",17487424
"308,297",1,30.0,1.0,Motorcycle,3,"125,921",True,WHITE,1.0,MALE,"254,370",17487700
"308,658",1,41.0,1.0,Large passenger vehicle,2,"126,106",True,WHITE,2.0,FEMALE,"254,762",17497241
"308,659",1,26.0,2.0,Passenger car,1,"126,106",True,HISPANIC,2.0,FEMALE,"254,763",17497241
"308,698",1,57.0,2.0,Pedestrian,7,"126,126",True,HISPANIC,1.0,MALE,"254,804",17500101
"308,744",4,45.0,3.0,Bicycle,5,"126,151",True,BLACK,2.0,FEMALE,"254,856",17502028
"308,774",4,64.0,,Pedestrian,7,"126,166",True,,1.0,MALE,"254,887",17505623
"308,945",4,33.0,1.0,Large passenger vehicle,2,"126,251",True,WHITE,1.0,MALE,"255,068",17566128
"308,951",1,23.0,2.0,Passenger car,1,"126,255",True,HISPANIC,1.0,MALE,"255,076",17573161
"309,104",1,28.0,4.0,E-scooter,11,"126,339",True,ASIAN,2.0,FEMALE,"255,241",17856752
"309,319",1,37.0,2.0,Pedestrian,7,"126,454",True,HISPANIC,1.0,MALE,"255,475",17895838
"309,400",1,13.0,3.0,Pedestrian,7,"126,498",True,BLACK,2.0,FEMALE,"255,565",17968030
"309,473",1,47.0,1.0,Pedestrian,7,"126,537",True,WHITE,1.0,MALE,"255,642",17988470
"309,925",1,35.0,4.0,Passenger car,1,"92,740",False,ASIAN,2.0,FEMALE,"186,632",16837601
"310,203",1,80.0,1.0,Passenger car,1,"93,168",False,WHITE,1.0,MALE,"187,526",16848503
"310,204",1,77.0,1.0,Passenger car,1,"93,168",False,WHITE,2.0,FEMALE,"187,526",16848503
"310,830",1,26.0,2.0,Large passenger vehicle,2,"94,274",False,HISPANIC,1.0,MALE,"189,790",16870032
"311,056",1,23.0,2.0,Passenger car,1,"94,649",False,HISPANIC,2.0,FEMALE,"190,573",16876263
"311,454",1,32.0,2.0,Large passenger vehicle,2,"95,305",False,HISPANIC,1.0,MALE,"191,898",16887612
"311,564",1,18.0,1.0,Passenger car,1,"95,527",False,WHITE,2.0,FEMALE,"192,332",16893003
"311,611",1,40.0,,Passenger car,1,"95,585",False,,1.0,MALE,"192,444",16893179
"311,615",4,13.0,3.0,Passenger car,1,"95,598",False,BLACK,1.0,MALE,"192,462",16893193
"311,620",1,49.0,2.0,Large passenger vehicle,2,"95,605",False,HISPANIC,2.0,FEMALE,"192,477",16893227
"312,411",1,65.0,4.0,Large passenger vehicle,2,"96,783",False,ASIAN,2.0,FEMALE,"194,852",16917966
"312,438",1,17.0,1.0,Passenger car,1,"96,826",False,WHITE,1.0,MALE,"194,934",16918082
"312,767",1,29.0,2.0,Passenger car,1,"97,351",False,HISPANIC,2.0,FEMALE,"196,001",16930544
"313,271",1,41.0,1.0,Large passenger vehicle,2,"98,045",False,WHITE,1.0,MALE,"197,408",16942412
"313,272",1,46.0,1.0,Large passenger vehicle,2,"98,045",False,WHITE,1.0,MALE,"197,408",16942412
"313,314",1,7.0,,Large passenger vehicle,2,"98,082",False,,1.0,MALE,"197,486",16942598
"313,498",1,17.0,1.0,Passenger car,1,"98,423",False,WHITE,1.0,MALE,"198,152",16950007
"313,499",1,17.0,1.0,Passenger car,1,"98,423",False,WHITE,1.0,MALE,"198,152",16950007
"313,500",1,20.0,1.0,Passenger car,1,"98,423",False,WHITE,2.0,FEMALE,"198,153",16950007
"313,767",1,19.0,3.0,Passenger car,1,"98,815",False,BLACK,2.0,FEMALE,"198,943",16954715
"313,798",1,55.0,4.0,Passenger car,1,"98,868",False,ASIAN,2.0,FEMALE,"199,060",16956464
"313,918",1,44.0,1.0,Large passenger vehicle,2,"99,073",False,WHITE,1.0,MALE,"199,476",16960795
"314,302",1,30.0,3.0,Large passenger vehicle,2,"99,577",False,BLACK,1.0,MALE,"200,487",16970686
"314,318",4,5.0,2.0,Passenger car,1,"99,607",False,HISPANIC,2.0,FEMALE,"200,556",16971646
"314,798",4,27.0,1.0,Large passenger vehicle,2,"100,338",False,WHITE,1.0,MALE,"202,055",16991945
"314,967",1,14.0,2.0,Passenger car,1,"100,646",False,HISPANIC,1.0,MALE,"202,663",16998249
"315,084",1,16.0,,Passenger car,1,"100,804",False,,1.0,MALE,"202,982",17001087
"315,085",1,18.0,1.0,Passenger car,1,"100,804",False,WHITE,2.0,FEMALE,"202,982",17001087
"315,087",1,20.0,3.0,Large passenger vehicle,2,"100,805",False,BLACK,2.0,FEMALE,"202,984",17001088
"315,095",1,23.0,3.0,Passenger car,1,"100,823",False,BLACK,2.0,FEMALE,"203,019",17001148
"316,658",1,,1.0,Passenger car,1,"103,074",False,WHITE,2.0,FEMALE,"207,671",17045658
"317,077",1,31.0,2.0,Passenger car,1,"103,720",False,HISPANIC,2.0,FEMALE,"208,940",17058818
"317,083",1,72.0,1.0,Passenger car,1,"103,729",False,WHITE,1.0,MALE,"208,957",17058827
"317,307",1,28.0,3.0,Large passenger vehicle,2,"104,059",False,BLACK,1.0,MALE,"209,643",17065163
"317,431",1,18.0,3.0,Passenger car,1,"104,218",False,BLACK,2.0,FEMALE,"209,975",17067936
"317,785",1,17.0,2.0,Large passenger vehicle,2,"104,622",False,HISPANIC,2.0,FEMALE,"210,824",17077516
"317,965",1,26.0,2.0,Passenger car,1,"104,807",False,HISPANIC,2.0,FEMALE,"211,212",17081757
"318,294",1,30.0,2.0,Passenger car,1,"105,271",False,HISPANIC,1.0,MALE,"212,193",17091609
"318,358",1,53.0,2.0,Passenger car,1,"105,350",False,HISPANIC,2.0,FEMALE,"212,361",17092357
"318,578",1,28.0,2.0,Large passenger vehicle,2,"105,632",False,HISPANIC,2.0,FEMALE,"212,945",17096698
"318,749",4,25.0,2.0,Large passenger vehicle,2,"105,873",False,HISPANIC,1.0,MALE,"213,427",17102867
"318,846",1,15.0,2.0,Passenger car,1,"105,975",False,HISPANIC,2.0,FEMALE,"213,642",17103968
"318,978",1,25.0,3.0,Large passenger vehicle,2,"106,186",False,BLACK,1.0,MALE,"214,071",17109557
"319,340",1,,4.0,Passenger car,1,"106,674",False,ASIAN,2.0,FEMALE,"215,105",17121410
"319,532",1,38.0,1.0,Motorcycle,3,"106,881",False,WHITE,2.0,FEMALE,"215,526",17127196
"320,203",1,19.0,2.0,Large passenger vehicle,2,"107,879",False,HISPANIC,2.0,FEMALE,"217,540",17144095
"320,387",1,72.0,4.0,Passenger car,1,"108,176",False,ASIAN,2.0,FEMALE,"218,131",17150126
"320,479",1,10.0,1.0,Passenger car,1,"108,316",False,WHITE,2.0,FEMALE,"218,427",17152302
"320,480",1,35.0,1.0,Large passenger vehicle,2,"108,316",False,WHITE,2.0,FEMALE,"218,429",17152302
"320,481",1,28.0,2.0,Large passenger vehicle,2,"108,316",False,HISPANIC,2.0,FEMALE,"218,429",17152302
"320,905",1,32.0,1.0,Passenger car,1,"108,952",False,WHITE,2.0,FEMALE,"219,671",17164378
"321,101",4,27.0,2.0,Passenger car,1,"109,175",False,HISPANIC,2.0,FEMALE,"220,122",17168802
"321,191",1,69.0,1.0,Passenger car,1,"109,289",False,WHITE,2.0,FEMALE,"220,362",17170701
"321,438",1,62.0,1.0,Large passenger vehicle,2,"109,629",False,WHITE,2.0,FEMALE,"221,059",17179391
"321,965",1,8.0,1.0,Large passenger vehicle,2,"110,364",False,WHITE,2.0,FEMALE,"222,560",17191903
"322,408",1,14.0,2.0,Passenger car,1,"110,992",False,HISPANIC,1.0,MALE,"223,833",17203008
"322,658",1,34.0,2.0,Large passenger vehicle,2,"111,378",False,HISPANIC,1.0,MALE,"224,626",17210656
"322,900",1,10.0,2.0,Large passenger vehicle,2,"111,734",False,HISPANIC,1.0,MALE,"225,343",17216576
"322,979",1,21.0,,Passenger car,1,"111,830",False,,2.0,FEMALE,"225,537",17219494
"323,207",1,3.0,2.0,Passenger car,1,"112,206",False,HISPANIC,1.0,MALE,"226,288",17226820
"323,455",1,81.0,4.0,Large passenger vehicle,2,"112,493",False,ASIAN,2.0,FEMALE,"226,899",17230619
"323,541",1,2.0,2.0,Passenger car,1,"112,602",False,HISPANIC,2.0,FEMALE,"227,127",17233186
"324,339",1,43.0,2.0,Large passenger vehicle,2,"113,661",False,HISPANIC,2.0,FEMALE,"229,339",17253964
"324,340",1,19.0,2.0,Large passenger vehicle,2,"113,661",False,HISPANIC,2.0,FEMALE,"229,339",17253964
"324,388",1,27.0,2.0,Passenger car,1,"113,723",False,HISPANIC,2.0,FEMALE,"229,472",17254112
"324,389",1,21.0,2.0,Passenger car,1,"113,723",False,HISPANIC,2.0,FEMALE,"229,472",17254112
"324,429",4,27.0,4.0,Motorcycle,3,"113,781",False,ASIAN,2.0,FEMALE,"229,576",17254522
"324,532",4,27.0,2.0,Large passenger vehicle,2,"113,888",False,HISPANIC,2.0,FEMALE,"229,810",17258541
"324,897",1,33.0,2.0,Passenger car,1,"114,424",False,HISPANIC,1.0,MALE,"230,918",17267744
"325,667",1,,1.0,Passenger car,1,"115,587",False,WHITE,2.0,FEMALE,"233,352",17290669
"326,125",1,9.0,1.0,Passenger car,1,"116,282",False,WHITE,2.0,FEMALE,"234,797",17303826
"326,144",1,21.0,2.0,Passenger car,1,"116,300",False,HISPANIC,1.0,MALE,"234,832",17303869
"326,270",1,27.0,2.0,Passenger car,1,"116,549",False,HISPANIC,1.0,MALE,"235,357",17309090
"326,464",1,52.0,2.0,Passenger car,1,"116,888",False,HISPANIC,2.0,FEMALE,"236,041",17316471
"326,511",1,25.0,2.0,Large passenger vehicle,2,"116,987",False,HISPANIC,1.0,MALE,"236,239",17316827
"326,524",1,26.0,3.0,Passenger car,1,"117,006",False,BLACK,2.0,FEMALE,"236,271",17316889
"326,735",1,21.0,4.0,Passenger car,1,"117,404",False,ASIAN,2.0,FEMALE,"237,119",17325294
"326,918",1,19.0,2.0,Passenger car,1,"117,609",False,HISPANIC,1.0,MALE,"237,536",17330295
"326,919",1,19.0,2.0,Passenger car,1,"117,609",False,HISPANIC,1.0,MALE,"237,536",17330295
"327,108",1,20.0,2.0,Large passenger vehicle,2,"117,920",False,HISPANIC,2.0,FEMALE,"238,185",17335036
"327,281",1,22.0,3.0,Passenger car,1,"118,230",False,BLACK,2.0,FEMALE,"238,792",17343146
"327,527",4,77.0,2.0,Large passenger vehicle,2,"118,643",False,HISPANIC,2.0,FEMALE,"239,640",17351089
"328,112",1,28.0,4.0,Passenger car,1,"119,497",False,ASIAN,2.0,FEMALE,"241,379",17363349
"328,453",4,21.0,,Passenger car,1,"119,929",False,,2.0,FEMALE,"242,247",17373284
"328,678",1,18.0,2.0,Passenger car,1,"120,176",False,HISPANIC,1.0,MALE,"242,763",17378528
"329,507",4,75.0,2.0,Large passenger vehicle,2,"121,405",False,HISPANIC,1.0,MALE,"245,230",17403220
"330,532",1,63.0,2.0,Large passenger vehicle,2,"123,057",False,HISPANIC,2.0,FEMALE,"248,532",17433886
"330,559",1,21.0,2.0,Passenger car,1,"123,084",False,HISPANIC,1.0,MALE,"248,582",17433986
"331,021",1,19.0,1.0,Passenger car,1,"123,825",False,WHITE,1.0,MALE,"250,122",17450122
"331,022",1,21.0,1.0,Passenger car,1,"123,825",False,WHITE,2.0,FEMALE,"250,122",17450122
"331,416",1,17.0,1.0,Passenger car,1,"124,431",False,WHITE,2.0,FEMALE,"251,365",17460317
"331,512",1,22.0,3.0,Passenger car,1,"124,557",False,BLACK,1.0,MALE,"251,626",17460925
"331,513",1,31.0,3.0,Passenger car,1,"124,557",False,BLACK,1.0,MALE,"251,626",17460925
"332,011",1,37.0,3.0,Passenger car,1,"125,262",False,BLACK,1.0,MALE,"253,081",17475316
"332,101",1,29.0,3.0,Passenger car,1,"125,366",False,BLACK,2.0,FEMALE,"253,286",17475653
"332,118",1,20.0,2.0,Passenger car,1,"125,393",False,HISPANIC,1.0,MALE,"253,339",17475803
"332,264",1,11.0,2.0,Large passenger vehicle,2,"125,587",False,HISPANIC,1.0,MALE,"253,729",17480026
"332,499",1,37.0,1.0,Motorcycle,3,"125,867",False,WHITE,2.0,FEMALE,"254,271",17486951
"332,664",1,4.0,2.0,Passenger car,1,"126,106",False,HISPANIC,2.0,FEMALE,"254,763",17497241
"332,665",1,0.0,2.0,Passenger car,1,"126,106",False,HISPANIC,2.0,FEMALE,"254,763",17497241
"332,753",4,50.0,1.0,Passenger car,1,"126,257",False,WHITE,1.0,MALE,"255,079",17576194
"332,782",1,18.0,2.0,Passenger car,1,"126,311",False,HISPANIC,2.0,FEMALE,"255,187",17854831
"332,984",4,,3.0,Pedestrian,7,"126,628",True,BLACK,1.0,MALE,"255,820",17492001
"333,328",1,28.0,3.0,Large passenger vehicle,2,"126,810",True,BLACK,2.0,FEMALE,"256,188",17497369
"333,356",4,73.0,2.0,Passenger car,1,"126,825",True,HISPANIC,2.0,FEMALE,"256,219",17497431
"333,389",1,47.0,3.0,Motorcycle,3,"126,843",True,BLACK,1.0,MALE,"256,256",17497692
"333,488",1,44.0,2.0,Large passenger vehicle,2,"126,895",True,HISPANIC,2.0,FEMALE,"256,360",17500117
"333,826",4,75.0,2.0,Pedestrian,7,"127,061",True,HISPANIC,2.0,FEMALE,"256,714",17503839
"334,985",1,66.0,2.0,Passenger car,1,"127,666",True,HISPANIC,2.0,FEMALE,"257,924",17516961
"335,083",1,17.0,2.0,Pedestrian,7,"127,721",True,HISPANIC,2.0,FEMALE,"258,025",17518045
"335,084",1,15.0,2.0,Pedestrian,7,"127,721",True,HISPANIC,1.0,MALE,"258,026",17518045
"335,528",1,17.0,4.0,Passenger car,1,"127,961",True,ASIAN,1.0,MALE,"258,494",17524235
"335,564",4,55.0,2.0,Pedestrian,7,"127,981",True,HISPANIC,1.0,MALE,"258,531",17524347
"335,579",1,32.0,5.0,Motorcycle,3,"127,990",True,OTHER,1.0,MALE,"258,548",17524361
"335,604",1,,2.0,Large passenger vehicle,2,"128,004",True,HISPANIC,1.0,MALE,"258,574",17524426
"335,637",1,32.0,2.0,Passenger car,1,"128,022",True,HISPANIC,2.0,FEMALE,"258,609",17524501
"335,656",1,26.0,1.0,Passenger car,1,"128,029",True,WHITE,2.0,FEMALE,"258,628",17524510
"335,926",4,62.0,2.0,Pedestrian,7,"128,174",True,HISPANIC,1.0,MALE,"258,912",17528503
"336,000",1,35.0,2.0,Large passenger vehicle,2,"128,217",True,HISPANIC,2.0,FEMALE,"258,997",17528611
"336,003",1,26.0,1.0,Motorcycle,3,"128,220",True,WHITE,1.0,MALE,"259,000",17528614
"336,007",4,20.0,3.0,Passenger car,1,"128,222",True,BLACK,2.0,FEMALE,"259,004",17528616
"336,008",1,42.0,2.0,Large passenger vehicle,2,"128,222",True,HISPANIC,1.0,MALE,"259,005",17528616
"336,198",4,18.0,2.0,Passenger car,1,"128,322",True,HISPANIC,1.0,MALE,"259,204",17530629
"336,200",4,59.0,1.0,Passenger car,1,"128,323",True,WHITE,1.0,MALE,"259,206",17530630
"336,203",1,20.0,2.0,Passenger car,1,"128,325",True,HISPANIC,1.0,MALE,"259,209",17530634
"336,559",1,25.0,2.0,Passenger car,1,"128,511",True,HISPANIC,1.0,MALE,"259,582",17534735
"336,993",4,25.0,1.0,Motorcycle,3,"128,743",True,WHITE,1.0,MALE,"260,039",17539002
"337,202",1,50.0,1.0,Passenger car,1,"128,848",True,WHITE,2.0,FEMALE,"260,259",17541190
"337,221",1,18.0,2.0,Pedestrian,7,"128,857",True,HISPANIC,1.0,MALE,"260,278",17541201
"337,276",1,70.0,1.0,Large passenger vehicle,2,"128,883",True,WHITE,2.0,FEMALE,"260,335",17541268
"337,297",1,50.0,3.0,Motor vehicle – other,4,"128,894",True,BLACK,1.0,MALE,"260,362",17541360
"337,387",1,15.0,1.0,Bicycle,5,"128,940",True,WHITE,1.0,MALE,"260,460",17541814
"337,775",4,24.0,2.0,Passenger car,1,"129,140",True,HISPANIC,1.0,MALE,"260,880",17546421
"337,946",1,21.0,1.0,Large passenger vehicle,2,"129,231",True,WHITE,2.0,FEMALE,"261,068",17547465
"337,947",1,35.0,4.0,Passenger car,1,"129,231",True,ASIAN,2.0,FEMALE,"261,069",17547465
"338,027",1,30.0,1.0,Motorcycle,3,"129,274",True,WHITE,1.0,MALE,"261,152",17548575
"338,035",1,58.0,3.0,Pedestrian,7,"129,277",True,BLACK,1.0,MALE,"261,160",17548578
"338,124",4,18.0,2.0,Passenger car,1,"129,325",True,HISPANIC,1.0,MALE,"261,258",17549532
"338,130",1,33.0,1.0,Motorcycle,3,"129,327",True,WHITE,1.0,MALE,"261,264",17549534
"338,472",1,26.0,4.0,Motorcycle,3,"129,501",True,ASIAN,1.0,MALE,"261,625",17552571
"339,015",4,42.0,1.0,Passenger car,1,"129,793",True,WHITE,1.0,MALE,"262,217",17558997
"339,047",1,36.0,1.0,Bicycle,5,"129,806",True,WHITE,1.0,MALE,"262,250",17559018
"339,217",4,25.0,1.0,Passenger car,1,"129,903",True,WHITE,1.0,MALE,"262,431",17559702
"339,234",1,17.0,2.0,Passenger car,1,"129,914",True,HISPANIC,2.0,FEMALE,"262,453",17559720
"339,773",4,21.0,1.0,Passenger car,1,"130,203",True,WHITE,1.0,MALE,"263,035",17566130
"339,823",1,24.0,5.0,Passenger car,1,"130,229",True,OTHER,2.0,FEMALE,"263,087",17567032
"340,229",1,34.0,1.0,Passenger car,1,"130,451",True,WHITE,2.0,FEMALE,"263,519",17573197
"340,443",1,17.0,2.0,Passenger car,1,"130,560",True,HISPANIC,1.0,MALE,"263,759",17573666
"340,530",1,63.0,3.0,Passenger car,1,"130,602",True,BLACK,2.0,FEMALE,"263,854",17573792
"340,603",4,35.0,2.0,Passenger car,1,"130,642",True,HISPANIC,2.0,FEMALE,"263,932",17574580
"340,856",1,66.0,3.0,Large passenger vehicle,2,"130,787",True,BLACK,1.0,MALE,"264,218",17577506
"341,258",1,49.0,2.0,Passenger car,1,"131,007",True,HISPANIC,2.0,FEMALE,"264,648",17582779
"341,318",1,55.0,3.0,Passenger car,1,"131,041",True,BLACK,1.0,MALE,"264,719",17583579
"341,358",1,28.0,1.0,Pedestrian,7,"131,063",True,WHITE,1.0,MALE,"264,761",17583636
"341,430",1,25.0,1.0,Pedestrian,7,"131,104",True,WHITE,1.0,MALE,"264,843",17583765
"341,438",1,22.0,1.0,Motorcycle,3,"131,109",True,WHITE,1.0,MALE,"264,854",17583770
"341,443",1,28.0,1.0,Passenger car,1,"131,112",True,WHITE,1.0,MALE,"264,859",17583834
"341,976",1,47.0,2.0,Pedestrian,7,"131,384",True,HISPANIC,1.0,MALE,"265,415",17588180
"342,008",4,56.0,1.0,Pedestrian,7,"131,402",True,WHITE,1.0,MALE,"265,452",17588729
"342,010",4,55.0,1.0,Pedestrian,7,"131,403",True,WHITE,1.0,MALE,"265,454",17588732
"342,159",1,26.0,5.0,Passenger car,1,"131,479",True,OTHER,2.0,FEMALE,"265,610",17590332
"342,461",4,36.0,1.0,Passenger car,1,"131,631",True,WHITE,1.0,MALE,"265,928",17592627
"342,480",4,41.0,1.0,Pedestrian,7,"131,639",True,WHITE,1.0,MALE,"265,948",17592947
"342,724",1,50.0,1.0,Passenger car,1,"131,779",True,WHITE,2.0,FEMALE,"266,209",17597545
"342,877",1,22.0,1.0,Passenger car,1,"131,856",True,WHITE,1.0,MALE,"266,377",17597787
"343,176",1,56.0,2.0,Pedestrian,7,"132,015",True,HISPANIC,1.0,MALE,"266,702",17600773
"343,431",1,51.0,4.0,Large passenger vehicle,2,"132,153",True,ASIAN,2.0,FEMALE,"266,976",17603006
"343,440",1,58.0,5.0,Pedestrian,7,"132,157",True,OTHER,2.0,FEMALE,"266,986",17603010
"343,606",1,38.0,1.0,Large passenger vehicle,2,"132,248",True,WHITE,1.0,MALE,"267,166",17605138
"344,156",1,28.0,1.0,Motorcycle,3,"132,536",True,WHITE,1.0,MALE,"267,762",17609753
"344,367",1,29.0,1.0,Motorcycle,3,"132,653",True,WHITE,1.0,MALE,"267,988",17611816
"344,374",1,56.0,1.0,Motorcycle,3,"132,657",True,WHITE,1.0,MALE,"267,995",17611820
"344,508",1,74.0,1.0,Large passenger vehicle,2,"132,729",True,WHITE,2.0,FEMALE,"268,138",17612600
"344,690",1,63.0,2.0,Passenger car,1,"132,825",True,HISPANIC,1.0,MALE,"268,328",17613935
"344,911",1,60.0,2.0,Pedestrian,7,"132,929",True,HISPANIC,1.0,MALE,"268,563",17615852
"344,987",1,43.0,2.0,Passenger car,1,"132,966",True,HISPANIC,1.0,MALE,"268,644",17616472
"345,365",1,55.0,2.0,Pedestrian,7,"133,167",True,HISPANIC,1.0,MALE,"269,043",17622001
"345,408",1,44.0,2.0,Large passenger vehicle,2,"133,189",True,HISPANIC,1.0,MALE,"269,089",17622091
"345,468",1,22.0,2.0,Passenger car,1,"133,219",True,HISPANIC,1.0,MALE,"269,153",17622190
"345,696",1,52.0,1.0,Passenger car,1,"133,354",True,WHITE,1.0,MALE,"269,413",17624536
"345,916",1,22.0,1.0,Pedestrian,7,"133,474",True,WHITE,1.0,MALE,"269,654",17626326
"345,920",1,20.0,3.0,Passenger car,1,"133,478",True,BLACK,1.0,MALE,"269,659",17626334
"345,921",1,36.0,4.0,Large passenger vehicle,2,"133,478",True,ASIAN,2.0,FEMALE,"269,660",17626334
"345,924",1,41.0,1.0,Passenger car,1,"133,480",True,WHITE,2.0,FEMALE,"269,663",17626336
"345,925",1,19.0,2.0,Passenger car,1,"133,480",True,HISPANIC,2.0,FEMALE,"269,664",17626336
"345,976",1,20.0,1.0,Large passenger vehicle,2,"133,510",True,WHITE,2.0,FEMALE,"269,716",17627246
"346,042",1,25.0,0.0,Motorcycle,3,"133,549",True,UNKNOWN,1.0,MALE,"269,787",17628247
"346,133",1,46.0,1.0,Large passenger vehicle,2,"133,600",True,WHITE,1.0,MALE,"269,895",17630044
"346,386",1,40.0,2.0,Passenger car,1,"133,751",True,HISPANIC,1.0,MALE,"270,164",17634160
"346,453",1,25.0,1.0,Motorcycle,3,"133,797",True,WHITE,1.0,MALE,"270,246",17634261
"346,466",1,40.0,3.0,Large passenger vehicle,2,"133,806",True,BLACK,1.0,MALE,"270,261",17634301
"346,825",1,23.0,2.0,Passenger car,1,"134,011",True,HISPANIC,2.0,FEMALE,"270,667",17639903
"346,829",1,61.0,3.0,Passenger car,1,"134,014",True,BLACK,1.0,MALE,"270,671",17639909
"347,113",1,29.0,3.0,Passenger car,1,"134,190",True,BLACK,1.0,MALE,"270,989",17644606
"347,117",1,51.0,2.0,Pedestrian,7,"134,192",True,HISPANIC,1.0,MALE,"270,994",17644609
"347,119",1,28.0,2.0,Pedestrian,7,"134,193",True,HISPANIC,1.0,MALE,"270,997",17644643
"347,162",1,35.0,2.0,Passenger car,1,"134,217",True,HISPANIC,1.0,MALE,"271,043",17644705
"347,164",1,33.0,2.0,Pedestrian,7,"134,219",True,HISPANIC,1.0,MALE,"271,046",17644707
"347,243",1,54.0,1.0,Pedestrian,7,"134,263",True,WHITE,1.0,MALE,"271,127",17644793
"347,302",1,46.0,2.0,Passenger car,1,"134,298",True,HISPANIC,2.0,FEMALE,"271,192",17645719
"347,397",1,44.0,2.0,Large passenger vehicle,2,"134,354",True,HISPANIC,1.0,MALE,"271,304",17646874
"347,570",1,20.0,2.0,Passenger car,1,"134,462",True,HISPANIC,1.0,MALE,"271,495",17648788
"347,620",1,53.0,1.0,Bicycle,5,"134,486",True,WHITE,1.0,MALE,"271,549",17649937
"347,713",1,58.0,3.0,Large passenger vehicle,2,"134,539",True,BLACK,2.0,FEMALE,"271,645",17651023
"347,730",4,23.0,2.0,Passenger car,1,"134,550",True,HISPANIC,2.0,FEMALE,"271,665",17651047
"347,885",1,56.0,3.0,Passenger car,1,"134,642",True,BLACK,1.0,MALE,"271,839",17653188
"347,997",1,20.0,2.0,Large passenger vehicle,2,"134,713",True,HISPANIC,1.0,MALE,"271,965",17655011
"348,019",1,,2.0,Bicycle,5,"134,730",True,HISPANIC,1.0,MALE,"271,992",17655094
"348,081",1,26.0,1.0,Passenger car,1,"134,765",True,WHITE,2.0,FEMALE,"272,059",17656266
"348,133",1,48.0,4.0,Large passenger vehicle,2,"134,792",True,ASIAN,1.0,MALE,"272,116",17656598
"348,141",1,16.0,1.0,Passenger car,1,"134,797",True,WHITE,1.0,MALE,"272,125",17656871
"348,240",4,32.0,1.0,Motorcycle,3,"134,853",True,WHITE,1.0,MALE,"272,233",17658488
"348,461",1,22.0,2.0,Motorcycle,3,"134,983",True,HISPANIC,1.0,MALE,"272,475",17660660
"348,464",1,32.0,2.0,Passenger car,1,"134,985",True,HISPANIC,2.0,FEMALE,"272,478",17660662
"348,571",4,50.0,2.0,Large passenger vehicle,2,"135,051",True,HISPANIC,1.0,MALE,"272,594",17662317
"348,576",1,24.0,1.0,Large passenger vehicle,2,"135,054",True,WHITE,1.0,MALE,"272,599",17662320
"348,842",1,18.0,1.0,Passenger car,1,"135,203",True,WHITE,2.0,FEMALE,"272,882",17666730
"348,850",1,36.0,2.0,Large passenger vehicle,2,"135,208",True,HISPANIC,2.0,FEMALE,"272,891",17666736
"348,958",1,34.0,2.0,Passenger car,1,"135,276",True,HISPANIC,2.0,FEMALE,"273,013",17668532
"349,021",1,17.0,1.0,Passenger car,1,"135,314",True,WHITE,1.0,MALE,"273,088",17668709
"349,024",1,19.0,3.0,Large passenger vehicle,2,"135,316",True,BLACK,1.0,MALE,"273,091",17668711
"349,026",1,44.0,3.0,Passenger car,1,"135,317",True,BLACK,2.0,FEMALE,"273,093",17668712
"349,161",4,38.0,2.0,Pedestrian,7,"135,396",True,HISPANIC,1.0,MALE,"273,246",17670784
"349,163",4,58.0,2.0,Pedestrian,7,"135,397",True,HISPANIC,1.0,MALE,"273,248",17670785
"349,231",1,25.0,2.0,Motorcycle,3,"135,434",True,HISPANIC,1.0,MALE,"273,325",17671425
"349,423",1,31.0,1.0,Pedestrian,7,"135,544",True,WHITE,2.0,FEMALE,"273,539",17673956
"349,453",1,30.0,2.0,Large passenger vehicle,2,"135,559",True,HISPANIC,2.0,FEMALE,"273,570",17673977
"349,680",4,22.0,2.0,Large passenger vehicle,2,"135,678",True,HISPANIC,1.0,MALE,"273,814",17676730
"349,702",1,66.0,2.0,Passenger car,1,"135,690",True,HISPANIC,2.0,FEMALE,"273,838",17676776
"349,815",1,63.0,1.0,Bicycle,5,"135,757",True,WHITE,2.0,FEMALE,"273,962",17678209
"349,884",1,30.0,1.0,Bicycle,5,"135,795",True,WHITE,1.0,MALE,"274,040",17679646
"350,000",1,30.0,1.0,Passenger car,1,"135,860",True,WHITE,1.0,MALE,"274,173",17681329
"350,005",1,67.0,3.0,Large passenger vehicle,2,"135,864",True,BLACK,1.0,MALE,"274,184",17681341
"350,067",1,25.0,2.0,Passenger car,1,"135,901",True,HISPANIC,1.0,MALE,"274,253",17682482
"350,213",1,56.0,1.0,Passenger car,1,"135,985",True,WHITE,1.0,MALE,"274,420",17685232
"350,264",1,20.0,2.0,Large passenger vehicle,2,"136,012",True,HISPANIC,1.0,MALE,"274,476",17685484
"350,279",1,58.0,5.0,Large passenger vehicle,2,"136,019",True,OTHER,1.0,MALE,"274,492",17685496
"350,288",1,24.0,2.0,Passenger car,1,"136,025",True,HISPANIC,1.0,MALE,"274,503",17685592
"350,328",4,36.0,3.0,Passenger car,1,"136,050",True,BLACK,2.0,FEMALE,"274,547",17686765
"350,608",1,38.0,3.0,Motorcycle,3,"136,213",True,BLACK,1.0,MALE,"274,848",17689742
"350,636",1,51.0,2.0,Passenger car,1,"136,227",True,HISPANIC,2.0,FEMALE,"274,876",17689982
"350,912",1,53.0,1.0,Motorcycle,3,"136,378",True,WHITE,1.0,MALE,"275,190",17693419
"350,935",1,56.0,1.0,Passenger car,1,"136,388",True,WHITE,1.0,MALE,"275,213",17693669
"350,942",1,28.0,1.0,Motorcycle,3,"136,391",True,WHITE,1.0,MALE,"275,221",17693672
"351,023",1,27.0,3.0,Bicycle,5,"136,434",True,BLACK,1.0,MALE,"275,306",17694453
"351,035",1,39.0,1.0,Bicycle,5,"136,439",True,WHITE,1.0,MALE,"275,318",17694474
"351,264",1,21.0,2.0,Pedestrian,7,"136,567",True,HISPANIC,1.0,MALE,"275,567",17698607
"351,265",1,32.0,1.0,Passenger car,1,"136,568",True,WHITE,1.0,MALE,"275,568",17698608
"351,280",1,58.0,3.0,Large passenger vehicle,2,"136,575",True,BLACK,1.0,MALE,"275,587",17698618
"351,296",1,71.0,2.0,Passenger car,1,"136,584",True,HISPANIC,2.0,FEMALE,"275,603",17698627
"351,565",1,37.0,1.0,Motorcycle,3,"136,743",True,WHITE,1.0,MALE,"275,899",17702114
"351,622",1,57.0,2.0,Large passenger vehicle,2,"136,778",True,HISPANIC,2.0,FEMALE,"275,962",17702350
"351,628",1,48.0,3.0,Large passenger vehicle,2,"136,781",True,BLACK,2.0,FEMALE,"275,968",17702354
"351,664",1,29.0,1.0,Motorcycle,3,"136,799",True,WHITE,2.0,FEMALE,"276,007",17703466
"351,773",1,34.0,1.0,Motorcycle,3,"136,854",True,WHITE,1.0,MALE,"276,129",17704964
"351,780",1,62.0,1.0,Bicycle,5,"136,858",True,WHITE,1.0,MALE,"276,136",17704968
"351,806",1,33.0,1.0,Large passenger vehicle,2,"136,873",True,WHITE,1.0,MALE,"276,163",17705313
"351,923",1,20.0,3.0,Bicycle,5,"136,937",True,BLACK,1.0,MALE,"276,292",17706350
"351,933",1,19.0,2.0,Passenger car,1,"136,941",True,HISPANIC,1.0,MALE,"276,302",17706366
"352,095",1,40.0,1.0,Passenger car,1,"137,029",True,WHITE,1.0,MALE,"276,473",17707967
"352,100",1,56.0,2.0,Pedestrian,7,"137,031",True,HISPANIC,2.0,FEMALE,"276,478",17707969
"352,206",1,24.0,1.0,Passenger car,1,"137,090",True,WHITE,2.0,FEMALE,"276,591",17709768
"352,556",1,69.0,2.0,Pedestrian,7,"137,281",True,HISPANIC,1.0,MALE,"276,974",17715421
"352,605",1,31.0,1.0,Bicycle,5,"137,308",True,WHITE,1.0,MALE,"277,027",17715588
"352,643",1,5.0,2.0,Pedestrian,7,"137,332",True,HISPANIC,1.0,MALE,"277,068",17715671
"352,859",1,79.0,2.0,Pedestrian,7,"137,451",True,HISPANIC,2.0,FEMALE,"277,311",17718566
"353,077",1,25.0,1.0,Passenger car,1,"137,568",True,WHITE,2.0,FEMALE,"277,564",17720503
"353,156",1,57.0,2.0,Large passenger vehicle,2,"137,609",True,HISPANIC,1.0,MALE,"277,648",17721467
"353,244",4,30.0,3.0,Pedestrian,7,"137,656",True,BLACK,2.0,FEMALE,"277,741",17722897
"353,326",1,33.0,2.0,Passenger car,1,"137,702",True,HISPANIC,1.0,MALE,"277,828",17723448
"353,517",1,35.0,2.0,Passenger car,1,"137,803",True,HISPANIC,2.0,FEMALE,"278,034",17726431
"353,584",1,19.0,2.0,Passenger car,1,"137,836",True,HISPANIC,1.0,MALE,"278,104",17726620
"353,634",1,26.0,1.0,Passenger car,1,"137,865",True,WHITE,2.0,FEMALE,"278,160",17726743
"353,771",1,61.0,1.0,Large passenger vehicle,2,"137,946",True,WHITE,2.0,FEMALE,"278,316",17728486
"353,773",1,56.0,2.0,Passenger car,1,"137,947",True,HISPANIC,2.0,FEMALE,"278,318",17728494
"353,924",1,29.0,2.0,Passenger car,1,"138,023",True,HISPANIC,1.0,MALE,"278,479",17730610
"353,927",1,37.0,2.0,Large passenger vehicle,2,"138,025",True,HISPANIC,1.0,MALE,"278,482",17730612
"354,263",1,60.0,2.0,Large passenger vehicle,2,"138,205",True,HISPANIC,2.0,FEMALE,"278,840",17734235
"354,423",1,40.0,2.0,Pedestrian,7,"138,294",True,HISPANIC,2.0,FEMALE,"279,015",17737335
"354,438",1,36.0,1.0,Motorcycle,3,"138,302",True,WHITE,1.0,MALE,"279,031",17737345
"354,471",1,30.0,2.0,Passenger car,1,"138,320",True,HISPANIC,1.0,MALE,"279,068",17737432
"354,476",1,25.0,2.0,Passenger car,1,"138,325",True,HISPANIC,1.0,MALE,"279,076",17737440
"354,507",1,32.0,2.0,Bicycle,5,"138,340",True,HISPANIC,1.0,MALE,"279,113",17737546
"354,592",1,43.0,2.0,Large passenger vehicle,2,"138,388",True,HISPANIC,2.0,FEMALE,"279,205",17738294
"354,593",1,49.0,3.0,Passenger car,1,"138,388",True,BLACK,2.0,FEMALE,"279,206",17738294
"354,689",1,32.0,1.0,Large passenger vehicle,2,"138,443",True,WHITE,1.0,MALE,"279,309",17740037
"354,867",1,44.0,1.0,Passenger car,1,"138,538",True,WHITE,2.0,FEMALE,"279,500",17741600
"354,875",1,23.0,4.0,Motorcycle,3,"138,543",True,ASIAN,2.0,FEMALE,"279,508",17741606
"355,047",1,65.0,1.0,Bicycle,5,"138,636",True,WHITE,1.0,MALE,"279,697",17743885
"355,060",1,43.0,2.0,Bicycle,5,"138,646",True,HISPANIC,1.0,MALE,"279,710",17743915
"355,161",4,28.0,1.0,Large passenger vehicle,2,"138,700",True,WHITE,2.0,FEMALE,"279,822",17744957
"355,230",1,23.0,1.0,Motorcycle,3,"138,739",True,WHITE,2.0,FEMALE,"279,900",17745524
"355,250",1,22.0,5.0,Passenger car,1,"138,751",True,OTHER,1.0,MALE,"279,925",17745564
"355,440",1,75.0,1.0,Passenger car,1,"138,870",True,WHITE,1.0,MALE,"280,145",17748213
"355,465",1,24.0,1.0,E-scooter,11,"138,888",True,WHITE,1.0,MALE,"280,173",17748343
"356,031",1,28.0,1.0,Passenger car,1,"139,221",True,WHITE,1.0,MALE,"280,798",17757455
"356,038",1,28.0,1.0,Large passenger vehicle,2,"139,225",True,WHITE,1.0,MALE,"280,805",17757461
"356,052",1,54.0,1.0,Passenger car,1,"139,235",True,WHITE,2.0,FEMALE,"280,822",17757473
"356,064",1,20.0,1.0,Passenger car,1,"139,243",True,WHITE,2.0,FEMALE,"280,840",17757538
"356,113",4,35.0,6.0,Pedestrian,7,"139,270",True,AMER. INDIAN/ALASKAN NATIVE,1.0,MALE,"280,894",17758158
"356,114",4,29.0,1.0,Motorcycle,3,"139,271",True,WHITE,2.0,FEMALE,"280,895",17758166
"356,121",1,74.0,1.0,Passenger car,1,"139,274",True,WHITE,1.0,MALE,"280,902",17758173
"356,327",1,36.0,1.0,Motorcycle,3,"139,381",True,WHITE,1.0,MALE,"281,121",17760521
"356,558",4,24.0,3.0,Large passenger vehicle,2,"139,504",True,BLACK,1.0,MALE,"281,374",17763994
"356,672",4,72.0,3.0,Pedestrian,7,"139,565",True,BLACK,2.0,FEMALE,"281,504",17764892
"356,787",4,55.0,3.0,Large passenger vehicle,2,"139,635",True,BLACK,1.0,MALE,"281,634",17767659
"356,828",4,23.0,2.0,Pedestrian,7,"139,658",True,HISPANIC,1.0,MALE,"281,681",17767699
"356,949",1,37.0,2.0,Passenger car,1,"139,730",True,HISPANIC,1.0,MALE,"281,819",17768582
"357,117",1,43.0,1.0,Passenger car,1,"139,823",True,WHITE,2.0,FEMALE,"282,001",17771251
"357,143",1,56.0,1.0,Passenger car,1,"139,836",True,WHITE,1.0,MALE,"282,027",17771278
"357,426",1,40.0,2.0,Passenger car,1,"139,990",True,HISPANIC,1.0,MALE,"282,337",17774058
"357,488",4,71.0,1.0,Pedestrian,7,"140,023",True,WHITE,1.0,MALE,"282,402",17774653
"357,541",1,40.0,4.0,Passenger car,1,"140,053",True,ASIAN,2.0,FEMALE,"282,458",17775744
"357,542",1,41.0,1.0,Large passenger vehicle,2,"140,053",True,WHITE,2.0,FEMALE,"282,459",17775744
"357,652",1,32.0,2.0,Large passenger vehicle,2,"140,116",True,HISPANIC,1.0,MALE,"282,585",17776877
"357,654",1,31.0,3.0,Passenger car,1,"140,117",True,BLACK,1.0,MALE,"282,588",17776881
"357,714",1,49.0,4.0,Large passenger vehicle,2,"140,150",True,ASIAN,1.0,MALE,"282,654",17777120
"357,964",1,36.0,1.0,Motorcycle,3,"140,285",True,WHITE,1.0,MALE,"282,928",17779758
"357,997",4,33.0,1.0,Pedestrian,7,"140,302",True,WHITE,2.0,FEMALE,"282,963",17780497
"358,045",4,55.0,3.0,Pedestrian,7,"140,326",True,BLACK,2.0,FEMALE,"283,014",17780736
"358,240",4,55.0,3.0,Pedestrian,7,"140,430",True,BLACK,1.0,MALE,"283,226",17783378
"358,270",1,33.0,1.0,Pedestrian,7,"140,446",True,WHITE,2.0,FEMALE,"283,258",17783407
"358,304",4,27.0,2.0,Passenger car,1,"140,466",True,HISPANIC,1.0,MALE,"283,293",17783491
"358,305",4,47.0,1.0,Large passenger vehicle,2,"140,466",True,WHITE,1.0,MALE,"283,294",17783491
"358,480",1,24.0,1.0,Large passenger vehicle,2,"140,562",True,WHITE,1.0,MALE,"283,491",17786802
"358,530",1,30.0,1.0,Motorcycle,3,"140,583",True,WHITE,1.0,MALE,"283,545",17786856
"358,550",4,69.0,2.0,Pedestrian,7,"140,593",True,HISPANIC,1.0,MALE,"283,567",17786935
"358,557",1,62.0,1.0,Passenger car,1,"140,600",True,WHITE,1.0,MALE,"283,579",17786958
"358,588",1,33.0,2.0,Large passenger vehicle,2,"140,613",True,HISPANIC,1.0,MALE,"283,613",17787023
"359,386",1,23.0,3.0,Passenger car,1,"141,057",True,BLACK,2.0,FEMALE,"284,493",17797626
"359,410",1,37.0,1.0,Passenger car,1,"141,069",True,WHITE,2.0,FEMALE,"284,519",17797644
"359,511",1,55.0,1.0,Motorcycle,3,"141,133",True,WHITE,1.0,MALE,"284,633",17799201
"359,685",1,24.0,2.0,Passenger car,1,"141,223",True,HISPANIC,2.0,FEMALE,"284,817",17801437
"359,836",1,31.0,1.0,Bicycle,5,"141,302",True,WHITE,1.0,MALE,"284,983",17802801
"359,866",1,,2.0,Motor vehicle – other,4,"141,316",True,HISPANIC,1.0,MALE,"285,016",17803451
"360,042",1,38.0,3.0,Large passenger vehicle,2,"141,407",True,BLACK,1.0,MALE,"285,207",17804643
"360,461",4,80.0,1.0,Passenger car,1,"141,646",True,WHITE,2.0,FEMALE,"285,659",17809473
"360,584",1,42.0,2.0,Pedestrian,7,"141,711",True,HISPANIC,1.0,MALE,"285,793",17811413
"360,650",1,60.0,2.0,Passenger car,1,"141,747",True,HISPANIC,2.0,FEMALE,"285,865",17811816
"360,731",1,37.0,1.0,Passenger car,1,"141,793",True,WHITE,2.0,FEMALE,"285,958",17813020
"360,924",1,32.0,1.0,Pedestrian,7,"141,896",True,WHITE,1.0,MALE,"286,164",17815088
"361,047",1,25.0,2.0,Passenger car,1,"141,961",True,HISPANIC,1.0,MALE,"286,299",17817537
"361,048",1,,2.0,Passenger car,1,"141,961",True,HISPANIC,1.0,MALE,"286,300",17817537
"361,055",1,23.0,2.0,Passenger car,1,"141,964",True,HISPANIC,1.0,MALE,"286,307",17817540
"361,098",1,34.0,2.0,Large passenger vehicle,2,"141,984",True,HISPANIC,1.0,MALE,"286,352",17817572
"361,334",1,19.0,4.0,Passenger car,1,"142,109",True,ASIAN,2.0,FEMALE,"286,613",17820118
"361,522",4,43.0,1.0,Pedestrian,7,"142,208",True,WHITE,2.0,FEMALE,"286,812",17822218
"361,537",1,50.0,1.0,Passenger car,1,"142,216",True,WHITE,1.0,MALE,"286,827",17822386
"361,946",1,36.0,2.0,Motorcycle,3,"142,444",True,HISPANIC,1.0,MALE,"287,282",17828061
"362,007",1,19.0,2.0,Large passenger vehicle,2,"142,482",True,HISPANIC,1.0,MALE,"287,353",17829253
"362,021",1,57.0,2.0,Passenger car,1,"142,490",True,HISPANIC,1.0,MALE,"287,367",17829313
"362,022",4,31.0,1.0,Pedestrian,7,"142,490",True,WHITE,1.0,MALE,"287,368",17829313
"362,145",4,57.0,1.0,Pedestrian,7,"142,563",True,WHITE,2.0,FEMALE,"287,513",17830458
"362,319",1,34.0,1.0,Pedestrian,7,"142,653",True,WHITE,2.0,FEMALE,"287,697",17833670
"362,475",1,19.0,2.0,Passenger car,1,"142,731",True,HISPANIC,1.0,MALE,"287,869",17834327
"362,478",4,31.0,2.0,Bicycle,5,"142,732",True,HISPANIC,1.0,MALE,"287,872",17834328
"362,653",1,26.0,2.0,Motorcycle,3,"142,831",True,HISPANIC,1.0,MALE,"288,062",17835755
"362,777",1,30.0,1.0,Bicycle,5,"142,901",True,WHITE,1.0,MALE,"288,199",17838056
"362,805",1,27.0,2.0,Large passenger vehicle,2,"142,917",True,HISPANIC,1.0,MALE,"288,227",17838203
"362,817",1,31.0,2.0,Large passenger vehicle,2,"142,923",True,HISPANIC,1.0,MALE,"288,239",17838211
"362,986",1,,2.0,Large passenger vehicle,2,"143,014",True,HISPANIC,1.0,MALE,"288,421",17838845
"363,010",4,55.0,2.0,Pedestrian,7,"143,028",True,HISPANIC,1.0,MALE,"288,451",17839138
"363,151",4,17.0,2.0,Passenger car,1,"143,098",True,HISPANIC,1.0,MALE,"288,608",17841403
"363,159",4,26.0,1.0,Passenger car,1,"143,102",True,WHITE,1.0,MALE,"288,617",17841409
"363,165",4,32.0,1.0,Bicycle,5,"143,103",True,WHITE,1.0,MALE,"288,623",17841420
"363,415",1,28.0,3.0,Motorcycle,3,"143,242",True,BLACK,1.0,MALE,"288,896",17844303
"363,589",1,51.0,2.0,Passenger car,1,"143,337",True,HISPANIC,1.0,MALE,"289,074",17845830
"363,590",1,27.0,2.0,Large passenger vehicle,2,"143,337",True,HISPANIC,1.0,MALE,"289,075",17845830
"363,923",1,56.0,1.0,Motorcycle,3,"143,523",True,WHITE,1.0,MALE,"289,436",17850120
"363,950",1,32.0,1.0,Large passenger vehicle,2,"143,539",True,WHITE,1.0,MALE,"289,464",17850194
"364,054",1,23.0,1.0,Pedestrian,7,"143,593",True,WHITE,1.0,MALE,"289,576",17850788
"364,063",1,69.0,2.0,Large passenger vehicle,2,"143,600",True,HISPANIC,1.0,MALE,"289,586",17850797
"364,108",1,21.0,2.0,Motorcycle,3,"143,628",True,HISPANIC,1.0,MALE,"289,634",17851694
"364,126",1,69.0,1.0,Passenger car,1,"143,641",True,WHITE,1.0,MALE,"289,654",17851727
"364,143",1,29.0,2.0,Passenger car,1,"143,650",True,HISPANIC,1.0,MALE,"289,672",17851943
"364,179",1,31.0,3.0,Passenger car,1,"143,670",True,BLACK,2.0,FEMALE,"289,714",17852252
"364,395",1,55.0,1.0,Bicycle,5,"143,786",True,WHITE,2.0,FEMALE,"289,944",17854898
"364,399",1,28.0,3.0,Passenger car,1,"143,788",True,BLACK,1.0,MALE,"289,948",17854900
"364,563",1,27.0,1.0,Motorcycle,3,"143,882",True,WHITE,2.0,FEMALE,"290,127",17856847
"364,681",4,41.0,2.0,Bicycle,5,"143,949",True,HISPANIC,1.0,MALE,"290,257",17857683
"364,850",1,36.0,1.0,Passenger car,1,"144,040",True,WHITE,2.0,FEMALE,"290,439",17859997
"364,851",1,40.0,1.0,Passenger car,1,"144,040",True,WHITE,1.0,MALE,"290,440",17859997
"364,974",1,52.0,1.0,Passenger car,1,"144,109",True,WHITE,1.0,MALE,"290,571",17860249
"365,034",1,20.0,1.0,Motorcycle,3,"144,144",True,WHITE,1.0,MALE,"290,638",17860842
"365,218",4,38.0,1.0,Large passenger vehicle,2,"144,247",True,WHITE,1.0,MALE,"290,842",17864015
"365,283",1,58.0,2.0,Passenger car,1,"144,287",True,HISPANIC,1.0,MALE,"290,918",17864729
"365,289",1,65.0,1.0,Passenger car,1,"144,291",True,WHITE,2.0,FEMALE,"290,925",17864734
"365,499",1,40.0,1.0,Motorcycle,3,"144,406",True,WHITE,1.0,MALE,"291,149",17867276
"365,653",1,37.0,1.0,Large passenger vehicle,2,"144,491",True,WHITE,1.0,MALE,"291,312",17870460
"365,679",1,54.0,2.0,Passenger car,1,"144,503",True,HISPANIC,2.0,FEMALE,"291,341",17870480
"365,766",1,71.0,2.0,Large passenger vehicle,2,"144,551",True,HISPANIC,2.0,FEMALE,"291,439",17870729
"365,784",1,35.0,2.0,Large passenger vehicle,2,"144,561",True,HISPANIC,1.0,MALE,"291,458",17870763
"365,786",1,28.0,1.0,Motorcycle,3,"144,562",True,WHITE,1.0,MALE,"291,460",17870765
"365,797",1,29.0,1.0,Passenger car,1,"144,569",True,WHITE,1.0,MALE,"291,473",17870785
"366,058",1,23.0,5.0,Pedestrian,7,"144,718",True,OTHER,1.0,MALE,"291,755",17874007
"366,207",4,39.0,2.0,Pedestrian,7,"144,800",True,HISPANIC,2.0,FEMALE,"291,915",17875590
"366,475",1,16.0,1.0,Passenger car,1,"144,932",True,WHITE,1.0,MALE,"292,198",17878608
"366,602",1,86.0,1.0,Large passenger vehicle,2,"144,999",True,WHITE,1.0,MALE,"292,338",17879211
"366,921",4,53.0,1.0,Passenger car,1,"145,177",True,WHITE,1.0,MALE,"292,690",17882150
"366,937",1,71.0,1.0,Passenger car,1,"145,185",True,WHITE,2.0,FEMALE,"292,706",17882159
"367,275",1,61.0,3.0,Passenger car,1,"145,361",True,BLACK,2.0,FEMALE,"293,083",17885980
"367,933",1,20.0,3.0,Passenger car,1,"145,715",True,BLACK,2.0,FEMALE,"293,816",17892940
"368,004",1,29.0,1.0,Motorcycle,3,"145,753",True,WHITE,1.0,MALE,"293,898",17893427
"368,070",4,59.0,3.0,Passenger car,1,"145,791",True,BLACK,1.0,MALE,"293,970",17893615
"368,106",1,23.0,1.0,Passenger car,1,"145,806",True,WHITE,1.0,MALE,"294,011",17893996
"368,111",1,24.0,1.0,Motorcycle,3,"145,809",True,WHITE,1.0,MALE,"294,016",17894000
"368,401",1,32.0,1.0,Passenger car,1,"145,960",True,WHITE,1.0,MALE,"294,336",17898135
"368,501",4,28.0,1.0,Motorcycle,3,"146,013",True,WHITE,1.0,MALE,"294,447",17899254
"368,539",1,54.0,1.0,Passenger car,1,"146,031",True,WHITE,1.0,MALE,"294,488",17899286
"368,593",1,47.0,1.0,Large passenger vehicle,2,"146,059",True,WHITE,1.0,MALE,"294,551",17899947
"368,703",1,21.0,1.0,Pedestrian,7,"146,119",True,WHITE,1.0,MALE,"294,672",17901364
"368,712",1,43.0,2.0,Large passenger vehicle,2,"146,124",True,HISPANIC,1.0,MALE,"294,681",17901393
"368,936",1,10.0,2.0,Pedestrian,7,"146,246",True,HISPANIC,2.0,FEMALE,"294,927",17904933
"368,955",1,24.0,2.0,Motorcycle,3,"146,255",True,HISPANIC,1.0,MALE,"294,947",17904951
"368,993",1,32.0,1.0,Pedestrian,7,"146,275",True,WHITE,1.0,MALE,"294,989",17905050
"369,026",1,24.0,0.0,Motorcycle,3,"146,298",True,UNKNOWN,1.0,MALE,"295,025",17905207
"369,052",1,38.0,2.0,Motorcycle,3,"146,314",True,HISPANIC,1.0,MALE,"295,055",17905234
"369,058",1,71.0,2.0,Pedestrian,7,"146,318",True,HISPANIC,2.0,FEMALE,"295,062",17905238
"369,247",4,33.0,1.0,Motorcycle,3,"146,420",True,WHITE,2.0,FEMALE,"295,267",17906817
"369,390",1,51.0,3.0,Large passenger vehicle,2,"146,495",True,BLACK,1.0,MALE,"295,429",17908642
"369,439",1,24.0,2.0,Passenger car,1,"146,517",True,HISPANIC,1.0,MALE,"295,484",17908713
"369,798",1,53.0,3.0,Passenger car,1,"146,717",True,BLACK,1.0,MALE,"295,875",17912295
"370,075",1,22.0,3.0,Large passenger vehicle,2,"146,871",True,BLACK,2.0,FEMALE,"296,183",17915975
"370,141",1,56.0,1.0,Motorcycle,3,"146,902",True,WHITE,1.0,MALE,"296,252",17916287
"370,180",4,35.0,3.0,Passenger car,1,"146,922",True,BLACK,2.0,FEMALE,"296,291",17916331
"370,272",1,48.0,2.0,Motorcycle,3,"146,974",True,HISPANIC,1.0,MALE,"296,401",17916727
"370,384",1,29.0,2.0,Large passenger vehicle,2,"147,038",True,HISPANIC,2.0,FEMALE,"296,525",17918188
"370,412",1,24.0,2.0,Passenger car,1,"147,053",True,HISPANIC,1.0,MALE,"296,553",17918207
"370,435",1,53.0,2.0,Passenger car,1,"147,064",True,HISPANIC,1.0,MALE,"296,578",17918279
"370,561",1,56.0,3.0,Pedestrian,7,"147,128",True,BLACK,1.0,MALE,"296,714",17920336
"370,593",1,44.0,2.0,Passenger car,1,"147,146",True,HISPANIC,2.0,FEMALE,"296,750",17920524
"370,694",1,38.0,2.0,Large passenger vehicle,2,"147,202",True,HISPANIC,1.0,MALE,"296,864",17922000
"370,717",1,23.0,1.0,Motorcycle,3,"147,213",True,WHITE,1.0,MALE,"296,887",17922022
"370,794",4,63.0,1.0,Motorcycle,3,"147,254",True,WHITE,1.0,MALE,"296,970",17922557
"370,803",4,54.0,0.0,Pedestrian,7,"147,259",True,UNKNOWN,1.0,MALE,"296,980",17922573
"370,816",1,90.0,1.0,Passenger car,1,"147,266",True,WHITE,2.0,FEMALE,"296,995",17922580
"371,153",4,26.0,1.0,Bicycle,5,"147,455",True,WHITE,1.0,MALE,"297,367",17928449
"371,177",1,54.0,3.0,Passenger car,1,"147,469",True,BLACK,1.0,MALE,"297,392",17928469
"371,178",1,54.0,3.0,Pedestrian,7,"147,469",True,BLACK,1.0,MALE,"297,393",17928469
"371,290",1,24.0,3.0,Passenger car,1,"147,540",True,BLACK,1.0,MALE,"297,526",17928689
"371,608",1,28.0,2.0,Pedestrian,7,"147,716",True,HISPANIC,1.0,MALE,"297,873",17933353
"371,702",1,61.0,1.0,Bicycle,5,"147,770",True,WHITE,1.0,MALE,"297,974",17934890
"371,731",1,50.0,1.0,Motorcycle,3,"147,783",True,WHITE,1.0,MALE,"298,003",17935018
"371,765",1,55.0,2.0,Motor vehicle – other,4,"147,802",True,HISPANIC,1.0,MALE,"298,040",17935051
"372,399",1,44.0,3.0,Passenger car,1,"148,140",True,BLACK,2.0,FEMALE,"298,725",17941956
"372,450",4,67.0,1.0,Large passenger vehicle,2,"148,164",True,WHITE,1.0,MALE,"298,787",17942113
"372,467",1,48.0,1.0,Pedestrian,7,"148,172",True,WHITE,2.0,FEMALE,"298,804",17942122
"372,494",1,21.0,1.0,Passenger car,1,"148,185",True,WHITE,1.0,MALE,"298,836",17942135
"372,637",1,69.0,2.0,Passenger car,1,"148,267",True,HISPANIC,2.0,FEMALE,"298,995",17944028
"372,753",4,52.0,1.0,Pedestrian,7,"148,330",True,WHITE,1.0,MALE,"299,117",17946309
"372,765",1,32.0,1.0,Passenger car,1,"148,337",True,WHITE,1.0,MALE,"299,130",17946317
"372,771",1,46.0,1.0,Pedestrian,7,"148,340",True,WHITE,1.0,MALE,"299,136",17946321
"372,913",1,12.0,1.0,Bicycle,5,"148,415",True,WHITE,1.0,MALE,"299,291",17947457
"372,981",4,26.0,2.0,Passenger car,1,"148,451",True,HISPANIC,1.0,MALE,"299,364",17948380
"373,096",1,34.0,2.0,Large passenger vehicle,2,"148,511",True,HISPANIC,1.0,MALE,"299,492",17949329
"373,293",1,24.0,3.0,Passenger car,1,"148,613",True,BLACK,1.0,MALE,"299,703",17952488
"373,394",1,24.0,2.0,Passenger car,1,"148,666",True,HISPANIC,2.0,FEMALE,"299,815",17953902
"373,416",1,36.0,3.0,Passenger car,1,"148,680",True,BLACK,2.0,FEMALE,"299,843",17953918
"373,664",1,63.0,2.0,Motorcycle,3,"148,815",True,HISPANIC,1.0,MALE,"300,111",17955071
"373,703",4,42.0,1.0,Pedestrian,7,"148,836",True,WHITE,1.0,MALE,"300,152",17955603
"373,998",1,37.0,1.0,Pedestrian,7,"148,995",True,WHITE,1.0,MALE,"300,474",17959241
"374,108",1,26.0,6.0,Pedestrian,7,"149,054",True,AMER. INDIAN/ALASKAN NATIVE,1.0,MALE,"300,596",17959913
"374,200",1,52.0,2.0,Passenger car,1,"149,105",True,HISPANIC,1.0,MALE,"300,697",17960660
"374,505",4,64.0,3.0,Pedestrian,7,"149,269",True,BLACK,2.0,FEMALE,"301,026",17964126
"374,536",1,52.0,1.0,Motorcycle,3,"149,288",True,WHITE,1.0,MALE,"301,061",17964559
"374,555",1,19.0,2.0,Passenger car,1,"149,298",True,HISPANIC,2.0,FEMALE,"301,081",17964569
"374,563",1,25.0,2.0,Large passenger vehicle,2,"149,302",True,HISPANIC,1.0,MALE,"301,091",17964576
"374,565",1,43.0,1.0,Pedestrian,7,"149,303",True,WHITE,1.0,MALE,"301,093",17964577
"374,622",1,24.0,2.0,Passenger car,1,"149,335",True,HISPANIC,1.0,MALE,"301,156",17965133
"374,675",1,32.0,1.0,Large passenger vehicle,2,"149,363",True,WHITE,1.0,MALE,"301,213",17965308
"374,725",1,39.0,1.0,Passenger car,1,"149,388",True,WHITE,2.0,FEMALE,"301,266",17966043
"375,574",1,23.0,2.0,Large passenger vehicle,2,"149,849",True,HISPANIC,1.0,MALE,"302,187",17975578
"375,586",4,33.0,2.0,Pedestrian,7,"149,857",True,HISPANIC,1.0,MALE,"302,203",17975586
"375,670",1,45.0,2.0,Passenger car,1,"149,904",True,HISPANIC,1.0,MALE,"302,295",17976206
"375,763",1,20.0,2.0,Passenger car,1,"149,955",True,HISPANIC,2.0,FEMALE,"302,395",17976620
"376,192",1,40.0,1.0,Motorcycle,3,"150,202",True,WHITE,1.0,MALE,"302,865",17979781
"376,729",1,27.0,2.0,Passenger car,1,"150,501",True,HISPANIC,1.0,MALE,"303,449",17987156
"376,738",1,20.0,2.0,Large passenger vehicle,2,"150,506",True,HISPANIC,1.0,MALE,"303,459",17987161
"376,919",1,51.0,2.0,Passenger car,1,"150,626",True,HISPANIC,1.0,MALE,"303,670",17987698
"377,162",1,37.0,2.0,Passenger car,1,"150,753",True,HISPANIC,1.0,MALE,"303,932",17989990
"377,192",1,39.0,3.0,Passenger car,1,"150,768",True,BLACK,1.0,MALE,"303,964",17990068
"377,204",4,37.0,2.0,Passenger car,1,"150,774",True,HISPANIC,1.0,MALE,"303,976",17990074
"377,205",1,44.0,3.0,Pedestrian,7,"150,774",True,BLACK,1.0,MALE,"303,979",17990074
"377,206",1,28.0,2.0,Pedestrian,7,"150,774",True,HISPANIC,1.0,MALE,"303,980",17990074
"377,207",1,31.0,1.0,Pedestrian,7,"150,774",True,WHITE,1.0,MALE,"303,981",17990074
"377,245",4,49.0,2.0,Pedestrian,7,"150,794",True,HISPANIC,1.0,MALE,"304,023",17990529
"377,325",1,36.0,1.0,Pedestrian,7,"150,840",True,WHITE,2.0,FEMALE,"304,112",17992034
"377,340",1,41.0,2.0,Pedestrian,7,"150,848",True,HISPANIC,2.0,FEMALE,"304,128",17992052
"377,579",1,50.0,4.0,Passenger car,1,"150,984",True,ASIAN,1.0,MALE,"304,385",17994569
"377,811",4,43.0,3.0,E-scooter,11,"151,108",True,BLACK,1.0,MALE,"304,632",17998157
"377,827",1,44.0,2.0,Large passenger vehicle,2,"151,119",True,HISPANIC,1.0,MALE,"304,651",17998194
"377,897",1,50.0,2.0,Large passenger vehicle,2,"151,155",True,HISPANIC,2.0,FEMALE,"304,723",17998331
"377,911",1,39.0,1.0,Passenger car,1,"151,161",True,WHITE,1.0,MALE,"304,737",17998340
"378,072",1,48.0,3.0,Bicycle,5,"151,239",True,BLACK,1.0,MALE,"304,908",17999857
"378,444",1,33.0,3.0,Passenger car,1,"151,432",True,BLACK,1.0,MALE,"305,307",18004825
"378,644",1,40.0,3.0,Pedestrian,7,"151,541",True,BLACK,1.0,MALE,"305,528",18006127
"378,975",4,29.0,2.0,Passenger car,1,"151,717",True,HISPANIC,1.0,MALE,"305,881",18010959
"378,984",1,,1.0,Pedestrian,7,"151,723",True,WHITE,1.0,MALE,"305,890",18010968
"379,013",1,24.0,1.0,Large passenger vehicle,2,"151,739",True,WHITE,1.0,MALE,"305,923",18011037
"379,014",1,66.0,1.0,Passenger car,1,"151,739",True,WHITE,2.0,FEMALE,"305,924",18011037
"379,053",1,24.0,2.0,Large passenger vehicle,2,"151,762",True,HISPANIC,1.0,MALE,"305,966",18011060
"380,164",4,,1.0,Pedestrian,7,"152,350",True,WHITE,1.0,MALE,"307,173",18021866
"380,190",1,35.0,1.0,Passenger car,1,"152,367",True,WHITE,1.0,MALE,"307,201",18021923
"380,675",1,51.0,1.0,Large passenger vehicle,2,"152,636",True,WHITE,2.0,FEMALE,"307,726",18026307
"380,849",1,27.0,3.0,Large passenger vehicle,2,"152,727",True,BLACK,1.0,MALE,"307,910",18029524
"381,039",4,19.0,2.0,Pedestrian,7,"152,830",True,HISPANIC,1.0,MALE,"308,114",18031607
"381,147",1,54.0,3.0,Passenger car,1,"152,890",True,BLACK,1.0,MALE,"308,229",18032247
"381,148",1,66.0,1.0,Large passenger vehicle,2,"152,890",True,WHITE,1.0,MALE,"308,230",18032247
"381,199",1,49.0,1.0,Pedestrian,7,"152,917",True,WHITE,1.0,MALE,"308,287",18032505
"381,263",1,21.0,1.0,Passenger car,1,"152,954",True,WHITE,2.0,FEMALE,"308,356",18032732
"381,293",1,23.0,6.0,Large passenger vehicle,2,"152,977",True,AMER. INDIAN/ALASKAN NATIVE,1.0,MALE,"308,391",18033078
"381,449",1,21.0,2.0,Passenger car,1,"153,061",True,HISPANIC,2.0,FEMALE,"308,560",18033819
"381,502",4,35.0,2.0,Pedestrian,7,"153,088",True,HISPANIC,1.0,MALE,"308,615",18034233
"381,522",4,34.0,2.0,Passenger car,1,"153,100",True,HISPANIC,2.0,FEMALE,"308,637",18034580
"381,667",1,60.0,1.0,Large passenger vehicle,2,"153,184",True,WHITE,1.0,MALE,"308,789",18037470
"381,671",1,40.0,2.0,Passenger car,1,"153,186",True,HISPANIC,2.0,FEMALE,"308,793",18037474
"381,708",4,33.0,3.0,Pedestrian,7,"153,206",True,BLACK,1.0,MALE,"308,833",18037613
"381,756",4,55.0,1.0,Pedestrian,7,"153,234",True,WHITE,1.0,MALE,"308,887",18037756
"381,917",4,24.0,2.0,Large passenger vehicle,2,"153,327",True,HISPANIC,1.0,MALE,"309,057",18042109
"382,079",4,34.0,2.0,Passenger car,1,"153,411",True,HISPANIC,1.0,MALE,"309,234",18046279
"382,245",1,,0.0,Bicycle,5,"153,505",True,UNKNOWN,1.0,MALE,"309,415",18057143
"382,505",1,21.0,3.0,Large passenger vehicle,2,"126,810",False,BLACK,2.0,FEMALE,"256,188",17497369
"382,839",1,23.0,2.0,Passenger car,1,"127,278",False,HISPANIC,2.0,FEMALE,"257,143",17510694
"382,840",1,22.0,2.0,Passenger car,1,"127,278",False,HISPANIC,2.0,FEMALE,"257,143",17510694
"383,099",1,64.0,2.0,Passenger car,1,"127,666",False,HISPANIC,2.0,FEMALE,"257,924",17516961
"383,306",1,4.0,4.0,Passenger car,1,"127,969",False,ASIAN,2.0,FEMALE,"258,510",17524314
"383,512",1,20.0,2.0,Passenger car,1,"128,325",False,HISPANIC,2.0,FEMALE,"259,209",17530634
"383,677",1,13.0,2.0,Large passenger vehicle,2,"128,515",False,HISPANIC,1.0,MALE,"259,593",17534739
"383,696",1,32.0,3.0,Passenger car,1,"128,551",False,BLACK,2.0,FEMALE,"259,661",17534971
"383,928",1,57.0,2.0,Passenger car,1,"128,900",False,HISPANIC,1.0,MALE,"260,375",17541368
"384,172",4,50.0,3.0,Passenger car,1,"129,343",False,BLACK,1.0,MALE,"261,301",17549563
"384,446",1,63.0,,Passenger car,1,"129,810",False,,2.0,FEMALE,"262,258",17559022
"384,513",1,31.0,1.0,Passenger car,1,"129,898",False,WHITE,1.0,MALE,"262,422",17559658
"384,681",4,24.0,4.0,Passenger car,1,"130,203",False,ASIAN,2.0,FEMALE,"263,035",17566130
"385,031",1,32.0,2.0,Passenger car,1,"130,731",False,HISPANIC,2.0,FEMALE,"264,118",17576198
"385,236",1,21.0,3.0,Passenger car,1,"131,108",False,BLACK,2.0,FEMALE,"264,851",17583769
"386,288",1,60.0,2.0,Passenger car,1,"132,825",False,HISPANIC,2.0,FEMALE,"268,328",17613935
"386,501",4,22.0,1.0,Passenger car,1,"133,191",False,WHITE,1.0,MALE,"269,091",17622093
"386,668",1,21.0,3.0,Passenger car,1,"133,478",False,BLACK,1.0,MALE,"269,659",17626334
"386,844",1,35.0,3.0,Passenger car,1,"133,777",False,BLACK,2.0,FEMALE,"270,213",17634212
"386,871",1,6.0,2.0,Passenger car,1,"133,860",False,HISPANIC,2.0,FEMALE,"270,368",17635577
"386,872",1,7.0,2.0,Passenger car,1,"133,860",False,HISPANIC,1.0,MALE,"270,368",17635577
"386,946",1,37.0,1.0,Large passenger vehicle,2,"134,007",False,WHITE,1.0,MALE,"270,659",17639894
"387,044",1,16.0,2.0,Passenger car,1,"134,205",False,HISPANIC,1.0,MALE,"271,022",17644659
"387,082",1,,2.0,Passenger car,1,"134,325",False,HISPANIC,1.0,MALE,"271,243",17646798
"387,099",1,23.0,1.0,Large passenger vehicle,2,"134,354",False,WHITE,1.0,MALE,"271,303",17646874
"387,100",1,19.0,1.0,Large passenger vehicle,2,"134,354",False,WHITE,2.0,FEMALE,"271,303",17646874
"387,101",1,23.0,1.0,Large passenger vehicle,2,"134,354",False,WHITE,1.0,MALE,"271,303",17646874
"387,148",1,,2.0,Passenger car,1,"134,460",False,HISPANIC,2.0,FEMALE,"271,492",17648786
"387,183",4,,,Passenger car,1,"134,550",False,,2.0,FEMALE,"271,665",17651047
"387,289",1,16.0,1.0,Passenger car,1,"134,797",False,WHITE,2.0,FEMALE,"272,125",17656871
"387,311",1,74.0,2.0,Large passenger vehicle,2,"134,829",False,HISPANIC,2.0,FEMALE,"272,190",17657849
"387,554",1,25.0,1.0,Large passenger vehicle,2,"135,292",False,WHITE,2.0,FEMALE,"273,050",17668633
"387,565",1,16.0,2.0,Passenger car,1,"135,314",False,HISPANIC,1.0,MALE,"273,088",17668709
"387,566",1,17.0,2.0,Passenger car,1,"135,314",False,HISPANIC,1.0,MALE,"273,088",17668709
"387,803",1,19.0,3.0,Passenger car,1,"135,703",False,BLACK,1.0,MALE,"273,862",17676799
"387,883",1,31.0,1.0,Passenger car,1,"135,860",False,WHITE,2.0,FEMALE,"274,173",17681329
"387,985",1,36.0,3.0,Passenger car,1,"136,050",False,BLACK,1.0,MALE,"274,547",17686765
"388,100",4,66.0,1.0,Passenger car,1,"136,227",False,WHITE,1.0,MALE,"274,876",17689982
"388,194",1,17.0,2.0,Passenger car,1,"136,386",False,HISPANIC,2.0,FEMALE,"275,210",17693667
"388,498",1,42.0,1.0,Motorcycle,3,"136,854",False,WHITE,2.0,FEMALE,"276,129",17704964
"388,746",1,19.0,2.0,Passenger car,1,"137,253",False,HISPANIC,2.0,FEMALE,"276,912",17715020
"388,762",1,40.0,2.0,Passenger car,1,"137,284",False,HISPANIC,1.0,MALE,"276,979",17715424
"388,813",1,19.0,1.0,Passenger car,1,"137,356",False,WHITE,2.0,FEMALE,"277,116",17715712
"388,814",1,17.0,1.0,Passenger car,1,"137,356",False,WHITE,2.0,FEMALE,"277,116",17715712
"389,415",4,23.0,2.0,Passenger car,1,"138,358",False,HISPANIC,1.0,MALE,"279,145",17737582
"389,416",1,25.0,2.0,Passenger car,1,"138,359",False,HISPANIC,2.0,FEMALE,"279,146",17737583
"389,417",1,28.0,2.0,Large passenger vehicle,2,"138,359",False,HISPANIC,2.0,FEMALE,"279,147",17737583
"389,441",1,50.0,3.0,Passenger car,1,"138,388",False,BLACK,1.0,MALE,"279,206",17738294
"389,625",1,52.0,3.0,Motor vehicle – other,4,"138,682",False,BLACK,1.0,MALE,"279,784",17744934
"389,793",1,75.0,2.0,Passenger car,1,"139,052",False,HISPANIC,2.0,FEMALE,"280,492",17753749
"389,918",1,47.0,1.0,Passenger car,1,"139,274",False,WHITE,2.0,FEMALE,"280,902",17758173
"389,999",4,22.0,2.0,Large passenger vehicle,2,"139,390",False,HISPANIC,1.0,MALE,"281,145",17760647
"390,093",4,22.0,3.0,Large passenger vehicle,2,"139,504",False,BLACK,2.0,FEMALE,"281,374",17763994
"390,403",1,40.0,4.0,Passenger car,1,"140,053",False,ASIAN,1.0,MALE,"282,458",17775744
"390,434",1,9.0,2.0,Passenger car,1,"140,093",False,HISPANIC,2.0,FEMALE,"282,535",17776639
"390,578",1,10.0,2.0,Passenger car,1,"140,327",False,HISPANIC,2.0,FEMALE,"283,016",17780738
"390,579",4,9.0,2.0,Passenger car,1,"140,327",False,HISPANIC,2.0,FEMALE,"283,016",17780738
"390,651",1,47.0,2.0,Large passenger vehicle,2,"140,466",False,HISPANIC,2.0,FEMALE,"283,294",17783491
"391,216",1,29.0,1.0,Passenger car,1,"141,374",False,WHITE,2.0,FEMALE,"285,142",17804147
"391,745",4,16.0,2.0,Passenger car,1,"142,209",False,HISPANIC,1.0,MALE,"286,813",17822219
"391,746",4,15.0,2.0,Passenger car,1,"142,209",False,HISPANIC,1.0,MALE,"286,813",17822219
"391,749",4,53.0,1.0,Passenger car,1,"142,216",False,WHITE,1.0,MALE,"286,827",17822386
"392,142",1,40.0,2.0,Passenger car,1,"142,962",False,HISPANIC,1.0,MALE,"288,320",17838359
"392,179",1,31.0,1.0,Large passenger vehicle,2,"143,026",False,WHITE,2.0,FEMALE,"288,446",17839095
"392,543",1,19.0,2.0,Motorcycle,3,"143,628",False,HISPANIC,2.0,FEMALE,"289,634",17851694
"392,751",1,63.0,3.0,Passenger car,1,"144,038",False,BLACK,2.0,FEMALE,"290,437",17859952
"392,752",1,27.0,1.0,Passenger car,1,"144,040",False,WHITE,1.0,MALE,"290,439",17859997
"392,901",1,21.0,3.0,Passenger car,1,"144,400",False,BLACK,2.0,FEMALE,"291,137",17867270
"393,332",1,26.0,2.0,Large passenger vehicle,2,"145,106",False,HISPANIC,2.0,FEMALE,"292,541",17881820
"393,352",1,24.0,2.0,Passenger car,1,"145,143",False,HISPANIC,2.0,FEMALE,"292,614",17881964
"393,521",1,58.0,3.0,Passenger car,1,"145,361",False,BLACK,2.0,FEMALE,"293,083",17885980
"393,547",1,59.0,3.0,Large passenger vehicle,2,"145,420",False,BLACK,2.0,FEMALE,"293,200",17886651
"393,822",1,18.0,2.0,Passenger car,1,"145,796",False,HISPANIC,2.0,FEMALE,"293,978",17893630
"393,874",1,5.0,1.0,Passenger car,1,"145,863",False,WHITE,2.0,FEMALE,"294,124",17895543
"393,947",1,21.0,1.0,Passenger car,1,"145,954",False,WHITE,2.0,FEMALE,"294,323",17898128
"394,177",1,29.0,2.0,Passenger car,1,"146,405",False,HISPANIC,2.0,FEMALE,"295,237",17906735
"394,178",1,7.0,2.0,Passenger car,1,"146,405",False,HISPANIC,2.0,FEMALE,"295,237",17906735
"394,556",1,4.0,2.0,Large passenger vehicle,2,"147,038",False,HISPANIC,2.0,FEMALE,"296,525",17918188
"394,615",1,23.0,2.0,Passenger car,1,"147,142",False,HISPANIC,2.0,FEMALE,"296,741",17920352
"394,686",1,90.0,1.0,Passenger car,1,"147,266",False,WHITE,1.0,MALE,"296,995",17922580
"394,715",1,52.0,2.0,Passenger car,1,"147,312",False,HISPANIC,2.0,FEMALE,"297,087",17924489
"394,812",1,33.0,1.0,Passenger car,1,"147,458",False,WHITE,2.0,FEMALE,"297,371",17928452
"395,226",1,61.0,1.0,Large passenger vehicle,2,"148,164",False,WHITE,2.0,FEMALE,"298,787",17942113
"395,495",4,57.0,2.0,Large passenger vehicle,2,"148,676",False,HISPANIC,2.0,FEMALE,"299,836",17953914
"395,528",1,31.0,2.0,Bicycle,5,"148,712",False,HISPANIC,2.0,FEMALE,"299,909",17954043
"395,529",1,29.0,3.0,Passenger car,1,"148,714",False,BLACK,2.0,FEMALE,"299,914",17954050
"395,835",1,28.0,2.0,Large passenger vehicle,2,"149,298",False,HISPANIC,2.0,FEMALE,"301,082",17964569
"395,906",1,21.0,1.0,Passenger car,1,"149,385",False,WHITE,2.0,FEMALE,"301,258",17966040
"396,237",1,19.0,2.0,Passenger car,1,"149,955",False,HISPANIC,1.0,MALE,"302,395",17976620
"396,238",1,41.0,2.0,Passenger car,1,"149,955",False,HISPANIC,2.0,FEMALE,"302,395",17976620
"396,943",1,28.0,1.0,Large passenger vehicle,2,"151,116",False,WHITE,2.0,FEMALE,"304,645",17998173
"396,985",1,16.0,1.0,Passenger car,1,"151,161",False,WHITE,2.0,FEMALE,"304,737",17998340
"397,851",1,27.0,3.0,Large passenger vehicle,2,"152,501",False,BLACK,1.0,MALE,"307,464",18023811
"397,852",1,20.0,3.0,Large passenger vehicle,2,"152,501",False,BLACK,1.0,MALE,"307,464",18023811
"398,221",1,55.0,2.0,Passenger car,1,"153,018",False,HISPANIC,2.0,FEMALE,"308,473",18033225
"398,445",4,19.0,2.0,Large passenger vehicle,2,"153,327",False,HISPANIC,1.0,MALE,"309,057",18042109
"398,774",1,25.0,1.0,Passenger car,1,"153,695",True,WHITE,1.0,MALE,"309,749",18043204
"398,819",1,38.0,2.0,Motorcycle,3,"153,720",True,HISPANIC,1.0,MALE,"309,798",18043416
"398,833",1,61.0,1.0,Motorcycle,3,"153,728",True,WHITE,1.0,MALE,"309,814",18043424
"399,036",1,23.0,3.0,Passenger car,1,"153,841",True,BLACK,2.0,FEMALE,"310,028",18046302
"399,224",1,67.0,1.0,Pedestrian,7,"153,952",True,WHITE,1.0,MALE,"310,229",18049006
"399,286",1,19.0,1.0,Bicycle,5,"153,988",True,WHITE,2.0,FEMALE,"310,297",18049995
"399,525",1,29.0,2.0,Passenger car,1,"154,130",True,HISPANIC,2.0,FEMALE,"310,559",18054650
"399,538",1,27.0,1.0,Passenger car,1,"154,138",True,WHITE,1.0,MALE,"310,573",18054660
"399,574",1,20.0,1.0,Motorcycle,3,"154,162",True,WHITE,1.0,MALE,"310,611",18055120
"399,606",4,21.0,1.0,Pedestrian,7,"154,181",True,WHITE,1.0,MALE,"310,648",18055143
"399,632",4,62.0,1.0,Bicycle,5,"154,194",True,WHITE,1.0,MALE,"310,679",18055384
"399,707",1,18.0,2.0,Large passenger vehicle,2,"154,241",True,HISPANIC,1.0,MALE,"310,756",18055529
"399,736",1,18.0,2.0,Large passenger vehicle,2,"154,260",True,HISPANIC,1.0,MALE,"310,786",18055549
"400,169",1,19.0,1.0,Passenger car,1,"154,501",True,WHITE,2.0,FEMALE,"311,272",18060447
"400,249",4,41.0,1.0,Passenger car,1,"154,547",True,WHITE,1.0,MALE,"311,355",18061620
"400,261",4,28.0,3.0,Passenger car,1,"154,556",True,BLACK,2.0,FEMALE,"311,368",18061630
"400,262",1,74.0,1.0,Passenger car,1,"154,556",True,WHITE,1.0,MALE,"311,369",18061630
"400,456",1,59.0,3.0,Pedestrian,7,"154,670",True,BLACK,1.0,MALE,"311,581",18064773
"400,458",1,38.0,1.0,Pedestrian,7,"154,671",True,WHITE,1.0,MALE,"311,583",18064774
"400,466",1,44.0,1.0,Passenger car,1,"154,677",True,WHITE,1.0,MALE,"311,593",18064780
"400,532",1,36.0,3.0,Pedestrian,7,"154,713",True,BLACK,1.0,MALE,"311,666",18065277
"400,616",1,56.0,4.0,Pedestrian,7,"154,757",True,ASIAN,2.0,FEMALE,"311,752",18065820
"400,794",1,,0.0,Pedestrian,7,"154,852",True,UNKNOWN,1.0,MALE,"311,941",18068642
"400,809",1,28.0,1.0,Motorcycle,3,"154,860",True,WHITE,1.0,MALE,"311,957",18068650
"400,832",1,48.0,3.0,Bicycle,5,"154,873",True,BLACK,1.0,MALE,"311,982",18069061
"401,009",1,27.0,1.0,Pedestrian,7,"154,963",True,WHITE,2.0,FEMALE,"312,176",18070816
"401,095",1,62.0,1.0,Pedestrian,7,"155,012",True,WHITE,1.0,MALE,"312,269",18071809
"401,380",1,39.0,2.0,Large passenger vehicle,2,"155,166",True,HISPANIC,2.0,FEMALE,"312,574",18075490
"401,436",1,43.0,1.0,Motorcycle,3,"155,199",True,WHITE,1.0,MALE,"312,637",18075975
"401,579",1,42.0,3.0,Passenger car,1,"155,288",True,BLACK,1.0,MALE,"312,791",18076897
"401,670",1,43.0,1.0,Passenger car,1,"155,340",True,WHITE,2.0,FEMALE,"312,891",18077784
"401,766",1,46.0,0.0,Bicycle,5,"155,393",True,UNKNOWN,1.0,MALE,"312,997",18079145
"401,773",1,24.0,2.0,Passenger car,1,"155,397",True,HISPANIC,1.0,MALE,"313,004",18079154
"401,801",1,36.0,1.0,Bicycle,5,"155,414",True,WHITE,1.0,MALE,"313,036",18079520
"401,822",4,48.0,1.0,Motorcycle,3,"155,426",True,WHITE,1.0,MALE,"313,061",18079993
"402,226",1,29.0,1.0,Passenger car,1,"155,653",True,WHITE,1.0,MALE,"313,504",18084335
"402,258",1,33.0,1.0,Motorcycle,3,"155,670",True,WHITE,1.0,MALE,"313,539",18084679
"402,714",4,68.0,1.0,Bicycle,5,"155,914",True,WHITE,1.0,MALE,"314,044",18091812
"402,728",1,31.0,1.0,Motorcycle,3,"155,922",True,WHITE,1.0,MALE,"314,060",18091823
"402,746",4,51.0,2.0,Motor vehicle – other,4,"155,931",True,HISPANIC,1.0,MALE,"314,081",18091832
"402,869",1,60.0,1.0,Large passenger vehicle,2,"155,986",True,WHITE,1.0,MALE,"314,209",18092935
"402,948",4,56.0,1.0,Bicycle,5,"156,029",True,WHITE,1.0,MALE,"314,301",18093808
"403,252",4,20.0,2.0,Passenger car,1,"156,189",True,HISPANIC,1.0,MALE,"314,632",18097687
"403,291",4,34.0,2.0,Passenger car,1,"156,210",True,HISPANIC,1.0,MALE,"314,674",18097709
"403,353",4,65.0,1.0,Pedestrian,7,"156,243",True,WHITE,1.0,MALE,"314,743",18098108
"403,373",1,18.0,2.0,Passenger car,1,"156,254",True,HISPANIC,1.0,MALE,"314,765",18098119
"403,387",1,27.0,1.0,Passenger car,1,"156,262",True,WHITE,2.0,FEMALE,"314,782",18098273
"403,391",1,48.0,2.0,Passenger car,1,"156,263",True,HISPANIC,2.0,FEMALE,"314,786",18098274
"403,593",1,28.0,1.0,Bicycle,5,"156,371",True,WHITE,1.0,MALE,"315,003",18101122
"403,621",4,26.0,2.0,Large passenger vehicle,2,"156,387",True,HISPANIC,2.0,FEMALE,"315,033",18101877
"403,637",1,42.0,1.0,Passenger car,1,"156,395",True,WHITE,2.0,FEMALE,"315,052",18101885
"403,749",4,36.0,2.0,Pedestrian,7,"156,459",True,HISPANIC,1.0,MALE,"315,177",18103361
"403,828",1,48.0,3.0,Large passenger vehicle,2,"156,507",True,BLACK,1.0,MALE,"315,270",18104709
"403,851",1,34.0,3.0,Pedestrian,7,"156,518",True,BLACK,1.0,MALE,"315,294",18104720
"403,914",4,32.0,1.0,Pedestrian,7,"156,544",True,WHITE,1.0,MALE,"315,365",18104973
"403,957",1,41.0,2.0,Motor vehicle – other,4,"156,577",True,HISPANIC,2.0,FEMALE,"315,413",18105300
"404,101",1,21.0,2.0,Large passenger vehicle,2,"156,660",True,HISPANIC,1.0,MALE,"315,566",18106299
"404,131",1,28.0,1.0,Bicycle,5,"156,676",True,WHITE,1.0,MALE,"315,597",18107159
"404,149",1,29.0,3.0,Passenger car,1,"156,688",True,BLACK,1.0,MALE,"315,618",18107174
"404,543",4,25.0,2.0,Passenger car,1,"156,936",True,HISPANIC,1.0,MALE,"316,060",18117753
"404,594",4,67.0,2.0,Large passenger vehicle,2,"156,968",True,HISPANIC,1.0,MALE,"316,120",18118161
"404,602",1,17.0,2.0,Passenger car,1,"156,973",True,HISPANIC,1.0,MALE,"316,128",18118166
"404,798",1,47.0,1.0,Pedestrian,7,"157,080",True,WHITE,1.0,MALE,"316,340",18121243
"404,872",4,22.0,2.0,Motorcycle,3,"157,121",True,HISPANIC,1.0,MALE,"316,421",18122087
"404,949",1,28.0,3.0,Passenger car,1,"157,166",True,BLACK,2.0,FEMALE,"316,508",18122906
"405,061",1,58.0,1.0,Bicycle,5,"157,229",True,WHITE,1.0,MALE,"316,635",18124856
"405,153",1,29.0,2.0,Pedestrian,7,"157,281",True,HISPANIC,1.0,MALE,"316,739",18125283
"405,180",1,55.0,1.0,Large passenger vehicle,2,"157,298",True,WHITE,1.0,MALE,"316,769",18125995
"405,369",1,44.0,2.0,Large passenger vehicle,2,"157,403",True,HISPANIC,2.0,FEMALE,"316,976",18128522
"405,407",1,18.0,2.0,Large passenger vehicle,2,"157,427",True,HISPANIC,1.0,MALE,"317,026",18128978
"405,416",1,60.0,1.0,Large passenger vehicle,2,"157,431",True,WHITE,1.0,MALE,"317,035",18128983
"405,531",1,42.0,1.0,Large passenger vehicle,2,"157,502",True,WHITE,1.0,MALE,"317,159",18130413
"405,532",1,28.0,1.0,Passenger car,1,"157,502",True,WHITE,1.0,MALE,"317,160",18130413
"405,552",1,42.0,3.0,Passenger car,1,"157,513",True,BLACK,1.0,MALE,"317,181",18130808
"405,732",4,33.0,0.0,Large passenger vehicle,2,"157,609",True,UNKNOWN,0.0,UNKNOWN,"317,369",18133420
"405,740",1,38.0,2.0,Passenger car,1,"157,613",True,HISPANIC,1.0,MALE,"317,379",18133424
"405,901",1,74.0,1.0,Large passenger vehicle,2,"157,704",True,WHITE,1.0,MALE,"317,552",18135246
"406,045",1,32.0,2.0,Motorcycle,3,"157,787",True,HISPANIC,1.0,MALE,"317,723",18136753
"406,046",1,47.0,2.0,Passenger car,1,"157,788",True,HISPANIC,2.0,FEMALE,"317,724",18136754
"406,053",1,64.0,1.0,Large passenger vehicle,2,"157,791",True,WHITE,2.0,FEMALE,"317,731",18136757
"406,059",1,65.0,3.0,Passenger car,1,"157,794",True,BLACK,2.0,FEMALE,"317,738",18136761
"406,095",1,67.0,1.0,Pedestrian,7,"157,814",True,WHITE,2.0,FEMALE,"317,778",18136931
"406,302",1,22.0,0.0,Large passenger vehicle,2,"157,932",True,UNKNOWN,2.0,FEMALE,"318,003",18139307
"406,463",4,46.0,1.0,Pedestrian,7,"158,016",True,WHITE,2.0,FEMALE,"318,176",18141565
"406,670",1,,,Large passenger vehicle,2,"158,124",True,,2.0,FEMALE,"318,404",18144360
"407,392",1,35.0,2.0,Pedestrian,7,"158,527",True,HISPANIC,1.0,MALE,"319,208",18153485
"407,395",1,31.0,1.0,Passenger car,1,"158,529",True,WHITE,1.0,MALE,"319,211",18153494
"407,396",1,31.0,2.0,Large passenger vehicle,2,"158,529",True,HISPANIC,2.0,FEMALE,"319,212",18153494
"407,584",1,30.0,3.0,Passenger car,1,"158,629",True,BLACK,2.0,FEMALE,"319,413",18155938
"407,642",1,44.0,2.0,Large passenger vehicle,2,"158,663",True,HISPANIC,2.0,FEMALE,"319,477",18156699
"407,818",1,36.0,2.0,Large passenger vehicle,2,"158,763",True,HISPANIC,2.0,FEMALE,"319,667",18159123
"407,878",1,51.0,1.0,Passenger car,1,"158,793",True,WHITE,2.0,FEMALE,"319,728",18159654
"408,048",1,54.0,2.0,Passenger car,1,"158,886",True,HISPANIC,2.0,FEMALE,"319,912",18161677
"408,286",1,7.0,2.0,Pedestrian,7,"159,012",True,HISPANIC,1.0,MALE,"320,159",18164404
"408,431",1,21.0,3.0,Passenger car,1,"159,089",True,BLACK,2.0,FEMALE,"320,319",18166054
"408,469",1,47.0,1.0,Passenger car,1,"159,113",True,WHITE,1.0,MALE,"320,361",18166345
"408,540",1,41.0,3.0,Passenger car,1,"159,157",True,BLACK,1.0,MALE,"320,439",18167969
"408,558",1,30.0,1.0,Motorcycle,3,"159,166",True,WHITE,1.0,MALE,"320,458",18167980
"408,565",4,28.0,2.0,Passenger car,1,"159,170",True,HISPANIC,1.0,MALE,"320,466",18167984
"408,841",1,36.0,1.0,Passenger car,1,"159,318",True,WHITE,1.0,MALE,"320,762",18171933
"408,953",1,31.0,3.0,Passenger car,1,"159,376",True,BLACK,1.0,MALE,"320,881",18172670
"409,033",1,56.0,2.0,Bicycle,5,"159,418",True,HISPANIC,1.0,MALE,"320,972",18173115
"409,049",1,22.0,2.0,Large passenger vehicle,2,"159,426",True,HISPANIC,1.0,MALE,"320,990",18173123
"409,056",1,52.0,3.0,Passenger car,1,"159,429",True,BLACK,1.0,MALE,"320,997",18173126
"409,162",1,62.0,1.0,Large passenger vehicle,2,"159,487",True,WHITE,1.0,MALE,"321,115",18174973
"409,881",1,18.0,2.0,Passenger car,1,"159,874",True,HISPANIC,1.0,MALE,"321,915",18183479
"409,929",1,47.0,2.0,Large passenger vehicle,2,"159,902",True,HISPANIC,1.0,MALE,"321,966",18183610
"410,013",1,49.0,1.0,Motorcycle,3,"159,946",True,WHITE,1.0,MALE,"322,056",18183815
"410,165",1,17.0,1.0,Large passenger vehicle,2,"160,031",True,WHITE,1.0,MALE,"322,215",18186145
"410,215",1,19.0,1.0,Passenger car,1,"160,057",True,WHITE,1.0,MALE,"322,270",18186992
"410,331",1,27.0,1.0,Large passenger vehicle,2,"160,119",True,WHITE,2.0,FEMALE,"322,390",18188651
"410,388",4,35.0,2.0,Large passenger vehicle,2,"160,150",True,HISPANIC,1.0,MALE,"322,452",18190192
"410,475",1,34.0,1.0,Motorcycle,3,"160,193",True,WHITE,2.0,FEMALE,"322,544",18190550
"411,068",1,26.0,1.0,Passenger car,1,"160,519",True,WHITE,2.0,FEMALE,"323,192",18198056
"411,141",1,43.0,2.0,Large passenger vehicle,2,"160,556",True,HISPANIC,1.0,MALE,"323,273",18198178
"411,142",1,56.0,1.0,Large passenger vehicle,2,"160,556",True,WHITE,1.0,MALE,"323,275",18198178
"411,153",1,28.0,2.0,Motorcycle,3,"160,562",True,HISPANIC,1.0,MALE,"323,286",18198188
"411,391",4,39.0,1.0,Pedestrian,7,"160,698",True,WHITE,1.0,MALE,"323,546",18200886
"411,472",4,50.0,1.0,E-scooter,11,"160,741",True,WHITE,1.0,MALE,"323,633",18203059
"411,668",4,42.0,2.0,Passenger car,1,"160,851",True,HISPANIC,1.0,MALE,"323,850",18204747
"411,735",1,30.0,1.0,Large passenger vehicle,2,"160,883",True,WHITE,1.0,MALE,"323,921",18204790
"411,979",1,,1.0,Passenger car,1,"161,014",True,WHITE,2.0,FEMALE,"324,188",18208861
"412,397",1,62.0,2.0,Passenger car,1,"161,244",True,HISPANIC,2.0,FEMALE,"324,649",18214382
"412,517",4,24.0,1.0,Motorcycle,3,"161,304",True,WHITE,1.0,MALE,"324,778",18216410
"412,570",1,43.0,2.0,Passenger car,1,"161,335",True,HISPANIC,1.0,MALE,"324,839",18216457
"412,571",1,37.0,1.0,Passenger car,1,"161,335",True,WHITE,2.0,FEMALE,"324,840",18216457
"412,646",1,18.0,1.0,Large passenger vehicle,2,"161,378",True,WHITE,1.0,MALE,"324,920",18217055
"412,690",1,27.0,2.0,Large passenger vehicle,2,"161,404",True,HISPANIC,2.0,FEMALE,"324,971",18217590
"412,990",1,35.0,1.0,Passenger car,1,"161,564",True,WHITE,1.0,MALE,"325,296",18220971
"413,027",1,47.0,1.0,Motorcycle,3,"161,583",True,WHITE,1.0,MALE,"325,336",18221068
"413,075",1,64.0,1.0,Bicycle,5,"161,612",True,WHITE,1.0,MALE,"325,393",18221171
"413,181",4,57.0,3.0,Passenger car,1,"161,668",True,BLACK,1.0,MALE,"325,511",18221940
"413,190",1,65.0,4.0,Passenger car,1,"161,673",True,ASIAN,2.0,FEMALE,"325,521",18222114
"413,327",1,44.0,1.0,Motorcycle,3,"161,746",True,WHITE,1.0,MALE,"325,665",18223992
"413,417",4,66.0,1.0,Pedestrian,7,"161,797",True,WHITE,1.0,MALE,"325,768",18225562
"413,438",1,21.0,3.0,Passenger car,1,"161,808",True,BLACK,2.0,FEMALE,"325,790",18225573
"413,452",1,74.0,2.0,Pedestrian,7,"161,814",True,HISPANIC,2.0,FEMALE,"325,804",18225579
"413,462",1,30.0,6.0,Pedestrian,7,"161,819",True,AMER. INDIAN/ALASKAN NATIVE,1.0,MALE,"325,814",18225617
"413,659",1,23.0,1.0,Passenger car,1,"161,921",True,WHITE,2.0,FEMALE,"326,027",18227495
"413,668",1,36.0,1.0,Passenger car,1,"161,926",True,WHITE,1.0,MALE,"326,038",18227500
"413,672",1,42.0,3.0,Bicycle,5,"161,928",True,BLACK,1.0,MALE,"326,042",18227502
"413,905",1,25.0,1.0,Pedestrian,7,"162,058",True,WHITE,1.0,MALE,"326,296",18229322
"414,215",1,27.0,2.0,Large passenger vehicle,2,"162,231",True,HISPANIC,1.0,MALE,"326,622",18233571
"414,265",4,29.0,2.0,Passenger car,1,"162,254",True,HISPANIC,2.0,FEMALE,"326,676",18233668
"414,280",1,64.0,1.0,Pedestrian,7,"162,262",True,WHITE,1.0,MALE,"326,691",18233676
"414,291",4,23.0,1.0,Large passenger vehicle,2,"162,270",True,WHITE,1.0,MALE,"326,702",18233761
"414,398",1,26.0,1.0,Motorcycle,3,"162,328",True,WHITE,1.0,MALE,"326,816",18234567
"414,417",1,35.0,2.0,Passenger car,1,"162,337",True,HISPANIC,2.0,FEMALE,"326,837",18234586
"414,436",1,11.0,3.0,Pedestrian,7,"162,347",True,BLACK,2.0,FEMALE,"326,858",18234666
"414,531",1,37.0,1.0,Passenger car,1,"162,403",True,WHITE,1.0,MALE,"326,963",18235850
"414,669",1,35.0,2.0,Passenger car,1,"162,476",True,HISPANIC,2.0,FEMALE,"327,114",18238134
"414,833",1,53.0,1.0,E-scooter,11,"162,570",True,WHITE,1.0,MALE,"327,296",18240013
"414,915",1,51.0,1.0,Motorcycle,3,"162,619",True,WHITE,1.0,MALE,"327,385",18240966
"414,997",1,58.0,3.0,Passenger car,1,"162,664",True,BLACK,1.0,MALE,"327,476",18241874
"415,041",1,30.0,1.0,Motorcycle,3,"162,689",True,WHITE,1.0,MALE,"327,527",18241943
"415,107",1,39.0,1.0,Passenger car,1,"162,724",True,WHITE,1.0,MALE,"327,601",18242812
"415,108",1,53.0,3.0,Passenger car,1,"162,724",True,BLACK,1.0,MALE,"327,602",18242812
"415,411",1,16.0,2.0,Passenger car,1,"162,889",True,HISPANIC,2.0,FEMALE,"327,924",18245867
"415,477",4,49.0,2.0,Passenger car,1,"162,929",True,HISPANIC,2.0,FEMALE,"328,000",18246742
"415,490",1,36.0,1.0,E-scooter,11,"162,936",True,WHITE,1.0,MALE,"328,014",18246812
"415,531",1,34.0,2.0,Passenger car,1,"162,957",True,HISPANIC,2.0,FEMALE,"328,060",18247672
"415,560",1,18.0,2.0,Passenger car,1,"162,975",True,HISPANIC,1.0,MALE,"328,091",18248173
"415,694",4,62.0,3.0,Pedestrian,7,"163,045",True,BLACK,1.0,MALE,"328,231",18250433
"415,777",1,59.0,2.0,Large passenger vehicle,2,"163,087",True,HISPANIC,2.0,FEMALE,"328,319",18251353
"415,865",1,,0.0,Pedestrian,7,"163,135",True,UNKNOWN,0.0,UNKNOWN,"328,415",18253133
"416,022",1,35.0,1.0,Motorcycle,3,"163,219",True,WHITE,1.0,MALE,"328,584",18254832
"416,032",1,32.0,2.0,Passenger car,1,"163,227",True,HISPANIC,2.0,FEMALE,"328,596",18254840
"416,248",1,33.0,2.0,Motorcycle,3,"163,346",True,HISPANIC,1.0,MALE,"328,827",18258553
"416,406",4,51.0,1.0,Passenger car,1,"163,435",True,WHITE,1.0,MALE,"328,999",18258882
"416,540",1,45.0,1.0,Passenger car,1,"163,505",True,WHITE,2.0,FEMALE,"329,143",18260899
"416,543",1,38.0,3.0,Pedestrian,7,"163,507",True,BLACK,1.0,MALE,"329,146",18260901
"416,653",1,53.0,1.0,Pedestrian,7,"163,568",True,WHITE,1.0,MALE,"329,264",18262959
"416,747",1,66.0,2.0,Pedestrian,7,"163,625",True,HISPANIC,1.0,MALE,"329,366",18263877
"416,764",4,28.0,1.0,Pedestrian,7,"163,634",True,WHITE,1.0,MALE,"329,384",18264093
"416,996",1,22.0,2.0,Large passenger vehicle,2,"163,756",True,HISPANIC,1.0,MALE,"329,626",18267531
"417,035",1,53.0,1.0,Motor vehicle – other,4,"163,774",True,WHITE,1.0,MALE,"329,667",18267549
"417,266",1,40.0,3.0,Passenger car,1,"163,904",True,BLACK,2.0,FEMALE,"329,912",18271438
"417,334",1,51.0,2.0,Pedestrian,7,"163,941",True,HISPANIC,1.0,MALE,"329,985",18271551
"417,367",1,27.0,2.0,E-scooter,11,"163,962",True,HISPANIC,2.0,FEMALE,"330,026",18271646
"417,416",4,66.0,1.0,Pedestrian,7,"163,991",True,WHITE,1.0,MALE,"330,080",18271823
"417,420",1,27.0,2.0,Passenger car,1,"163,994",True,HISPANIC,2.0,FEMALE,"330,085",18271826
"417,450",1,19.0,3.0,Passenger car,1,"164,012",True,BLACK,1.0,MALE,"330,116",18271918
"417,664",1,23.0,2.0,Passenger car,1,"164,125",True,HISPANIC,2.0,FEMALE,"330,343",18274334
"417,907",1,32.0,3.0,Passenger car,1,"164,256",True,BLACK,1.0,MALE,"330,611",18278535
"418,354",1,26.0,2.0,Passenger car,1,"164,503",True,HISPANIC,1.0,MALE,"331,096",18284056
"418,384",1,58.0,1.0,Motorcycle,3,"164,521",True,WHITE,1.0,MALE,"331,129",18284089
"418,404",1,30.0,2.0,Bicycle,5,"164,531",True,HISPANIC,2.0,FEMALE,"331,150",18284099
"418,406",1,34.0,2.0,Bicycle,5,"164,532",True,HISPANIC,1.0,MALE,"331,152",18284100
"418,514",4,71.0,1.0,Motorcycle,3,"164,594",True,WHITE,1.0,MALE,"331,267",18284216
"418,537",1,61.0,1.0,Motorcycle,3,"164,607",True,WHITE,1.0,MALE,"331,295",18284246
"418,539",4,28.0,3.0,Pedestrian,7,"164,608",True,BLACK,2.0,FEMALE,"331,297",18284247
"418,589",1,26.0,1.0,Pedestrian,7,"164,636",True,WHITE,1.0,MALE,"331,349",18284296
"418,595",1,29.0,3.0,Passenger car,1,"164,641",True,BLACK,1.0,MALE,"331,355",18284302
"418,682",1,23.0,1.0,Passenger car,1,"164,696",True,WHITE,2.0,FEMALE,"331,451",18285922
"418,692",1,51.0,1.0,Bicycle,5,"164,700",True,WHITE,1.0,MALE,"331,461",18285926
"418,806",1,37.0,2.0,Passenger car,1,"164,761",True,HISPANIC,2.0,FEMALE,"331,580",18287353
"418,808",1,26.0,1.0,Pedestrian,7,"164,761",True,WHITE,1.0,MALE,"331,582",18287353
"418,980",1,38.0,2.0,Pedestrian,7,"164,853",True,HISPANIC,2.0,FEMALE,"331,764",18289011
"419,285",4,43.0,1.0,Pedestrian,7,"165,017",True,WHITE,1.0,MALE,"332,096",18293073
"419,615",1,35.0,1.0,Large passenger vehicle,2,"165,199",True,WHITE,1.0,MALE,"332,442",18297701
"419,625",1,59.0,2.0,Large passenger vehicle,2,"165,204",True,HISPANIC,2.0,FEMALE,"332,452",18297752
"419,668",1,28.0,1.0,Motorcycle,3,"165,229",True,WHITE,1.0,MALE,"332,500",18298181
"419,734",1,21.0,2.0,Passenger car,1,"165,264",True,HISPANIC,1.0,MALE,"332,577",18298364
"419,765",1,26.0,1.0,E-scooter,11,"165,284",True,WHITE,1.0,MALE,"332,614",18298429
"419,920",4,76.0,1.0,Passenger car,1,"165,370",True,WHITE,1.0,MALE,"332,781",18299936
"419,929",1,54.0,1.0,E-scooter,11,"165,373",True,WHITE,1.0,MALE,"332,790",18299940
"419,939",1,28.0,1.0,Motorcycle,3,"165,379",True,WHITE,1.0,MALE,"332,800",18299950
"420,043",1,47.0,1.0,Motorcycle,3,"165,434",True,WHITE,1.0,MALE,"332,910",18301436
"420,045",1,36.0,1.0,Motorcycle,3,"165,435",True,WHITE,1.0,MALE,"332,912",18301437
"420,491",1,21.0,2.0,Passenger car,1,"165,676",True,HISPANIC,1.0,MALE,"333,403",18308297
"420,496",4,61.0,3.0,Pedestrian,7,"165,679",True,BLACK,2.0,FEMALE,"333,410",18308300
"420,499",1,32.0,2.0,Passenger car,1,"165,681",True,HISPANIC,1.0,MALE,"333,413",18308302
"420,550",1,71.0,2.0,Passenger car,1,"165,707",True,HISPANIC,2.0,FEMALE,"333,465",18308379
"420,560",1,35.0,2.0,Passenger car,1,"165,713",True,HISPANIC,1.0,MALE,"333,476",18308385
"420,575",4,35.0,1.0,Motorcycle,3,"165,722",True,WHITE,1.0,MALE,"333,494",18308402
"420,619",1,50.0,2.0,Large passenger vehicle,2,"165,744",True,HISPANIC,2.0,FEMALE,"333,541",18308457
"420,645",4,58.0,1.0,Large passenger vehicle,2,"165,763",True,WHITE,1.0,MALE,"333,575",18308554
"420,646",1,33.0,3.0,Large passenger vehicle,2,"165,763",True,BLACK,2.0,FEMALE,"333,576",18308554
"420,707",1,32.0,1.0,Passenger car,1,"165,799",True,WHITE,1.0,MALE,"333,640",18309355
"420,775",1,42.0,2.0,Passenger car,1,"165,836",True,HISPANIC,2.0,FEMALE,"333,711",18310153
"420,788",1,50.0,2.0,Passenger car,1,"165,844",True,HISPANIC,2.0,FEMALE,"333,725",18310163
"421,191",1,31.0,1.0,Pedestrian,7,"166,058",True,WHITE,2.0,FEMALE,"334,153",18314849
"421,589",1,36.0,1.0,Passenger car,1,"166,269",True,WHITE,1.0,MALE,"334,591",18321255
"421,608",4,82.0,1.0,Passenger car,1,"166,278",True,WHITE,2.0,FEMALE,"334,612",18321334
"421,780",1,69.0,1.0,Motorcycle,3,"166,364",True,WHITE,1.0,MALE,"334,791",18321569
"421,860",4,76.0,0.0,Pedestrian,7,"166,408",True,UNKNOWN,1.0,MALE,"334,878",18322187
"421,937",1,21.0,3.0,Passenger car,1,"166,447",True,BLACK,1.0,MALE,"334,962",18323569
"421,969",1,20.0,2.0,Motorcycle,3,"166,461",True,HISPANIC,1.0,MALE,"334,995",18323595
"422,000",1,66.0,3.0,Passenger car,1,"166,478",True,BLACK,2.0,FEMALE,"335,028",18324150
"422,138",4,31.0,1.0,Pedestrian,7,"166,553",True,WHITE,1.0,MALE,"335,178",18326142
"422,383",1,59.0,1.0,Large passenger vehicle,2,"166,680",True,WHITE,1.0,MALE,"335,454",18330090
"422,443",1,20.0,1.0,Passenger car,1,"166,710",True,WHITE,1.0,MALE,"335,517",18330160
"422,692",1,28.0,1.0,Motorcycle,3,"166,839",True,WHITE,1.0,MALE,"335,784",18332635
"422,713",4,37.0,1.0,Motorcycle,3,"166,849",True,WHITE,1.0,MALE,"335,806",18332661
"422,739",4,51.0,1.0,Motorcycle,3,"166,865",True,WHITE,1.0,MALE,"335,833",18332678
"422,759",1,34.0,3.0,Pedestrian,7,"166,874",True,BLACK,2.0,FEMALE,"335,854",18332719
"422,880",1,29.0,2.0,Passenger car,1,"166,942",True,HISPANIC,1.0,MALE,"335,985",18333638
"422,883",1,,2.0,Passenger car,1,"166,944",True,HISPANIC,1.0,MALE,"335,990",18333641
"423,079",1,27.0,1.0,Passenger car,1,"167,046",True,WHITE,1.0,MALE,"336,199",18336314
"423,594",1,18.0,1.0,Passenger car,1,"167,331",True,WHITE,1.0,MALE,"336,765",18344738
"423,595",4,26.0,2.0,Passenger car,1,"167,331",True,HISPANIC,2.0,FEMALE,"336,766",18344738
"423,610",4,40.0,2.0,Pedestrian,7,"167,338",True,HISPANIC,1.0,MALE,"336,782",18344745
"423,614",1,29.0,2.0,Motorcycle,3,"167,340",True,HISPANIC,1.0,MALE,"336,786",18344747
"423,629",1,57.0,1.0,Large passenger vehicle,2,"167,348",True,WHITE,1.0,MALE,"336,802",18344766
"423,735",1,32.0,1.0,Bicycle,5,"167,402",True,WHITE,1.0,MALE,"336,916",18344837
"423,828",1,24.0,3.0,Passenger car,1,"167,455",True,BLACK,1.0,MALE,"337,017",18344980
"423,870",1,56.0,1.0,Large passenger vehicle,2,"167,478",True,WHITE,1.0,MALE,"337,061",18345071
"424,092",1,29.0,2.0,Passenger car,1,"167,593",True,HISPANIC,1.0,MALE,"337,299",18348532
"424,095",1,30.0,2.0,Large passenger vehicle,2,"167,597",True,HISPANIC,1.0,MALE,"337,305",18348536
"424,122",1,55.0,1.0,Passenger car,1,"167,613",True,WHITE,2.0,FEMALE,"337,333",18348594
"424,186",1,75.0,3.0,Large passenger vehicle,2,"167,651",True,BLACK,1.0,MALE,"337,400",18349660
"424,204",1,45.0,1.0,Large passenger vehicle,2,"167,660",True,WHITE,1.0,MALE,"337,422",18349861
"424,580",1,54.0,2.0,Pedestrian,7,"167,867",True,HISPANIC,1.0,MALE,"337,827",18355580
"424,618",1,25.0,1.0,Motorcycle,3,"167,885",True,WHITE,1.0,MALE,"337,867",18355598
"424,682",1,26.0,1.0,Passenger car,1,"167,921",True,WHITE,2.0,FEMALE,"337,935",18355757
"424,856",1,33.0,3.0,Passenger car,1,"168,018",True,BLACK,1.0,MALE,"338,131",18357868
"425,011",1,38.0,3.0,Passenger car,1,"168,103",True,BLACK,1.0,MALE,"338,297",18359566
"425,040",1,55.0,1.0,Motorcycle,3,"168,117",True,WHITE,1.0,MALE,"338,326",18359648
"425,085",1,34.0,2.0,Large passenger vehicle,2,"168,139",True,HISPANIC,1.0,MALE,"338,372",18359699
"425,443",4,21.0,1.0,Passenger car,1,"168,330",True,WHITE,2.0,FEMALE,"338,774",18367105
"425,495",1,35.0,1.0,Passenger car,1,"168,358",True,WHITE,1.0,MALE,"338,828",18367140
"425,554",1,,1.0,Passenger car,1,"168,390",True,WHITE,1.0,MALE,"338,893",18367194
"425,566",1,22.0,5.0,Large passenger vehicle,2,"168,397",True,OTHER,1.0,MALE,"338,905",18367211
"425,571",4,61.0,1.0,Pedestrian,7,"168,401",True,WHITE,1.0,MALE,"338,910",18367215
"425,694",1,57.0,3.0,Passenger car,1,"168,468",True,BLACK,2.0,FEMALE,"339,041",18368194
"425,696",1,53.0,2.0,Passenger car,1,"168,468",True,HISPANIC,2.0,FEMALE,"339,043",18368194
"425,933",1,21.0,0.0,Passenger car,1,"168,600",True,UNKNOWN,1.0,MALE,"339,304",18373059
"425,951",1,,2.0,Passenger car,1,"168,610",True,HISPANIC,2.0,FEMALE,"339,325",18373070
"426,041",4,38.0,3.0,Motorcycle,3,"168,658",True,BLACK,1.0,MALE,"339,420",18373157
"426,075",1,36.0,1.0,Large passenger vehicle,2,"168,674",True,WHITE,2.0,FEMALE,"339,456",18373190
"426,120",1,26.0,2.0,Passenger car,1,"168,698",True,HISPANIC,1.0,MALE,"339,505",18373240
"426,168",1,43.0,2.0,Passenger car,1,"168,722",True,HISPANIC,1.0,MALE,"339,558",18373276
"426,408",1,24.0,1.0,Large passenger vehicle,2,"168,845",True,WHITE,2.0,FEMALE,"339,813",18375790
"426,658",1,36.0,2.0,Passenger car,1,"168,976",True,HISPANIC,2.0,FEMALE,"340,081",18378991
"426,842",1,50.0,2.0,Pedestrian,7,"169,076",True,HISPANIC,2.0,FEMALE,"340,281",18380499
"426,982",1,28.0,2.0,Large passenger vehicle,2,"169,155",True,HISPANIC,1.0,MALE,"340,428",18382341
"426,985",1,27.0,2.0,Passenger car,1,"169,157",True,HISPANIC,1.0,MALE,"340,431",18382343
"427,211",1,79.0,3.0,Passenger car,1,"169,282",True,BLACK,1.0,MALE,"340,674",18385109
"427,214",1,31.0,1.0,Motorcycle,3,"169,283",True,WHITE,1.0,MALE,"340,677",18385110
"427,492",4,16.0,2.0,Large passenger vehicle,2,"169,435",True,HISPANIC,1.0,MALE,"340,971",18388333
"427,502",1,31.0,3.0,Motorcycle,3,"169,440",True,BLACK,1.0,MALE,"340,981",18388338
"427,743",1,45.0,1.0,Motorcycle,3,"169,566",True,WHITE,1.0,MALE,"341,245",18391148
"427,754",1,36.0,1.0,Passenger car,1,"169,571",True,WHITE,1.0,MALE,"341,256",18391153
"427,759",1,38.0,1.0,Pedestrian,7,"169,572",True,WHITE,1.0,MALE,"341,261",18391154
"427,912",1,28.0,2.0,E-scooter,11,"169,653",True,HISPANIC,1.0,MALE,"341,427",18391833
"427,929",4,22.0,2.0,Passenger car,1,"169,664",True,HISPANIC,1.0,MALE,"341,448",18391851
"427,982",1,19.0,1.0,Passenger car,1,"169,691",True,WHITE,2.0,FEMALE,"341,504",18392765
"428,013",1,47.0,2.0,Passenger car,1,"169,708",True,HISPANIC,2.0,FEMALE,"341,535",18392786
"428,021",1,32.0,2.0,Passenger car,1,"169,712",True,HISPANIC,1.0,MALE,"341,544",18392790
"428,039",1,24.0,1.0,Motorcycle,3,"169,720",True,WHITE,1.0,MALE,"341,562",18393098
"428,396",4,41.0,2.0,Large passenger vehicle,2,"169,907",True,HISPANIC,1.0,MALE,"341,944",18397127
"428,401",1,17.0,3.0,Pedestrian,7,"169,909",True,BLACK,2.0,FEMALE,"341,949",18397129
"428,447",1,27.0,4.0,Passenger car,1,"169,937",True,ASIAN,2.0,FEMALE,"342,000",18397220
"428,448",1,66.0,1.0,Large passenger vehicle,2,"169,937",True,WHITE,2.0,FEMALE,"342,001",18397220
"428,540",4,31.0,1.0,Motorcycle,3,"169,992",True,WHITE,1.0,MALE,"342,103",18398118
"428,554",1,41.0,2.0,Passenger car,1,"170,001",True,HISPANIC,2.0,FEMALE,"342,121",18398218
"428,689",1,24.0,2.0,Passenger car,1,"170,076",True,HISPANIC,1.0,MALE,"342,272",18400326
"428,703",1,42.0,2.0,Passenger car,1,"170,084",True,HISPANIC,1.0,MALE,"342,287",18400512
"428,839",1,36.0,2.0,Passenger car,1,"170,156",True,HISPANIC,1.0,MALE,"342,438",18403347
"428,863",1,27.0,1.0,Passenger car,1,"170,169",True,WHITE,1.0,MALE,"342,462",18403361
"428,955",1,22.0,2.0,Passenger car,1,"170,216",True,HISPANIC,1.0,MALE,"342,558",18403558
"429,240",1,31.0,1.0,Motorcycle,3,"170,372",True,WHITE,1.0,MALE,"342,869",18407083
"429,275",1,19.0,2.0,Passenger car,1,"170,393",True,HISPANIC,1.0,MALE,"342,908",18407111
"429,399",1,55.0,3.0,Passenger car,1,"170,462",True,BLACK,1.0,MALE,"343,039",18409293
"429,582",4,37.0,1.0,Motor vehicle – other,4,"170,558",True,WHITE,1.0,MALE,"343,239",18411099
"429,587",1,18.0,2.0,Passenger car,1,"170,561",True,HISPANIC,1.0,MALE,"343,244",18411400
"429,594",1,21.0,2.0,Passenger car,1,"170,564",True,HISPANIC,2.0,FEMALE,"343,251",18411403
"429,939",1,32.0,4.0,Pedestrian,7,"170,747",True,ASIAN,1.0,MALE,"343,622",18415643
"429,949",1,32.0,1.0,Large passenger vehicle,2,"170,752",True,WHITE,1.0,MALE,"343,632",18415651
"429,950",1,21.0,2.0,Passenger car,1,"170,752",True,HISPANIC,1.0,MALE,"343,633",18415651
"429,987",4,27.0,,Motorcycle,3,"170,773",True,,1.0,MALE,"343,676",18415684
"429,990",1,26.0,0.0,Motorcycle,3,"170,775",True,UNKNOWN,1.0,MALE,"343,679",18415687
"430,006",1,42.0,2.0,Passenger car,1,"170,783",True,HISPANIC,2.0,FEMALE,"343,695",18415695
"430,156",1,,3.0,Pedestrian,7,"170,865",True,BLACK,1.0,MALE,"343,865",18417183
"430,443",1,34.0,1.0,Motorcycle,3,"171,015",True,WHITE,1.0,MALE,"344,168",18421827
"430,501",1,30.0,1.0,Motorcycle,3,"171,049",True,WHITE,1.0,MALE,"344,229",18421997
"430,900",1,43.0,1.0,Passenger car,1,"171,259",True,WHITE,1.0,MALE,"344,654",18425111
"430,901",4,20.0,1.0,Passenger car,1,"171,259",True,WHITE,1.0,MALE,"344,655",18425111
"431,155",1,63.0,1.0,Pedestrian,7,"171,396",True,WHITE,1.0,MALE,"344,928",18428395
"431,210",1,30.0,2.0,E-scooter,11,"171,424",True,HISPANIC,1.0,MALE,"344,985",18428891
"431,254",1,56.0,3.0,Pedestrian,7,"171,447",True,BLACK,2.0,FEMALE,"345,033",18428999
"431,277",1,74.0,1.0,Large passenger vehicle,2,"171,460",True,WHITE,2.0,FEMALE,"345,058",18429194
"431,464",4,49.0,3.0,Pedestrian,7,"171,561",True,BLACK,1.0,MALE,"345,255",18431595
"431,501",1,50.0,2.0,Passenger car,1,"171,580",True,HISPANIC,2.0,FEMALE,"345,293",18431631
"431,508",1,25.0,0.0,Passenger car,1,"171,585",True,UNKNOWN,2.0,FEMALE,"345,301",18431636
"431,568",1,28.0,2.0,Passenger car,1,"171,616",True,HISPANIC,1.0,MALE,"345,365",18431681
"431,733",1,25.0,1.0,Passenger car,1,"171,706",True,WHITE,1.0,MALE,"345,544",18434647
"431,734",1,27.0,1.0,Passenger car,1,"171,706",True,WHITE,1.0,MALE,"345,545",18434647
"431,881",4,67.0,2.0,Pedestrian,7,"171,780",True,HISPANIC,2.0,FEMALE,"345,703",18436267
"432,022",1,24.0,2.0,Passenger car,1,"171,855",True,HISPANIC,1.0,MALE,"345,855",18437757
"432,288",1,25.0,2.0,Passenger car,1,"171,993",True,HISPANIC,1.0,MALE,"346,143",18440640
"432,330",1,39.0,1.0,Large passenger vehicle,2,"172,014",True,WHITE,2.0,FEMALE,"346,187",18440910
"432,423",1,50.0,2.0,Large passenger vehicle,2,"172,064",True,HISPANIC,1.0,MALE,"346,292",18442167
"432,574",1,21.0,2.0,Pedestrian,7,"172,145",True,HISPANIC,2.0,FEMALE,"346,458",18444323
"433,290",4,30.0,2.0,Large passenger vehicle,2,"172,538",True,HISPANIC,1.0,MALE,"347,239",18453281
"433,292",4,32.0,1.0,Pedestrian,7,"172,539",True,WHITE,1.0,MALE,"347,241",18453282
"433,582",1,57.0,1.0,Motorcycle,3,"172,692",True,WHITE,1.0,MALE,"347,555",18455085
"433,668",1,34.0,3.0,Motorcycle,3,"172,737",True,BLACK,1.0,MALE,"347,647",18456558
"433,681",1,57.0,1.0,Passenger car,1,"172,743",True,WHITE,1.0,MALE,"347,661",18456564
"433,720",1,56.0,2.0,Passenger car,1,"172,765",True,HISPANIC,1.0,MALE,"347,702",18456607
"433,729",1,31.0,1.0,Large passenger vehicle,2,"172,769",True,WHITE,2.0,FEMALE,"347,711",18456612
"433,756",1,25.0,2.0,Motorcycle,3,"172,783",True,HISPANIC,1.0,MALE,"347,740",18456629
"434,177",1,24.0,3.0,Passenger car,1,"173,013",True,BLACK,2.0,FEMALE,"348,201",18461818
"434,198",4,57.0,1.0,Passenger car,1,"173,025",True,WHITE,1.0,MALE,"348,224",18461837
"434,429",4,53.0,1.0,Pedestrian,7,"173,144",True,WHITE,2.0,FEMALE,"348,473",18465449
"434,967",1,55.0,1.0,Pedestrian,7,"173,412",True,WHITE,1.0,MALE,"349,039",18471478
"435,077",1,20.0,2.0,Passenger car,1,"173,474",True,HISPANIC,1.0,MALE,"349,154",18471604
"435,241",4,29.0,2.0,Pedestrian,7,"173,562",True,HISPANIC,2.0,FEMALE,"349,336",18473670
"435,503",1,62.0,1.0,Pedestrian,7,"173,699",True,WHITE,2.0,FEMALE,"349,624",18476911
"435,700",1,18.0,2.0,Passenger car,1,"173,806",True,HISPANIC,2.0,FEMALE,"349,834",18478784
"435,716",4,36.0,1.0,Motorcycle,3,"173,815",True,WHITE,1.0,MALE,"349,850",18479019
"435,753",1,30.0,3.0,Large passenger vehicle,2,"173,834",True,BLACK,2.0,FEMALE,"349,888",18479479
"435,946",1,25.0,2.0,Large passenger vehicle,2,"173,936",True,HISPANIC,1.0,MALE,"350,091",18481253
"435,947",1,51.0,4.0,Passenger car,1,"173,936",True,ASIAN,2.0,FEMALE,"350,092",18481253
"435,976",1,32.0,1.0,Motorcycle,3,"173,954",True,WHITE,1.0,MALE,"350,124",18481304
"435,981",1,72.0,1.0,Passenger car,1,"173,957",True,WHITE,2.0,FEMALE,"350,129",18481311
"436,157",1,21.0,2.0,Large passenger vehicle,2,"174,047",True,HISPANIC,1.0,MALE,"350,318",18484266
"436,201",4,52.0,1.0,Pedestrian,7,"174,070",True,WHITE,2.0,FEMALE,"350,365",18484293
"436,215",1,27.0,4.0,Passenger car,1,"174,078",True,ASIAN,2.0,FEMALE,"350,379",18484334
"436,252",1,21.0,3.0,Passenger car,1,"174,096",True,BLACK,2.0,FEMALE,"350,419",18484353
"436,441",1,28.0,3.0,Large passenger vehicle,2,"174,195",True,BLACK,2.0,FEMALE,"350,625",18486156
"436,557",1,29.0,1.0,Motorcycle,3,"174,257",True,WHITE,1.0,MALE,"350,751",18488586
"436,612",1,45.0,1.0,Pedestrian,7,"174,286",True,WHITE,1.0,MALE,"350,809",18488633
"436,622",1,59.0,0.0,Bicycle,5,"174,292",True,UNKNOWN,1.0,MALE,"350,819",18488639
"436,624",1,31.0,1.0,Motorcycle,3,"174,293",True,WHITE,2.0,FEMALE,"350,821",18488640
"436,716",1,22.0,1.0,Passenger car,1,"174,340",True,WHITE,1.0,MALE,"350,923",18489426
"436,891",1,21.0,3.0,Passenger car,1,"174,433",True,BLACK,2.0,FEMALE,"351,110",18491508
"436,896",4,62.0,3.0,Passenger car,1,"174,436",True,BLACK,1.0,MALE,"351,115",18491511
"436,912",1,,0.0,Pedestrian,7,"174,445",True,UNKNOWN,1.0,MALE,"351,133",18491551
"436,923",4,39.0,1.0,Motorcycle,3,"174,451",True,WHITE,1.0,MALE,"351,145",18491711
"436,933",1,31.0,1.0,Passenger car,1,"174,456",True,WHITE,2.0,FEMALE,"351,158",18491903
"437,282",1,60.0,1.0,Motorcycle,3,"174,642",True,WHITE,1.0,MALE,"351,534",18494502
"437,304",1,61.0,0.0,Motorcycle,3,"174,651",True,UNKNOWN,1.0,MALE,"351,556",18494511
"437,332",1,40.0,2.0,Large passenger vehicle,2,"174,669",True,HISPANIC,1.0,MALE,"351,587",18494559
"437,544",1,63.0,1.0,Bicycle,5,"174,778",True,WHITE,1.0,MALE,"351,820",18497182
"437,618",1,22.0,2.0,Passenger car,1,"174,817",True,HISPANIC,1.0,MALE,"351,897",18498558
"437,658",1,27.0,1.0,Motorcycle,3,"174,838",True,WHITE,2.0,FEMALE,"351,942",18498586
"437,863",1,26.0,1.0,E-scooter,11,"174,944",True,WHITE,1.0,MALE,"352,173",18501614
"437,928",1,29.0,2.0,Passenger car,1,"174,976",True,HISPANIC,1.0,MALE,"352,239",18501928
"438,086",1,18.0,2.0,Passenger car,1,"175,061",True,HISPANIC,1.0,MALE,"352,409",18503177
"438,210",1,75.0,1.0,Pedestrian,7,"175,126",True,WHITE,1.0,MALE,"352,542",18504648
"438,245",1,60.0,2.0,Motorcycle,3,"175,142",True,HISPANIC,1.0,MALE,"352,578",18504684
"438,259",1,48.0,1.0,Motorcycle,3,"175,150",True,WHITE,1.0,MALE,"352,592",18504789
"438,563",4,71.0,2.0,Pedestrian,7,"175,305",True,HISPANIC,2.0,FEMALE,"352,909",18507348
"438,814",1,56.0,1.0,Pedestrian,7,"175,438",True,WHITE,2.0,FEMALE,"353,182",18510649
"438,824",1,23.0,2.0,Passenger car,1,"175,445",True,HISPANIC,2.0,FEMALE,"353,193",18510656
"438,887",1,41.0,2.0,Pedestrian,7,"175,476",True,HISPANIC,1.0,MALE,"353,258",18510710
"439,107",1,34.0,1.0,Bicycle,5,"175,588",True,WHITE,2.0,FEMALE,"353,499",18514107
"439,375",4,52.0,1.0,Pedestrian,7,"175,728",True,WHITE,1.0,MALE,"353,798",18516754
"439,435",4,61.0,3.0,Motorcycle,3,"175,760",True,BLACK,1.0,MALE,"353,861",18517848
"439,867",1,42.0,1.0,Bicycle,5,"175,988",True,WHITE,2.0,FEMALE,"354,323",18522428
"439,943",1,40.0,3.0,Passenger car,1,"176,030",True,BLACK,1.0,MALE,"354,408",18522573
"440,151",4,45.0,2.0,Pedestrian,7,"176,145",True,HISPANIC,1.0,MALE,"354,634",18525208
"440,496",1,25.0,1.0,Motorcycle,3,"176,321",True,WHITE,1.0,MALE,"354,998",18528793
"440,576",1,30.0,1.0,Passenger car,1,"176,368",True,WHITE,1.0,MALE,"355,087",18530025
"440,665",1,21.0,3.0,Passenger car,1,"176,417",True,BLACK,2.0,FEMALE,"355,186",18531274
"440,747",4,63.0,3.0,Pedestrian,7,"176,468",True,BLACK,1.0,MALE,"355,275",18532078
"440,946",1,24.0,1.0,Pedestrian,7,"176,578",True,WHITE,1.0,MALE,"355,488",18535085
"441,075",1,22.0,1.0,Pedestrian,7,"176,643",True,WHITE,2.0,FEMALE,"355,627",18535357
"441,094",1,19.0,1.0,Bicycle,5,"176,651",True,WHITE,2.0,FEMALE,"355,646",18535369
"441,101",1,41.0,1.0,Passenger car,1,"176,654",True,WHITE,1.0,MALE,"355,653",18535372
"441,185",1,24.0,2.0,Passenger car,1,"176,703",True,HISPANIC,1.0,MALE,"355,743",18536404
"441,187",4,45.0,1.0,Pedestrian,7,"176,704",True,WHITE,1.0,MALE,"355,745",18536405
"441,189",4,36.0,1.0,Passenger car,1,"176,706",True,WHITE,1.0,MALE,"355,748",18536407
"441,314",4,16.0,2.0,Passenger car,1,"176,765",True,HISPANIC,2.0,FEMALE,"355,880",18539504
"441,385",1,23.0,1.0,Large passenger vehicle,2,"176,798",True,WHITE,2.0,FEMALE,"355,957",18539562
"441,476",1,18.0,2.0,Passenger car,1,"176,848",True,HISPANIC,2.0,FEMALE,"356,056",18540638
"441,762",1,45.0,3.0,Passenger car,1,"177,007",True,BLACK,1.0,MALE,"356,361",18544238
"441,775",1,54.0,3.0,Pedestrian,7,"177,013",True,BLACK,2.0,FEMALE,"356,378",18544244
"442,157",1,16.0,1.0,Large passenger vehicle,2,"177,206",True,WHITE,1.0,MALE,"356,786",18548380
"442,176",1,28.0,1.0,Motorcycle,3,"177,216",True,WHITE,1.0,MALE,"356,810",18548391
"442,206",1,40.0,2.0,Large passenger vehicle,2,"177,232",True,HISPANIC,2.0,FEMALE,"356,842",18548534
"442,292",1,23.0,1.0,E-scooter,11,"177,274",True,WHITE,1.0,MALE,"356,933",18548692
"442,297",1,25.0,1.0,Bicycle,5,"177,277",True,WHITE,1.0,MALE,"356,939",18548695
"442,397",1,,2.0,Pedestrian,7,"177,334",True,HISPANIC,1.0,MALE,"357,054",18549805
"442,407",4,35.0,2.0,Passenger car,1,"177,340",True,HISPANIC,1.0,MALE,"357,066",18550066
"442,702",1,46.0,2.0,Pedestrian,7,"177,484",True,HISPANIC,1.0,MALE,"357,376",18553521
"443,179",1,25.0,1.0,Bicycle,5,"177,732",True,WHITE,1.0,MALE,"357,882",18558100
"443,234",1,21.0,0.0,Bicycle,5,"177,760",True,UNKNOWN,1.0,MALE,"357,938",18558405
"443,479",1,45.0,1.0,Pedestrian,7,"177,889",True,WHITE,1.0,MALE,"358,202",18562169
"443,669",1,65.0,1.0,Pedestrian,7,"177,986",True,WHITE,2.0,FEMALE,"358,410",18562681
"443,677",1,71.0,2.0,Passenger car,1,"177,990",True,HISPANIC,1.0,MALE,"358,418",18562685
"443,684",1,18.0,2.0,Large passenger vehicle,2,"177,995",True,HISPANIC,1.0,MALE,"358,429",18562690
"443,720",1,34.0,1.0,Motorcycle,3,"178,016",True,WHITE,1.0,MALE,"358,474",18563109
"443,869",4,37.0,2.0,Large passenger vehicle,2,"178,101",True,HISPANIC,2.0,FEMALE,"358,642",18566237
"443,926",1,29.0,1.0,Motorcycle,3,"178,130",True,WHITE,1.0,MALE,"358,703",18566296
"444,016",1,18.0,1.0,Motorcycle,3,"178,174",True,WHITE,1.0,MALE,"358,797",18567502
"444,242",1,32.0,1.0,Motor vehicle – other,4,"178,293",True,WHITE,1.0,MALE,"359,043",18569922
"444,443",1,64.0,1.0,Pedestrian,7,"178,393",True,WHITE,1.0,MALE,"359,254",18571963
"444,874",1,65.0,1.0,Passenger car,1,"178,632",True,WHITE,2.0,FEMALE,"359,729",18576382
"444,877",1,23.0,3.0,Passenger car,1,"178,634",True,BLACK,1.0,MALE,"359,732",18576384
"445,054",1,51.0,1.0,Large passenger vehicle,2,"178,727",True,WHITE,1.0,MALE,"359,921",18576788
"445,152",1,22.0,2.0,Passenger car,1,"178,777",True,HISPANIC,2.0,FEMALE,"360,029",18578062
"445,158",1,30.0,1.0,Pedestrian,7,"178,781",True,WHITE,2.0,FEMALE,"360,036",18578067
"445,450",4,54.0,1.0,Pedestrian,7,"178,928",True,WHITE,1.0,MALE,"360,350",18581498
"445,678",1,52.0,1.0,E-scooter,11,"179,044",True,WHITE,1.0,MALE,"360,592",18584572
"445,692",1,30.0,1.0,Passenger car,1,"179,052",True,WHITE,1.0,MALE,"360,608",18584592
"445,697",1,53.0,1.0,Large passenger vehicle,2,"179,054",True,WHITE,2.0,FEMALE,"360,614",18584594
"446,167",1,77.0,1.0,Large passenger vehicle,2,"179,305",True,WHITE,2.0,FEMALE,"361,119",18589973
"446,196",1,119.0,3.0,Pedestrian,7,"179,321",True,BLACK,1.0,MALE,"361,151",18590004
"446,217",1,19.0,2.0,Passenger car,1,"179,332",True,HISPANIC,1.0,MALE,"361,172",18590158
"446,218",1,35.0,2.0,Passenger car,1,"179,332",True,HISPANIC,1.0,MALE,"361,173",18590158
"446,299",4,38.0,1.0,Passenger car,1,"179,374",True,WHITE,1.0,MALE,"361,258",18591324
"446,466",1,55.0,1.0,Large passenger vehicle,2,"179,465",True,WHITE,2.0,FEMALE,"361,438",18593475
"446,668",4,15.0,2.0,Passenger car,1,"179,574",True,HISPANIC,1.0,MALE,"361,653",18596982
"446,669",1,44.0,2.0,Large passenger vehicle,2,"179,574",True,HISPANIC,1.0,MALE,"361,654",18596982
"446,670",1,18.0,2.0,Passenger car,1,"179,575",True,HISPANIC,1.0,MALE,"361,655",18596983
"446,687",1,24.0,3.0,Pedestrian,7,"179,582",True,BLACK,1.0,MALE,"361,674",18596997
"446,718",4,64.0,2.0,Pedestrian,7,"179,599",True,HISPANIC,1.0,MALE,"361,709",18597064
"446,799",1,18.0,3.0,Passenger car,1,"179,641",True,BLACK,1.0,MALE,"361,796",18597202
"447,096",1,34.0,1.0,Motorcycle,3,"179,796",True,WHITE,1.0,MALE,"362,118",18600516
"447,104",1,30.0,3.0,Passenger car,1,"179,800",True,BLACK,2.0,FEMALE,"362,126",18600520
"447,127",1,19.0,1.0,Motorcycle,3,"179,813",True,WHITE,1.0,MALE,"362,151",18600589
"447,353",1,50.0,1.0,Passenger car,1,"179,927",True,WHITE,1.0,MALE,"362,395",18603158
"447,517",1,40.0,1.0,Motorcycle,3,"180,015",True,WHITE,1.0,MALE,"362,576",18605826
"447,574",1,43.0,5.0,Passenger car,1,"180,045",True,OTHER,2.0,FEMALE,"362,636",18605909
"447,590",1,35.0,2.0,Motorcycle,3,"180,054",True,HISPANIC,1.0,MALE,"362,653",18605944
"447,595",4,42.0,1.0,Pedestrian,7,"180,056",True,WHITE,2.0,FEMALE,"362,658",18605946
"447,643",1,45.0,4.0,Large passenger vehicle,2,"180,079",True,ASIAN,2.0,FEMALE,"362,710",18606463
"447,709",1,30.0,1.0,Micromobility device,6,"180,113",True,WHITE,1.0,MALE,"362,785",18606568
"447,713",1,28.0,1.0,Pedestrian,7,"180,117",True,WHITE,1.0,MALE,"362,792",18606572
"447,907",4,14.0,1.0,Pedestrian,7,"180,216",True,WHITE,2.0,FEMALE,"363,005",18607397
"448,094",4,84.0,2.0,Large passenger vehicle,2,"180,308",True,HISPANIC,1.0,MALE,"363,204",18609556
"448,100",1,29.0,1.0,Pedestrian,7,"180,310",True,WHITE,1.0,MALE,"363,210",18609559
"448,499",1,48.0,1.0,Large passenger vehicle,2,"180,538",True,WHITE,1.0,MALE,"363,638",18614176
"448,501",1,37.0,1.0,Passenger car,1,"180,538",True,WHITE,2.0,FEMALE,"363,640",18614176
"448,822",1,23.0,2.0,Large passenger vehicle,2,"180,709",True,HISPANIC,1.0,MALE,"363,986",18616096
"449,022",1,29.0,1.0,Motorcycle,3,"180,812",True,WHITE,1.0,MALE,"364,206",18618531
"449,131",4,24.0,2.0,Motorcycle,3,"180,867",True,HISPANIC,1.0,MALE,"364,320",18619767
"449,204",1,33.0,2.0,Pedestrian,7,"180,908",True,HISPANIC,2.0,FEMALE,"364,397",18620560
"449,490",1,34.0,1.0,Bicycle,5,"181,062",True,WHITE,1.0,MALE,"364,711",18624187
"449,528",1,65.0,1.0,Passenger car,1,"181,082",True,WHITE,2.0,FEMALE,"364,749",18624324
"449,793",1,68.0,1.0,Bicycle,5,"181,226",True,WHITE,1.0,MALE,"365,026",18628072
"449,805",1,18.0,1.0,Passenger car,1,"181,233",True,WHITE,2.0,FEMALE,"365,038",18628081
"449,927",1,63.0,1.0,Pedestrian,7,"181,298",True,WHITE,1.0,MALE,"365,168",18628588
"450,310",1,30.0,2.0,Motor vehicle – other,4,"181,506",True,HISPANIC,1.0,MALE,"365,583",18633123
"450,557",1,67.0,3.0,Pedestrian,7,"181,633",True,BLACK,1.0,MALE,"365,839",18634763
"450,578",1,17.0,2.0,Large passenger vehicle,2,"181,643",True,HISPANIC,1.0,MALE,"365,860",18635010
"450,594",4,61.0,1.0,Pedestrian,7,"181,651",True,WHITE,1.0,MALE,"365,879",18635464
"450,606",4,36.0,2.0,Pedestrian,7,"181,657",True,HISPANIC,1.0,MALE,"365,892",18635524
"450,633",1,18.0,5.0,Passenger car,1,"181,672",True,OTHER,1.0,MALE,"365,928",18635700
"450,789",1,44.0,1.0,Passenger car,1,"181,759",True,WHITE,1.0,MALE,"366,098",18637173
"450,790",4,30.0,3.0,Pedestrian,7,"181,759",True,BLACK,1.0,MALE,"366,099",18637173
"450,791",4,39.0,2.0,Pedestrian,7,"181,759",True,HISPANIC,1.0,MALE,"366,100",18637173
"451,114",1,32.0,4.0,Motorcycle,3,"181,924",True,ASIAN,1.0,MALE,"366,445",18640667
"451,147",1,,1.0,Pedestrian,7,"181,945",True,WHITE,1.0,MALE,"366,483",18640800
"451,148",1,24.0,1.0,Motorcycle,3,"181,946",True,WHITE,1.0,MALE,"366,484",18640801
"451,211",1,56.0,3.0,Pedestrian,7,"181,980",True,BLACK,1.0,MALE,"366,548",18640931
"451,269",4,40.0,1.0,E-scooter,11,"182,013",True,WHITE,1.0,MALE,"366,616",18641849
"451,466",1,23.0,3.0,Passenger car,1,"182,117",True,BLACK,2.0,FEMALE,"366,829",18644787
"451,468",1,63.0,1.0,Pedestrian,7,"182,118",True,WHITE,1.0,MALE,"366,831",18644788
"451,492",1,26.0,6.0,Pedestrian,7,"182,129",True,AMER. INDIAN/ALASKAN NATIVE,1.0,MALE,"366,858",18644815
"451,845",1,61.0,2.0,Large passenger vehicle,2,"182,311",True,HISPANIC,1.0,MALE,"367,239",18648387
"451,846",1,18.0,1.0,Passenger car,1,"182,311",True,WHITE,1.0,MALE,"367,240",18648387
"451,947",1,63.0,3.0,Pedestrian,7,"182,363",True,BLACK,2.0,FEMALE,"367,348",18650131
"452,051",4,51.0,1.0,Pedestrian,7,"182,415",True,WHITE,1.0,MALE,"367,464",18651273
"452,052",1,22.0,2.0,Passenger car,1,"182,416",True,HISPANIC,2.0,FEMALE,"367,465",18651275
"452,053",1,57.0,4.0,Pedestrian,7,"182,416",True,ASIAN,1.0,MALE,"367,466",18651275
"452,482",1,50.0,1.0,Large passenger vehicle,2,"182,639",True,WHITE,2.0,FEMALE,"367,928",18654508
"452,518",1,32.0,1.0,Motorcycle,3,"182,656",True,WHITE,1.0,MALE,"367,966",18654600
"452,535",1,18.0,2.0,Passenger car,1,"182,666",True,HISPANIC,1.0,MALE,"367,987",18654622
"452,538",1,36.0,1.0,Large passenger vehicle,2,"182,668",True,WHITE,2.0,FEMALE,"367,990",18654625
"452,634",1,54.0,3.0,Large passenger vehicle,2,"182,724",True,BLACK,2.0,FEMALE,"368,096",18656342
"452,716",1,38.0,1.0,Motorcycle,3,"182,770",True,WHITE,1.0,MALE,"368,181",18657977
"453,012",1,32.0,3.0,Passenger car,1,"182,928",True,BLACK,1.0,MALE,"368,507",18661893
"453,326",1,60.0,1.0,Motorcycle,3,"183,098",True,WHITE,1.0,MALE,"368,844",18666524
"453,376",1,20.0,1.0,Passenger car,1,"183,127",True,WHITE,2.0,FEMALE,"368,902",18666610
"454,039",4,21.0,2.0,Passenger car,1,"183,490",True,HISPANIC,1.0,MALE,"369,621",18675714
"454,336",1,50.0,2.0,Large passenger vehicle,2,"183,652",True,HISPANIC,1.0,MALE,"369,947",18684671
"454,337",1,59.0,2.0,Large passenger vehicle,2,"183,652",True,HISPANIC,1.0,MALE,"369,948",18684671
"454,338",4,27.0,3.0,Large passenger vehicle,2,"183,652",True,BLACK,2.0,FEMALE,"369,949",18684671
"454,343",1,19.0,1.0,Passenger car,1,"183,654",True,WHITE,2.0,FEMALE,"369,954",18684723
"454,345",1,66.0,1.0,Passenger car,1,"183,655",True,WHITE,2.0,FEMALE,"369,956",18684825
"454,406",4,24.0,2.0,Pedestrian,7,"183,688",True,HISPANIC,1.0,MALE,"370,022",18692093
"454,428",4,39.0,1.0,Pedestrian,7,"183,698",True,WHITE,2.0,FEMALE,"370,045",18692921
"454,471",1,23.0,3.0,Motorcycle,3,"183,721",True,BLACK,1.0,MALE,"370,093",18698197
"454,518",4,53.0,1.0,Pedestrian,7,"183,745",True,WHITE,1.0,MALE,"370,145",18709927
"454,522",1,54.0,1.0,Bicycle,5,"183,747",True,WHITE,1.0,MALE,"370,149",18709935
"454,538",4,18.0,2.0,Pedestrian,7,"183,756",True,HISPANIC,1.0,MALE,"370,168",18711364
"454,572",1,28.0,2.0,Passenger car,1,"183,776",True,HISPANIC,2.0,FEMALE,"370,203",18735305
"454,683",1,59.0,1.0,Motorcycle,3,"183,837",True,WHITE,1.0,MALE,"370,326",19175627
"454,868",1,22.0,1.0,Passenger car,1,"153,695",False,WHITE,2.0,FEMALE,"309,749",18043204
"454,942",1,22.0,2.0,Passenger car,1,"153,821",False,HISPANIC,2.0,FEMALE,"309,989",18045564
"455,112",1,20.0,2.0,Passenger car,1,"154,139",False,HISPANIC,2.0,FEMALE,"310,575",18054661
"455,167",1,23.0,2.0,Large passenger vehicle,2,"154,241",False,HISPANIC,1.0,MALE,"310,757",18055529
"455,608",1,23.0,3.0,Passenger car,1,"155,036",False,BLACK,2.0,FEMALE,"312,323",18072327
"455,822",1,25.0,1.0,Passenger car,1,"155,397",False,WHITE,1.0,MALE,"313,004",18079154
"456,033",1,25.0,2.0,Passenger car,1,"155,805",False,HISPANIC,1.0,MALE,"313,822",18088363
"456,128",1,30.0,3.0,Large passenger vehicle,2,"155,915",False,BLACK,1.0,MALE,"314,045",18091813
"456,170",1,23.0,2.0,Passenger car,1,"155,986",False,HISPANIC,1.0,MALE,"314,208",18092935
"456,252",1,25.0,3.0,Passenger car,1,"156,164",False,BLACK,2.0,FEMALE,"314,577",18097230
"456,281",4,19.0,2.0,Passenger car,1,"156,189",False,HISPANIC,1.0,MALE,"314,632",18097687
"456,495",1,21.0,2.0,Motor vehicle – other,4,"156,507",False,HISPANIC,2.0,FEMALE,"315,269",18104709
"456,737",1,26.0,3.0,Passenger car,1,"156,935",False,BLACK,1.0,MALE,"316,059",18117752
"456,738",4,21.0,2.0,Passenger car,1,"156,936",False,HISPANIC,2.0,FEMALE,"316,060",18117753
"457,031",1,27.0,1.0,Passenger car,1,"157,502",False,WHITE,1.0,MALE,"317,160",18130413
"457,035",1,39.0,3.0,Passenger car,1,"157,513",False,BLACK,2.0,FEMALE,"317,181",18130808
"457,036",1,26.0,3.0,Passenger car,1,"157,513",False,BLACK,1.0,MALE,"317,181",18130808
"457,279",1,30.0,1.0,Motorcycle,3,"157,924",False,WHITE,2.0,FEMALE,"317,988",18139172
"457,361",1,40.0,2.0,Passenger car,1,"158,105",False,HISPANIC,2.0,FEMALE,"318,365",18144121
"457,387",1,52.0,,Large passenger vehicle,2,"158,124",False,,1.0,MALE,"318,404",18144360
"457,388",1,53.0,,Large passenger vehicle,2,"158,124",False,,1.0,MALE,"318,404",18144360
"457,389",1,24.0,,Large passenger vehicle,2,"158,124",False,,2.0,FEMALE,"318,404",18144360
"457,444",1,3.0,2.0,Passenger car,1,"158,180",False,HISPANIC,2.0,FEMALE,"318,517",18145702
"458,217",1,32.0,2.0,Large passenger vehicle,2,"159,367",False,HISPANIC,1.0,MALE,"320,866",18172322
"458,570",1,41.0,2.0,Large passenger vehicle,2,"159,902",False,HISPANIC,2.0,FEMALE,"321,966",18183610
"458,745",1,53.0,2.0,Passenger car,1,"160,160",False,HISPANIC,2.0,FEMALE,"322,474",18190210
"459,002",1,69.0,1.0,Passenger car,1,"160,615",False,WHITE,2.0,FEMALE,"323,387",18198916
"459,402",1,20.0,2.0,Passenger car,1,"161,240",False,HISPANIC,1.0,MALE,"324,640",18214377
"459,404",1,38.0,2.0,Passenger car,1,"161,244",False,HISPANIC,2.0,FEMALE,"324,649",18214382
"459,495",1,4.0,2.0,Large passenger vehicle,2,"161,404",False,HISPANIC,1.0,MALE,"324,971",18217590
"459,553",1,11.0,2.0,Large passenger vehicle,2,"161,491",False,HISPANIC,1.0,MALE,"325,152",18219730
"459,856",1,20.0,2.0,Passenger car,1,"161,989",False,HISPANIC,2.0,FEMALE,"326,163",18228307
"459,991",4,25.0,1.0,Large passenger vehicle,2,"162,231",False,WHITE,2.0,FEMALE,"326,622",18233571
"459,993",4,22.0,2.0,Passenger car,1,"162,233",False,HISPANIC,1.0,MALE,"326,628",18233573
"460,097",1,23.0,2.0,Passenger car,1,"162,369",False,HISPANIC,2.0,FEMALE,"326,895",18234692
"460,272",1,39.0,3.0,Passenger car,1,"162,724",False,BLACK,2.0,FEMALE,"327,601",18242812
"460,365",1,18.0,2.0,Large passenger vehicle,2,"162,871",False,HISPANIC,1.0,MALE,"327,884",18245761
"460,449",1,3.0,2.0,Passenger car,1,"162,957",False,HISPANIC,1.0,MALE,"328,060",18247672
"460,456",4,17.0,2.0,Passenger car,1,"162,975",False,HISPANIC,1.0,MALE,"328,091",18248173
"460,457",1,18.0,1.0,Passenger car,1,"162,975",False,WHITE,1.0,MALE,"328,091",18248173
"460,458",1,17.0,2.0,Passenger car,1,"162,975",False,HISPANIC,1.0,MALE,"328,091",18248173
"460,806",4,46.0,3.0,Passenger car,1,"163,532",False,BLACK,2.0,FEMALE,"329,196",18261442
"460,820",1,11.0,,Large passenger vehicle,2,"163,561",False,,2.0,FEMALE,"329,249",18262952
"460,830",1,16.0,2.0,Passenger car,1,"163,579",False,HISPANIC,2.0,FEMALE,"329,284",18262970
"460,926",1,16.0,2.0,Large passenger vehicle,2,"163,756",False,HISPANIC,1.0,MALE,"329,626",18267531
"461,193",1,3.0,,Passenger car,1,"164,125",False,,1.0,MALE,"330,343",18274334
"461,560",1,12.0,2.0,Large passenger vehicle,2,"164,747",False,HISPANIC,2.0,FEMALE,"331,554",18287066
"461,564",1,60.0,2.0,Large passenger vehicle,2,"164,755",False,HISPANIC,2.0,FEMALE,"331,570",18287346
"461,718",1,41.0,3.0,Large passenger vehicle,2,"165,006",False,BLACK,2.0,FEMALE,"332,078",18293035
"461,839",1,36.0,2.0,Large passenger vehicle,2,"165,204",False,HISPANIC,2.0,FEMALE,"332,451",18297752
"462,009",1,27.0,1.0,Motorcycle,3,"165,434",False,WHITE,2.0,FEMALE,"332,910",18301436
"462,014",1,49.0,2.0,Passenger car,1,"165,441",False,HISPANIC,1.0,MALE,"332,927",18301443
"462,176",1,33.0,,Passenger car,1,"165,681",False,,2.0,FEMALE,"333,413",18308302
"462,219",1,44.0,2.0,Large passenger vehicle,2,"165,744",False,HISPANIC,2.0,FEMALE,"333,541",18308457
"462,541",1,26.0,2.0,Large passenger vehicle,2,"166,272",False,HISPANIC,2.0,FEMALE,"334,597",18321317
"462,659",1,1.0,2.0,Large passenger vehicle,2,"166,454",False,HISPANIC,2.0,FEMALE,"334,981",18323577
"462,680",1,63.0,2.0,Passenger car,1,"166,478",False,HISPANIC,1.0,MALE,"335,028",18324150
"462,907",1,77.0,1.0,Passenger car,1,"166,863",False,WHITE,1.0,MALE,"335,828",18332676
"463,212",1,27.0,2.0,Passenger car,1,"167,331",False,HISPANIC,1.0,MALE,"336,766",18344738
"463,229",1,47.0,1.0,Large passenger vehicle,2,"167,348",False,WHITE,2.0,FEMALE,"336,802",18344766
"463,308",1,11.0,2.0,Large passenger vehicle,2,"167,472",False,HISPANIC,2.0,FEMALE,"337,050",18344997
"463,361",1,21.0,6.0,Large passenger vehicle,2,"167,539",False,AMER. INDIAN/ALASKAN NATIVE,2.0,FEMALE,"337,173",18347834
"463,581",1,32.0,1.0,Large passenger vehicle,2,"167,845",False,WHITE,2.0,FEMALE,"337,783",18355381
"463,582",1,30.0,1.0,Large passenger vehicle,2,"167,845",False,WHITE,2.0,FEMALE,"337,783",18355381
"464,340",1,29.0,1.0,Large passenger vehicle,2,"168,845",False,WHITE,1.0,MALE,"339,813",18375790
"464,486",1,26.0,3.0,Passenger car,1,"169,061",False,BLACK,2.0,FEMALE,"340,248",18379932
"464,655",1,22.0,2.0,Passenger car,1,"169,282",False,HISPANIC,2.0,FEMALE,"340,675",18385109
"464,752",1,19.0,3.0,Passenger car,1,"169,434",False,BLACK,1.0,MALE,"340,970",18388332
"464,753",4,38.0,3.0,Passenger car,1,"169,434",False,BLACK,1.0,MALE,"340,970",18388332
"464,754",4,20.0,3.0,Passenger car,1,"169,434",False,BLACK,1.0,MALE,"340,970",18388332
"464,755",4,40.0,2.0,Large passenger vehicle,2,"169,435",False,HISPANIC,1.0,MALE,"340,971",18388333
"464,756",4,39.0,2.0,Large passenger vehicle,2,"169,435",False,HISPANIC,1.0,MALE,"340,971",18388333
"464,914",4,23.0,1.0,Passenger car,1,"169,664",False,WHITE,2.0,FEMALE,"341,449",18391851
"465,442",1,37.0,1.0,Motorcycle,3,"170,449",False,WHITE,2.0,FEMALE,"343,017",18409280
"465,514",1,14.0,2.0,Passenger car,1,"170,561",False,HISPANIC,2.0,FEMALE,"343,244",18411400
"465,516",1,16.0,2.0,Passenger car,1,"170,561",False,HISPANIC,2.0,FEMALE,"343,244",18411400
"465,841",1,28.0,1.0,Passenger car,1,"171,041",False,WHITE,1.0,MALE,"344,219",18421985
"466,009",4,37.0,3.0,Passenger car,1,"171,261",False,BLACK,1.0,MALE,"344,658",18425113
"466,540",1,51.0,1.0,Large passenger vehicle,2,"172,014",False,WHITE,1.0,MALE,"346,187",18440910
"466,599",1,68.0,1.0,Passenger car,1,"172,138",False,WHITE,2.0,FEMALE,"346,443",18444272
"466,600",1,72.0,1.0,Passenger car,1,"172,138",False,WHITE,2.0,FEMALE,"346,443",18444272
"466,608",1,,3.0,Passenger car,1,"172,167",False,BLACK,2.0,FEMALE,"346,495",18444346
"467,002",1,29.0,3.0,Passenger car,1,"172,690",False,BLACK,1.0,MALE,"347,551",18455083
"467,251",1,23.0,3.0,Passenger car,1,"173,013",False,BLACK,2.0,FEMALE,"348,201",18461818
"467,577",1,21.0,2.0,Passenger car,1,"173,474",False,HISPANIC,2.0,FEMALE,"349,154",18471604
"468,440",1,25.0,2.0,Passenger car,1,"174,753",False,HISPANIC,1.0,MALE,"351,766",18496501
"468,724",1,25.0,2.0,Passenger car,1,"175,248",False,HISPANIC,1.0,MALE,"352,793",18507272
"468,859",1,27.0,6.0,Passenger car,1,"175,445",False,AMER. INDIAN/ALASKAN NATIVE,1.0,MALE,"353,193",18510656
"469,457",1,26.0,3.0,Passenger car,1,"176,216",False,BLACK,1.0,MALE,"354,775",18526795
"469,658",1,13.0,2.0,Large passenger vehicle,2,"176,565",False,HISPANIC,2.0,FEMALE,"355,466",18535048
"469,730",4,34.0,1.0,Passenger car,1,"176,703",False,WHITE,2.0,FEMALE,"355,743",18536404
"469,731",4,37.0,1.0,Passenger car,1,"176,703",False,WHITE,1.0,MALE,"355,743",18536404
"470,148",1,36.0,1.0,Large passenger vehicle,2,"177,287",False,WHITE,2.0,FEMALE,"356,957",18548707
"470,572",1,25.0,3.0,Large passenger vehicle,2,"177,937",False,BLACK,1.0,MALE,"358,306",18562422
"470,620",1,33.0,2.0,Large passenger vehicle,2,"177,990",False,HISPANIC,1.0,MALE,"358,417",18562685
"470,694",4,15.0,2.0,Large passenger vehicle,2,"178,101",False,HISPANIC,2.0,FEMALE,"358,642",18566237
"470,924",1,19.0,1.0,Passenger car,1,"178,400",False,WHITE,1.0,MALE,"359,268",18571990
"471,346",1,17.0,1.0,Large passenger vehicle,2,"178,908",False,WHITE,2.0,FEMALE,"360,305",18581467
"471,591",1,30.0,1.0,Passenger car,1,"179,257",False,WHITE,2.0,FEMALE,"361,019",18589747
"471,836",1,15.0,2.0,Passenger car,1,"179,574",False,HISPANIC,1.0,MALE,"361,653",18596982
"472,195",1,25.0,2.0,Large passenger vehicle,2,"180,148",False,HISPANIC,1.0,MALE,"362,852",18606645
"472,455",1,48.0,1.0,Passenger car,1,"180,527",False,WHITE,2.0,FEMALE,"363,616",18614160
"472,461",1,45.0,1.0,Large passenger vehicle,2,"180,538",False,WHITE,2.0,FEMALE,"363,638",18614176
"473,225",1,22.0,3.0,Passenger car,1,"181,719",False,BLACK,1.0,MALE,"366,017",18636518
"473,798",1,31.0,2.0,Passenger car,1,"182,643",False,HISPANIC,1.0,MALE,"367,938",18654515
"473,829",1,58.0,1.0,Motor vehicle – other,4,"182,708",False,WHITE,2.0,FEMALE,"368,061",18655686
"473,840",1,23.0,3.0,Large passenger vehicle,2,"182,724",False,BLACK,2.0,FEMALE,"368,096",18656342
"473,971",1,32.0,1.0,Large passenger vehicle,2,"182,928",False,WHITE,1.0,MALE,"368,508",18661893
"474,143",1,6.0,2.0,Large passenger vehicle,2,"183,204",False,HISPANIC,2.0,FEMALE,"369,049",18667067
"474,609",1,81.0,2.0,Passenger car,1,"183,908",True,HISPANIC,2.0,FEMALE,"370,467",18673924
"474,610",1,51.0,1.0,Large passenger vehicle,2,"183,908",True,WHITE,1.0,MALE,"370,468",18673924
"474,712",1,16.0,4.0,Bicycle,5,"183,965",True,ASIAN,1.0,MALE,"370,580",18677045
"474,806",1,,1.0,Pedestrian,7,"184,021",True,WHITE,2.0,FEMALE,"370,682",18677791
"474,859",1,35.0,1.0,Pedestrian,7,"184,048",True,WHITE,1.0,MALE,"370,737",18678867
"475,473",1,32.0,2.0,Large passenger vehicle,2,"184,377",True,HISPANIC,1.0,MALE,"371,396",18687982
"475,691",1,43.0,4.0,Passenger car,1,"184,501",True,ASIAN,1.0,MALE,"371,621",18690096
"475,797",1,29.0,1.0,Large passenger vehicle,2,"184,557",True,WHITE,2.0,FEMALE,"371,730",18692110
"475,843",1,43.0,3.0,Passenger car,1,"184,582",True,BLACK,1.0,MALE,"371,782",18692923
"475,886",1,22.0,1.0,Motorcycle,3,"184,606",True,WHITE,1.0,MALE,"371,828",18694185
"476,080",1,20.0,2.0,Large passenger vehicle,2,"184,706",True,HISPANIC,2.0,FEMALE,"372,034",18695798
"476,120",1,31.0,1.0,Motorcycle,3,"184,723",True,WHITE,1.0,MALE,"372,074",18696325
"476,449",1,68.0,3.0,Passenger car,1,"184,903",True,BLACK,2.0,FEMALE,"372,426",18703371
"476,558",1,54.0,2.0,Passenger car,1,"184,957",True,HISPANIC,2.0,FEMALE,"372,536",18703549
"476,559",1,31.0,1.0,Motorcycle,3,"184,958",True,WHITE,2.0,FEMALE,"372,537",18703550
"476,593",1,68.0,4.0,Large passenger vehicle,2,"184,973",True,ASIAN,1.0,MALE,"372,572",18703602
"476,594",1,48.0,1.0,Passenger car,1,"184,973",True,WHITE,2.0,FEMALE,"372,573",18703602
"476,761",1,11.0,2.0,Pedestrian,7,"185,064",True,HISPANIC,2.0,FEMALE,"372,762",18703864
"476,997",1,46.0,3.0,Pedestrian,7,"185,192",True,BLACK,2.0,FEMALE,"373,022",18706615
"477,286",1,50.0,2.0,Passenger car,1,"185,345",True,HISPANIC,1.0,MALE,"373,329",18710100
"477,359",4,35.0,2.0,Passenger car,1,"185,386",True,HISPANIC,1.0,MALE,"373,411",18710232
"477,377",1,35.0,2.0,Passenger car,1,"185,397",True,HISPANIC,1.0,MALE,"373,435",18710349
"477,451",1,52.0,1.0,Large passenger vehicle,2,"185,440",True,WHITE,2.0,FEMALE,"373,516",18711369
"477,731",4,51.0,2.0,Motorcycle,3,"185,592",True,HISPANIC,1.0,MALE,"373,824",18714996
"478,169",1,66.0,1.0,Pedestrian,7,"185,825",True,WHITE,1.0,MALE,"374,299",18719913
"478,268",1,20.0,2.0,Passenger car,1,"185,876",True,HISPANIC,2.0,FEMALE,"374,405",18720482
"478,374",1,,0.0,Passenger car,1,"185,938",True,UNKNOWN,1.0,MALE,"374,520",18722137
"478,752",1,15.0,2.0,Pedestrian,7,"186,154",True,HISPANIC,2.0,FEMALE,"374,929",18725963
"478,786",1,54.0,1.0,Pedestrian,7,"186,172",True,WHITE,1.0,MALE,"374,965",18726228
"478,787",1,33.0,1.0,Pedestrian,7,"186,172",True,WHITE,1.0,MALE,"374,966",18726228
"478,820",1,72.0,1.0,Pedestrian,7,"186,187",True,WHITE,2.0,FEMALE,"375,004",18726246
"478,866",4,32.0,2.0,Passenger car,1,"186,212",True,HISPANIC,1.0,MALE,"375,051",18726834
"479,004",4,55.0,1.0,Pedestrian,7,"186,286",True,WHITE,1.0,MALE,"375,201",18729463
"479,308",4,41.0,2.0,Pedestrian,7,"186,467",True,HISPANIC,1.0,MALE,"375,522",18735223
"479,320",1,29.0,4.0,Passenger car,1,"186,474",True,ASIAN,1.0,MALE,"375,534",18735230
"479,345",1,50.0,3.0,Passenger car,1,"186,490",True,BLACK,2.0,FEMALE,"375,561",18735258
"479,433",1,63.0,1.0,Passenger car,1,"186,542",True,WHITE,1.0,MALE,"375,654",18735350
"479,462",1,28.0,2.0,Passenger car,1,"186,561",True,HISPANIC,1.0,MALE,"375,687",18735376
"479,463",1,22.0,2.0,Pedestrian,7,"186,561",True,HISPANIC,1.0,MALE,"375,688",18735376
"479,549",1,24.0,1.0,Passenger car,1,"186,607",True,WHITE,1.0,MALE,"375,780",18735446
"479,705",1,35.0,1.0,Passenger car,1,"186,689",True,WHITE,1.0,MALE,"375,943",18736818
"479,898",1,54.0,3.0,Pedestrian,7,"186,793",True,BLACK,1.0,MALE,"376,150",18738379
"479,900",1,67.0,1.0,Bicycle,5,"186,794",True,WHITE,1.0,MALE,"376,152",18738380
"479,902",1,32.0,2.0,Motorcycle,3,"186,795",True,HISPANIC,1.0,MALE,"376,154",18738381
"480,055",1,37.0,1.0,Large passenger vehicle,2,"186,874",True,WHITE,2.0,FEMALE,"376,318",18740415
"480,091",1,22.0,2.0,Large passenger vehicle,2,"186,890",True,HISPANIC,2.0,FEMALE,"376,356",18740877
"480,169",4,43.0,1.0,Motorcycle,3,"186,932",True,WHITE,1.0,MALE,"376,439",18742077
"480,170",4,35.0,1.0,Motorcycle,3,"186,933",True,WHITE,1.0,MALE,"376,440",18742078
"480,172",1,34.0,1.0,Motorcycle,3,"186,934",True,WHITE,1.0,MALE,"376,442",18742079
"480,364",1,40.0,1.0,Pedestrian,7,"187,035",True,WHITE,1.0,MALE,"376,650",18744687
"480,425",1,20.0,3.0,Motorcycle,3,"187,068",True,BLACK,1.0,MALE,"376,716",18744727
"480,440",1,20.0,4.0,Pedestrian,7,"187,075",True,ASIAN,2.0,FEMALE,"376,731",18744735
"480,653",1,16.0,1.0,Passenger car,1,"187,191",True,WHITE,1.0,MALE,"376,958",18746891
"480,654",1,31.0,1.0,Large passenger vehicle,2,"187,191",True,WHITE,1.0,MALE,"376,959",18746891
"480,831",1,32.0,0.0,Motorcycle,3,"187,284",True,UNKNOWN,1.0,MALE,"377,150",18750200
"480,907",4,21.0,2.0,Passenger car,1,"187,324",True,HISPANIC,2.0,FEMALE,"377,232",18750350
"481,136",1,55.0,1.0,Large passenger vehicle,2,"187,447",True,WHITE,1.0,MALE,"377,473",18752738
"481,790",1,24.0,1.0,Pedestrian,7,"187,786",True,WHITE,1.0,MALE,"378,162",18762033
"481,803",1,48.0,3.0,Passenger car,1,"187,794",True,BLACK,2.0,FEMALE,"378,177",18762042
"481,856",1,28.0,1.0,Passenger car,1,"187,820",True,WHITE,2.0,FEMALE,"378,232",18762112
"481,961",1,60.0,3.0,Large passenger vehicle,2,"187,879",True,BLACK,2.0,FEMALE,"378,346",18762312
"482,451",1,21.0,1.0,Pedestrian,7,"188,153",True,WHITE,2.0,FEMALE,"378,884",18766450
"482,541",1,34.0,1.0,Motorcycle,3,"188,200",True,WHITE,1.0,MALE,"378,982",18767385
"482,637",1,39.0,4.0,Passenger car,1,"188,259",True,ASIAN,1.0,MALE,"379,093",18769148
"482,662",1,27.0,0.0,Pedestrian,7,"188,270",True,UNKNOWN,1.0,MALE,"379,118",18769161
"482,674",4,83.0,2.0,Large passenger vehicle,2,"188,279",True,HISPANIC,1.0,MALE,"379,131",18769172
"482,730",1,39.0,1.0,Passenger car,1,"188,312",True,WHITE,1.0,MALE,"379,193",18769239
"482,737",1,33.0,2.0,Large passenger vehicle,2,"188,320",True,HISPANIC,2.0,FEMALE,"379,203",18769247
"482,738",1,56.0,3.0,Passenger car,1,"188,320",True,BLACK,1.0,MALE,"379,204",18769247
"482,783",4,67.0,1.0,Pedestrian,7,"188,347",True,WHITE,1.0,MALE,"379,253",18769939
"482,908",1,44.0,1.0,Passenger car,1,"188,421",True,WHITE,2.0,FEMALE,"379,393",18771401
"483,038",1,26.0,1.0,Passenger car,1,"188,490",True,WHITE,2.0,FEMALE,"379,533",18773413
"483,314",1,46.0,2.0,Large passenger vehicle,2,"188,630",True,HISPANIC,1.0,MALE,"379,837",18776569
"483,331",1,50.0,2.0,Pedestrian,7,"188,639",True,HISPANIC,1.0,MALE,"379,854",18776580
"483,333",1,43.0,3.0,Pedestrian,7,"188,640",True,BLACK,1.0,MALE,"379,856",18776581
"483,512",1,31.0,2.0,Large passenger vehicle,2,"188,738",True,HISPANIC,1.0,MALE,"380,048",18779880
"483,564",1,17.0,1.0,Bicycle,5,"188,766",True,WHITE,1.0,MALE,"380,102",18779923
"483,847",1,35.0,2.0,Passenger car,1,"188,916",True,HISPANIC,1.0,MALE,"380,403",18782139
"483,857",1,35.0,1.0,Bicycle,5,"188,923",True,WHITE,1.0,MALE,"380,416",18782148
"483,870",1,62.0,2.0,Motorcycle,3,"188,932",True,HISPANIC,1.0,MALE,"380,431",18782176
"484,078",1,22.0,2.0,Passenger car,1,"189,051",True,HISPANIC,2.0,FEMALE,"380,666",18785961
"484,088",1,25.0,1.0,Passenger car,1,"189,055",True,WHITE,1.0,MALE,"380,676",18785973
"484,240",4,29.0,2.0,Large passenger vehicle,2,"189,134",True,HISPANIC,1.0,MALE,"380,836",18787434
"484,287",1,22.0,3.0,Passenger car,1,"189,155",True,BLACK,2.0,FEMALE,"380,885",18787883
"484,319",1,49.0,2.0,Passenger car,1,"189,172",True,HISPANIC,2.0,FEMALE,"380,919",18788674
"484,326",1,40.0,1.0,Motorcycle,3,"189,175",True,WHITE,1.0,MALE,"380,926",18788739
"484,398",1,79.0,1.0,Passenger car,1,"189,215",True,WHITE,1.0,MALE,"381,007",18789480
"484,463",4,39.0,1.0,Large passenger vehicle,2,"189,248",True,WHITE,1.0,MALE,"381,082",18790889
"484,476",1,62.0,2.0,Pedestrian,7,"189,255",True,HISPANIC,1.0,MALE,"381,098",18790896
"484,737",1,30.0,2.0,Passenger car,1,"189,396",True,HISPANIC,1.0,MALE,"381,384",18793960
"484,908",4,46.0,1.0,Pedestrian,7,"189,491",True,WHITE,1.0,MALE,"381,575",18794813
"484,934",1,55.0,2.0,Passenger car,1,"189,506",True,HISPANIC,1.0,MALE,"381,606",18795516
"485,084",1,33.0,1.0,Motorcycle,3,"189,589",True,WHITE,1.0,MALE,"381,766",18797293
"485,185",1,54.0,1.0,Pedestrian,7,"189,640",True,WHITE,1.0,MALE,"381,876",18798666
"485,318",1,70.0,1.0,Large passenger vehicle,2,"189,710",True,WHITE,1.0,MALE,"382,015",18800419
"485,324",1,24.0,1.0,Passenger car,1,"189,713",True,WHITE,1.0,MALE,"382,021",18800422
"485,325",1,18.0,1.0,Large passenger vehicle,2,"189,713",True,WHITE,2.0,FEMALE,"382,022",18800422
"485,358",1,46.0,1.0,Passenger car,1,"189,728",True,WHITE,2.0,FEMALE,"382,056",18800440
"485,414",4,37.0,1.0,Pedestrian,7,"189,760",True,WHITE,1.0,MALE,"382,120",18800909
"485,533",1,26.0,2.0,Pedestrian,7,"189,825",True,HISPANIC,1.0,MALE,"382,252",18801982
"485,590",4,21.0,1.0,Motorcycle,3,"189,854",True,WHITE,1.0,MALE,"382,313",18802653
"485,592",4,27.0,1.0,Motorcycle,3,"189,855",True,WHITE,1.0,MALE,"382,315",18802654
"485,597",1,24.0,3.0,Passenger car,1,"189,857",True,BLACK,2.0,FEMALE,"382,320",18802656
"485,950",1,22.0,2.0,Large passenger vehicle,2,"190,045",True,HISPANIC,2.0,FEMALE,"382,698",18806253
"485,955",1,48.0,2.0,Passenger car,1,"190,049",True,HISPANIC,2.0,FEMALE,"382,705",18806257
"485,966",1,42.0,1.0,Motorcycle,3,"190,057",True,WHITE,1.0,MALE,"382,719",18806281
"485,986",4,51.0,2.0,Pedestrian,7,"190,068",True,HISPANIC,1.0,MALE,"382,739",18806332
"486,285",1,21.0,2.0,Passenger car,1,"190,234",True,HISPANIC,2.0,FEMALE,"383,061",18809396
"486,469",1,17.0,2.0,Passenger car,1,"190,329",True,HISPANIC,1.0,MALE,"383,260",18810778
"486,774",4,37.0,4.0,Passenger car,1,"190,483",True,ASIAN,1.0,MALE,"383,587",18814583
"486,837",1,40.0,1.0,Passenger car,1,"190,515",True,WHITE,1.0,MALE,"383,658",18814661
"486,847",4,28.0,1.0,Pedestrian,7,"190,519",True,WHITE,2.0,FEMALE,"383,669",18814867
"487,103",1,41.0,2.0,Motorcycle,3,"190,659",True,HISPANIC,1.0,MALE,"383,947",18818586
"487,197",1,40.0,1.0,Passenger car,1,"190,711",True,WHITE,2.0,FEMALE,"384,054",18818910
"487,263",1,34.0,1.0,Motorcycle,3,"190,751",True,WHITE,1.0,MALE,"384,126",18819031
"487,491",1,47.0,2.0,Passenger car,1,"190,869",True,HISPANIC,1.0,MALE,"384,378",18822922
"487,608",1,84.0,1.0,Pedestrian,7,"190,935",True,WHITE,2.0,FEMALE,"384,504",18823680
"487,670",1,62.0,3.0,Passenger car,1,"190,970",True,BLACK,2.0,FEMALE,"384,574",18824796
"487,767",1,42.0,1.0,Bicycle,5,"191,015",True,WHITE,2.0,FEMALE,"384,675",18825770
"488,006",1,40.0,1.0,Motorcycle,3,"191,141",True,WHITE,1.0,MALE,"384,942",18827980
"488,342",1,31.0,4.0,Passenger car,1,"191,318",True,ASIAN,1.0,MALE,"385,298",18832836
"488,441",1,21.0,1.0,Pedestrian,7,"191,375",True,WHITE,1.0,MALE,"385,404",18833006
"488,462",1,50.0,2.0,Passenger car,1,"191,386",True,HISPANIC,2.0,FEMALE,"385,426",18833034
"488,621",1,22.0,1.0,Passenger car,1,"191,470",True,WHITE,2.0,FEMALE,"385,596",18834806
"488,632",4,30.0,3.0,Pedestrian,7,"191,476",True,BLACK,1.0,MALE,"385,610",18835031
"488,895",1,30.0,2.0,Passenger car,1,"191,615",True,HISPANIC,2.0,FEMALE,"385,892",18838700
"488,902",1,53.0,2.0,Passenger car,1,"191,619",True,HISPANIC,1.0,MALE,"385,900",18838704
"489,037",4,50.0,1.0,Pedestrian,7,"191,690",True,WHITE,2.0,FEMALE,"386,049",18840763
"489,048",1,58.0,2.0,Motorcycle,3,"191,696",True,HISPANIC,1.0,MALE,"386,061",18840771
"489,066",1,48.0,1.0,Motorcycle,3,"191,706",True,WHITE,1.0,MALE,"386,080",18840838
"489,073",1,32.0,2.0,Large passenger vehicle,2,"191,709",True,HISPANIC,1.0,MALE,"386,087",18840841
"489,074",1,25.0,2.0,Large passenger vehicle,2,"191,709",True,HISPANIC,2.0,FEMALE,"386,088",18840841
"489,094",1,39.0,2.0,Passenger car,1,"191,720",True,HISPANIC,1.0,MALE,"386,108",18840852
"489,520",1,28.0,1.0,Passenger car,1,"191,945",True,WHITE,1.0,MALE,"386,569",18845499
"489,522",1,31.0,1.0,Pedestrian,7,"191,946",True,WHITE,1.0,MALE,"386,571",18845500
"489,525",1,24.0,1.0,Passenger car,1,"191,948",True,WHITE,2.0,FEMALE,"386,574",18845502
"489,552",1,33.0,1.0,Passenger car,1,"191,961",True,WHITE,1.0,MALE,"386,601",18845529
"489,554",1,30.0,4.0,Pedestrian,7,"191,961",True,ASIAN,2.0,FEMALE,"386,603",18845529
"489,555",1,45.0,1.0,Pedestrian,7,"191,961",True,WHITE,2.0,FEMALE,"386,604",18845529
"489,556",1,40.0,1.0,Pedestrian,7,"191,961",True,WHITE,1.0,MALE,"386,605",18845529
"489,557",1,38.0,4.0,Pedestrian,7,"191,961",True,ASIAN,2.0,FEMALE,"386,606",18845529
"489,558",1,65.0,2.0,Pedestrian,7,"191,961",True,HISPANIC,1.0,MALE,"386,607",18845529
"489,559",1,45.0,3.0,Pedestrian,7,"191,961",True,BLACK,2.0,FEMALE,"386,608",18845529
"489,560",1,56.0,1.0,Pedestrian,7,"191,961",True,WHITE,2.0,FEMALE,"386,609",18845529
"489,561",1,61.0,1.0,Pedestrian,7,"191,961",True,WHITE,1.0,MALE,"386,610",18845529
"489,564",1,55.0,3.0,Pedestrian,7,"191,961",True,BLACK,1.0,MALE,"386,613",18845529
"489,641",1,45.0,1.0,Motorcycle,3,"192,005",True,WHITE,1.0,MALE,"386,700",18845660
"489,657",1,30.0,2.0,Passenger car,1,"192,015",True,HISPANIC,1.0,MALE,"386,719",18845670
"489,701",1,78.0,4.0,Passenger car,1,"192,038",True,ASIAN,1.0,MALE,"386,764",18846333
"489,811",1,52.0,1.0,Passenger car,1,"192,098",True,WHITE,1.0,MALE,"386,882",18848384
"489,815",4,13.0,1.0,Pedestrian,7,"192,100",True,WHITE,1.0,MALE,"386,886",18848386
"489,848",1,70.0,1.0,Passenger car,1,"192,118",True,WHITE,2.0,FEMALE,"386,924",18848446
"489,986",1,27.0,2.0,Passenger car,1,"192,192",True,HISPANIC,2.0,FEMALE,"387,073",18850298
"490,103",1,43.0,2.0,Large passenger vehicle,2,"192,254",True,HISPANIC,1.0,MALE,"387,195",18851686
"490,357",1,50.0,4.0,Motorcycle,3,"192,380",True,ASIAN,1.0,MALE,"387,459",18853973
"490,494",1,24.0,3.0,Passenger car,1,"192,451",True,BLACK,1.0,MALE,"387,607",18855421
"490,497",1,34.0,1.0,Motorcycle,3,"192,453",True,WHITE,1.0,MALE,"387,610",18855423
"490,503",1,34.0,1.0,Bicycle,5,"192,456",True,WHITE,2.0,FEMALE,"387,616",18855426
"490,504",1,31.0,5.0,Bicycle,5,"192,456",True,OTHER,1.0,MALE,"387,617",18855426
"490,743",1,29.0,1.0,Bicycle,5,"192,587",True,WHITE,2.0,FEMALE,"387,872",18857927
"490,745",1,26.0,3.0,Large passenger vehicle,2,"192,588",True,BLACK,1.0,MALE,"387,874",18857928
"490,954",1,22.0,3.0,Large passenger vehicle,2,"192,703",True,BLACK,1.0,MALE,"388,095",18860691
"491,093",1,45.0,1.0,Motorcycle,3,"192,771",True,WHITE,1.0,MALE,"388,247",18862050
"491,206",1,47.0,1.0,Pedestrian,7,"192,835",True,WHITE,1.0,MALE,"388,372",18864304
"491,353",4,82.0,1.0,Passenger car,1,"192,912",True,WHITE,2.0,FEMALE,"388,540",18865794
"491,700",1,25.0,1.0,Passenger car,1,"193,099",True,WHITE,2.0,FEMALE,"388,920",18869713
"491,759",1,63.0,2.0,Bicycle,5,"193,129",True,HISPANIC,1.0,MALE,"388,981",18869815
"491,828",1,41.0,1.0,Motorcycle,3,"193,170",True,WHITE,1.0,MALE,"389,064",18869998
"491,834",1,33.0,1.0,E-scooter,11,"193,174",True,WHITE,1.0,MALE,"389,071",18870003
"491,839",1,25.0,1.0,Motorcycle,3,"193,176",True,WHITE,1.0,MALE,"389,076",18870005
"491,947",1,60.0,1.0,Motorcycle,3,"193,238",True,WHITE,1.0,MALE,"389,190",18871818
"491,948",1,58.0,1.0,Motorcycle,3,"193,238",True,WHITE,1.0,MALE,"389,191",18871818
"491,973",1,33.0,2.0,Passenger car,1,"193,253",True,HISPANIC,1.0,MALE,"389,218",18871841
"491,979",4,31.0,1.0,Passenger car,1,"193,257",True,WHITE,2.0,FEMALE,"389,224",18871849
"492,129",4,30.0,2.0,Passenger car,1,"193,338",True,HISPANIC,1.0,MALE,"389,390",18873811
"492,327",1,24.0,1.0,Large passenger vehicle,2,"193,444",True,WHITE,2.0,FEMALE,"389,600",18876172
"492,351",1,81.0,1.0,Passenger car,1,"193,456",True,WHITE,2.0,FEMALE,"389,627",18876192
"492,366",4,29.0,1.0,Motorcycle,3,"193,465",True,WHITE,1.0,MALE,"389,643",18876202
"492,376",1,83.0,1.0,Passenger car,1,"193,470",True,WHITE,1.0,MALE,"389,654",18876550
"492,474",4,28.0,3.0,Motorcycle,3,"193,522",True,BLACK,1.0,MALE,"389,762",18877814
"492,487",1,27.0,2.0,Passenger car,1,"193,528",True,HISPANIC,1.0,MALE,"389,776",18877820
"492,494",4,46.0,1.0,Pedestrian,7,"193,531",True,WHITE,2.0,FEMALE,"389,783",18877823
"492,641",1,39.0,2.0,Large passenger vehicle,2,"193,614",True,HISPANIC,2.0,FEMALE,"389,953",18879768
"492,794",1,40.0,1.0,Motorcycle,3,"193,691",True,WHITE,1.0,MALE,"390,115",18881225
"492,803",1,18.0,2.0,Passenger car,1,"193,694",True,HISPANIC,1.0,MALE,"390,128",18881228
"492,963",1,32.0,2.0,Passenger car,1,"193,781",True,HISPANIC,1.0,MALE,"390,301",18881868
"493,068",1,70.0,2.0,Passenger car,1,"193,839",True,HISPANIC,2.0,FEMALE,"390,417",18883503
"493,113",4,33.0,1.0,Motorcycle,3,"193,862",True,WHITE,1.0,MALE,"390,465",18884106
"493,278",1,43.0,1.0,Passenger car,1,"193,948",True,WHITE,1.0,MALE,"390,641",18886360
"493,299",1,74.0,2.0,Passenger car,1,"193,959",True,HISPANIC,1.0,MALE,"390,662",18886374
"493,300",1,67.0,2.0,Passenger car,1,"193,959",True,HISPANIC,2.0,FEMALE,"390,663",18886374
"493,304",1,56.0,2.0,Motorcycle,3,"193,961",True,HISPANIC,1.0,MALE,"390,667",18886378
"493,334",1,27.0,2.0,Passenger car,1,"193,976",True,HISPANIC,2.0,FEMALE,"390,698",18886715
"493,364",1,46.0,0.0,Motorcycle,3,"193,992",True,UNKNOWN,1.0,MALE,"390,730",18887185
"493,451",1,23.0,3.0,Large passenger vehicle,2,"194,037",True,BLACK,2.0,FEMALE,"390,823",18888573
"494,071",1,18.0,2.0,Large passenger vehicle,2,"194,379",True,HISPANIC,1.0,MALE,"391,498",18896113
"494,134",1,58.0,1.0,Large passenger vehicle,2,"194,411",True,WHITE,1.0,MALE,"391,563",18896235
"494,150",1,28.0,1.0,E-scooter,11,"194,420",True,WHITE,1.0,MALE,"391,580",18896244
"494,183",1,41.0,2.0,Bicycle,5,"194,438",True,HISPANIC,1.0,MALE,"391,614",18896303
"494,192",1,28.0,2.0,E-scooter,11,"194,443",True,HISPANIC,1.0,MALE,"391,624",18896308
"494,240",1,39.0,3.0,Pedestrian,7,"194,469",True,BLACK,2.0,FEMALE,"391,677",18896387
"494,292",4,73.0,1.0,Bicycle,5,"194,499",True,WHITE,1.0,MALE,"391,737",18897327
"494,294",4,32.0,1.0,Passenger car,1,"194,500",True,WHITE,2.0,FEMALE,"391,739",18897328
"494,295",4,23.0,2.0,Passenger car,1,"194,501",True,HISPANIC,1.0,MALE,"391,740",18897329
"494,298",4,32.0,1.0,E-scooter,11,"194,502",True,WHITE,1.0,MALE,"391,744",18897331
"494,300",4,64.0,2.0,Pedestrian,7,"194,503",True,HISPANIC,1.0,MALE,"391,746",18897332
"494,362",1,50.0,2.0,Passenger car,1,"194,538",True,HISPANIC,1.0,MALE,"391,814",18898536
"494,468",4,27.0,1.0,Motorcycle,3,"194,588",True,WHITE,1.0,MALE,"391,929",18899255
"494,615",1,58.0,1.0,Large passenger vehicle,2,"194,670",True,WHITE,1.0,MALE,"392,094",18900575
"494,690",1,48.0,2.0,Passenger car,1,"194,707",True,HISPANIC,2.0,FEMALE,"392,172",18901164
"495,082",1,34.0,1.0,Bicycle,5,"194,902",True,WHITE,1.0,MALE,"392,588",18905978
"495,092",1,20.0,1.0,Motorcycle,3,"194,907",True,WHITE,1.0,MALE,"392,599",18905983
"495,099",1,57.0,3.0,Bicycle,5,"194,911",True,BLACK,1.0,MALE,"392,606",18905996
"495,107",1,28.0,2.0,Passenger car,1,"194,915",True,HISPANIC,1.0,MALE,"392,614",18906000
"495,649",4,24.0,2.0,Passenger car,1,"195,197",True,HISPANIC,2.0,FEMALE,"393,198",18911151
"495,818",1,41.0,1.0,Large passenger vehicle,2,"195,288",True,WHITE,1.0,MALE,"393,380",18913335
"495,822",4,47.0,1.0,Pedestrian,7,"195,289",True,WHITE,1.0,MALE,"393,384",18913336
"495,825",1,25.0,2.0,Pedestrian,7,"195,291",True,HISPANIC,1.0,MALE,"393,387",18913338
"495,855",1,37.0,4.0,Passenger car,1,"195,307",True,ASIAN,2.0,FEMALE,"393,419",18913974
"495,980",1,18.0,2.0,Large passenger vehicle,2,"195,377",True,HISPANIC,1.0,MALE,"393,553",18915953
"496,015",1,28.0,1.0,E-scooter,11,"195,394",True,WHITE,2.0,FEMALE,"393,589",18915979
"496,342",1,29.0,1.0,Motorcycle,3,"195,571",True,WHITE,1.0,MALE,"393,944",18919533
"496,388",1,29.0,4.0,Motorcycle,3,"195,599",True,ASIAN,1.0,MALE,"393,994",18919593
"496,397",1,61.0,1.0,E-scooter,11,"195,604",True,WHITE,1.0,MALE,"394,003",18919598
"496,403",1,32.0,2.0,Bicycle,5,"195,607",True,HISPANIC,1.0,MALE,"394,009",18919601
"496,499",4,29.0,2.0,Pedestrian,7,"195,662",True,HISPANIC,2.0,FEMALE,"394,118",18921388
"496,510",1,40.0,1.0,Large passenger vehicle,2,"195,671",True,WHITE,1.0,MALE,"394,130",18921582
"496,532",4,37.0,2.0,Large passenger vehicle,2,"195,682",True,HISPANIC,1.0,MALE,"394,154",18921873
"496,537",1,30.0,2.0,Passenger car,1,"195,684",True,HISPANIC,1.0,MALE,"394,159",18921875
"496,559",1,27.0,2.0,Motorcycle,3,"195,696",True,HISPANIC,1.0,MALE,"394,185",18922003
"497,398",4,59.0,1.0,Motorcycle,3,"196,154",True,WHITE,1.0,MALE,"395,098",18937094
"497,475",1,35.0,1.0,Large passenger vehicle,2,"196,194",True,WHITE,2.0,FEMALE,"395,180",18938994
"497,484",1,34.0,2.0,Passenger car,1,"196,199",True,HISPANIC,1.0,MALE,"395,189",18939007
"497,485",1,28.0,0.0,Passenger car,1,"196,199",True,UNKNOWN,1.0,MALE,"395,190",18939007
"497,488",1,19.0,2.0,Passenger car,1,"196,201",True,HISPANIC,2.0,FEMALE,"395,193",18939009
"497,502",1,61.0,1.0,Large passenger vehicle,2,"196,207",True,WHITE,1.0,MALE,"395,208",18939018
"497,553",1,34.0,1.0,Motorcycle,3,"196,232",True,WHITE,1.0,MALE,"395,266",18939102
"497,558",1,25.0,1.0,E-scooter,11,"196,235",True,WHITE,1.0,MALE,"395,273",18939105
"497,614",4,58.0,1.0,E-scooter,11,"196,266",True,WHITE,1.0,MALE,"395,336",18939208
"497,668",4,53.0,1.0,Pedestrian,7,"196,296",True,WHITE,2.0,FEMALE,"395,394",18939703
"497,710",1,35.0,3.0,Passenger car,1,"196,319",True,BLACK,1.0,MALE,"395,441",18939759
"497,753",1,5.0,4.0,Pedestrian,7,"196,341",True,ASIAN,2.0,FEMALE,"395,488",18939788
"497,819",1,29.0,1.0,Passenger car,1,"196,374",True,WHITE,1.0,MALE,"395,557",18939894
"497,914",1,30.0,3.0,Passenger car,1,"196,421",True,BLACK,1.0,MALE,"395,661",18940018
"497,984",1,20.0,2.0,Bicycle,5,"196,456",True,HISPANIC,1.0,MALE,"395,735",18940149
"498,040",4,43.0,2.0,Large passenger vehicle,2,"196,487",True,HISPANIC,1.0,MALE,"395,800",18940318
"498,173",1,30.0,0.0,Pedestrian,7,"196,557",True,UNKNOWN,1.0,MALE,"395,948",18941442
"498,434",1,37.0,1.0,Pedestrian,7,"196,699",True,WHITE,2.0,FEMALE,"396,230",18945117
"498,445",1,27.0,2.0,Motorcycle,3,"196,706",True,HISPANIC,1.0,MALE,"396,242",18945124
"498,447",1,52.0,1.0,Passenger car,1,"196,707",True,WHITE,2.0,FEMALE,"396,244",18945125
"498,448",1,58.0,3.0,Passenger car,1,"196,708",True,BLACK,1.0,MALE,"396,245",18945127
"498,482",1,14.0,4.0,Bicycle,5,"196,728",True,ASIAN,1.0,MALE,"396,283",18945237
"498,543",1,39.0,2.0,Motorcycle,3,"196,760",True,HISPANIC,1.0,MALE,"396,346",18945352
"498,697",1,44.0,2.0,Passenger car,1,"196,839",True,HISPANIC,1.0,MALE,"396,510",18947476
"498,835",1,25.0,1.0,Motorcycle,3,"196,916",True,WHITE,1.0,MALE,"396,660",18949376
"498,851",1,78.0,1.0,Passenger car,1,"196,925",True,WHITE,1.0,MALE,"396,677",18949386
"498,888",1,60.0,4.0,Bicycle,5,"196,944",True,ASIAN,2.0,FEMALE,"396,718",18949444
"498,893",1,16.0,3.0,Pedestrian,7,"196,947",True,BLACK,2.0,FEMALE,"396,724",18949447
"499,304",1,33.0,4.0,Passenger car,1,"197,165",True,ASIAN,2.0,FEMALE,"397,177",18953077
"499,421",1,34.0,1.0,Motorcycle,3,"197,227",True,WHITE,1.0,MALE,"397,302",18954025
"499,641",1,27.0,3.0,Passenger car,1,"197,352",True,BLACK,2.0,FEMALE,"397,535",18957034
"499,726",4,47.0,1.0,Motorcycle,3,"197,401",True,WHITE,1.0,MALE,"397,631",18957289
"499,756",1,62.0,1.0,Bicycle,5,"197,417",True,WHITE,1.0,MALE,"397,663",18957382
"500,050",4,31.0,1.0,Pedestrian,7,"197,576",True,WHITE,2.0,FEMALE,"397,981",18962368
"500,052",1,37.0,1.0,Motorcycle,3,"197,577",True,WHITE,1.0,MALE,"397,983",18962373
"500,278",4,62.0,1.0,Motorcycle,3,"197,694",True,WHITE,1.0,MALE,"398,222",18963963
"500,494",1,20.0,3.0,Motorcycle,3,"197,809",True,BLACK,1.0,MALE,"398,453",18965669
"500,507",4,33.0,0.0,Large passenger vehicle,2,"197,817",True,UNKNOWN,1.0,MALE,"398,467",18965678
"500,630",1,69.0,1.0,Motorcycle,3,"197,884",True,WHITE,1.0,MALE,"398,605",18967237
"501,138",1,21.0,2.0,Passenger car,1,"198,153",True,HISPANIC,2.0,FEMALE,"399,153",18973297
"501,231",1,30.0,3.0,Passenger car,1,"198,200",True,BLACK,1.0,MALE,"399,254",18973391
"501,250",1,46.0,1.0,Large passenger vehicle,2,"198,212",True,WHITE,1.0,MALE,"399,276",18973423
"501,526",1,26.0,1.0,Passenger car,1,"198,357",True,WHITE,2.0,FEMALE,"399,579",18975544
"501,799",1,28.0,2.0,Motorcycle,3,"198,507",True,HISPANIC,1.0,MALE,"399,873",18980666
"501,841",4,36.0,2.0,Pedestrian,7,"198,529",True,HISPANIC,1.0,MALE,"399,919",18980788
"501,843",4,31.0,1.0,Pedestrian,7,"198,530",True,WHITE,1.0,MALE,"399,921",18980790
"501,900",1,34.0,1.0,Motorcycle,3,"198,559",True,WHITE,1.0,MALE,"399,978",18980887
"502,013",4,32.0,1.0,Pedestrian,7,"198,617",True,WHITE,1.0,MALE,"400,105",18981079
"502,026",1,58.0,3.0,Motorcycle,3,"198,624",True,BLACK,1.0,MALE,"400,119",18981086
"502,055",1,,3.0,Pedestrian,7,"198,640",True,BLACK,2.0,FEMALE,"400,151",18981144
"502,173",1,53.0,2.0,Large passenger vehicle,2,"198,704",True,HISPANIC,2.0,FEMALE,"400,282",18982356
"502,358",1,18.0,2.0,Large passenger vehicle,2,"198,804",True,HISPANIC,1.0,MALE,"400,479",18984943
"502,720",4,35.0,1.0,Pedestrian,7,"198,985",True,WHITE,1.0,MALE,"400,871",18988572
"502,735",1,70.0,1.0,Passenger car,1,"198,994",True,WHITE,2.0,FEMALE,"400,887",18988581
"502,821",1,48.0,3.0,Passenger car,1,"199,046",True,BLACK,2.0,FEMALE,"400,984",18989423
"503,122",1,41.0,2.0,Pedestrian,7,"199,213",True,HISPANIC,1.0,MALE,"401,298",18994298
"503,171",1,67.0,2.0,Large passenger vehicle,2,"199,237",True,HISPANIC,2.0,FEMALE,"401,348",18994384
"503,221",1,31.0,1.0,Passenger car,1,"199,267",True,WHITE,1.0,MALE,"401,406",18994463
"503,225",1,25.0,2.0,Passenger car,1,"199,269",True,HISPANIC,1.0,MALE,"401,410",18994465
"503,239",1,25.0,2.0,Pedestrian,7,"199,276",True,HISPANIC,2.0,FEMALE,"401,427",18994472
"503,258",1,66.0,3.0,Large passenger vehicle,2,"199,288",True,BLACK,2.0,FEMALE,"401,455",18994536
"503,298",1,23.0,1.0,Motorcycle,3,"199,314",True,WHITE,1.0,MALE,"401,500",18994642
"503,388",1,47.0,1.0,Motorcycle,3,"199,364",True,WHITE,1.0,MALE,"401,595",18995619
"503,417",4,27.0,3.0,Passenger car,1,"199,380",True,BLACK,1.0,MALE,"401,627",18996137
"503,549",4,21.0,1.0,Large passenger vehicle,2,"199,453",True,WHITE,1.0,MALE,"401,780",18998311
"503,581",1,34.0,1.0,Bicycle,5,"199,471",True,WHITE,1.0,MALE,"401,813",18998337
"503,774",1,26.0,4.0,Motorcycle,3,"199,571",True,ASIAN,1.0,MALE,"402,017",19000138
"503,782",1,61.0,1.0,Bicycle,5,"199,575",True,WHITE,1.0,MALE,"402,025",19000143
"504,341",1,26.0,1.0,Motorcycle,3,"199,871",True,WHITE,1.0,MALE,"402,633",19006256
"504,349",1,37.0,2.0,Passenger car,1,"199,875",True,HISPANIC,1.0,MALE,"402,642",19006260
"504,558",1,32.0,2.0,Passenger car,1,"199,984",True,HISPANIC,1.0,MALE,"402,865",19009441
"504,575",1,38.0,2.0,Large passenger vehicle,2,"199,993",True,HISPANIC,2.0,FEMALE,"402,883",19009463
"504,635",1,29.0,2.0,Passenger car,1,"200,024",True,HISPANIC,1.0,MALE,"402,951",19009795
"504,721",1,58.0,3.0,Pedestrian,7,"200,069",True,BLACK,2.0,FEMALE,"403,041",19010769
"504,729",1,18.0,3.0,Passenger car,1,"200,073",True,BLACK,2.0,FEMALE,"403,049",19010773
"505,119",1,41.0,2.0,Large passenger vehicle,2,"200,280",True,HISPANIC,1.0,MALE,"403,470",19016167
"505,198",1,26.0,3.0,Pedestrian,7,"200,319",True,BLACK,2.0,FEMALE,"403,554",19016246
"505,237",4,30.0,2.0,Passenger car,1,"200,343",True,HISPANIC,2.0,FEMALE,"403,597",19016306
"505,274",1,37.0,2.0,Passenger car,1,"200,365",True,HISPANIC,1.0,MALE,"403,636",19016360
"505,376",1,43.0,1.0,Passenger car,1,"200,418",True,WHITE,1.0,MALE,"403,745",19017064
"505,536",1,21.0,2.0,Passenger car,1,"200,504",True,HISPANIC,2.0,FEMALE,"403,915",19020011
"505,582",1,72.0,2.0,Large passenger vehicle,2,"200,530",True,HISPANIC,1.0,MALE,"403,965",19020090
"505,796",1,,1.0,Motor vehicle – other,4,"200,644",True,WHITE,1.0,MALE,"404,195",19021690
"505,804",1,18.0,1.0,Motorcycle,3,"200,649",True,WHITE,1.0,MALE,"404,204",19021695
"506,052",1,64.0,3.0,Pedestrian,7,"200,782",True,BLACK,1.0,MALE,"404,474",19026083
"506,053",1,64.0,2.0,Pedestrian,7,"200,782",True,HISPANIC,2.0,FEMALE,"404,475",19026083
"506,106",1,23.0,1.0,Motorcycle,3,"200,809",True,WHITE,1.0,MALE,"404,530",19026122
"506,129",1,28.0,1.0,Motorcycle,3,"200,825",True,WHITE,1.0,MALE,"404,558",19026152
"506,138",1,62.0,1.0,Large passenger vehicle,2,"200,829",True,WHITE,2.0,FEMALE,"404,567",19026162
"506,235",1,25.0,1.0,Motorcycle,3,"200,881",True,WHITE,1.0,MALE,"404,675",19026249
"506,318",4,51.0,2.0,Pedestrian,7,"200,925",True,HISPANIC,1.0,MALE,"404,762",19027245
"506,334",1,26.0,2.0,Large passenger vehicle,2,"200,933",True,HISPANIC,1.0,MALE,"404,780",19027254
"506,701",1,34.0,2.0,Motorcycle,3,"201,119",True,HISPANIC,1.0,MALE,"405,172",19030659
"506,714",1,,3.0,Bicycle,5,"201,125",True,BLACK,1.0,MALE,"405,187",19030665
"507,647",4,46.0,2.0,Passenger car,1,"201,633",True,HISPANIC,2.0,FEMALE,"406,214",19043740
"507,675",1,59.0,1.0,Large passenger vehicle,2,"201,649",True,WHITE,2.0,FEMALE,"406,245",19043796
"507,683",1,62.0,2.0,Passenger car,1,"201,653",True,HISPANIC,1.0,MALE,"406,253",19043801
"507,745",1,29.0,1.0,E-scooter,11,"201,681",True,WHITE,1.0,MALE,"406,320",19043868
"507,805",1,24.0,1.0,Passenger car,1,"201,713",True,WHITE,1.0,MALE,"406,385",19043929
"507,809",1,56.0,1.0,Motorcycle,3,"201,716",True,WHITE,1.0,MALE,"406,390",19043946
"507,847",1,27.0,2.0,Pedestrian,7,"201,738",True,HISPANIC,2.0,FEMALE,"406,434",19043973
"507,871",1,65.0,1.0,Bicycle,5,"201,750",True,WHITE,2.0,FEMALE,"406,461",19043995
"507,905",1,27.0,1.0,Motorcycle,3,"201,769",True,WHITE,1.0,MALE,"406,497",19044040
"507,931",1,37.0,1.0,Pedestrian,7,"201,782",True,WHITE,1.0,MALE,"406,525",19044053
"507,941",1,61.0,1.0,Large passenger vehicle,2,"201,788",True,WHITE,1.0,MALE,"406,538",19044059
"507,942",1,31.0,2.0,Large passenger vehicle,2,"201,788",True,HISPANIC,1.0,MALE,"406,539",19044059
"507,980",1,22.0,3.0,Pedestrian,7,"201,804",True,BLACK,2.0,FEMALE,"406,578",19044097
"507,982",1,28.0,1.0,Pedestrian,7,"201,805",True,WHITE,1.0,MALE,"406,580",19044098
"507,996",1,37.0,3.0,Large passenger vehicle,2,"201,815",True,BLACK,1.0,MALE,"406,596",19044116
"508,034",1,65.0,1.0,Large passenger vehicle,2,"201,832",True,WHITE,1.0,MALE,"406,638",19044166
"508,383",1,23.0,2.0,Motorcycle,3,"202,017",True,HISPANIC,1.0,MALE,"407,008",19047085
"508,492",1,50.0,1.0,Passenger car,1,"202,076",True,WHITE,2.0,FEMALE,"407,130",19048637
"508,895",1,62.0,1.0,Motorcycle,3,"202,292",True,WHITE,1.0,MALE,"407,564",19054433
"509,070",1,40.0,1.0,Passenger car,1,"202,384",True,WHITE,1.0,MALE,"407,752",19055797
"509,389",1,64.0,1.0,Large passenger vehicle,2,"202,551",True,WHITE,1.0,MALE,"408,096",19060263
"509,556",1,34.0,1.0,Passenger car,1,"202,633",True,WHITE,1.0,MALE,"408,275",19060503
"509,978",1,26.0,1.0,Passenger car,1,"202,848",True,WHITE,1.0,MALE,"408,722",19066273
"509,979",1,22.0,2.0,Passenger car,1,"202,848",True,HISPANIC,2.0,FEMALE,"408,723",19066273
"510,042",4,33.0,2.0,Passenger car,1,"202,880",True,HISPANIC,2.0,FEMALE,"408,791",19066367
"510,085",4,70.0,1.0,Pedestrian,7,"202,902",True,WHITE,2.0,FEMALE,"408,837",19066422
"510,463",1,30.0,1.0,Passenger car,1,"203,104",True,WHITE,1.0,MALE,"409,256",19070739
"510,533",1,66.0,2.0,Pedestrian,7,"203,140",True,HISPANIC,1.0,MALE,"409,330",19070841
"510,875",1,63.0,3.0,Passenger car,1,"203,316",True,BLACK,1.0,MALE,"409,699",19073847
"510,883",1,50.0,1.0,Pedestrian,7,"203,323",True,WHITE,2.0,FEMALE,"409,710",19073893
"510,886",1,40.0,2.0,Large passenger vehicle,2,"203,325",True,HISPANIC,1.0,MALE,"409,713",19073895
"511,018",1,69.0,1.0,Bicycle,5,"203,392",True,WHITE,1.0,MALE,"409,851",19075333
"511,022",4,33.0,2.0,Pedestrian,7,"203,394",True,HISPANIC,1.0,MALE,"409,855",19075335
"511,151",4,52.0,1.0,Passenger car,1,"203,463",True,WHITE,2.0,FEMALE,"409,991",19077570
"511,158",1,30.0,1.0,Motorcycle,3,"203,465",True,WHITE,1.0,MALE,"409,998",19077572
"511,319",1,18.0,2.0,Passenger car,1,"203,549",True,HISPANIC,2.0,FEMALE,"410,163",19079305
"511,764",1,53.0,1.0,Motorcycle,3,"203,791",True,WHITE,1.0,MALE,"410,656",19083391
"512,038",1,58.0,2.0,Large passenger vehicle,2,"203,936",True,HISPANIC,1.0,MALE,"410,954",19085968
"512,138",1,35.0,1.0,Motorcycle,3,"203,989",True,WHITE,1.0,MALE,"411,062",19088173
"512,327",1,26.0,1.0,Large passenger vehicle,2,"204,086",True,WHITE,1.0,MALE,"411,265",19089983
"512,494",1,19.0,2.0,Passenger car,1,"204,176",True,HISPANIC,1.0,MALE,"411,449",19091710
"512,503",1,42.0,1.0,E-scooter,11,"204,179",True,WHITE,1.0,MALE,"411,458",19091713
"512,683",1,43.0,2.0,Passenger car,1,"204,281",True,HISPANIC,2.0,FEMALE,"411,659",19094503
"512,702",1,33.0,2.0,Passenger car,1,"204,291",True,HISPANIC,1.0,MALE,"411,679",19094517
"512,731",1,40.0,1.0,Pedestrian,7,"204,305",True,WHITE,1.0,MALE,"411,710",19094539
"512,773",1,64.0,3.0,Large passenger vehicle,2,"204,328",True,BLACK,1.0,MALE,"411,756",19094564
"512,781",1,7.0,4.0,Bicycle,5,"204,332",True,ASIAN,1.0,MALE,"411,764",19094568
"513,416",4,21.0,2.0,Pedestrian,7,"204,663",True,HISPANIC,1.0,MALE,"412,450",19101522
"513,436",1,31.0,1.0,Passenger car,1,"204,674",True,WHITE,1.0,MALE,"412,474",19101534
"513,861",1,27.0,2.0,Passenger car,1,"204,901",True,HISPANIC,1.0,MALE,"412,923",19107436
"513,864",1,46.0,2.0,Large passenger vehicle,2,"204,902",True,HISPANIC,1.0,MALE,"412,928",19107437
"513,865",1,36.0,3.0,Large passenger vehicle,2,"204,902",True,BLACK,1.0,MALE,"412,929",19107437
"513,929",1,26.0,2.0,Passenger car,1,"204,933",True,HISPANIC,1.0,MALE,"412,999",19107529
"513,940",1,34.0,2.0,Large passenger vehicle,2,"204,939",True,HISPANIC,1.0,MALE,"413,011",19107535
"513,947",1,24.0,2.0,Pedestrian,7,"204,943",True,HISPANIC,2.0,FEMALE,"413,019",19107539
"514,012",1,41.0,1.0,Motorcycle,3,"204,978",True,WHITE,1.0,MALE,"413,089",19107640
"514,083",1,62.0,1.0,Large passenger vehicle,2,"205,016",True,WHITE,2.0,FEMALE,"413,164",19107703
"514,098",1,30.0,1.0,Passenger car,1,"205,025",True,WHITE,2.0,FEMALE,"413,181",19107741
"514,256",4,23.0,1.0,Passenger car,1,"205,109",True,WHITE,1.0,MALE,"413,351",19109838
"514,570",4,24.0,1.0,Pedestrian,7,"205,272",True,WHITE,1.0,MALE,"413,691",19113648
"514,764",1,,1.0,Passenger car,1,"205,374",True,WHITE,1.0,MALE,"413,897",19116229
"514,776",1,23.0,1.0,Pedestrian,7,"205,381",True,WHITE,1.0,MALE,"413,911",19116236
"514,777",1,65.0,3.0,Passenger car,1,"205,382",True,BLACK,1.0,MALE,"413,912",19116237
"514,780",1,46.0,1.0,Pedestrian,7,"205,382",True,WHITE,1.0,MALE,"413,915",19116237
"514,835",1,21.0,1.0,Passenger car,1,"205,412",True,WHITE,1.0,MALE,"413,974",19116312
"515,193",1,36.0,1.0,Large passenger vehicle,2,"205,597",True,WHITE,1.0,MALE,"414,360",19120272
"515,212",1,40.0,1.0,Passenger car,1,"205,608",True,WHITE,1.0,MALE,"414,382",19120284
"515,648",1,,4.0,Bicycle,5,"205,833",True,ASIAN,1.0,MALE,"414,853",19124194
"516,064",1,57.0,3.0,Passenger car,1,"206,047",True,BLACK,1.0,MALE,"415,303",19128734
"516,065",1,17.0,2.0,Passenger car,1,"206,047",True,HISPANIC,1.0,MALE,"415,304",19128734
"516,126",1,27.0,1.0,Pedestrian,7,"206,075",True,WHITE,1.0,MALE,"415,367",19129279
"516,659",1,24.0,2.0,Pedestrian,7,"206,350",True,HISPANIC,1.0,MALE,"415,943",19136176
"516,675",1,43.0,2.0,Large passenger vehicle,2,"206,359",True,HISPANIC,1.0,MALE,"415,963",19136187
"516,691",1,,2.0,Pedestrian,7,"206,368",True,HISPANIC,1.0,MALE,"415,979",19136230
"516,739",1,29.0,2.0,Passenger car,1,"206,393",True,HISPANIC,2.0,FEMALE,"416,029",19136334
"516,740",1,36.0,2.0,Passenger car,1,"206,393",True,HISPANIC,1.0,MALE,"416,030",19136334
"516,787",1,,2.0,Pedestrian,7,"206,418",True,HISPANIC,1.0,MALE,"416,079",19136402
"516,953",1,50.0,1.0,Pedestrian,7,"206,504",True,WHITE,1.0,MALE,"416,255",19137455
"516,983",4,53.0,3.0,Passenger car,1,"206,519",True,BLACK,2.0,FEMALE,"416,285",19137476
"517,104",4,29.0,0.0,Large passenger vehicle,2,"206,585",True,UNKNOWN,1.0,MALE,"416,418",19140063
"517,147",1,37.0,2.0,Passenger car,1,"206,608",True,HISPANIC,1.0,MALE,"416,465",19140114
"517,454",1,28.0,1.0,Motorcycle,3,"206,759",True,WHITE,1.0,MALE,"416,789",19142203
"517,737",1,34.0,4.0,Passenger car,1,"206,914",True,ASIAN,1.0,MALE,"417,094",19146969
"517,752",4,72.0,1.0,Pedestrian,7,"206,922",True,WHITE,1.0,MALE,"417,109",19146977
"517,803",4,75.0,2.0,Pedestrian,7,"206,949",True,HISPANIC,2.0,FEMALE,"417,162",19147065
"517,839",1,63.0,1.0,Pedestrian,7,"206,971",True,WHITE,1.0,MALE,"417,204",19147138
"517,842",1,32.0,3.0,Passenger car,1,"206,973",True,BLACK,2.0,FEMALE,"417,207",19147141
"518,251",1,34.0,2.0,Motor vehicle – other,4,"207,182",True,HISPANIC,1.0,MALE,"417,644",19151435
"518,255",4,40.0,3.0,Pedestrian,7,"207,184",True,BLACK,2.0,FEMALE,"417,650",19151437
"518,449",1,31.0,1.0,Motorcycle,3,"207,286",True,WHITE,1.0,MALE,"417,863",19153734
"518,456",1,18.0,1.0,Passenger car,1,"207,289",True,WHITE,2.0,FEMALE,"417,871",19153737
"518,481",1,39.0,1.0,Bicycle,5,"207,302",True,WHITE,1.0,MALE,"417,898",19153750
"518,499",1,34.0,3.0,Motorcycle,3,"207,312",True,BLACK,1.0,MALE,"417,919",19153773
"518,625",1,21.0,2.0,Large passenger vehicle,2,"207,370",True,HISPANIC,1.0,MALE,"418,056",19155538
"518,901",4,28.0,2.0,Motorcycle,3,"207,512",True,HISPANIC,1.0,MALE,"418,347",19159145
"518,952",1,35.0,3.0,Motorcycle,3,"207,540",True,BLACK,1.0,MALE,"418,402",19159798
"519,094",4,51.0,1.0,Large passenger vehicle,2,"207,612",True,WHITE,1.0,MALE,"418,553",19159982
"519,105",1,21.0,2.0,Passenger car,1,"207,618",True,HISPANIC,1.0,MALE,"418,564",19159988
"519,122",1,18.0,1.0,Motorcycle,3,"207,626",True,WHITE,1.0,MALE,"418,581",19159996
"519,154",1,32.0,2.0,Passenger car,1,"207,644",True,HISPANIC,1.0,MALE,"418,613",19160052
"519,178",1,24.0,1.0,Large passenger vehicle,2,"207,658",True,WHITE,2.0,FEMALE,"418,638",19160196
"519,243",1,36.0,2.0,Motorcycle,3,"207,691",True,HISPANIC,1.0,MALE,"418,707",19161685
"519,291",1,57.0,1.0,Pedestrian,7,"207,713",True,WHITE,1.0,MALE,"418,757",19161758
"519,351",1,35.0,3.0,Passenger car,1,"207,743",True,BLACK,1.0,MALE,"418,821",19162448
"519,367",4,19.0,3.0,Pedestrian,7,"207,750",True,BLACK,1.0,MALE,"418,839",19162659
"519,798",1,35.0,3.0,Pedestrian,7,"207,970",True,BLACK,1.0,MALE,"419,301",19166971
"520,309",1,31.0,2.0,Motorcycle,3,"208,240",True,HISPANIC,1.0,MALE,"419,850",19172434
"520,347",1,21.0,2.0,Large passenger vehicle,2,"208,264",True,HISPANIC,2.0,FEMALE,"419,891",19172643
"520,449",1,32.0,3.0,Passenger car,1,"208,318",True,BLACK,2.0,FEMALE,"419,999",19172790
"520,506",1,31.0,2.0,Passenger car,1,"208,352",True,HISPANIC,2.0,FEMALE,"420,058",19173056
"520,814",1,56.0,1.0,Bicycle,5,"208,516",True,WHITE,1.0,MALE,"420,391",19175831
"520,820",1,26.0,3.0,Motorcycle,3,"208,519",True,BLACK,1.0,MALE,"420,397",19175916
"521,042",1,50.0,2.0,Motorcycle,3,"208,634",True,HISPANIC,1.0,MALE,"420,631",19177869
"521,246",1,26.0,2.0,Passenger car,1,"208,733",True,HISPANIC,1.0,MALE,"420,850",19179514
"521,261",4,76.0,1.0,Pedestrian,7,"208,740",True,WHITE,2.0,FEMALE,"420,866",19179527
"521,269",1,43.0,1.0,Passenger car,1,"208,745",True,WHITE,1.0,MALE,"420,876",19179532
"521,337",1,,3.0,Pedestrian,7,"208,777",True,BLACK,1.0,MALE,"420,946",19180064
"521,464",1,25.0,1.0,Pedestrian,7,"208,846",True,WHITE,2.0,FEMALE,"421,081",19181480
"521,490",4,24.0,2.0,Pedestrian,7,"208,861",True,HISPANIC,1.0,MALE,"421,112",19181526
"521,509",4,24.0,1.0,Motorcycle,3,"208,872",True,WHITE,1.0,MALE,"421,132",19181537
"521,559",1,26.0,2.0,Large passenger vehicle,2,"208,897",True,HISPANIC,1.0,MALE,"421,182",19181579
"521,998",1,25.0,1.0,Passenger car,1,"209,127",True,WHITE,2.0,FEMALE,"421,650",19186633
"522,033",1,35.0,2.0,Pedestrian,7,"209,147",True,HISPANIC,1.0,MALE,"421,689",19186656
"522,111",1,31.0,1.0,Passenger car,1,"209,189",True,WHITE,1.0,MALE,"421,781",19186798
"522,254",1,35.0,2.0,Pedestrian,7,"209,266",True,HISPANIC,1.0,MALE,"421,935",19188111
"522,264",1,59.0,2.0,Pedestrian,7,"209,273",True,HISPANIC,2.0,FEMALE,"421,946",19188118
"522,299",1,68.0,2.0,Passenger car,1,"209,289",True,HISPANIC,2.0,FEMALE,"421,981",19188179
"522,425",1,34.0,3.0,Passenger car,1,"209,358",True,BLACK,1.0,MALE,"422,119",19190857
"522,448",1,46.0,2.0,Passenger car,1,"209,372",True,HISPANIC,1.0,MALE,"422,146",19190871
"522,812",4,35.0,2.0,Pedestrian,7,"209,556",True,HISPANIC,1.0,MALE,"422,535",19193299
"522,989",1,37.0,3.0,Passenger car,1,"209,647",True,BLACK,2.0,FEMALE,"422,725",19195331
"523,052",4,40.0,4.0,Passenger car,1,"209,682",True,ASIAN,1.0,MALE,"422,798",19195589
"523,318",1,50.0,2.0,Bicycle,5,"209,833",True,HISPANIC,1.0,MALE,"423,090",19200021
"523,487",1,21.0,2.0,Passenger car,1,"209,919",True,HISPANIC,2.0,FEMALE,"423,271",19200631
"523,520",1,51.0,0.0,Bicycle,5,"209,938",True,UNKNOWN,0.0,UNKNOWN,"423,310",19200655
"523,791",1,31.0,1.0,Pedestrian,7,"210,068",True,WHITE,1.0,MALE,"423,594",19204983
"523,837",4,34.0,3.0,Pedestrian,7,"210,095",True,BLACK,1.0,MALE,"423,645",19205070
"523,838",4,36.0,0.0,Motorcycle,3,"210,096",True,UNKNOWN,2.0,FEMALE,"423,646",19205071
"523,903",1,38.0,1.0,Bicycle,5,"210,127",True,WHITE,1.0,MALE,"423,717",19205146
"523,924",1,39.0,2.0,Passenger car,1,"210,139",True,HISPANIC,1.0,MALE,"423,742",19205527
"524,212",1,41.0,2.0,Passenger car,1,"210,299",True,HISPANIC,2.0,FEMALE,"424,054",19208447
"524,435",1,32.0,3.0,Pedestrian,7,"210,418",True,BLACK,1.0,MALE,"424,287",19210777
"524,715",1,30.0,2.0,Passenger car,1,"210,567",True,HISPANIC,2.0,FEMALE,"424,583",19215382
"524,716",4,62.0,1.0,Pedestrian,7,"210,567",True,WHITE,1.0,MALE,"424,584",19215382
"524,717",1,60.0,1.0,Pedestrian,7,"210,567",True,WHITE,2.0,FEMALE,"424,585",19215382
"524,999",4,65.0,3.0,Pedestrian,7,"210,720",True,BLACK,1.0,MALE,"424,891",19218100
"525,167",1,54.0,2.0,Passenger car,1,"210,812",True,HISPANIC,2.0,FEMALE,"425,075",19218761
"525,318",1,36.0,1.0,Motorcycle,3,"210,889",True,WHITE,1.0,MALE,"425,238",19220003
"525,744",1,36.0,1.0,Pedestrian,7,"211,111",True,WHITE,1.0,MALE,"425,703",19226712
"525,745",1,34.0,1.0,Pedestrian,7,"211,111",True,WHITE,1.0,MALE,"425,704",19226712
"525,836",1,45.0,1.0,Passenger car,1,"211,164",True,WHITE,1.0,MALE,"425,803",19226904
"525,841",1,29.0,3.0,Large passenger vehicle,2,"211,167",True,BLACK,2.0,FEMALE,"425,808",19226907
"525,907",1,35.0,3.0,Passenger car,1,"211,206",True,BLACK,1.0,MALE,"425,882",19227071
"526,269",1,27.0,2.0,Passenger car,1,"211,401",True,HISPANIC,1.0,MALE,"426,273",19230945
"526,303",1,32.0,2.0,Passenger car,1,"211,421",True,HISPANIC,1.0,MALE,"426,310",19231091
"526,325",1,36.0,1.0,Pedestrian,7,"211,432",True,WHITE,1.0,MALE,"426,335",19231102
"526,438",4,21.0,2.0,Passenger car,1,"211,487",True,HISPANIC,1.0,MALE,"426,452",19232772
"527,100",4,37.0,4.0,Pedestrian,7,"211,844",True,ASIAN,1.0,MALE,"427,159",19239326
"527,179",4,65.0,3.0,Pedestrian,7,"211,891",True,BLACK,1.0,MALE,"427,247",19239490
"527,213",1,66.0,3.0,Passenger car,1,"211,911",True,BLACK,1.0,MALE,"427,284",19239537
"527,446",4,42.0,2.0,Motor vehicle – other,4,"212,034",True,HISPANIC,1.0,MALE,"427,537",19242295
"527,631",4,63.0,1.0,Passenger car,1,"212,140",True,WHITE,1.0,MALE,"427,741",19243828
"528,054",1,31.0,2.0,Passenger car,1,"212,377",True,HISPANIC,1.0,MALE,"428,190",19250939
"528,114",1,34.0,3.0,Large passenger vehicle,2,"212,414",True,BLACK,1.0,MALE,"428,257",19251022
"528,178",4,31.0,3.0,Motorcycle,3,"212,456",True,BLACK,1.0,MALE,"428,329",19251180
"528,229",1,22.0,2.0,Pedestrian,7,"212,488",True,HISPANIC,2.0,FEMALE,"428,383",19251267
"528,241",1,47.0,1.0,Pedestrian,7,"212,496",True,WHITE,1.0,MALE,"428,395",19251284
"528,245",4,23.0,1.0,Large passenger vehicle,2,"212,499",True,WHITE,1.0,MALE,"428,399",19251287
"528,295",1,42.0,2.0,Passenger car,1,"212,529",True,HISPANIC,2.0,FEMALE,"428,454",19251617
"528,456",1,,1.0,Pedestrian,7,"212,611",True,WHITE,1.0,MALE,"428,631",19253535
"528,482",1,53.0,2.0,Pedestrian,7,"212,625",True,HISPANIC,1.0,MALE,"428,658",19253589
"528,633",1,24.0,1.0,Motorcycle,3,"212,710",True,WHITE,1.0,MALE,"428,821",19255641
"528,771",4,54.0,1.0,Pedestrian,7,"212,786",True,WHITE,2.0,FEMALE,"428,974",19258385
"528,793",1,37.0,1.0,Bicycle,5,"212,797",True,WHITE,1.0,MALE,"428,997",19258450
"528,989",1,24.0,1.0,Large passenger vehicle,2,"212,903",True,WHITE,1.0,MALE,"429,206",19260314
"529,067",1,35.0,1.0,Passenger car,1,"212,942",True,WHITE,1.0,MALE,"429,290",19260924
"529,315",1,22.0,0.0,Passenger car,1,"213,079",True,UNKNOWN,2.0,FEMALE,"429,554",19264098
"529,325",1,18.0,5.0,Passenger car,1,"213,085",True,OTHER,1.0,MALE,"429,564",19264105
"529,339",4,28.0,2.0,Large passenger vehicle,2,"213,093",True,HISPANIC,2.0,FEMALE,"429,579",19264113
"529,375",1,44.0,3.0,Pedestrian,7,"213,116",True,BLACK,1.0,MALE,"429,623",19264196
"529,416",1,25.0,3.0,Pedestrian,7,"213,140",True,BLACK,1.0,MALE,"429,675",19264258
"529,457",1,46.0,2.0,Large passenger vehicle,2,"213,166",True,HISPANIC,2.0,FEMALE,"429,722",19264815
"529,458",1,37.0,1.0,Large passenger vehicle,2,"213,166",True,WHITE,1.0,MALE,"429,723",19264815
"529,877",4,56.0,2.0,Motorcycle,3,"213,386",True,HISPANIC,1.0,MALE,"430,175",19270958
"529,928",1,27.0,1.0,Large passenger vehicle,2,"213,411",True,WHITE,1.0,MALE,"430,227",19271018
"530,415",1,32.0,1.0,Large passenger vehicle,2,"213,668",True,WHITE,2.0,FEMALE,"430,747",19278151
"530,498",1,42.0,4.0,E-scooter,11,"213,711",True,ASIAN,2.0,FEMALE,"430,835",19278287
"530,582",1,33.0,2.0,Large passenger vehicle,2,"213,762",True,HISPANIC,1.0,MALE,"430,933",19278396
"530,755",4,52.0,2.0,Large passenger vehicle,2,"213,858",True,HISPANIC,1.0,MALE,"431,124",19279838
"530,799",1,43.0,1.0,Motorcycle,3,"213,880",True,WHITE,1.0,MALE,"431,175",19279898
"530,807",1,22.0,2.0,Large passenger vehicle,2,"213,885",True,HISPANIC,1.0,MALE,"431,183",19279998
"530,945",4,34.0,2.0,Pedestrian,7,"213,957",True,HISPANIC,1.0,MALE,"431,336",19281144
"531,056",4,20.0,0.0,Pedestrian,7,"214,021",True,UNKNOWN,1.0,MALE,"431,452",19282047
"531,458",4,36.0,1.0,Passenger car,1,"214,234",True,WHITE,2.0,FEMALE,"431,878",19286841
"531,657",4,64.0,1.0,Pedestrian,7,"214,333",True,WHITE,1.0,MALE,"432,096",19288565
"531,707",1,30.0,3.0,Passenger car,1,"214,358",True,BLACK,2.0,FEMALE,"432,151",19288598
"531,931",4,56.0,1.0,Large passenger vehicle,2,"214,474",True,WHITE,2.0,FEMALE,"432,389",19290969
"531,932",4,29.0,2.0,Passenger car,1,"214,474",True,HISPANIC,1.0,MALE,"432,390",19290969
"531,977",4,50.0,1.0,Pedestrian,7,"214,499",True,WHITE,1.0,MALE,"432,438",19291025
"531,983",1,28.0,1.0,Pedestrian,7,"214,503",True,WHITE,1.0,MALE,"432,445",19291029
"531,992",1,60.0,3.0,Passenger car,1,"214,509",True,BLACK,1.0,MALE,"432,456",19291036
"531,996",1,50.0,1.0,Pedestrian,7,"214,511",True,WHITE,1.0,MALE,"432,460",19291038
"532,152",1,46.0,0.0,Passenger car,1,"214,598",True,UNKNOWN,1.0,MALE,"432,630",19293401
"532,179",1,44.0,3.0,Pedestrian,7,"214,610",True,BLACK,2.0,FEMALE,"432,658",19293447
"532,875",4,53.0,2.0,Pedestrian,7,"214,985",True,HISPANIC,1.0,MALE,"433,399",19304355
"533,054",1,42.0,1.0,Motorcycle,3,"215,077",True,WHITE,1.0,MALE,"433,591",19304844
"533,209",4,0.0,0.0,Pedestrian,7,"215,160",True,UNKNOWN,1.0,MALE,"433,761",19307024
"533,344",1,26.0,2.0,Passenger car,1,"215,230",True,HISPANIC,1.0,MALE,"433,905",19308402
"533,737",1,44.0,2.0,Passenger car,1,"215,441",True,HISPANIC,1.0,MALE,"434,333",19315122
"533,952",4,23.0,1.0,Motorcycle,3,"215,555",True,WHITE,1.0,MALE,"434,561",19321449
"534,080",4,63.0,0.0,Pedestrian,7,"215,620",True,UNKNOWN,1.0,MALE,"434,696",19329551
"534,106",4,55.0,2.0,Pedestrian,7,"215,636",True,HISPANIC,2.0,FEMALE,"434,723",19330984
"534,107",4,22.0,2.0,Passenger car,1,"215,637",True,HISPANIC,2.0,FEMALE,"434,724",19330988
"534,207",1,54.0,4.0,Passenger car,1,"215,696",True,ASIAN,1.0,MALE,"434,839",19345428
"534,219",1,67.0,2.0,Passenger car,1,"215,703",True,HISPANIC,2.0,FEMALE,"434,852",19348922
"534,220",1,,2.0,Passenger car,1,"215,703",True,HISPANIC,1.0,MALE,"434,853",19348922
"534,376",1,35.0,1.0,Pedestrian,7,"215,788",True,WHITE,1.0,MALE,"435,024",19555100
"534,423",1,34.0,2.0,Passenger car,1,"215,814",True,HISPANIC,2.0,FEMALE,"435,076",19574547
"534,868",1,49.0,1.0,Passenger car,1,"184,582",False,WHITE,2.0,FEMALE,"371,782",18692923
"535,005",1,51.0,2.0,Large passenger vehicle,2,"184,826",False,HISPANIC,2.0,FEMALE,"372,279",18699239
"535,112",1,48.0,1.0,Passenger car,1,"184,973",False,WHITE,1.0,MALE,"372,573",18703602
"535,113",1,10.0,1.0,Passenger car,1,"184,973",False,WHITE,1.0,MALE,"372,573",18703602
"535,114",1,12.0,1.0,Passenger car,1,"184,973",False,WHITE,2.0,FEMALE,"372,573",18703602
"535,124",1,28.0,2.0,Passenger car,1,"184,986",False,HISPANIC,1.0,MALE,"372,599",18703630
"535,222",1,19.0,2.0,Large passenger vehicle,2,"185,146",False,HISPANIC,1.0,MALE,"372,926",18705509
"535,363",1,14.0,2.0,Passenger car,1,"185,345",False,HISPANIC,1.0,MALE,"373,329",18710100
"535,364",1,12.0,2.0,Passenger car,1,"185,345",False,HISPANIC,1.0,MALE,"373,329",18710100
"535,656",1,7.0,1.0,Passenger car,1,"185,846",False,WHITE,2.0,FEMALE,"374,343",18719951
"535,751",1,24.0,3.0,Passenger car,1,"185,986",False,BLACK,1.0,MALE,"374,614",18722324
"535,828",1,23.0,3.0,Large passenger vehicle,2,"186,179",False,BLACK,2.0,FEMALE,"374,981",18726237
"535,985",4,3.0,,Passenger car,1,"186,467",False,,2.0,FEMALE,"375,521",18735223
"536,026",1,,3.0,Passenger car,1,"186,529",False,BLACK,1.0,MALE,"375,639",18735334
"536,029",1,30.0,3.0,Passenger car,1,"186,542",False,BLACK,1.0,MALE,"375,654",18735350
"536,268",1,72.0,1.0,Large passenger vehicle,2,"186,949",False,WHITE,2.0,FEMALE,"376,470",18742377
"536,587",1,8.0,4.0,Passenger car,1,"187,495",False,ASIAN,2.0,FEMALE,"377,573",18753486
"536,777",1,15.0,1.0,Large passenger vehicle,2,"187,764",False,WHITE,2.0,FEMALE,"378,117",18761861
"536,784",1,38.0,2.0,Large passenger vehicle,2,"187,794",False,HISPANIC,2.0,FEMALE,"378,176",18762042
"537,093",1,53.0,3.0,Passenger car,1,"188,320",False,BLACK,2.0,FEMALE,"379,204",18769247
"537,361",1,11.0,1.0,Passenger car,1,"188,727",False,WHITE,2.0,FEMALE,"380,026",18779869
"537,381",4,6.0,3.0,Passenger car,1,"188,740",False,BLACK,2.0,FEMALE,"380,052",18779882
"537,436",1,15.0,1.0,Large passenger vehicle,2,"188,802",False,WHITE,2.0,FEMALE,"380,181",18780010
"537,757",1,21.0,4.0,Motorcycle,3,"189,256",False,ASIAN,2.0,FEMALE,"381,100",18790897
"539,208",1,40.0,3.0,Passenger car,1,"191,248",False,BLACK,1.0,MALE,"385,153",18831668
"539,298",1,51.0,2.0,Passenger car,1,"191,393",False,HISPANIC,2.0,FEMALE,"385,439",18833045
"539,306",1,29.0,2.0,Large passenger vehicle,2,"191,396",False,HISPANIC,1.0,MALE,"385,444",18833048
"539,333",1,22.0,1.0,Passenger car,1,"191,452",False,WHITE,1.0,MALE,"385,558",18834784
"539,617",1,20.0,1.0,Passenger car,1,"191,928",False,WHITE,2.0,FEMALE,"386,525",18845427
"539,630",1,24.0,1.0,Passenger car,1,"191,945",False,WHITE,1.0,MALE,"386,569",18845499
"540,864",1,14.0,2.0,Passenger car,1,"193,527",False,HISPANIC,2.0,FEMALE,"389,774",18877819
"540,867",1,33.0,2.0,Passenger car,1,"193,528",False,HISPANIC,1.0,MALE,"389,776",18877820
"541,003",1,36.0,3.0,Large passenger vehicle,2,"193,685",False,BLACK,2.0,FEMALE,"390,104",18881219
"541,525",1,22.0,1.0,E-scooter,11,"194,443",False,WHITE,2.0,FEMALE,"391,624",18896308
"541,557",1,7.0,1.0,Passenger car,1,"194,500",False,WHITE,1.0,MALE,"391,739",18897328
"541,558",1,9.0,1.0,Passenger car,1,"194,500",False,WHITE,1.0,MALE,"391,739",18897328
"541,559",1,9.0,1.0,Passenger car,1,"194,500",False,WHITE,2.0,FEMALE,"391,739",18897328
"541,662",1,38.0,2.0,Passenger car,1,"194,681",False,HISPANIC,1.0,MALE,"392,118",18900601
"541,739",1,17.0,2.0,Passenger car,1,"194,776",False,HISPANIC,1.0,MALE,"392,318",18902538
"542,428",1,30.0,3.0,Passenger car,1,"195,825",False,BLACK,2.0,FEMALE,"394,444",18926701
"542,676",1,29.0,,Passenger car,1,"196,199",False,,2.0,FEMALE,"395,190",18939007
"542,677",1,29.0,2.0,Passenger car,1,"196,201",False,HISPANIC,2.0,FEMALE,"395,193",18939009
"542,680",1,53.0,1.0,Large passenger vehicle,2,"196,207",False,WHITE,1.0,MALE,"395,208",18939018
"542,996",1,63.0,3.0,Large passenger vehicle,2,"196,673",False,BLACK,2.0,FEMALE,"396,174",18945031
"543,055",1,36.0,1.0,Motorcycle,3,"196,760",False,WHITE,2.0,FEMALE,"396,346",18945352
"543,188",1,73.0,2.0,Passenger car,1,"196,883",False,HISPANIC,2.0,FEMALE,"396,593",18948320
"543,466",1,19.0,2.0,Large passenger vehicle,2,"197,319",False,HISPANIC,1.0,MALE,"397,471",18956928
"543,638",4,19.0,2.0,Large passenger vehicle,2,"197,571",False,HISPANIC,2.0,FEMALE,"397,972",18962363
"543,666",1,21.0,3.0,Passenger car,1,"197,623",False,BLACK,2.0,FEMALE,"398,070",18962469
"543,694",1,31.0,1.0,Passenger car,1,"197,710",False,WHITE,2.0,FEMALE,"398,254",18963980
"543,760",4,32.0,2.0,Motorcycle,3,"197,850",False,HISPANIC,2.0,FEMALE,"398,538",18967169
"544,779",1,19.0,2.0,Large passenger vehicle,2,"199,257",False,HISPANIC,1.0,MALE,"401,385",18994404
"544,833",1,19.0,3.0,Passenger car,1,"199,313",False,BLACK,2.0,FEMALE,"401,498",18994641
"544,834",1,25.0,3.0,Passenger car,1,"199,313",False,BLACK,1.0,MALE,"401,498",18994641
"545,295",1,14.0,2.0,Large passenger vehicle,2,"199,993",False,HISPANIC,2.0,FEMALE,"402,884",19009463
"545,339",1,35.0,3.0,Passenger car,1,"200,073",False,BLACK,2.0,FEMALE,"403,049",19010773
"545,366",1,30.0,2.0,Passenger car,1,"200,110",False,HISPANIC,2.0,FEMALE,"403,125",19011178
"545,805",1,20.0,2.0,Passenger car,1,"200,844",False,HISPANIC,2.0,FEMALE,"404,597",19026179
"545,871",1,,2.0,Large passenger vehicle,2,"200,929",False,HISPANIC,2.0,FEMALE,"404,773",19027250
"546,324",1,38.0,2.0,Passenger car,1,"201,633",False,HISPANIC,1.0,MALE,"406,214",19043740
"546,365",1,62.0,1.0,Passenger car,1,"201,687",False,WHITE,2.0,FEMALE,"406,330",19043874
"546,437",1,41.0,1.0,Passenger car,1,"201,813",False,WHITE,2.0,FEMALE,"406,594",19044113
"546,517",1,,2.0,Passenger car,1,"201,980",False,HISPANIC,2.0,FEMALE,"406,936",19047026
"546,553",1,4.0,2.0,Large passenger vehicle,2,"202,024",False,HISPANIC,1.0,MALE,"407,021",19047099
"546,694",1,46.0,2.0,Large passenger vehicle,2,"202,232",False,HISPANIC,2.0,FEMALE,"407,441",19052421
"547,135",1,44.0,1.0,Passenger car,1,"202,848",False,WHITE,2.0,FEMALE,"408,722",19066273
"547,150",1,29.0,3.0,Passenger car,1,"202,896",False,BLACK,1.0,MALE,"408,825",19066416
"547,474",1,30.0,2.0,Passenger car,1,"203,316",False,HISPANIC,2.0,FEMALE,"409,699",19073847
"547,632",1,46.0,,Passenger car,1,"203,558",False,,2.0,FEMALE,"410,184",19079316
"547,981",1,28.0,3.0,Passenger car,1,"204,105",False,BLACK,1.0,MALE,"411,304",19090018
"548,127",1,34.0,3.0,Large passenger vehicle,2,"204,346",False,BLACK,1.0,MALE,"411,788",19094583
"548,266",1,11.0,2.0,Large passenger vehicle,2,"204,501",False,HISPANIC,2.0,FEMALE,"412,115",19097543
"548,267",1,12.0,2.0,Large passenger vehicle,2,"204,501",False,HISPANIC,2.0,FEMALE,"412,115",19097543
"548,268",1,10.0,2.0,Large passenger vehicle,2,"204,501",False,HISPANIC,1.0,MALE,"412,115",19097543
"548,269",1,7.0,2.0,Large passenger vehicle,2,"204,501",False,HISPANIC,1.0,MALE,"412,115",19097543
"548,270",1,42.0,2.0,Large passenger vehicle,2,"204,501",False,HISPANIC,2.0,FEMALE,"412,115",19097543
"548,612",1,23.0,2.0,Passenger car,1,"205,014",False,HISPANIC,1.0,MALE,"413,161",19107701
"548,626",4,9.0,2.0,Passenger car,1,"205,032",False,HISPANIC,1.0,MALE,"413,195",19107748
"548,683",4,36.0,3.0,Passenger car,1,"205,109",False,BLACK,1.0,MALE,"413,351",19109838
"549,323",1,18.0,2.0,Passenger car,1,"206,047",False,HISPANIC,1.0,MALE,"415,304",19128734
"549,870",1,36.0,2.0,Passenger car,1,"206,952",False,HISPANIC,1.0,MALE,"417,168",19147068
"550,362",1,20.0,2.0,Passenger car,1,"207,618",False,HISPANIC,2.0,FEMALE,"418,564",19159988
"550,391",1,39.0,2.0,Passenger car,1,"207,641",False,HISPANIC,2.0,FEMALE,"418,607",19160049
"550,458",1,77.0,2.0,Passenger car,1,"207,698",False,HISPANIC,2.0,FEMALE,"418,725",19161692
"550,480",1,17.0,3.0,Passenger car,1,"207,750",False,BLACK,2.0,FEMALE,"418,838",19162659
"551,078",1,30.0,2.0,Passenger car,1,"208,742",False,HISPANIC,1.0,MALE,"420,869",19179529
"551,225",4,23.0,2.0,Large passenger vehicle,2,"208,897",False,HISPANIC,1.0,MALE,"421,182",19181579
"551,227",4,29.0,2.0,Large passenger vehicle,2,"208,897",False,HISPANIC,1.0,MALE,"421,182",19181579
"551,368",1,66.0,1.0,Passenger car,1,"209,102",False,WHITE,2.0,FEMALE,"421,599",19186515
"551,433",1,27.0,2.0,Large passenger vehicle,2,"209,189",False,HISPANIC,2.0,FEMALE,"421,782",19186798
"551,551",1,48.0,2.0,Micromobility device,6,"209,376",False,HISPANIC,2.0,FEMALE,"422,154",19190875
"551,552",1,30.0,2.0,Micromobility device,6,"209,376",False,HISPANIC,2.0,FEMALE,"422,154",19190875
"551,553",1,43.0,1.0,Micromobility device,6,"209,376",False,WHITE,1.0,MALE,"422,154",19190875
"551,983",1,47.0,2.0,Large passenger vehicle,2,"209,934",False,HISPANIC,2.0,FEMALE,"423,302",19200648
"552,758",1,22.0,3.0,Large passenger vehicle,2,"211,167",False,BLACK,2.0,FEMALE,"425,808",19226907
"552,759",1,7.0,3.0,Large passenger vehicle,2,"211,167",False,BLACK,2.0,FEMALE,"425,808",19226907
"552,777",1,25.0,2.0,Passenger car,1,"211,182",False,HISPANIC,2.0,FEMALE,"425,835",19226996
"552,954",1,22.0,2.0,Passenger car,1,"211,487",False,HISPANIC,1.0,MALE,"426,452",19232772
"553,461",1,,2.0,Passenger car,1,"212,377",False,HISPANIC,1.0,MALE,"428,190",19250939
"553,503",1,18.0,2.0,Large passenger vehicle,2,"212,458",False,HISPANIC,2.0,FEMALE,"428,332",19251182
"553,629",4,37.0,1.0,Passenger car,1,"212,681",False,WHITE,1.0,MALE,"428,765",19255568
"553,630",4,29.0,1.0,Passenger car,1,"212,681",False,WHITE,1.0,MALE,"428,765",19255568
"553,678",4,23.0,2.0,Large passenger vehicle,2,"212,774",False,HISPANIC,2.0,FEMALE,"428,947",19258357
"553,925",1,17.0,2.0,Passenger car,1,"213,085",False,HISPANIC,1.0,MALE,"429,564",19264105
"554,327",1,33.0,2.0,Passenger car,1,"213,709",False,HISPANIC,2.0,FEMALE,"430,829",19278285
"554,426",1,18.0,2.0,Passenger car,1,"213,851",False,HISPANIC,2.0,FEMALE,"431,107",19279759
"554,436",1,25.0,3.0,Passenger car,1,"213,857",False,BLACK,2.0,FEMALE,"431,122",19279837
"554,849",1,28.0,2.0,Passenger car,1,"214,474",False,HISPANIC,2.0,FEMALE,"432,390",19290969
"554,850",1,21.0,2.0,Passenger car,1,"214,474",False,HISPANIC,2.0,FEMALE,"432,390",19290969
"554,851",1,2.0,2.0,Passenger car,1,"214,474",False,HISPANIC,2.0,FEMALE,"432,390",19290969
"554,852",1,1.0,2.0,Passenger car,1,"214,474",False,HISPANIC,1.0,MALE,"432,390",19290969
"555,625",4,22.0,1.0,Motorcycle,3,"215,555",False,WHITE,2.0,FEMALE,"434,561",19321449
"555,680",1,22.0,1.0,Passenger car,1,"215,637",False,WHITE,2.0,FEMALE,"434,724",19330988
"633,259",1,22.0,1.0,Motorcycle,3,"245,225",True,WHITE,1.0,MALE,"493,804",16175877
"633,504",1,45.0,3.0,Pedestrian,7,"245,342",True,BLACK,2.0,FEMALE,"494,017",16180162
"633,555",1,24.0,1.0,Motorcycle,3,"245,369",True,WHITE,1.0,MALE,"494,070",16180820
"633,933",1,59.0,1.0,Motor vehicle – other,4,"245,562",True,WHITE,1.0,MALE,"494,472",16186131
"633,955",1,25.0,1.0,Motorcycle,3,"245,574",True,WHITE,1.0,MALE,"494,494",16186170
"634,080",1,31.0,1.0,Passenger car,1,"245,640",True,WHITE,2.0,FEMALE,"494,626",16188510
"634,231",1,71.0,1.0,Passenger car,1,"245,723",True,WHITE,2.0,FEMALE,"494,786",16190194
"634,267",1,20.0,1.0,Passenger car,1,"245,739",True,WHITE,1.0,MALE,"494,823",16190235
"634,416",1,27.0,4.0,Pedestrian,7,"245,817",True,ASIAN,2.0,FEMALE,"494,982",16194047
"634,444",1,24.0,2.0,Passenger car,1,"245,830",True,HISPANIC,1.0,MALE,"495,010",16194252
"634,451",1,44.0,1.0,Passenger car,1,"245,834",True,WHITE,2.0,FEMALE,"495,017",16194256
"634,480",1,23.0,1.0,Passenger car,1,"245,849",True,WHITE,2.0,FEMALE,"495,050",16194389
"634,527",1,25.0,2.0,Passenger car,1,"245,871",True,HISPANIC,2.0,FEMALE,"495,101",16194516
"634,606",1,61.0,5.0,Large passenger vehicle,2,"245,911",True,OTHER,1.0,MALE,"495,183",16194580
"634,835",1,35.0,3.0,Passenger car,1,"246,047",True,BLACK,1.0,MALE,"495,429",16200493
"634,850",1,45.0,4.0,Passenger car,1,"246,056",True,ASIAN,1.0,MALE,"495,444",16201043
"634,905",1,61.0,1.0,Large passenger vehicle,2,"246,084",True,WHITE,1.0,MALE,"495,500",16201261
"634,990",1,47.0,1.0,Motorcycle,3,"246,124",True,WHITE,1.0,MALE,"495,592",16201404
"635,023",1,43.0,3.0,Passenger car,1,"246,140",True,BLACK,1.0,MALE,"495,626",16201459
"635,039",1,56.0,3.0,Motorcycle,3,"246,149",True,BLACK,1.0,MALE,"495,642",16201468
"635,156",1,33.0,1.0,Passenger car,1,"246,216",True,WHITE,1.0,MALE,"495,766",16201615
"635,612",1,26.0,0.0,Large passenger vehicle,2,"246,458",True,UNKNOWN,2.0,FEMALE,"496,256",16205702
"636,009",1,24.0,1.0,Motorcycle,3,"246,671",True,WHITE,1.0,MALE,"496,679",16209489
"636,058",1,67.0,1.0,Passenger car,1,"246,695",True,WHITE,2.0,FEMALE,"496,728",16209774
"636,179",1,18.0,3.0,Passenger car,1,"246,761",True,BLACK,2.0,FEMALE,"496,860",16211790
"636,187",1,42.0,1.0,Large passenger vehicle,2,"246,765",True,WHITE,1.0,MALE,"496,868",16211794
"636,271",1,44.0,1.0,Motorcycle,3,"246,801",True,WHITE,2.0,FEMALE,"496,955",16212044
"636,332",1,59.0,1.0,Large passenger vehicle,2,"246,834",True,WHITE,1.0,MALE,"497,023",16212851
"637,043",1,37.0,1.0,Passenger car,1,"247,212",True,WHITE,2.0,FEMALE,"497,786",16221162
"637,058",4,54.0,2.0,Motorcycle,3,"247,220",True,HISPANIC,1.0,MALE,"497,803",16221172
"637,533",4,23.0,2.0,Large passenger vehicle,2,"247,477",True,HISPANIC,2.0,FEMALE,"498,311",16228701
"637,593",4,42.0,3.0,Large passenger vehicle,2,"247,507",True,BLACK,1.0,MALE,"498,374",16228863
"637,632",1,37.0,2.0,Passenger car,1,"247,528",True,HISPANIC,2.0,FEMALE,"498,415",16228886
"637,655",1,33.0,1.0,Motorcycle,3,"247,539",True,WHITE,1.0,MALE,"498,438",16228949
"637,684",4,28.0,2.0,Passenger car,1,"247,554",True,HISPANIC,2.0,FEMALE,"498,468",16228969
"637,901",1,56.0,2.0,Passenger car,1,"247,666",True,HISPANIC,1.0,MALE,"498,691",16229318
"638,176",1,44.0,1.0,Large passenger vehicle,2,"247,811",True,WHITE,1.0,MALE,"498,977",16233172
"638,236",1,36.0,1.0,Motorcycle,3,"247,842",True,WHITE,1.0,MALE,"499,039",16233291
"638,264",1,27.0,2.0,Passenger car,1,"247,859",True,HISPANIC,1.0,MALE,"499,070",16233361
"638,277",1,25.0,2.0,Passenger car,1,"247,866",True,HISPANIC,1.0,MALE,"499,084",16233368
"638,328",1,54.0,2.0,Motorcycle,3,"247,895",True,HISPANIC,1.0,MALE,"499,144",16233424
"638,720",4,38.0,2.0,Pedestrian,7,"248,108",True,HISPANIC,1.0,MALE,"499,558",16237591
"638,852",1,28.0,3.0,Passenger car,1,"248,185",True,BLACK,1.0,MALE,"499,697",16240834
"638,977",1,22.0,3.0,Passenger car,1,"248,248",True,BLACK,2.0,FEMALE,"499,830",16240936
"639,262",1,40.0,1.0,Large passenger vehicle,2,"248,397",True,WHITE,1.0,MALE,"500,137",16244459
"639,355",1,28.0,1.0,Large passenger vehicle,2,"248,443",True,WHITE,1.0,MALE,"500,230",16245075
"639,362",1,69.0,1.0,Passenger car,1,"248,449",True,WHITE,2.0,FEMALE,"500,240",16245081
"639,539",1,49.0,,Passenger car,1,"248,549",True,,2.0,FEMALE,"500,445",16247127
"639,567",1,66.0,1.0,Passenger car,1,"248,562",True,WHITE,2.0,FEMALE,"500,473",16247234
"639,584",1,34.0,2.0,Passenger car,1,"248,568",True,HISPANIC,2.0,FEMALE,"500,490",16247240
"639,757",1,40.0,3.0,Passenger car,1,"248,658",True,BLACK,1.0,MALE,"500,672",16249197
"640,153",1,23.0,3.0,Passenger car,1,"248,860",True,BLACK,1.0,MALE,"501,085",16252631
"640,161",1,23.0,3.0,Passenger car,1,"248,864",True,BLACK,2.0,FEMALE,"501,093",16252636
"640,575",1,41.0,2.0,Passenger car,1,"249,077",True,HISPANIC,2.0,FEMALE,"501,524",16258252
"640,682",4,23.0,1.0,Pedestrian,7,"249,138",True,WHITE,1.0,MALE,"501,636",16259588
"640,709",1,15.0,3.0,Pedestrian,7,"249,152",True,BLACK,1.0,MALE,"501,663",16259661
"640,878",1,34.0,1.0,Motorcycle,3,"249,240",True,WHITE,1.0,MALE,"501,842",16262480
"640,991",1,16.0,2.0,Pedestrian,7,"249,302",True,HISPANIC,1.0,MALE,"501,958",16262745
"641,276",1,39.0,2.0,Large passenger vehicle,2,"249,457",True,HISPANIC,2.0,FEMALE,"502,256",16264948
"641,448",1,26.0,3.0,Passenger car,1,"249,549",True,BLACK,2.0,FEMALE,"502,447",16267900
"641,510",1,22.0,1.0,Passenger car,1,"249,578",True,WHITE,2.0,FEMALE,"502,514",16268018
"641,722",4,46.0,1.0,Motorcycle,3,"249,697",True,WHITE,1.0,MALE,"502,742",16270695
"641,789",1,27.0,1.0,Passenger car,1,"249,734",True,WHITE,2.0,FEMALE,"502,814",16270790
"641,790",1,30.0,,Passenger car,1,"249,734",True,,1.0,MALE,"502,815",16270790
"642,029",1,43.0,1.0,Passenger car,1,"249,856",True,WHITE,2.0,FEMALE,"503,073",16272770
"642,174",1,64.0,1.0,Pedestrian,7,"249,937",True,WHITE,2.0,FEMALE,"503,227",16274777
"642,183",1,30.0,1.0,Large passenger vehicle,2,"249,942",True,WHITE,2.0,FEMALE,"503,236",16274782
"642,231",1,25.0,1.0,Bicycle,5,"249,966",True,WHITE,1.0,MALE,"503,287",16275226
"642,725",1,24.0,1.0,Passenger car,1,"250,221",True,WHITE,1.0,MALE,"503,813",16282331
"643,014",1,22.0,4.0,E-scooter,11,"250,375",True,ASIAN,1.0,MALE,"504,125",16285239
"643,024",1,40.0,1.0,Motorcycle,3,"250,381",True,WHITE,1.0,MALE,"504,135",16285360
"643,027",1,57.0,2.0,Passenger car,1,"250,383",True,HISPANIC,2.0,FEMALE,"504,138",16285362
"643,224",1,31.0,2.0,Large passenger vehicle,2,"250,484",True,HISPANIC,1.0,MALE,"504,345",16287254
"643,431",1,31.0,1.0,Motorcycle,3,"250,597",True,WHITE,1.0,MALE,"504,565",16291089
"643,788",1,44.0,2.0,Pedestrian,7,"250,785",True,HISPANIC,1.0,MALE,"504,941",16294416
"643,802",1,20.0,2.0,Passenger car,1,"250,791",True,HISPANIC,2.0,FEMALE,"504,955",16294423
"643,807",1,20.0,1.0,Pedestrian,7,"250,793",True,WHITE,2.0,FEMALE,"504,961",16294425
"643,814",1,27.0,1.0,Passenger car,1,"250,796",True,WHITE,2.0,FEMALE,"504,968",16294428
"643,866",4,71.0,1.0,Passenger car,1,"250,825",True,WHITE,1.0,MALE,"505,024",16294578
"644,379",1,20.0,3.0,Passenger car,1,"251,110",True,BLACK,1.0,MALE,"505,593",16301880
"644,410",1,54.0,1.0,Pedestrian,7,"251,125",True,WHITE,1.0,MALE,"505,628",16301917
"644,416",4,50.0,1.0,Passenger car,1,"251,128",True,WHITE,1.0,MALE,"505,634",16301920
"644,833",1,65.0,1.0,Large passenger vehicle,2,"251,340",True,WHITE,1.0,MALE,"506,082",16306116
"645,151",1,83.0,3.0,Passenger car,1,"251,519",True,BLACK,1.0,MALE,"506,413",16309263
"645,651",1,35.0,1.0,Motorcycle,3,"251,792",True,WHITE,2.0,FEMALE,"506,951",16317603
"645,718",4,14.0,2.0,Pedestrian,7,"251,822",True,HISPANIC,1.0,MALE,"507,022",16317713
"645,790",1,61.0,1.0,Motorcycle,3,"251,859",True,WHITE,1.0,MALE,"507,100",16317963
"645,861",1,55.0,3.0,Passenger car,1,"251,897",True,BLACK,2.0,FEMALE,"507,173",16318127
"645,871",1,45.0,3.0,Pedestrian,7,"251,902",True,BLACK,1.0,MALE,"507,183",16318132
"645,942",1,20.0,2.0,Passenger car,1,"251,939",True,HISPANIC,2.0,FEMALE,"507,259",16318333
"645,973",1,44.0,5.0,Passenger car,1,"251,953",True,OTHER,2.0,FEMALE,"507,292",16318430
"646,071",1,53.0,3.0,Pedestrian,7,"251,998",True,BLACK,1.0,MALE,"507,393",16318507
"646,105",4,23.0,3.0,Large passenger vehicle,2,"252,017",True,BLACK,1.0,MALE,"507,434",16318546
"646,219",1,45.0,1.0,Motorcycle,3,"252,082",True,WHITE,1.0,MALE,"507,557",16319999
"646,253",1,28.0,2.0,Motorcycle,3,"252,100",True,HISPANIC,1.0,MALE,"507,592",16320979
"646,254",1,65.0,1.0,Passenger car,1,"252,100",True,WHITE,2.0,FEMALE,"507,593",16320979
"646,256",1,56.0,3.0,Passenger car,1,"252,101",True,BLACK,1.0,MALE,"507,595",16321017
"646,296",1,60.0,1.0,Pedestrian,7,"252,121",True,WHITE,1.0,MALE,"507,639",16321358
"646,656",1,58.0,5.0,Large passenger vehicle,2,"252,320",True,OTHER,1.0,MALE,"508,034",16325828
"646,677",1,51.0,3.0,Passenger car,1,"252,332",True,BLACK,2.0,FEMALE,"508,055",16325857
"646,745",1,19.0,1.0,Passenger car,1,"252,370",True,WHITE,1.0,MALE,"508,127",16326526
"646,868",1,21.0,1.0,Passenger car,1,"252,434",True,WHITE,2.0,FEMALE,"508,256",16327478
"646,998",1,32.0,1.0,Motorcycle,3,"252,496",True,WHITE,1.0,MALE,"508,398",16328005
"647,235",1,60.0,3.0,Large passenger vehicle,2,"252,625",True,BLACK,2.0,FEMALE,"508,656",16330428
"647,252",1,38.0,2.0,Passenger car,1,"252,634",True,HISPANIC,2.0,FEMALE,"508,673",16330441
"647,266",1,58.0,1.0,Passenger car,1,"252,640",True,WHITE,1.0,MALE,"508,688",16330458
"647,305",1,24.0,2.0,Large passenger vehicle,2,"252,660",True,HISPANIC,2.0,FEMALE,"508,729",16330533
"647,823",1,29.0,1.0,Bicycle,5,"252,927",True,WHITE,1.0,MALE,"509,269",16336855
"648,372",1,51.0,1.0,Passenger car,1,"253,217",True,WHITE,1.0,MALE,"509,857",16344511
"648,471",1,49.0,1.0,Bicycle,5,"253,265",True,WHITE,1.0,MALE,"509,959",16344692
"648,594",1,26.0,2.0,Pedestrian,7,"253,329",True,HISPANIC,1.0,MALE,"510,089",16344806
"648,736",1,58.0,3.0,Pedestrian,7,"253,404",True,BLACK,1.0,MALE,"510,234",16346805
"648,839",1,26.0,1.0,Passenger car,1,"253,453",True,WHITE,2.0,FEMALE,"510,341",16347304
"648,918",4,18.0,2.0,Passenger car,1,"253,493",True,HISPANIC,1.0,MALE,"510,425",16348147
"648,978",1,50.0,1.0,Passenger car,1,"253,524",True,WHITE,2.0,FEMALE,"510,489",16349153
"648,985",1,22.0,2.0,Motorcycle,3,"253,527",True,HISPANIC,1.0,MALE,"510,496",16349156
"649,007",1,47.0,1.0,Pedestrian,7,"253,536",True,WHITE,1.0,MALE,"510,519",16349165
"649,188",1,42.0,1.0,Passenger car,1,"253,621",True,WHITE,1.0,MALE,"510,709",16351308
"649,313",1,43.0,2.0,Passenger car,1,"253,682",True,HISPANIC,2.0,FEMALE,"510,842",16352462
"649,726",1,77.0,1.0,Passenger car,1,"253,901",True,WHITE,2.0,FEMALE,"511,283",16357658
"649,906",1,24.0,2.0,Passenger car,1,"253,994",True,HISPANIC,1.0,MALE,"511,466",16359026
"649,933",1,60.0,3.0,Passenger car,1,"254,008",True,BLACK,1.0,MALE,"511,493",16359041
"650,090",1,32.0,3.0,Passenger car,1,"254,097",True,BLACK,1.0,MALE,"511,662",16361124
"650,174",1,21.0,2.0,Passenger car,1,"254,139",True,HISPANIC,1.0,MALE,"511,748",16361476
"650,729",1,5.0,2.0,Bicycle,5,"254,434",True,HISPANIC,1.0,MALE,"512,338",16368451
"650,749",1,70.0,1.0,Large passenger vehicle,2,"254,443",True,WHITE,1.0,MALE,"512,358",16368463
"650,931",4,32.0,2.0,Pedestrian,7,"254,540",True,HISPANIC,2.0,FEMALE,"512,552",16368871
"651,327",1,29.0,1.0,Motorcycle,3,"254,753",True,WHITE,1.0,MALE,"512,979",16373749
"651,446",1,60.0,1.0,Motorcycle,3,"254,807",True,WHITE,1.0,MALE,"513,099",16373865
"651,934",1,28.0,2.0,Pedestrian,7,"255,059",True,HISPANIC,1.0,MALE,"513,620",16380626
"651,993",1,28.0,3.0,Passenger car,1,"255,087",True,BLACK,1.0,MALE,"513,681",16380766
"652,031",1,46.0,0.0,Large passenger vehicle,2,"255,106",True,UNKNOWN,2.0,FEMALE,"513,720",16380866
"652,086",1,16.0,1.0,Passenger car,1,"255,134",True,WHITE,1.0,MALE,"513,776",16381099
"652,118",1,21.0,,Passenger car,1,"255,149",True,,1.0,MALE,"513,808",16381122
"652,174",1,89.0,1.0,Pedestrian,7,"255,175",True,WHITE,1.0,MALE,"513,865",16381284
"652,384",1,39.0,2.0,Pedestrian,7,"255,281",True,HISPANIC,1.0,MALE,"514,093",16382157
"652,587",1,27.0,2.0,Pedestrian,7,"255,391",True,HISPANIC,2.0,FEMALE,"514,322",16385653
"652,756",1,40.0,2.0,Large passenger vehicle,2,"255,483",True,HISPANIC,1.0,MALE,"514,500",16388278
"652,842",4,27.0,2.0,Passenger car,1,"255,523",True,HISPANIC,2.0,FEMALE,"514,590",16388366
"652,999",1,56.0,1.0,Passenger car,1,"255,606",True,WHITE,2.0,FEMALE,"514,752",16390061
"653,336",1,24.0,1.0,Motorcycle,3,"255,784",True,WHITE,1.0,MALE,"515,116",16394555
"653,358",1,48.0,1.0,Pedestrian,7,"255,796",True,WHITE,1.0,MALE,"515,140",16394568
"653,369",1,18.0,2.0,Large passenger vehicle,2,"255,803",True,HISPANIC,1.0,MALE,"515,156",16394576
"653,502",1,80.0,0.0,Large passenger vehicle,2,"255,877",True,UNKNOWN,1.0,MALE,"515,293",16394735
"653,503",1,47.0,1.0,Bicycle,5,"255,877",True,WHITE,2.0,FEMALE,"515,294",16394735
"653,583",1,52.0,1.0,Motorcycle,3,"255,923",True,WHITE,1.0,MALE,"515,377",16394802
"653,588",1,26.0,2.0,Motorcycle,3,"255,928",True,HISPANIC,1.0,MALE,"515,383",16394808
"653,600",4,60.0,1.0,Pedestrian,7,"255,935",True,WHITE,1.0,MALE,"515,397",16394816
"653,902",1,50.0,1.0,Bicycle,5,"256,099",True,WHITE,1.0,MALE,"515,719",16398816
"653,987",1,13.0,2.0,Pedestrian,7,"256,140",True,HISPANIC,1.0,MALE,"515,807",16398928
"654,069",1,24.0,2.0,Passenger car,1,"256,186",True,HISPANIC,1.0,MALE,"515,890",16399369
"654,144",1,29.0,2.0,Large passenger vehicle,2,"256,224",True,HISPANIC,1.0,MALE,"515,970",16400542
"654,240",1,34.0,1.0,Motorcycle,3,"256,274",True,WHITE,1.0,MALE,"516,071",16401347
"654,347",4,33.0,1.0,Pedestrian,7,"256,332",True,WHITE,1.0,MALE,"516,187",16402824
"654,356",1,44.0,2.0,Large passenger vehicle,2,"256,337",True,HISPANIC,1.0,MALE,"516,196",16402832
"654,435",1,20.0,2.0,Motorcycle,3,"256,377",True,HISPANIC,1.0,MALE,"516,276",16402937
"654,732",4,26.0,1.0,Motorcycle,3,"256,536",True,WHITE,1.0,MALE,"516,592",16407415
"654,786",1,32.0,1.0,Passenger car,1,"256,564",True,WHITE,2.0,FEMALE,"516,649",16409148
"654,881",1,32.0,3.0,Large passenger vehicle,2,"256,615",True,BLACK,2.0,FEMALE,"516,750",16409360
"654,939",1,62.0,1.0,Motorcycle,3,"256,646",True,WHITE,1.0,MALE,"516,816",16409433
"654,957",1,23.0,0.0,Motorcycle,3,"256,653",True,UNKNOWN,1.0,MALE,"516,834",16409440
"655,079",1,32.0,1.0,Passenger car,1,"256,711",True,WHITE,1.0,MALE,"516,960",16409611
"655,091",1,19.0,0.0,Passenger car,1,"256,719",True,UNKNOWN,1.0,MALE,"516,974",16409678
"655,135",1,33.0,2.0,Pedestrian,7,"256,742",True,HISPANIC,1.0,MALE,"517,021",16409806
"655,159",1,18.0,,Passenger car,1,"256,756",True,,1.0,MALE,"517,048",16409823
"655,166",1,17.0,1.0,Passenger car,1,"256,760",True,WHITE,2.0,FEMALE,"517,055",16409829
"655,333",1,21.0,3.0,Passenger car,1,"256,853",True,BLACK,1.0,MALE,"517,236",16412262
"655,464",1,20.0,5.0,Passenger car,1,"256,917",True,OTHER,2.0,FEMALE,"517,380",16413507
"655,523",1,59.0,5.0,Passenger car,1,"256,946",True,OTHER,2.0,FEMALE,"517,447",16414068
"655,524",1,34.0,3.0,Passenger car,1,"256,946",True,BLACK,2.0,FEMALE,"517,448",16414068
"656,098",1,31.0,1.0,Large passenger vehicle,2,"257,245",True,WHITE,1.0,MALE,"518,061",16420226
"656,183",1,36.0,1.0,Bicycle,5,"257,292",True,WHITE,2.0,FEMALE,"518,153",16422701
"656,227",1,21.0,1.0,Large passenger vehicle,2,"257,314",True,WHITE,2.0,FEMALE,"518,198",16423666
"656,290",1,50.0,1.0,Passenger car,1,"257,344",True,WHITE,1.0,MALE,"518,263",16423941
"656,486",1,58.0,1.0,Passenger car,1,"257,443",True,WHITE,1.0,MALE,"518,471",16424140
"656,742",1,23.0,1.0,Passenger car,1,"257,575",True,WHITE,2.0,FEMALE,"518,738",16426646
"656,824",1,45.0,1.0,Motorcycle,3,"257,616",True,WHITE,1.0,MALE,"518,826",16426966
"656,869",1,24.0,1.0,Bicycle,5,"257,635",True,WHITE,2.0,FEMALE,"518,873",16427183
"656,982",1,70.0,1.0,Large passenger vehicle,2,"257,689",True,WHITE,2.0,FEMALE,"518,993",16427304
"657,080",1,22.0,2.0,Large passenger vehicle,2,"257,745",True,HISPANIC,1.0,MALE,"519,095",16428908
"657,151",1,58.0,1.0,Bicycle,5,"257,778",True,WHITE,1.0,MALE,"519,168",16428978
"657,420",1,,2.0,Pedestrian,7,"257,921",True,HISPANIC,1.0,MALE,"519,455",16433986
"657,475",1,19.0,0.0,Passenger car,1,"257,950",True,UNKNOWN,1.0,MALE,"519,516",16434619
"657,480",1,38.0,1.0,Pedestrian,7,"257,953",True,WHITE,2.0,FEMALE,"519,521",16434622
"657,504",1,54.0,3.0,Passenger car,1,"257,967",True,BLACK,2.0,FEMALE,"519,546",16434683
"657,529",1,16.0,2.0,Passenger car,1,"257,980",True,HISPANIC,1.0,MALE,"519,574",16434697
"657,547",1,21.0,1.0,Passenger car,1,"257,989",True,WHITE,1.0,MALE,"519,592",16434768
"657,590",1,21.0,2.0,Passenger car,1,"258,014",True,HISPANIC,2.0,FEMALE,"519,641",16434832
"657,643",1,30.0,1.0,Passenger car,1,"258,040",True,WHITE,2.0,FEMALE,"519,699",16434931
"657,771",1,27.0,1.0,Bicycle,5,"258,105",True,WHITE,1.0,MALE,"519,833",16435315
"657,851",1,21.0,2.0,Passenger car,1,"258,148",True,HISPANIC,1.0,MALE,"519,918",16435382
"658,097",1,29.0,1.0,Passenger car,1,"258,277",True,WHITE,2.0,FEMALE,"520,181",16439044
"658,304",1,41.0,3.0,Motorcycle,3,"258,377",True,BLACK,1.0,MALE,"520,400",16441278
"658,397",4,18.0,3.0,Passenger car,1,"258,422",True,BLACK,1.0,MALE,"520,497",16441761
"658,417",1,26.0,1.0,Motorcycle,3,"258,431",True,WHITE,1.0,MALE,"520,518",16441771
"658,657",4,48.0,3.0,Pedestrian,7,"258,565",True,BLACK,2.0,FEMALE,"520,773",16448105
"658,669",1,69.0,2.0,Large passenger vehicle,2,"258,571",True,HISPANIC,2.0,FEMALE,"520,785",16448134
"658,722",1,31.0,4.0,Bicycle,5,"258,596",True,ASIAN,1.0,MALE,"520,840",16448504
"658,813",1,28.0,2.0,Large passenger vehicle,2,"258,644",True,HISPANIC,1.0,MALE,"520,938",16448660
"658,816",1,25.0,4.0,Passenger car,1,"258,646",True,ASIAN,2.0,FEMALE,"520,941",16448666
"658,871",1,36.0,3.0,Pedestrian,7,"258,674",True,BLACK,1.0,MALE,"520,997",16448728
"658,936",1,81.0,1.0,Large passenger vehicle,2,"258,709",True,WHITE,2.0,FEMALE,"521,068",16448785
"658,937",1,47.0,1.0,Large passenger vehicle,2,"258,709",True,WHITE,2.0,FEMALE,"521,069",16448785
"659,617",1,37.0,2.0,Large passenger vehicle,2,"259,062",True,HISPANIC,1.0,MALE,"521,790",16459561
"659,669",1,39.0,2.0,Passenger car,1,"259,086",True,HISPANIC,1.0,MALE,"521,844",16459611
"659,671",1,50.0,2.0,Passenger car,1,"259,086",True,HISPANIC,1.0,MALE,"521,846",16459611
"659,868",1,23.0,2.0,Passenger car,1,"259,193",True,HISPANIC,2.0,FEMALE,"522,050",16462196
"659,914",1,33.0,1.0,Large passenger vehicle,2,"259,219",True,WHITE,1.0,MALE,"522,099",16462273
"660,124",4,57.0,1.0,Pedestrian,7,"259,337",True,WHITE,1.0,MALE,"522,327",16465489
"660,156",1,68.0,1.0,Motorcycle,3,"259,353",True,WHITE,1.0,MALE,"522,360",16465523
"660,158",1,24.0,2.0,Motorcycle,3,"259,354",True,HISPANIC,1.0,MALE,"522,362",16465524
"660,162",1,49.0,3.0,Motorcycle,3,"259,356",True,BLACK,1.0,MALE,"522,366",16465527
"660,209",1,39.0,1.0,Large passenger vehicle,2,"259,382",True,WHITE,2.0,FEMALE,"522,415",16465585
"660,223",1,44.0,2.0,Large passenger vehicle,2,"259,389",True,HISPANIC,2.0,FEMALE,"522,429",16465593
"660,234",1,19.0,2.0,Passenger car,1,"259,394",True,HISPANIC,1.0,MALE,"522,440",16465613
"660,250",1,63.0,1.0,Passenger car,1,"259,403",True,WHITE,2.0,FEMALE,"522,456",16465622
"660,636",1,46.0,3.0,Passenger car,1,"259,605",True,BLACK,2.0,FEMALE,"522,868",16472793
"660,645",1,70.0,1.0,Large passenger vehicle,2,"259,610",True,WHITE,2.0,FEMALE,"522,878",16472798
"660,656",1,80.0,4.0,Passenger car,1,"259,616",True,ASIAN,2.0,FEMALE,"522,889",16472804
"660,706",1,31.0,1.0,Passenger car,1,"259,641",True,WHITE,1.0,MALE,"522,942",16472930
"660,708",1,37.0,1.0,Motorcycle,3,"259,642",True,WHITE,1.0,MALE,"522,944",16472931
"660,782",1,47.0,1.0,Motorcycle,3,"259,679",True,WHITE,2.0,FEMALE,"523,019",16473026
"660,790",1,40.0,4.0,Passenger car,1,"259,682",True,ASIAN,1.0,MALE,"523,027",16473029
"660,962",1,37.0,1.0,Passenger car,1,"259,772",True,WHITE,1.0,MALE,"523,210",16473341
"661,005",1,60.0,1.0,Passenger car,1,"259,795",True,WHITE,2.0,FEMALE,"523,256",16473422
"661,277",1,25.0,1.0,Motorcycle,3,"259,939",True,WHITE,1.0,MALE,"523,541",16478438
"661,330",1,35.0,1.0,Motorcycle,3,"259,966",True,WHITE,1.0,MALE,"523,599",16478516
"661,446",1,39.0,2.0,Pedestrian,7,"260,027",True,HISPANIC,2.0,FEMALE,"523,718",16478631
"661,496",1,46.0,2.0,Passenger car,1,"260,053",True,HISPANIC,2.0,FEMALE,"523,771",16478668
"661,869",1,22.0,1.0,Motorcycle,3,"260,253",True,WHITE,1.0,MALE,"524,172",16484581
"661,911",1,24.0,2.0,Motor vehicle – other,4,"260,272",True,HISPANIC,1.0,MALE,"524,215",16484874
"661,912",1,67.0,3.0,Motorcycle,3,"260,272",True,BLACK,1.0,MALE,"524,216",16484874
"661,913",1,26.0,2.0,Passenger car,1,"260,273",True,HISPANIC,1.0,MALE,"524,217",16484875
"661,983",1,30.0,,Motorcycle,3,"260,312",True,,1.0,MALE,"524,290",16485743
"662,092",1,46.0,1.0,Motorcycle,3,"260,369",True,WHITE,1.0,MALE,"524,406",16485908
"662,202",1,19.0,2.0,Passenger car,1,"260,428",True,HISPANIC,2.0,FEMALE,"524,524",16486167
"662,612",4,50.0,1.0,Motorcycle,3,"260,634",True,WHITE,1.0,MALE,"524,967",16492626
"662,637",4,22.0,0.0,Passenger car,1,"260,646",True,UNKNOWN,1.0,MALE,"524,992",16492677
"662,746",1,19.0,4.0,Passenger car,1,"260,699",True,ASIAN,1.0,MALE,"525,105",16492779
"662,798",1,23.0,5.0,Passenger car,1,"260,728",True,OTHER,1.0,MALE,"525,159",16492825
"662,843",1,23.0,1.0,Passenger car,1,"260,749",True,WHITE,2.0,FEMALE,"525,209",16492861
"662,854",1,34.0,1.0,Bicycle,5,"260,755",True,WHITE,1.0,MALE,"525,220",16492868
"663,219",1,26.0,1.0,Motorcycle,3,"260,949",True,WHITE,2.0,FEMALE,"525,607",16498006
"663,278",1,29.0,1.0,E-scooter,11,"260,976",True,WHITE,2.0,FEMALE,"525,667",16498177
"663,297",1,63.0,1.0,Large passenger vehicle,2,"260,984",True,WHITE,2.0,FEMALE,"525,687",16498242
"663,660",1,27.0,1.0,Motorcycle,3,"261,166",True,WHITE,1.0,MALE,"526,073",16503047
"663,697",4,37.0,3.0,Large passenger vehicle,2,"261,182",True,BLACK,1.0,MALE,"526,110",16503066
"663,862",1,28.0,1.0,Large passenger vehicle,2,"261,274",True,WHITE,2.0,FEMALE,"526,286",16505139
"663,891",1,21.0,2.0,Passenger car,1,"261,290",True,HISPANIC,1.0,MALE,"526,318",16505162
"663,904",1,60.0,1.0,Large passenger vehicle,2,"261,296",True,WHITE,2.0,FEMALE,"526,331",16505168
"664,127",1,55.0,2.0,Pedestrian,7,"261,421",True,HISPANIC,1.0,MALE,"526,572",16509428
"664,288",1,20.0,1.0,Large passenger vehicle,2,"261,501",True,WHITE,2.0,FEMALE,"526,738",16509624
"664,568",1,23.0,2.0,Passenger car,1,"261,652",True,HISPANIC,2.0,FEMALE,"527,033",16513864
"664,604",1,53.0,5.0,Passenger car,1,"261,669",True,OTHER,1.0,MALE,"527,069",16513914
"664,605",1,50.0,1.0,Large passenger vehicle,2,"261,669",True,WHITE,1.0,MALE,"527,070",16513914
"664,640",1,38.0,1.0,Passenger car,1,"261,688",True,WHITE,2.0,FEMALE,"527,107",16513935
"664,946",4,30.0,4.0,Passenger car,1,"261,851",True,ASIAN,1.0,MALE,"527,447",16517389
"664,947",1,47.0,1.0,Large passenger vehicle,2,"261,851",True,WHITE,1.0,MALE,"527,448",16517389
"664,953",1,27.0,2.0,Motorcycle,3,"261,854",True,HISPANIC,1.0,MALE,"527,454",16517397
"664,968",1,39.0,2.0,Bicycle,5,"261,860",True,HISPANIC,1.0,MALE,"527,470",16517403
"665,432",1,35.0,2.0,Passenger car,1,"262,108",True,HISPANIC,1.0,MALE,"527,959",16521646
"665,458",1,45.0,1.0,Motorcycle,3,"262,121",True,WHITE,2.0,FEMALE,"527,986",16521669
"665,493",1,36.0,3.0,Large passenger vehicle,2,"262,140",True,BLACK,2.0,FEMALE,"528,023",16521691
"665,494",1,47.0,2.0,Large passenger vehicle,2,"262,140",True,HISPANIC,2.0,FEMALE,"528,024",16521691
"665,562",1,61.0,1.0,Large passenger vehicle,2,"262,176",True,WHITE,1.0,MALE,"528,096",16523399
"665,702",4,38.0,3.0,Motorcycle,3,"262,247",True,BLACK,1.0,MALE,"528,249",16524880
"665,728",1,27.0,1.0,Motorcycle,3,"262,261",True,WHITE,1.0,MALE,"528,278",16525025
"665,881",4,58.0,1.0,Pedestrian,7,"262,338",True,WHITE,1.0,MALE,"528,439",16526851
"665,903",1,51.0,1.0,Large passenger vehicle,2,"262,351",True,WHITE,1.0,MALE,"528,463",16526932
"665,909",1,67.0,1.0,Motorcycle,3,"262,354",True,WHITE,1.0,MALE,"528,469",16526935
"666,286",1,23.0,1.0,Passenger car,1,"262,555",True,WHITE,1.0,MALE,"528,882",16531922
"666,404",1,22.0,1.0,Large passenger vehicle,2,"262,610",True,WHITE,2.0,FEMALE,"529,006",16532087
"666,429",1,42.0,1.0,Motorcycle,3,"262,623",True,WHITE,1.0,MALE,"529,033",16532101
"667,008",1,24.0,2.0,Pedestrian,7,"262,945",True,HISPANIC,1.0,MALE,"529,655",16544003
"667,474",1,19.0,3.0,Motorcycle,3,"263,214",True,BLACK,1.0,MALE,"530,150",16555563
"667,569",1,22.0,2.0,Passenger car,1,"263,267",True,HISPANIC,1.0,MALE,"530,248",16556055
"667,644",1,14.0,2.0,Pedestrian,7,"263,306",True,HISPANIC,1.0,MALE,"530,328",16556579
"667,795",1,32.0,1.0,Motorcycle,3,"263,378",True,WHITE,1.0,MALE,"530,489",16556752
"667,832",4,37.0,3.0,Pedestrian,7,"263,396",True,BLACK,1.0,MALE,"530,530",16556799
"667,846",4,26.0,0.0,Motorcycle,3,"263,403",True,UNKNOWN,1.0,MALE,"530,545",16556807
"667,864",1,43.0,1.0,Motorcycle,3,"263,412",True,WHITE,1.0,MALE,"530,563",16556816
"667,941",1,52.0,2.0,Passenger car,1,"263,451",True,HISPANIC,2.0,FEMALE,"530,641",16556942
"668,134",1,24.0,1.0,Motorcycle,3,"263,548",True,WHITE,1.0,MALE,"530,842",16557753
"668,168",1,23.0,2.0,Large passenger vehicle,2,"263,565",True,HISPANIC,2.0,FEMALE,"530,877",16557770
"668,170",1,66.0,1.0,Large passenger vehicle,2,"263,565",True,WHITE,1.0,MALE,"530,879",16557770
"668,253",1,53.0,1.0,Motorcycle,3,"263,606",True,WHITE,2.0,FEMALE,"530,966",16557898
"668,375",4,63.0,3.0,Pedestrian,7,"263,672",True,BLACK,1.0,MALE,"531,090",16557999
"668,466",1,39.0,1.0,Passenger car,1,"263,720",True,WHITE,1.0,MALE,"531,189",16558062
"668,557",1,45.0,1.0,Passenger car,1,"263,763",True,WHITE,1.0,MALE,"531,285",16558112
"668,814",1,18.0,3.0,Passenger car,1,"263,889",True,BLACK,1.0,MALE,"531,558",16558275
"669,415",4,23.0,1.0,Pedestrian,7,"264,207",True,WHITE,1.0,MALE,"532,206",16563746
"669,459",4,40.0,0.0,Pedestrian,7,"264,230",True,UNKNOWN,1.0,MALE,"532,250",16563903
"669,462",1,35.0,2.0,Passenger car,1,"264,233",True,HISPANIC,2.0,FEMALE,"532,253",16563906
"669,473",1,19.0,2.0,Passenger car,1,"264,238",True,HISPANIC,2.0,FEMALE,"532,264",16563939
"669,485",1,35.0,1.0,Passenger car,1,"264,245",True,WHITE,1.0,MALE,"532,277",16563947
"669,489",4,46.0,3.0,Motorcycle,3,"264,247",True,BLACK,1.0,MALE,"532,281",16563951
"669,532",1,46.0,1.0,Pedestrian,7,"264,269",True,WHITE,2.0,FEMALE,"532,326",16564020
"670,160",1,25.0,1.0,Motorcycle,3,"264,605",True,WHITE,1.0,MALE,"533,000",16570359
"670,338",1,40.0,1.0,Large passenger vehicle,2,"264,700",True,WHITE,2.0,FEMALE,"533,193",16574539
"670,369",1,68.0,1.0,Pedestrian,7,"264,714",True,WHITE,2.0,FEMALE,"533,225",16574558
"670,441",1,38.0,3.0,Passenger car,1,"264,748",True,BLACK,1.0,MALE,"533,301",16574716
"670,570",4,63.0,1.0,Pedestrian,7,"264,813",True,WHITE,1.0,MALE,"533,437",16575055
"670,882",1,35.0,1.0,Passenger car,1,"264,984",True,WHITE,2.0,FEMALE,"533,776",16580496
"670,911",1,31.0,3.0,Passenger car,1,"264,996",True,BLACK,1.0,MALE,"533,805",16580608
"670,919",4,48.0,3.0,Passenger car,1,"265,001",True,BLACK,2.0,FEMALE,"533,813",16580613
"671,005",4,19.0,3.0,Pedestrian,7,"265,044",True,BLACK,2.0,FEMALE,"533,905",16580795
"671,130",1,32.0,2.0,Passenger car,1,"265,113",True,HISPANIC,1.0,MALE,"534,042",16580958
"671,496",1,25.0,3.0,Motorcycle,3,"265,298",True,BLACK,1.0,MALE,"534,428",16584548
"671,522",4,33.0,2.0,Passenger car,1,"265,312",True,HISPANIC,1.0,MALE,"534,454",16584599
"671,523",1,29.0,3.0,Passenger car,1,"265,312",True,BLACK,2.0,FEMALE,"534,455",16584599
"671,524",1,65.0,2.0,Passenger car,1,"265,312",True,HISPANIC,2.0,FEMALE,"534,456",16584599
"671,770",1,23.0,1.0,Motorcycle,3,"265,438",True,WHITE,1.0,MALE,"534,721",16588152
"671,792",1,21.0,1.0,Motorcycle,3,"265,450",True,WHITE,1.0,MALE,"534,743",16588164
"671,819",1,70.0,1.0,Pedestrian,7,"265,461",True,WHITE,1.0,MALE,"534,772",16588235
"671,838",4,23.0,1.0,Large passenger vehicle,2,"265,471",True,WHITE,2.0,FEMALE,"534,793",16588247
"671,910",1,33.0,1.0,Passenger car,1,"265,505",True,WHITE,1.0,MALE,"534,868",16588368
"671,912",1,24.0,1.0,Passenger car,1,"265,505",True,WHITE,2.0,FEMALE,"534,870",16588368
"671,957",1,16.0,2.0,Passenger car,1,"265,529",True,HISPANIC,2.0,FEMALE,"534,919",16588433
"672,025",1,54.0,1.0,Large passenger vehicle,2,"265,560",True,WHITE,1.0,MALE,"534,990",16588875
"672,183",4,50.0,2.0,Pedestrian,7,"265,641",True,HISPANIC,1.0,MALE,"535,166",16591388
"672,398",1,38.0,1.0,Passenger car,1,"265,754",True,WHITE,2.0,FEMALE,"535,390",16594655
"672,481",1,23.0,1.0,Passenger car,1,"265,796",True,WHITE,1.0,MALE,"535,477",16594774
"672,548",1,62.0,1.0,Motorcycle,3,"265,834",True,WHITE,1.0,MALE,"535,561",16594833
"672,628",1,31.0,1.0,Motorcycle,3,"265,874",True,WHITE,1.0,MALE,"535,643",16594936
"672,899",1,46.0,1.0,Passenger car,1,"266,017",True,WHITE,2.0,FEMALE,"535,930",16596736
"672,983",1,62.0,1.0,Motor vehicle – other,4,"266,060",True,WHITE,2.0,FEMALE,"536,016",16596822
"673,110",1,29.0,3.0,Pedestrian,7,"266,130",True,BLACK,2.0,FEMALE,"536,152",16598411
"673,397",1,29.0,1.0,Pedestrian,7,"266,283",True,WHITE,2.0,FEMALE,"536,462",16604363
"673,541",1,25.0,3.0,Passenger car,1,"266,355",True,BLACK,2.0,FEMALE,"536,614",16604568
"673,679",1,51.0,1.0,Passenger car,1,"266,424",True,WHITE,2.0,FEMALE,"536,766",16605058
"673,687",4,40.0,3.0,Pedestrian,7,"266,431",True,BLACK,1.0,MALE,"536,777",16605065
"673,951",1,46.0,1.0,Pedestrian,7,"266,575",True,WHITE,1.0,MALE,"537,061",16609057
"674,030",1,32.0,3.0,Pedestrian,7,"266,619",True,BLACK,1.0,MALE,"537,148",16609313
"674,037",1,63.0,4.0,Passenger car,1,"266,623",True,ASIAN,2.0,FEMALE,"537,156",16609317
"674,087",1,26.0,1.0,Passenger car,1,"266,648",True,WHITE,2.0,FEMALE,"537,212",16609519
"674,151",1,25.0,2.0,Large passenger vehicle,2,"266,681",True,HISPANIC,1.0,MALE,"537,287",16610603
"674,492",1,30.0,1.0,Pedestrian,7,"266,863",True,WHITE,2.0,FEMALE,"537,649",16615289
"674,642",1,43.0,2.0,Passenger car,1,"266,941",True,HISPANIC,2.0,FEMALE,"537,806",16615429
"674,724",1,28.0,1.0,Passenger car,1,"266,983",True,WHITE,1.0,MALE,"537,892",16615479
"674,725",1,24.0,2.0,Passenger car,1,"266,983",True,HISPANIC,2.0,FEMALE,"537,893",16615479
"674,925",1,32.0,1.0,Passenger car,1,"267,095",True,WHITE,1.0,MALE,"538,103",16617597
"675,065",1,46.0,1.0,Passenger car,1,"267,172",True,WHITE,2.0,FEMALE,"538,246",16619112
"675,302",1,29.0,1.0,Motorcycle,3,"267,298",True,WHITE,1.0,MALE,"538,496",16621917
"675,902",1,23.0,3.0,Passenger car,1,"267,621",True,BLACK,2.0,FEMALE,"539,142",16630434
"675,993",1,25.0,1.0,Large passenger vehicle,2,"267,667",True,WHITE,1.0,MALE,"539,238",16631555
"676,003",1,35.0,4.0,Large passenger vehicle,2,"267,672",True,ASIAN,1.0,MALE,"539,250",16631560
"676,114",1,33.0,1.0,Motorcycle,3,"267,730",True,WHITE,1.0,MALE,"539,369",16631720
"676,116",1,30.0,1.0,Pedestrian,7,"267,731",True,WHITE,2.0,FEMALE,"539,372",16631721
"676,153",1,31.0,1.0,Motorcycle,3,"267,750",True,WHITE,1.0,MALE,"539,412",16631766
"676,215",1,75.0,1.0,Pedestrian,7,"267,782",True,WHITE,1.0,MALE,"539,480",16631846
"676,229",1,64.0,1.0,Pedestrian,7,"267,789",True,WHITE,1.0,MALE,"539,495",16631855
"676,462",1,34.0,1.0,Passenger car,1,"267,908",True,WHITE,2.0,FEMALE,"539,737",16634012
"676,542",1,21.0,1.0,Bicycle,5,"267,945",True,WHITE,2.0,FEMALE,"539,824",16634086
"676,544",1,44.0,1.0,Passenger car,1,"267,947",True,WHITE,2.0,FEMALE,"539,826",16634088
"676,994",1,63.0,1.0,Motorcycle,3,"268,191",True,WHITE,1.0,MALE,"540,299",16640052
"677,645",1,34.0,1.0,Pedestrian,7,"268,522",True,WHITE,1.0,MALE,"540,993",16647385
"677,668",1,25.0,1.0,E-scooter,11,"268,534",True,WHITE,1.0,MALE,"541,016",16647399
"677,672",1,41.0,3.0,Motor vehicle – other,4,"268,537",True,BLACK,1.0,MALE,"541,020",16647403
"677,850",1,28.0,2.0,Motorcycle,3,"268,631",True,HISPANIC,2.0,FEMALE,"541,209",16648875
"677,853",1,27.0,1.0,Motorcycle,3,"268,632",True,WHITE,1.0,MALE,"541,212",16648876
"678,131",1,62.0,1.0,Large passenger vehicle,2,"268,786",True,WHITE,1.0,MALE,"541,522",16653187
"678,161",1,24.0,1.0,Pedestrian,7,"268,802",True,WHITE,2.0,FEMALE,"541,553",16653203
"678,198",1,35.0,2.0,Large passenger vehicle,2,"268,823",True,HISPANIC,1.0,MALE,"541,599",16653278
"678,213",1,41.0,2.0,Passenger car,1,"268,829",True,HISPANIC,2.0,FEMALE,"541,614",16653285
"678,618",4,44.0,1.0,Pedestrian,7,"269,054",True,WHITE,1.0,MALE,"542,047",16657112
"678,869",4,29.0,2.0,Pedestrian,7,"269,192",True,HISPANIC,1.0,MALE,"542,313",16662710
"678,945",1,59.0,1.0,Pedestrian,7,"269,230",True,WHITE,1.0,MALE,"542,392",16662820
"679,075",4,40.0,3.0,Passenger car,1,"269,291",True,BLACK,1.0,MALE,"542,530",16662970
"679,140",1,30.0,1.0,Motorcycle,3,"269,323",True,WHITE,1.0,MALE,"542,600",16663021
"679,144",1,40.0,1.0,E-scooter,11,"269,324",True,WHITE,1.0,MALE,"542,604",16663022
"679,225",1,32.0,1.0,Bicycle,5,"269,364",True,WHITE,2.0,FEMALE,"542,691",16663110
"679,236",1,55.0,3.0,Passenger car,1,"269,370",True,BLACK,2.0,FEMALE,"542,703",16663116
"679,264",1,33.0,1.0,Bicycle,5,"269,385",True,WHITE,1.0,MALE,"542,735",16663142
"679,799",1,32.0,3.0,E-scooter,11,"269,656",True,BLACK,1.0,MALE,"543,304",16670369
"679,806",1,54.0,1.0,Bicycle,5,"269,660",True,WHITE,1.0,MALE,"543,312",16670373
"679,854",1,22.0,4.0,Passenger car,1,"269,688",True,ASIAN,2.0,FEMALE,"543,363",16670464
"679,897",1,54.0,1.0,Passenger car,1,"269,713",True,WHITE,2.0,FEMALE,"543,406",16670611
"680,683",1,31.0,4.0,Passenger car,1,"270,124",True,ASIAN,2.0,FEMALE,"544,262",16678938
"680,712",1,57.0,3.0,Large passenger vehicle,2,"270,137",True,BLACK,2.0,FEMALE,"544,292",16679011
"680,748",1,32.0,3.0,Pedestrian,7,"270,156",True,BLACK,1.0,MALE,"544,331",16679063
"680,753",1,28.0,1.0,Large passenger vehicle,2,"270,159",True,WHITE,1.0,MALE,"544,336",16679066
"680,758",1,21.0,4.0,Passenger car,1,"270,163",True,ASIAN,1.0,MALE,"544,341",16679110
"681,279",1,30.0,1.0,Large passenger vehicle,2,"270,446",True,WHITE,2.0,FEMALE,"544,899",16686824
"682,040",1,38.0,2.0,Passenger car,1,"270,857",True,HISPANIC,1.0,MALE,"545,705",16695375
"682,041",1,41.0,4.0,Passenger car,1,"270,857",True,ASIAN,1.0,MALE,"545,706",16695375
"682,157",4,75.0,1.0,Passenger car,1,"270,917",True,WHITE,1.0,MALE,"545,830",16696892
"682,158",1,21.0,2.0,Large passenger vehicle,2,"270,917",True,HISPANIC,1.0,MALE,"545,831",16696892
"682,180",4,34.0,1.0,Pedestrian,7,"270,928",True,WHITE,1.0,MALE,"545,855",16696997
"682,212",1,21.0,2.0,Passenger car,1,"270,942",True,HISPANIC,1.0,MALE,"545,888",16697022
"682,231",1,39.0,1.0,Pedestrian,7,"270,953",True,WHITE,2.0,FEMALE,"545,909",16697078
"682,315",1,30.0,1.0,Passenger car,1,"270,999",True,WHITE,1.0,MALE,"545,994",16697155
"682,338",1,21.0,2.0,Bicycle,5,"271,012",True,HISPANIC,1.0,MALE,"546,021",16697195
"682,451",4,61.0,2.0,Passenger car,1,"271,068",True,HISPANIC,1.0,MALE,"546,139",16698037
"682,474",1,26.0,1.0,Passenger car,1,"271,081",True,WHITE,2.0,FEMALE,"546,162",16698055
"682,482",1,33.0,3.0,Passenger car,1,"271,086",True,BLACK,1.0,MALE,"546,171",16698061
"682,621",1,20.0,3.0,Passenger car,1,"271,160",True,BLACK,1.0,MALE,"546,319",16700797
"682,631",1,,1.0,Pedestrian,7,"271,166",True,WHITE,2.0,FEMALE,"546,331",16700803
"683,036",1,21.0,2.0,Motorcycle,3,"271,373",True,HISPANIC,1.0,MALE,"546,759",16703823
"683,056",1,29.0,1.0,Motorcycle,3,"271,384",True,WHITE,1.0,MALE,"546,780",16703836
"683,106",1,35.0,1.0,Pedestrian,7,"271,409",True,WHITE,1.0,MALE,"546,833",16703867
"683,416",1,39.0,1.0,Pedestrian,7,"271,581",True,WHITE,1.0,MALE,"547,164",16707118
"683,468",1,30.0,2.0,Pedestrian,7,"271,606",True,HISPANIC,2.0,FEMALE,"547,216",16707194
"683,478",1,23.0,3.0,Passenger car,1,"271,611",True,BLACK,2.0,FEMALE,"547,227",16707272
"683,562",4,32.0,1.0,Passenger car,1,"271,654",True,WHITE,1.0,MALE,"547,315",16707362
"683,565",1,23.0,1.0,Passenger car,1,"271,656",True,WHITE,1.0,MALE,"547,318",16707364
"683,580",1,38.0,2.0,Large passenger vehicle,2,"271,664",True,HISPANIC,2.0,FEMALE,"547,334",16707396
"683,790",1,25.0,3.0,Passenger car,1,"271,769",True,BLACK,2.0,FEMALE,"547,553",16709559
"683,791",1,20.0,2.0,Passenger car,1,"271,770",True,HISPANIC,1.0,MALE,"547,554",16709565
"683,860",1,22.0,1.0,Motorcycle,3,"271,805",True,WHITE,1.0,MALE,"547,629",16710343
"684,042",1,22.0,2.0,Pedestrian,7,"271,901",True,HISPANIC,1.0,MALE,"547,820",16712053
"684,061",1,28.0,3.0,Motorcycle,3,"271,911",True,BLACK,1.0,MALE,"547,840",16712065
"684,308",1,27.0,1.0,Motorcycle,3,"272,047",True,WHITE,1.0,MALE,"548,108",16715936
"684,339",1,44.0,2.0,Passenger car,1,"272,064",True,HISPANIC,1.0,MALE,"548,140",16715987
"684,371",1,30.0,0.0,Passenger car,1,"272,081",True,UNKNOWN,1.0,MALE,"548,176",16716010
"684,412",1,32.0,2.0,Bicycle,5,"272,103",True,HISPANIC,1.0,MALE,"548,217",16716061
"684,415",1,33.0,3.0,Large passenger vehicle,2,"272,105",True,BLACK,1.0,MALE,"548,220",16716063
"684,416",1,22.0,3.0,Passenger car,1,"272,105",True,BLACK,2.0,FEMALE,"548,221",16716063
"684,423",1,31.0,1.0,Bicycle,5,"272,108",True,WHITE,1.0,MALE,"548,228",16716067
"684,459",1,50.0,2.0,Passenger car,1,"272,125",True,HISPANIC,2.0,FEMALE,"548,265",16716114
"684,484",1,74.0,1.0,Passenger car,1,"272,138",True,WHITE,1.0,MALE,"548,290",16716128
"684,573",1,19.0,1.0,Motorcycle,3,"272,185",True,WHITE,2.0,FEMALE,"548,386",16716819
"684,786",1,21.0,1.0,Large passenger vehicle,2,"272,298",True,WHITE,2.0,FEMALE,"548,612",16719923
"684,842",1,18.0,2.0,Passenger car,1,"272,322",True,HISPANIC,1.0,MALE,"548,670",16720052
"684,852",1,21.0,4.0,Motorcycle,3,"272,326",True,ASIAN,1.0,MALE,"548,680",16720057
"684,867",1,46.0,2.0,Pedestrian,7,"272,337",True,HISPANIC,1.0,MALE,"548,697",16720126
"684,917",1,40.0,3.0,Passenger car,1,"272,358",True,BLACK,1.0,MALE,"548,747",16720197
"684,918",1,56.0,1.0,Passenger car,1,"272,358",True,WHITE,2.0,FEMALE,"548,748",16720197
"684,964",1,67.0,1.0,Motorcycle,3,"272,384",True,WHITE,1.0,MALE,"548,799",16720262
"685,128",4,29.0,2.0,Pedestrian,7,"272,470",True,HISPANIC,1.0,MALE,"548,971",16723775
"685,219",4,46.0,2.0,Pedestrian,7,"272,522",True,HISPANIC,1.0,MALE,"549,068",16725298
"685,342",1,64.0,1.0,Passenger car,1,"272,584",True,WHITE,2.0,FEMALE,"549,197",16725415
"685,364",1,61.0,1.0,Motorcycle,3,"272,597",True,WHITE,1.0,MALE,"549,219",16725455
"685,553",1,48.0,1.0,Passenger car,1,"272,696",True,WHITE,2.0,FEMALE,"549,419",16728076
"685,554",1,51.0,1.0,Passenger car,1,"272,696",True,WHITE,1.0,MALE,"549,420",16728076
"685,742",1,23.0,1.0,Large passenger vehicle,2,"272,802",True,WHITE,2.0,FEMALE,"549,623",16729753
"686,021",4,68.0,3.0,Pedestrian,7,"272,955",True,BLACK,2.0,FEMALE,"549,923",16735163
"686,029",4,27.0,1.0,Pedestrian,7,"272,959",True,WHITE,1.0,MALE,"549,932",16735167
"686,033",4,21.0,1.0,Pedestrian,7,"272,961",True,WHITE,1.0,MALE,"549,936",16735170
"686,147",4,17.0,4.0,Bicycle,5,"273,019",True,ASIAN,1.0,MALE,"550,058",16735433
"686,228",4,38.0,2.0,Pedestrian,7,"273,063",True,HISPANIC,2.0,FEMALE,"550,145",16735889
"686,344",1,68.0,1.0,Large passenger vehicle,2,"273,127",True,WHITE,1.0,MALE,"550,272",16736114
"686,794",1,53.0,2.0,Passenger car,1,"273,362",True,HISPANIC,1.0,MALE,"550,758",16742203
"686,795",1,32.0,2.0,Passenger car,1,"273,362",True,HISPANIC,2.0,FEMALE,"550,759",16742203
"687,427",1,28.0,2.0,Large passenger vehicle,2,"273,699",True,HISPANIC,2.0,FEMALE,"551,436",16748878
"687,440",1,49.0,1.0,Pedestrian,7,"273,705",True,WHITE,1.0,MALE,"551,451",16748884
"687,512",1,45.0,1.0,Motorcycle,3,"273,743",True,WHITE,1.0,MALE,"551,525",16748964
"687,654",1,18.0,1.0,Passenger car,1,"273,823",True,WHITE,2.0,FEMALE,"551,681",16749138
"687,779",1,30.0,1.0,Pedestrian,7,"273,884",True,WHITE,1.0,MALE,"551,813",16750392
"687,804",1,66.0,1.0,Passenger car,1,"273,893",True,WHITE,2.0,FEMALE,"551,840",16750401
"688,028",1,22.0,2.0,Passenger car,1,"274,012",True,HISPANIC,2.0,FEMALE,"552,092",16753456
"688,314",1,62.0,2.0,Passenger car,1,"274,164",True,HISPANIC,1.0,MALE,"552,393",16758165
"688,350",1,25.0,2.0,Passenger car,1,"274,183",True,HISPANIC,1.0,MALE,"552,430",16758184
"688,374",1,58.0,2.0,Motorcycle,3,"274,196",True,HISPANIC,1.0,MALE,"552,457",16758231
"688,553",4,52.0,5.0,Passenger car,1,"274,288",True,OTHER,2.0,FEMALE,"552,648",16759395
"688,815",1,28.0,1.0,Motorcycle,3,"274,418",True,WHITE,1.0,MALE,"552,925",16761612
"689,082",1,27.0,2.0,Passenger car,1,"274,563",True,HISPANIC,1.0,MALE,"553,217",16765470
"689,151",1,34.0,1.0,Motorcycle,3,"274,598",True,WHITE,1.0,MALE,"553,292",16765723
"689,212",1,9.0,1.0,Pedestrian,7,"274,627",True,WHITE,2.0,FEMALE,"553,355",16765965
"689,229",4,24.0,1.0,Passenger car,1,"274,635",True,WHITE,1.0,MALE,"553,372",16765985
"689,278",1,48.0,3.0,Large passenger vehicle,2,"274,664",True,BLACK,1.0,MALE,"553,425",16768027
"689,557",1,22.0,2.0,Passenger car,1,"274,811",True,HISPANIC,1.0,MALE,"553,721",16772367
"689,624",1,61.0,2.0,Large passenger vehicle,2,"274,845",True,HISPANIC,2.0,FEMALE,"553,793",16772499
"689,657",4,18.0,1.0,Pedestrian,7,"274,863",True,WHITE,1.0,MALE,"553,828",16772596
"689,735",1,18.0,2.0,Passenger car,1,"274,903",True,HISPANIC,1.0,MALE,"553,912",16772679
"689,893",1,26.0,3.0,Passenger car,1,"274,988",True,BLACK,2.0,FEMALE,"554,081",16773760
"689,948",1,38.0,1.0,Large passenger vehicle,2,"275,014",True,WHITE,1.0,MALE,"554,137",16773950
"690,000",1,25.0,3.0,Passenger car,1,"275,040",True,BLACK,1.0,MALE,"554,193",16774273
"690,210",1,37.0,1.0,Motorcycle,3,"275,144",True,WHITE,1.0,MALE,"554,420",16776860
"690,401",4,54.0,5.0,Passenger car,1,"275,239",True,OTHER,1.0,MALE,"554,626",16778948
"690,427",1,24.0,1.0,Passenger car,1,"275,252",True,WHITE,1.0,MALE,"554,653",16778961
"690,430",1,22.0,1.0,Passenger car,1,"275,252",True,WHITE,2.0,FEMALE,"554,656",16778961
"691,052",1,36.0,5.0,Motorcycle,3,"275,586",True,OTHER,1.0,MALE,"555,305",16786324
"691,682",1,57.0,1.0,Pedestrian,7,"275,916",True,WHITE,1.0,MALE,"555,959",16792263
"691,689",1,55.0,1.0,Large passenger vehicle,2,"275,920",True,WHITE,1.0,MALE,"555,966",16792267
"691,716",1,47.0,2.0,Motorcycle,3,"275,933",True,HISPANIC,1.0,MALE,"555,996",16792298
"692,152",1,44.0,2.0,Passenger car,1,"276,156",True,HISPANIC,1.0,MALE,"556,460",16797318
"692,153",1,37.0,1.0,Large passenger vehicle,2,"276,156",True,WHITE,2.0,FEMALE,"556,461",16797318
"692,185",1,46.0,2.0,Passenger car,1,"276,171",True,HISPANIC,2.0,FEMALE,"556,494",16797335
"692,287",1,29.0,1.0,Bicycle,5,"276,225",True,WHITE,1.0,MALE,"556,604",16797626
"692,497",1,48.0,1.0,Passenger car,1,"276,338",True,WHITE,2.0,FEMALE,"556,827",16800839
"693,035",1,30.0,2.0,Large passenger vehicle,2,"276,617",True,HISPANIC,1.0,MALE,"557,393",16805924
"693,063",1,50.0,1.0,Passenger car,1,"276,631",True,WHITE,2.0,FEMALE,"557,421",16806030
"693,698",1,71.0,0.0,Pedestrian,7,"276,948",True,UNKNOWN,1.0,MALE,"558,091",16814708
"693,892",1,27.0,3.0,Motorcycle,3,"277,039",True,BLACK,1.0,MALE,"558,290",16815106
"694,057",1,48.0,1.0,Motorcycle,3,"277,122",True,WHITE,1.0,MALE,"558,465",16815603
"694,071",1,19.0,3.0,Large passenger vehicle,2,"277,129",True,BLACK,1.0,MALE,"558,479",16815610
"694,166",1,82.0,1.0,Pedestrian,7,"277,180",True,WHITE,2.0,FEMALE,"558,582",16815831
"694,494",4,22.0,1.0,Motorcycle,3,"277,357",True,WHITE,1.0,MALE,"558,924",16820163
"694,528",1,38.0,1.0,Passenger car,1,"277,377",True,WHITE,2.0,FEMALE,"558,962",16820283
"694,607",1,69.0,1.0,Passenger car,1,"277,422",True,WHITE,2.0,FEMALE,"559,046",16820420
"695,055",4,40.0,3.0,Pedestrian,7,"277,666",True,BLACK,1.0,MALE,"559,525",16827157
"695,122",1,37.0,2.0,Large passenger vehicle,2,"277,706",True,HISPANIC,1.0,MALE,"559,600",16829243
"695,177",1,29.0,1.0,Motorcycle,3,"277,735",True,WHITE,1.0,MALE,"559,664",16831782
"695,355",1,25.0,2.0,Passenger car,1,"277,835",True,HISPANIC,1.0,MALE,"559,857",16848374
"695,413",1,32.0,2.0,Passenger car,1,"277,866",True,HISPANIC,2.0,FEMALE,"559,917",16861042
"695,590",1,84.0,2.0,Passenger car,1,"277,962",True,HISPANIC,2.0,FEMALE,"560,102",17007199
"695,613",4,29.0,1.0,Pedestrian,7,"277,976",True,WHITE,1.0,MALE,"560,131",17067850
"695,768",1,22.0,1.0,Pedestrian,7,"278,062",True,WHITE,1.0,MALE,"560,295",17158621
"695,840",4,20.0,0.0,Pedestrian,7,"278,102",True,UNKNOWN,1.0,MALE,"560,375",17331180
"695,957",1,31.0,3.0,Passenger car,1,"278,170",True,BLACK,2.0,FEMALE,"560,504",17859780
"695,997",1,26.0,2.0,Large passenger vehicle,2,"278,190",True,HISPANIC,2.0,FEMALE,"560,548",17886642
"696,066",4,28.0,3.0,Passenger car,1,"278,226",True,BLACK,1.0,MALE,"560,627",17935784
"696,090",1,62.0,3.0,Pedestrian,7,"278,240",True,BLACK,1.0,MALE,"560,652",17985603
"696,329",1,23.0,1.0,Motorcycle,3,"245,574",False,WHITE,2.0,FEMALE,"494,494",16186170
"696,606",1,45.0,4.0,Passenger car,1,"246,056",False,ASIAN,2.0,FEMALE,"495,444",16201043
"696,654",1,38.0,1.0,Large passenger vehicle,2,"246,106",False,WHITE,2.0,FEMALE,"495,551",16201381
"696,687",1,32.0,3.0,Passenger car,1,"246,140",False,BLACK,2.0,FEMALE,"495,626",16201459
"697,090",1,30.0,1.0,Large passenger vehicle,2,"246,663",False,WHITE,2.0,FEMALE,"496,663",16209481
"697,091",1,57.0,4.0,Large passenger vehicle,2,"246,663",False,ASIAN,2.0,FEMALE,"496,663",16209481
"697,157",1,21.0,3.0,Passenger car,1,"246,761",False,BLACK,2.0,FEMALE,"496,860",16211790
"697,158",1,20.0,3.0,Passenger car,1,"246,761",False,BLACK,2.0,FEMALE,"496,860",16211790
"697,159",1,21.0,3.0,Passenger car,1,"246,761",False,BLACK,1.0,MALE,"496,860",16211790
"697,194",4,56.0,,Large passenger vehicle,2,"246,834",False,,2.0,FEMALE,"497,023",16212851
"697,624",4,15.0,2.0,Large passenger vehicle,2,"247,477",False,HISPANIC,1.0,MALE,"498,311",16228701
"700,111",1,45.0,3.0,Large passenger vehicle,2,"251,312",False,BLACK,2.0,FEMALE,"506,023",16305955
"700,132",1,30.0,1.0,Large passenger vehicle,2,"251,340",False,WHITE,1.0,MALE,"506,083",16306116
"700,961",1,18.0,2.0,Passenger car,1,"252,599",False,HISPANIC,1.0,MALE,"508,599",16330215
"701,474",1,20.0,2.0,Large passenger vehicle,2,"253,260",False,HISPANIC,2.0,FEMALE,"509,948",16344687
"701,603",1,4.0,2.0,Passenger car,1,"253,448",False,HISPANIC,2.0,FEMALE,"510,323",16347298
"701,633",1,17.0,2.0,Passenger car,1,"253,493",False,HISPANIC,1.0,MALE,"510,425",16348147
"701,680",1,35.0,3.0,Passenger car,1,"253,556",False,BLACK,2.0,FEMALE,"510,564",16349239
"702,189",1,0.0,2.0,Passenger car,1,"254,241",False,HISPANIC,1.0,MALE,"511,950",16363407
"702,821",1,69.0,2.0,Passenger car,1,"255,094",False,HISPANIC,2.0,FEMALE,"513,695",16380850
"703,295",4,27.0,1.0,Passenger car,1,"255,783",False,WHITE,1.0,MALE,"515,113",16394554
"703,692",1,19.0,2.0,Large passenger vehicle,2,"256,337",False,HISPANIC,1.0,MALE,"516,196",16402832
"703,970",1,59.0,1.0,Motorcycle,3,"256,646",False,WHITE,2.0,FEMALE,"516,816",16409433
"704,036",1,19.0,,Passenger car,1,"256,719",False,,1.0,MALE,"516,974",16409678
"704,126",1,23.0,3.0,Passenger car,1,"256,844",False,BLACK,2.0,FEMALE,"517,216",16412253
"704,203",1,16.0,2.0,Passenger car,1,"256,958",False,HISPANIC,2.0,FEMALE,"517,475",16414080
"704,205",1,91.0,,Passenger car,1,"256,959",False,,2.0,FEMALE,"517,476",16414081
"704,457",1,37.0,1.0,Large passenger vehicle,2,"257,314",False,WHITE,2.0,FEMALE,"518,199",16423666
"704,537",1,34.0,1.0,Motorcycle,3,"257,420",False,WHITE,1.0,MALE,"518,425",16424094
"704,908",1,32.0,4.0,Motorcycle,3,"257,970",False,ASIAN,2.0,FEMALE,"519,553",16434686
"704,913",1,18.0,2.0,Passenger car,1,"257,980",False,HISPANIC,2.0,FEMALE,"519,574",16434697
"704,915",1,14.0,2.0,Passenger car,1,"257,980",False,HISPANIC,2.0,FEMALE,"519,574",16434697
"704,916",1,15.0,2.0,Passenger car,1,"257,980",False,HISPANIC,1.0,MALE,"519,574",16434697
"704,919",1,34.0,2.0,Passenger car,1,"257,997",False,HISPANIC,2.0,FEMALE,"519,610",16434807
"704,920",1,2.0,2.0,Passenger car,1,"257,997",False,HISPANIC,2.0,FEMALE,"519,610",16434807
"705,326",1,64.0,2.0,Large passenger vehicle,2,"258,571",False,HISPANIC,2.0,FEMALE,"520,785",16448134
"705,337",1,26.0,2.0,Passenger car,1,"258,582",False,HISPANIC,2.0,FEMALE,"520,812",16448167
"705,717",1,44.0,1.0,Passenger car,1,"259,086",False,WHITE,1.0,MALE,"521,844",16459611
"705,744",1,42.0,2.0,Large passenger vehicle,2,"259,104",False,HISPANIC,1.0,MALE,"521,880",16459656
"705,911",4,56.0,1.0,Motorcycle,3,"259,353",False,WHITE,2.0,FEMALE,"522,360",16465523
"705,913",1,25.0,2.0,Motorcycle,3,"259,354",False,HISPANIC,2.0,FEMALE,"522,362",16465524
"705,936",1,20.0,2.0,Passenger car,1,"259,394",False,HISPANIC,1.0,MALE,"522,440",16465613
"705,937",1,19.0,2.0,Passenger car,1,"259,394",False,HISPANIC,1.0,MALE,"522,440",16465613
"706,123",1,27.0,1.0,Passenger car,1,"259,639",False,WHITE,1.0,MALE,"522,937",16472889
"706,124",1,0.0,1.0,Passenger car,1,"259,639",False,WHITE,1.0,MALE,"522,937",16472889
"706,178",1,36.0,1.0,Passenger car,1,"259,714",False,WHITE,2.0,FEMALE,"523,101",16473139
"706,516",1,24.0,2.0,Passenger car,1,"260,273",False,HISPANIC,2.0,FEMALE,"524,217",16484875
"707,065",1,61.0,2.0,Passenger car,1,"260,984",False,HISPANIC,2.0,FEMALE,"525,686",16498242
"707,799",1,35.0,1.0,Large passenger vehicle,2,"261,851",False,WHITE,1.0,MALE,"527,448",16517389
"708,017",1,16.0,2.0,Large passenger vehicle,2,"262,140",False,HISPANIC,2.0,FEMALE,"528,024",16521691
"708,018",1,16.0,2.0,Large passenger vehicle,2,"262,140",False,HISPANIC,2.0,FEMALE,"528,024",16521691
"708,831",1,38.0,2.0,Passenger car,1,"263,250",False,HISPANIC,2.0,FEMALE,"530,218",16555981
"708,832",1,52.0,2.0,Passenger car,1,"263,250",False,HISPANIC,2.0,FEMALE,"530,218",16555981
"709,099",1,33.0,2.0,Passenger car,1,"263,555",False,HISPANIC,2.0,FEMALE,"530,856",16557760
"709,323",1,20.0,3.0,Passenger car,1,"263,889",False,BLACK,1.0,MALE,"531,558",16558275
"709,324",1,18.0,3.0,Passenger car,1,"263,889",False,BLACK,1.0,MALE,"531,558",16558275
"709,348",1,16.0,3.0,Passenger car,1,"263,935",False,BLACK,1.0,MALE,"531,647",16558365
"709,349",1,64.0,4.0,Passenger car,1,"263,935",False,ASIAN,2.0,FEMALE,"531,648",16558365
"710,206",1,30.0,2.0,Passenger car,1,"265,113",False,HISPANIC,1.0,MALE,"534,042",16580958
"710,210",1,16.0,2.0,Passenger car,1,"265,119",False,HISPANIC,1.0,MALE,"534,054",16580995
"710,454",1,40.0,1.0,Large passenger vehicle,2,"265,471",False,WHITE,1.0,MALE,"534,793",16588247
"710,510",1,,1.0,Passenger car,1,"265,560",False,WHITE,2.0,FEMALE,"534,991",16588875
"710,717",1,13.0,2.0,Passenger car,1,"265,833",False,HISPANIC,2.0,FEMALE,"535,559",16594821
"711,061",1,18.0,3.0,Passenger car,1,"266,315",False,BLACK,1.0,MALE,"536,527",16604463
"711,097",1,37.0,2.0,Passenger car,1,"266,384",False,HISPANIC,2.0,FEMALE,"536,677",16604667
"711,121",1,36.0,1.0,Motorcycle,3,"266,423",False,WHITE,2.0,FEMALE,"536,765",16605057
"711,307",4,21.0,2.0,Large passenger vehicle,2,"266,681",False,HISPANIC,1.0,MALE,"537,287",16610603
"711,985",1,45.0,3.0,Passenger car,1,"267,621",False,BLACK,1.0,MALE,"539,142",16630434
"712,382",4,10.0,2.0,Passenger car,1,"268,234",False,HISPANIC,1.0,MALE,"540,384",16640180
"712,828",1,48.0,2.0,Passenger car,1,"268,937",False,HISPANIC,2.0,FEMALE,"541,822",16653547
"713,188",1,36.0,3.0,Passenger car,1,"269,370",False,BLACK,1.0,MALE,"542,704",16663116
"713,725",1,24.0,3.0,Large passenger vehicle,2,"270,133",False,BLACK,1.0,MALE,"544,283",16679007
"713,729",4,52.0,3.0,Large passenger vehicle,2,"270,137",False,BLACK,1.0,MALE,"544,292",16679011
"713,730",1,13.0,3.0,Large passenger vehicle,2,"270,137",False,BLACK,1.0,MALE,"544,292",16679011
"714,144",1,17.0,2.0,Passenger car,1,"270,857",False,HISPANIC,1.0,MALE,"545,705",16695375
"714,145",1,38.0,4.0,Passenger car,1,"270,857",False,ASIAN,2.0,FEMALE,"545,706",16695375
"714,182",1,46.0,2.0,Large passenger vehicle,2,"270,917",False,HISPANIC,1.0,MALE,"545,831",16696892
"714,258",1,24.0,1.0,Passenger car,1,"270,999",False,WHITE,2.0,FEMALE,"545,994",16697155
"714,329",1,28.0,1.0,Passenger car,1,"271,075",False,WHITE,2.0,FEMALE,"546,151",16698049
"714,510",1,27.0,2.0,Motorcycle,3,"271,373",False,HISPANIC,2.0,FEMALE,"546,759",16703823
"714,742",1,34.0,1.0,Passenger car,1,"271,654",False,WHITE,2.0,FEMALE,"547,315",16707362
"714,743",1,22.0,1.0,Passenger car,1,"271,656",False,WHITE,2.0,FEMALE,"547,318",16707364
"714,813",1,29.0,3.0,Passenger car,1,"271,769",False,BLACK,1.0,MALE,"547,553",16709559
"714,837",1,24.0,1.0,Large passenger vehicle,2,"271,801",False,WHITE,2.0,FEMALE,"547,618",16710338
"715,023",1,38.0,3.0,Large passenger vehicle,2,"272,105",False,BLACK,2.0,FEMALE,"548,220",16716063
"715,329",1,30.0,2.0,Passenger car,1,"272,544",False,HISPANIC,2.0,FEMALE,"549,111",16725346
"715,333",1,5.0,2.0,Large passenger vehicle,2,"272,544",False,HISPANIC,1.0,MALE,"549,112",16725346
"715,473",1,8.0,1.0,Passenger car,1,"272,696",False,WHITE,1.0,MALE,"549,419",16728076
"715,474",1,6.0,1.0,Passenger car,1,"272,696",False,WHITE,1.0,MALE,"549,419",16728076
"715,726",1,64.0,2.0,Large passenger vehicle,2,"273,039",False,HISPANIC,2.0,FEMALE,"550,095",16735588
"717,220",1,38.0,1.0,Passenger car,1,"274,982",False,WHITE,1.0,MALE,"554,070",16773754
"717,231",1,62.0,3.0,Passenger car,1,"274,993",False,BLACK,2.0,FEMALE,"554,091",16773765
"717,378",1,26.0,1.0,Passenger car,1,"275,252",False,WHITE,1.0,MALE,"554,653",16778961
"717,571",1,31.0,2.0,Passenger car,1,"275,623",False,HISPANIC,1.0,MALE,"555,368",16786467
"717,598",1,34.0,2.0,Passenger car,1,"275,662",False,HISPANIC,1.0,MALE,"555,442",16786589
"717,709",1,22.0,1.0,Motor vehicle – other,4,"275,817",False,WHITE,2.0,FEMALE,"555,747",16790267
"718,126",1,24.0,3.0,Passenger car,1,"276,379",False,BLACK,2.0,FEMALE,"556,916",16801050
"718,136",1,39.0,3.0,Passenger car,1,"276,388",False,BLACK,1.0,MALE,"556,938",16801064
"718,794",1,47.0,2.0,Passenger car,1,"277,165",False,HISPANIC,1.0,MALE,"558,548",16815809
"719,006",1,16.0,2.0,Passenger car,1,"277,441",False,HISPANIC,1.0,MALE,"559,087",16820456
"719,267",4,38.0,2.0,Large passenger vehicle,2,"277,706",False,HISPANIC,1.0,MALE,"559,600",16829243
"719,348",4,25.0,2.0,Passenger car,1,"277,835",False,HISPANIC,2.0,FEMALE,"559,857",16848374
"719,349",1,26.0,2.0,Passenger car,1,"277,835",False,HISPANIC,1.0,MALE,"559,857",16848374
"719,607",1,48.0,2.0,Bicycle,5,"278,335",True,HISPANIC,1.0,MALE,"560,827",19315139
"719,629",1,21.0,2.0,Passenger car,1,"278,349",True,HISPANIC,1.0,MALE,"560,854",19315218
"719,630",1,25.0,2.0,Passenger car,1,"278,349",True,HISPANIC,1.0,MALE,"560,855",19315218
"719,642",1,40.0,2.0,Passenger car,1,"278,357",True,HISPANIC,2.0,FEMALE,"560,868",19315276
"719,695",1,,1.0,Passenger car,1,"278,388",True,WHITE,2.0,FEMALE,"560,925",19315493
"719,970",4,58.0,1.0,Pedestrian,7,"278,537",True,WHITE,1.0,MALE,"561,223",19320731
"719,988",1,27.0,2.0,Passenger car,1,"278,548",True,HISPANIC,1.0,MALE,"561,241",19320744
"720,024",1,49.0,3.0,Motorcycle,3,"278,566",True,BLACK,1.0,MALE,"561,279",19320787
"720,271",1,66.0,1.0,Passenger car,1,"278,697",True,WHITE,2.0,FEMALE,"561,544",19324917
"720,368",1,26.0,1.0,Motorcycle,3,"278,746",True,WHITE,1.0,MALE,"561,649",19325046
"720,409",1,31.0,1.0,Large passenger vehicle,2,"278,770",True,WHITE,2.0,FEMALE,"561,695",19325105
"720,422",1,26.0,2.0,Passenger car,1,"278,777",True,HISPANIC,1.0,MALE,"561,708",19325112
"720,825",4,73.0,1.0,Passenger car,1,"278,991",True,WHITE,1.0,MALE,"562,144",19329557
"720,963",4,63.0,3.0,Pedestrian,7,"279,064",True,BLACK,1.0,MALE,"562,292",19331134
"721,489",1,47.0,4.0,Passenger car,1,"279,343",True,ASIAN,1.0,MALE,"562,859",19338022
"721,605",4,26.0,1.0,Pedestrian,7,"279,402",True,WHITE,2.0,FEMALE,"562,977",19340011
"721,623",1,25.0,2.0,Large passenger vehicle,2,"279,411",True,HISPANIC,1.0,MALE,"563,000",19340020
"721,639",1,30.0,3.0,Passenger car,1,"279,420",True,BLACK,1.0,MALE,"563,017",19340078
"721,640",1,28.0,2.0,Large passenger vehicle,2,"279,420",True,HISPANIC,1.0,MALE,"563,018",19340078
"721,672",4,63.0,1.0,Pedestrian,7,"279,432",True,WHITE,1.0,MALE,"563,052",19340147
"721,758",1,53.0,4.0,Pedestrian,7,"279,474",True,ASIAN,1.0,MALE,"563,143",19340297
"721,811",1,38.0,5.0,Pedestrian,7,"279,505",True,OTHER,2.0,FEMALE,"563,201",19340368
"721,821",1,46.0,3.0,Passenger car,1,"279,511",True,BLACK,2.0,FEMALE,"563,212",19340380
"721,823",1,25.0,3.0,Passenger car,1,"279,512",True,BLACK,2.0,FEMALE,"563,214",19340381
"721,859",1,40.0,2.0,Motorcycle,3,"279,531",True,HISPANIC,1.0,MALE,"563,251",19340460
"721,917",1,43.0,1.0,Large passenger vehicle,2,"279,561",True,WHITE,2.0,FEMALE,"563,318",19340558
"722,096",1,38.0,2.0,Large passenger vehicle,2,"279,652",True,HISPANIC,1.0,MALE,"563,510",19342461
"722,156",1,59.0,1.0,Bicycle,5,"279,683",True,WHITE,2.0,FEMALE,"563,574",19342526
"722,257",1,32.0,1.0,Bicycle,5,"279,740",True,WHITE,1.0,MALE,"563,686",19344475
"722,295",1,31.0,1.0,Passenger car,1,"279,758",True,WHITE,1.0,MALE,"563,726",19344551
"722,319",1,27.0,3.0,Motorcycle,3,"279,772",True,BLACK,2.0,FEMALE,"563,752",19344567
"722,343",1,43.0,1.0,Large passenger vehicle,2,"279,786",True,WHITE,2.0,FEMALE,"563,777",19345036
"722,365",4,79.0,1.0,Large passenger vehicle,2,"279,798",True,WHITE,1.0,MALE,"563,799",19345429
"722,570",1,30.0,2.0,Pedestrian,7,"279,908",True,HISPANIC,1.0,MALE,"564,020",19347363
"722,856",1,37.0,3.0,Passenger car,1,"280,064",True,BLACK,1.0,MALE,"564,324",19351491
"723,263",1,19.0,2.0,Passenger car,1,"280,279",True,HISPANIC,1.0,MALE,"564,771",19355409
"723,428",4,68.0,4.0,Pedestrian,7,"280,362",True,ASIAN,1.0,MALE,"564,945",19356805
"723,583",1,31.0,1.0,Passenger car,1,"280,438",True,WHITE,1.0,MALE,"565,117",19357371
"723,805",1,33.0,2.0,Passenger car,1,"280,561",True,HISPANIC,2.0,FEMALE,"565,358",19360835
"723,839",1,42.0,3.0,Passenger car,1,"280,577",True,BLACK,1.0,MALE,"565,394",19360909
"723,888",1,55.0,1.0,Pedestrian,7,"280,606",True,WHITE,1.0,MALE,"565,443",19360987
"723,899",1,38.0,3.0,Passenger car,1,"280,615",True,BLACK,2.0,FEMALE,"565,454",19360999
"724,708",1,48.0,3.0,Passenger car,1,"281,067",True,BLACK,1.0,MALE,"566,337",19373799
"724,723",4,70.0,1.0,Pedestrian,7,"281,071",True,WHITE,2.0,FEMALE,"566,354",19373803
"724,975",1,60.0,2.0,Passenger car,1,"281,207",True,HISPANIC,1.0,MALE,"566,626",19375231
"724,994",1,32.0,2.0,E-scooter,11,"281,218",True,HISPANIC,2.0,FEMALE,"566,645",19375242
"724,998",1,30.0,2.0,Passenger car,1,"281,221",True,HISPANIC,1.0,MALE,"566,649",19375245
"725,077",4,7.0,2.0,Pedestrian,7,"281,262",True,HISPANIC,2.0,FEMALE,"566,734",19375359
"725,078",1,62.0,2.0,Pedestrian,7,"281,262",True,HISPANIC,1.0,MALE,"566,735",19375359
"725,110",1,30.0,1.0,Passenger car,1,"281,279",True,WHITE,2.0,FEMALE,"566,772",19375400
"725,146",1,57.0,4.0,Passenger car,1,"281,294",True,ASIAN,2.0,FEMALE,"566,810",19375415
"725,194",1,56.0,3.0,Pedestrian,7,"281,321",True,BLACK,1.0,MALE,"566,862",19375700
"725,658",1,49.0,3.0,Passenger car,1,"281,568",True,BLACK,2.0,FEMALE,"567,365",19381599
"725,664",1,58.0,3.0,Pedestrian,7,"281,571",True,BLACK,2.0,FEMALE,"567,371",19381602
"725,837",1,35.0,1.0,Large passenger vehicle,2,"281,668",True,WHITE,2.0,FEMALE,"567,555",19383678
"725,968",1,24.0,2.0,Large passenger vehicle,2,"281,737",True,HISPANIC,1.0,MALE,"567,694",19385258
"726,074",1,34.0,1.0,Motorcycle,3,"281,789",True,WHITE,1.0,MALE,"567,810",19385430
"726,076",1,69.0,3.0,Passenger car,1,"281,790",True,BLACK,1.0,MALE,"567,812",19385431
"726,394",1,22.0,2.0,Pedestrian,7,"281,969",True,HISPANIC,1.0,MALE,"568,160",19389642
"726,530",4,49.0,1.0,Passenger car,1,"282,036",True,WHITE,2.0,FEMALE,"568,303",19389804
"726,566",1,34.0,2.0,Large passenger vehicle,2,"282,055",True,HISPANIC,1.0,MALE,"568,344",19390146
"726,697",1,20.0,1.0,Large passenger vehicle,2,"282,125",True,WHITE,1.0,MALE,"568,482",19391868
"726,862",1,52.0,1.0,Bicycle,5,"282,212",True,WHITE,1.0,MALE,"568,659",19393238
"726,977",1,32.0,3.0,Passenger car,1,"282,272",True,BLACK,2.0,FEMALE,"568,784",19394545
"727,026",1,48.0,2.0,Large passenger vehicle,2,"282,295",True,HISPANIC,1.0,MALE,"568,835",19394577
"727,408",1,37.0,2.0,Passenger car,1,"282,498",True,HISPANIC,2.0,FEMALE,"569,254",19400980
"727,409",1,43.0,1.0,Large passenger vehicle,2,"282,499",True,WHITE,2.0,FEMALE,"569,256",19400981
"727,502",1,,3.0,Pedestrian,7,"282,547",True,BLACK,1.0,MALE,"569,361",19401165
"727,625",1,32.0,1.0,Passenger car,1,"282,609",True,WHITE,1.0,MALE,"569,489",19401848
"727,650",1,50.0,2.0,Passenger car,1,"282,625",True,HISPANIC,1.0,MALE,"569,520",19401864
"727,679",1,45.0,1.0,Pedestrian,7,"282,638",True,WHITE,1.0,MALE,"569,549",19401916
"727,694",1,34.0,2.0,Passenger car,1,"282,645",True,HISPANIC,2.0,FEMALE,"569,570",19401923
"727,771",1,62.0,1.0,Passenger car,1,"282,684",True,WHITE,1.0,MALE,"569,651",19403529
"727,850",1,17.0,1.0,Motorcycle,3,"282,726",True,WHITE,1.0,MALE,"569,741",19403763
"727,854",1,40.0,3.0,Pedestrian,7,"282,728",True,BLACK,1.0,MALE,"569,747",19403795
"727,977",4,87.0,1.0,Passenger car,1,"282,790",True,WHITE,2.0,FEMALE,"569,875",19405570
"727,978",1,50.0,1.0,Large passenger vehicle,2,"282,790",True,WHITE,2.0,FEMALE,"569,876",19405570
"728,478",1,40.0,1.0,Pedestrian,7,"283,062",True,WHITE,1.0,MALE,"570,421",19410371
"728,483",4,35.0,2.0,Pedestrian,7,"283,065",True,HISPANIC,1.0,MALE,"570,426",19410376
"728,487",1,46.0,2.0,Passenger car,1,"283,067",True,HISPANIC,1.0,MALE,"570,430",19410380
"728,546",1,25.0,1.0,Passenger car,1,"283,103",True,WHITE,1.0,MALE,"570,494",19410500
"728,713",1,36.0,1.0,Pedestrian,7,"283,190",True,WHITE,1.0,MALE,"570,666",19412406
"729,166",1,24.0,1.0,Passenger car,1,"283,431",True,WHITE,1.0,MALE,"571,159",19417609
"729,180",1,37.0,1.0,Passenger car,1,"283,440",True,WHITE,2.0,FEMALE,"571,173",19417904
"729,234",1,41.0,3.0,Motor vehicle – other,4,"283,466",True,BLACK,2.0,FEMALE,"571,235",19418478
"729,518",1,23.0,4.0,Motorcycle,3,"283,616",True,ASIAN,1.0,MALE,"571,539",19422209
"729,572",1,52.0,1.0,Pedestrian,7,"283,643",True,WHITE,2.0,FEMALE,"571,596",19422286
"729,582",4,39.0,1.0,Pedestrian,7,"283,650",True,WHITE,1.0,MALE,"571,607",19422295
"729,584",1,34.0,3.0,Passenger car,1,"283,652",True,BLACK,1.0,MALE,"571,609",19422297
"729,728",1,42.0,1.0,Passenger car,1,"283,729",True,WHITE,1.0,MALE,"571,767",19424286
"729,817",1,46.0,1.0,Motorcycle,3,"283,776",True,WHITE,1.0,MALE,"571,864",19425496
"729,888",1,22.0,1.0,Motorcycle,3,"283,813",True,WHITE,1.0,MALE,"571,941",19426554
"729,903",1,42.0,3.0,Passenger car,1,"283,819",True,BLACK,1.0,MALE,"571,957",19426560
"730,014",1,35.0,1.0,Large passenger vehicle,2,"283,879",True,WHITE,1.0,MALE,"572,072",19426741
"730,131",1,51.0,2.0,Pedestrian,7,"283,941",True,HISPANIC,2.0,FEMALE,"572,199",19426913
"730,311",1,27.0,3.0,Passenger car,1,"284,035",True,BLACK,1.0,MALE,"572,390",19430486
"730,379",1,36.0,1.0,Pedestrian,7,"284,068",True,WHITE,1.0,MALE,"572,460",19430601
"730,399",1,59.0,3.0,Passenger car,1,"284,079",True,BLACK,1.0,MALE,"572,480",19430612
"730,421",4,50.0,3.0,Pedestrian,7,"284,091",True,BLACK,1.0,MALE,"572,506",19430676
"730,838",1,16.0,1.0,Motorcycle,3,"284,310",True,WHITE,1.0,MALE,"572,963",19435559
"730,857",1,28.0,1.0,Large passenger vehicle,2,"284,321",True,WHITE,2.0,FEMALE,"572,986",19435605
"730,863",1,38.0,2.0,Pedestrian,7,"284,324",True,HISPANIC,1.0,MALE,"572,992",19435608
"730,926",1,19.0,2.0,Passenger car,1,"284,362",True,HISPANIC,2.0,FEMALE,"573,068",19435687
"730,938",1,26.0,3.0,Large passenger vehicle,2,"284,370",True,BLACK,1.0,MALE,"573,081",19435696
"730,942",1,43.0,1.0,Pedestrian,7,"284,371",True,WHITE,1.0,MALE,"573,085",19435697
"730,974",4,26.0,0.0,Large passenger vehicle,2,"284,388",True,UNKNOWN,1.0,MALE,"573,118",19435752
"730,985",1,26.0,3.0,Pedestrian,7,"284,392",True,BLACK,2.0,FEMALE,"573,129",19435757
"731,009",1,59.0,3.0,Passenger car,1,"284,404",True,BLACK,1.0,MALE,"573,154",19435802
"731,224",1,36.0,1.0,Pedestrian,7,"284,520",True,WHITE,1.0,MALE,"573,383",19438433
"731,260",4,63.0,1.0,Pedestrian,7,"284,535",True,WHITE,2.0,FEMALE,"573,419",19438467
"731,263",4,21.0,3.0,Motorcycle,3,"284,537",True,BLACK,1.0,MALE,"573,422",19438514
"731,409",1,35.0,2.0,Passenger car,1,"284,612",True,HISPANIC,2.0,FEMALE,"573,578",19440558
"731,584",1,45.0,2.0,Large passenger vehicle,2,"284,699",True,HISPANIC,1.0,MALE,"573,764",19442265
"732,305",4,43.0,1.0,Pedestrian,7,"285,089",True,WHITE,1.0,MALE,"574,552",19450708
"732,392",1,34.0,0.0,Passenger car,1,"285,136",True,UNKNOWN,1.0,MALE,"574,643",19450836
"732,399",1,14.0,1.0,Pedestrian,7,"285,140",True,WHITE,2.0,FEMALE,"574,650",19450840
"732,562",1,18.0,3.0,Passenger car,1,"285,226",True,BLACK,2.0,FEMALE,"574,826",19453100
"732,629",4,37.0,0.0,Bicycle,5,"285,262",True,UNKNOWN,1.0,MALE,"574,900",19454622
"732,650",1,59.0,1.0,E-scooter,11,"285,273",True,WHITE,1.0,MALE,"574,922",19454649
"733,112",1,74.0,1.0,Large passenger vehicle,2,"285,519",True,WHITE,1.0,MALE,"575,419",19459488
"733,426",1,33.0,1.0,Pedestrian,7,"285,681",True,WHITE,2.0,FEMALE,"575,755",19462934
"733,428",1,55.0,1.0,Motorcycle,3,"285,683",True,WHITE,1.0,MALE,"575,757",19462936
"733,456",4,76.0,1.0,Bicycle,5,"285,699",True,WHITE,1.0,MALE,"575,791",19462997
"733,473",1,31.0,1.0,Large passenger vehicle,2,"285,706",True,WHITE,1.0,MALE,"575,809",19463005
"733,812",1,34.0,1.0,Large passenger vehicle,2,"285,888",True,WHITE,1.0,MALE,"576,170",19465546
"734,060",4,57.0,1.0,Large passenger vehicle,2,"286,014",True,WHITE,1.0,MALE,"576,432",19467433
"734,063",1,29.0,2.0,Passenger car,1,"286,016",True,HISPANIC,1.0,MALE,"576,436",19467439
"734,492",1,50.0,1.0,Passenger car,1,"286,229",True,WHITE,1.0,MALE,"576,900",19478382
"734,493",1,23.0,1.0,Passenger car,1,"286,229",True,WHITE,1.0,MALE,"576,901",19478382
"734,536",1,61.0,5.0,Passenger car,1,"286,250",True,OTHER,1.0,MALE,"576,944",19478553
"734,543",1,27.0,1.0,Passenger car,1,"286,255",True,WHITE,2.0,FEMALE,"576,952",19478788
"734,729",1,23.0,3.0,Pedestrian,7,"286,346",True,BLACK,2.0,FEMALE,"577,148",19497809
"734,820",1,21.0,2.0,Large passenger vehicle,2,"286,398",True,HISPANIC,1.0,MALE,"577,247",19532568
"734,837",4,44.0,3.0,Passenger car,1,"286,406",True,BLACK,1.0,MALE,"577,264",19548368
"734,843",1,31.0,3.0,Pedestrian,7,"286,409",True,BLACK,1.0,MALE,"577,270",19552983
"734,847",1,0.0,3.0,Pedestrian,7,"286,411",True,BLACK,1.0,MALE,"577,274",19553692
"734,902",1,72.0,1.0,Passenger car,1,"286,440",True,WHITE,2.0,FEMALE,"577,333",19574434
"734,970",1,53.0,1.0,Motorcycle,3,"286,474",True,WHITE,1.0,MALE,"577,407",20158936
"735,034",4,37.0,2.0,Passenger car,1,"278,342",False,HISPANIC,1.0,MALE,"560,842",19315211
"735,036",1,25.0,2.0,Passenger car,1,"278,342",False,HISPANIC,1.0,MALE,"560,842",19315211
"735,039",1,7.0,2.0,Passenger car,1,"278,342",False,HISPANIC,1.0,MALE,"560,843",19315211
"735,053",1,18.0,2.0,Passenger car,1,"278,357",False,HISPANIC,2.0,FEMALE,"560,868",19315276
"735,155",1,32.0,1.0,Passenger car,1,"278,502",False,WHITE,1.0,MALE,"561,152",19318969
"735,460",1,22.0,2.0,Motorcycle,3,"278,992",False,HISPANIC,2.0,FEMALE,"562,145",19329558
"735,531",1,22.0,2.0,Passenger car,1,"279,135",False,HISPANIC,2.0,FEMALE,"562,439",19332785
"735,532",1,19.0,2.0,Passenger car,1,"279,135",False,HISPANIC,2.0,FEMALE,"562,439",19332785
"735,738",1,25.0,1.0,Passenger car,1,"279,408",False,WHITE,2.0,FEMALE,"562,991",19340017
"735,739",1,27.0,2.0,Large passenger vehicle,2,"279,411",False,HISPANIC,1.0,MALE,"563,000",19340020
"735,745",1,22.0,2.0,Large passenger vehicle,2,"279,420",False,HISPANIC,1.0,MALE,"563,018",19340078
"735,808",1,10.0,3.0,Passenger car,1,"279,511",False,BLACK,2.0,FEMALE,"563,212",19340380
"736,262",1,30.0,3.0,Motor vehicle – other,4,"280,101",False,BLACK,1.0,MALE,"564,406",19352256
"736,552",1,63.0,3.0,Passenger car,1,"280,577",False,BLACK,1.0,MALE,"565,394",19360909
"736,565",4,65.0,2.0,Large passenger vehicle,2,"280,598",False,HISPANIC,2.0,FEMALE,"565,426",19360930
"736,946",1,20.0,2.0,Passenger car,1,"281,209",False,HISPANIC,1.0,MALE,"566,629",19375233
"737,225",1,27.0,2.0,Motorcycle,3,"281,789",False,HISPANIC,1.0,MALE,"567,810",19385430
"737,326",4,,2.0,Large passenger vehicle,2,"281,973",False,HISPANIC,2.0,FEMALE,"568,170",19389646
"737,465",1,,3.0,Passenger car,1,"282,272",False,BLACK,2.0,FEMALE,"568,784",19394545
"737,645",4,25.0,2.0,Large passenger vehicle,2,"282,512",False,HISPANIC,1.0,MALE,"569,289",19400997
"737,706",1,30.0,1.0,Motorcycle,3,"282,605",False,WHITE,1.0,MALE,"569,482",19401844
"737,716",4,40.0,2.0,Passenger car,1,"282,628",False,HISPANIC,1.0,MALE,"569,527",19401867
"737,717",1,46.0,2.0,Passenger car,1,"282,628",False,HISPANIC,1.0,MALE,"569,527",19401867
"737,723",1,,2.0,Passenger car,1,"282,645",False,HISPANIC,2.0,FEMALE,"569,570",19401923
"737,976",1,37.0,1.0,Large passenger vehicle,2,"283,013",False,WHITE,2.0,FEMALE,"570,321",19410265
"738,142",1,77.0,2.0,Passenger car,1,"283,291",False,HISPANIC,2.0,FEMALE,"570,886",19414682
"738,535",1,22.0,1.0,Passenger car,1,"283,878",False,WHITE,1.0,MALE,"572,071",19426740
"738,825",1,29.0,2.0,Large passenger vehicle,2,"284,321",False,HISPANIC,1.0,MALE,"572,986",19435605
"738,903",1,56.0,3.0,Passenger car,1,"284,404",False,BLACK,2.0,FEMALE,"573,154",19435802
"739,057",1,18.0,2.0,Motor vehicle – other,4,"284,612",False,HISPANIC,2.0,FEMALE,"573,579",19440558
"739,058",1,,2.0,Motor vehicle – other,4,"284,612",False,HISPANIC,2.0,FEMALE,"573,579",19440558
"739,501",1,1.0,3.0,Passenger car,1,"285,226",False,BLACK,1.0,MALE,"574,826",19453100
"739,502",1,3.0,3.0,Passenger car,1,"285,226",False,BLACK,2.0,FEMALE,"574,826",19453100
"739,542",1,37.0,1.0,Passenger car,1,"285,287",False,WHITE,2.0,FEMALE,"574,951",19454706
"739,797",1,,3.0,Passenger car,1,"285,694",False,BLACK,1.0,MALE,"575,777",19462992
"740,689",1,25.0,1.0,Motorcycle,3,"286,662",True,WHITE,1.0,MALE,"577,767",19478430
"740,701",4,28.0,1.0,Bicycle,5,"286,668",True,WHITE,1.0,MALE,"577,779",19478437
"740,712",1,21.0,2.0,Passenger car,1,"286,675",True,HISPANIC,1.0,MALE,"577,791",19478445
"740,777",1,65.0,1.0,Bicycle,5,"286,711",True,WHITE,1.0,MALE,"577,861",19478533
"740,788",1,28.0,3.0,Motorcycle,3,"286,717",True,BLACK,1.0,MALE,"577,873",19478539
"740,825",1,33.0,1.0,Motorcycle,3,"286,739",True,WHITE,1.0,MALE,"577,915",19478596
"740,870",1,56.0,2.0,Large passenger vehicle,2,"286,761",True,HISPANIC,1.0,MALE,"577,961",19478689
"741,953",1,24.0,2.0,Passenger car,1,"287,332",True,HISPANIC,1.0,MALE,"579,108",19493420
"741,964",1,65.0,1.0,Bicycle,5,"287,338",True,WHITE,1.0,MALE,"579,119",19493426
"742,069",1,40.0,1.0,Motorcycle,3,"287,394",True,WHITE,1.0,MALE,"579,231",19493594
"742,185",1,20.0,1.0,Motorcycle,3,"287,452",True,WHITE,1.0,MALE,"579,351",19493844
"742,206",1,67.0,1.0,Bicycle,5,"287,461",True,WHITE,1.0,MALE,"579,374",19493853
"742,244",1,29.0,1.0,Pedestrian,7,"287,481",True,WHITE,1.0,MALE,"579,413",19493930
"742,267",1,19.0,2.0,Passenger car,1,"287,493",True,HISPANIC,1.0,MALE,"579,440",19493942
"742,293",1,28.0,2.0,Motorcycle,3,"287,507",True,HISPANIC,1.0,MALE,"579,471",19493999
"742,581",1,38.0,1.0,Bicycle,5,"287,662",True,WHITE,1.0,MALE,"579,779",19497864
"742,617",4,62.0,2.0,Bicycle,5,"287,681",True,HISPANIC,1.0,MALE,"579,820",19497910
"742,733",1,27.0,1.0,Passenger car,1,"287,742",True,WHITE,2.0,FEMALE,"579,946",19499968
"742,735",1,44.0,1.0,Passenger car,1,"287,743",True,WHITE,1.0,MALE,"579,948",19499969
"742,915",1,30.0,1.0,Large passenger vehicle,2,"287,843",True,WHITE,2.0,FEMALE,"580,145",19501854
"742,953",4,56.0,1.0,Bicycle,5,"287,864",True,WHITE,1.0,MALE,"580,188",19501906
"743,356",1,32.0,1.0,Bicycle,5,"288,079",True,WHITE,2.0,FEMALE,"580,617",19508725
"743,389",4,21.0,2.0,Pedestrian,7,"288,098",True,HISPANIC,1.0,MALE,"580,651",19508794
"743,399",1,26.0,3.0,Passenger car,1,"288,103",True,BLACK,2.0,FEMALE,"580,663",19508800
"743,504",1,24.0,2.0,Passenger car,1,"288,150",True,HISPANIC,2.0,FEMALE,"580,776",19508942
"743,774",4,36.0,2.0,Large passenger vehicle,2,"288,297",True,HISPANIC,1.0,MALE,"581,066",19512768
"743,904",1,36.0,2.0,Pedestrian,7,"288,365",True,HISPANIC,1.0,MALE,"581,204",19512913
"744,113",1,28.0,0.0,Passenger car,1,"288,473",True,UNKNOWN,1.0,MALE,"581,434",19515041
"744,372",1,38.0,1.0,Passenger car,1,"288,608",True,WHITE,2.0,FEMALE,"581,716",19518189
"744,383",1,38.0,1.0,Pedestrian,7,"288,614",True,WHITE,1.0,MALE,"581,727",19518200
"744,480",1,26.0,2.0,Large passenger vehicle,2,"288,661",True,HISPANIC,1.0,MALE,"581,828",19518325
"744,507",1,44.0,2.0,Passenger car,1,"288,675",True,HISPANIC,2.0,FEMALE,"581,855",19518348
"744,560",1,22.0,2.0,Motorcycle,3,"288,705",True,HISPANIC,1.0,MALE,"581,916",19518456
"744,802",1,33.0,1.0,Passenger car,1,"288,830",True,WHITE,2.0,FEMALE,"582,176",19523113
"744,843",1,20.0,1.0,Motorcycle,3,"288,848",True,WHITE,1.0,MALE,"582,220",19523147
"744,984",1,34.0,2.0,Passenger car,1,"288,921",True,HISPANIC,1.0,MALE,"582,372",19524038
"745,113",1,50.0,1.0,Motorcycle,3,"288,985",True,WHITE,1.0,MALE,"582,507",19525308
"745,322",1,36.0,3.0,Passenger car,1,"289,091",True,BLACK,1.0,MALE,"582,732",19526916
"745,677",1,24.0,3.0,Passenger car,1,"289,283",True,BLACK,1.0,MALE,"583,113",19532577
"745,699",1,25.0,1.0,Passenger car,1,"289,295",True,WHITE,1.0,MALE,"583,138",19532589
"745,733",1,30.0,1.0,Passenger car,1,"289,315",True,WHITE,2.0,FEMALE,"583,176",19532684
"745,734",1,26.0,3.0,Passenger car,1,"289,315",True,BLACK,1.0,MALE,"583,177",19532684
"745,761",4,39.0,2.0,Motorcycle,3,"289,328",True,HISPANIC,1.0,MALE,"583,206",19532745
"746,076",1,,1.0,Pedestrian,7,"289,498",True,WHITE,1.0,MALE,"583,548",19535910
"746,218",1,19.0,2.0,Bicycle,5,"289,568",True,HISPANIC,2.0,FEMALE,"583,697",19537100
"746,877",1,48.0,2.0,Large passenger vehicle,2,"289,907",True,HISPANIC,1.0,MALE,"584,418",19545875
"747,007",1,53.0,3.0,Pedestrian,7,"289,981",True,BLACK,2.0,FEMALE,"584,558",19546529
"747,102",1,43.0,2.0,Pedestrian,7,"290,038",True,HISPANIC,2.0,FEMALE,"584,664",19546659
"747,137",1,31.0,2.0,Large passenger vehicle,2,"290,059",True,HISPANIC,1.0,MALE,"584,701",19546775
"747,138",1,47.0,2.0,Large passenger vehicle,2,"290,059",True,HISPANIC,1.0,MALE,"584,702",19546775
"747,155",1,61.0,1.0,Passenger car,1,"290,068",True,WHITE,1.0,MALE,"584,720",19547249
"747,239",1,37.0,0.0,Large passenger vehicle,2,"290,114",True,UNKNOWN,1.0,MALE,"584,814",19548142
"747,255",4,43.0,2.0,Pedestrian,7,"290,123",True,HISPANIC,1.0,MALE,"584,834",19548265
"747,397",1,40.0,1.0,Motorcycle,3,"290,190",True,WHITE,1.0,MALE,"584,982",19550506
"747,576",1,62.0,2.0,Passenger car,1,"290,281",True,HISPANIC,2.0,FEMALE,"585,170",19553013
"747,599",1,21.0,2.0,Motorcycle,3,"290,293",True,HISPANIC,1.0,MALE,"585,194",19553097
"747,603",1,58.0,3.0,Bicycle,5,"290,295",True,BLACK,1.0,MALE,"585,198",19553105
"747,832",1,35.0,2.0,Passenger car,1,"290,409",True,HISPANIC,2.0,FEMALE,"585,444",19555228
"748,163",4,41.0,1.0,Large passenger vehicle,2,"290,585",True,WHITE,1.0,MALE,"585,791",19559812
"748,192",1,45.0,2.0,Passenger car,1,"290,601",True,HISPANIC,1.0,MALE,"585,825",19559883
"748,233",1,12.0,3.0,Pedestrian,7,"290,620",True,BLACK,2.0,FEMALE,"585,869",19559947
"748,260",1,69.0,1.0,Motorcycle,3,"290,634",True,WHITE,1.0,MALE,"585,899",19559962
"748,638",1,64.0,1.0,Passenger car,1,"290,828",True,WHITE,1.0,MALE,"586,302",19564777
"749,400",4,33.0,1.0,Motorcycle,3,"291,224",True,WHITE,1.0,MALE,"587,103",19574497
"749,443",4,18.0,2.0,Pedestrian,7,"291,245",True,HISPANIC,1.0,MALE,"587,148",19574555
"749,461",4,34.0,1.0,Motorcycle,3,"291,254",True,WHITE,1.0,MALE,"587,166",19574567
"749,490",4,26.0,2.0,Pedestrian,7,"291,267",True,HISPANIC,1.0,MALE,"587,199",19574625
"749,517",1,50.0,1.0,Large passenger vehicle,2,"291,284",True,WHITE,1.0,MALE,"587,230",19574706
"749,577",1,42.0,1.0,Large passenger vehicle,2,"291,314",True,WHITE,2.0,FEMALE,"587,292",19574779
"749,578",1,28.0,2.0,Motorcycle,3,"291,315",True,HISPANIC,1.0,MALE,"587,293",19574780
"749,635",4,43.0,3.0,Pedestrian,7,"291,345",True,BLACK,1.0,MALE,"587,356",19574861
"749,637",1,20.0,2.0,Passenger car,1,"291,346",True,HISPANIC,1.0,MALE,"587,359",19574862
"749,660",1,27.0,1.0,Motorcycle,3,"291,359",True,WHITE,1.0,MALE,"587,389",19574913
"749,675",1,29.0,1.0,Motorcycle,3,"291,367",True,WHITE,2.0,FEMALE,"587,405",19574921
"749,720",1,33.0,2.0,Motorcycle,3,"291,388",True,HISPANIC,1.0,MALE,"587,453",19574976
"749,864",4,36.0,3.0,Passenger car,1,"291,460",True,BLACK,1.0,MALE,"587,613",19577050
"749,905",1,51.0,1.0,Motor vehicle – other,4,"291,483",True,WHITE,1.0,MALE,"587,659",19577102
"749,916",1,23.0,1.0,Motorcycle,3,"291,489",True,WHITE,1.0,MALE,"587,672",19577117
"750,289",1,26.0,2.0,Passenger car,1,"291,691",True,HISPANIC,2.0,FEMALE,"588,074",19583522
"750,376",4,28.0,2.0,Passenger car,1,"291,737",True,HISPANIC,2.0,FEMALE,"588,171",19583614
"750,881",1,28.0,3.0,Motorcycle,3,"291,996",True,BLACK,1.0,MALE,"588,737",19589471
"750,887",1,75.0,1.0,Passenger car,1,"291,999",True,WHITE,2.0,FEMALE,"588,743",19589476
"750,904",1,63.0,1.0,Motorcycle,3,"292,007",True,WHITE,1.0,MALE,"588,760",19589492
"750,973",1,61.0,1.0,Bicycle,5,"292,042",True,WHITE,1.0,MALE,"588,835",19589570
"751,148",1,42.0,2.0,Large passenger vehicle,2,"292,135",True,HISPANIC,1.0,MALE,"589,026",19591744
"751,174",1,23.0,1.0,Motorcycle,3,"292,151",True,WHITE,1.0,MALE,"589,057",19591792
"751,185",1,47.0,2.0,Passenger car,1,"292,158",True,HISPANIC,1.0,MALE,"589,068",19591799
"751,465",1,50.0,4.0,Large passenger vehicle,2,"292,301",True,ASIAN,1.0,MALE,"589,369",19595396
"751,475",1,97.0,3.0,Passenger car,1,"292,307",True,BLACK,1.0,MALE,"589,381",19595402
"751,516",1,23.0,2.0,Passenger car,1,"292,327",True,HISPANIC,1.0,MALE,"589,423",19595456
"751,517",1,29.0,3.0,Passenger car,1,"292,327",True,BLACK,2.0,FEMALE,"589,424",19595456
"751,675",1,30.0,2.0,Passenger car,1,"292,412",True,HISPANIC,1.0,MALE,"589,596",19598306
"751,798",1,31.0,3.0,Motorcycle,3,"292,476",True,BLACK,1.0,MALE,"589,725",19599648
"751,838",4,27.0,2.0,Motorcycle,3,"292,491",True,HISPANIC,1.0,MALE,"589,771",19599686
"752,010",1,57.0,3.0,Pedestrian,7,"292,581",True,BLACK,1.0,MALE,"589,954",19601533
"752,297",1,18.0,2.0,Large passenger vehicle,2,"292,738",True,HISPANIC,1.0,MALE,"590,262",19606353
"752,507",1,23.0,1.0,Motorcycle,3,"292,843",True,WHITE,1.0,MALE,"590,478",19609575
"752,606",1,28.0,1.0,Pedestrian,7,"292,883",True,WHITE,1.0,MALE,"590,580",19609691
"752,634",4,51.0,2.0,Pedestrian,7,"292,899",True,HISPANIC,1.0,MALE,"590,611",19609765
"752,685",4,18.0,1.0,Pedestrian,7,"292,928",True,WHITE,1.0,MALE,"590,668",19609839
"752,700",1,20.0,2.0,Passenger car,1,"292,937",True,HISPANIC,1.0,MALE,"590,684",19609849
"753,031",1,21.0,1.0,Pedestrian,7,"293,114",True,WHITE,1.0,MALE,"591,047",19613768
"753,636",1,,1.0,Motorcycle,3,"293,427",True,WHITE,1.0,MALE,"591,703",19619464
"753,650",4,65.0,1.0,Pedestrian,7,"293,435",True,WHITE,1.0,MALE,"591,719",19619523
"753,658",1,28.0,1.0,Motorcycle,3,"293,440",True,WHITE,1.0,MALE,"591,729",19619528
"753,724",4,69.0,1.0,Pedestrian,7,"293,471",True,WHITE,2.0,FEMALE,"591,798",19619595
"754,090",1,21.0,2.0,Motorcycle,3,"293,662",True,HISPANIC,1.0,MALE,"592,192",19627312
"754,136",4,62.0,3.0,Pedestrian,7,"293,681",True,BLACK,1.0,MALE,"592,243",19627363
"754,197",1,48.0,1.0,Motorcycle,3,"293,711",True,WHITE,1.0,MALE,"592,312",19627421
"754,200",1,23.0,2.0,Large passenger vehicle,2,"293,713",True,HISPANIC,1.0,MALE,"592,315",19627424
"754,277",1,21.0,1.0,Passenger car,1,"293,754",True,WHITE,2.0,FEMALE,"592,399",19627509
"754,324",1,60.0,1.0,Passenger car,1,"293,777",True,WHITE,1.0,MALE,"592,448",19627573
"754,342",1,17.0,2.0,Passenger car,1,"293,785",True,HISPANIC,2.0,FEMALE,"592,467",19627604
"754,766",4,31.0,3.0,Motorcycle,3,"294,009",True,BLACK,1.0,MALE,"592,926",19633848
"754,820",1,0.0,1.0,Pedestrian,7,"294,036",True,WHITE,1.0,MALE,"592,982",19633956
"755,037",1,44.0,1.0,Motorcycle,3,"294,154",True,WHITE,1.0,MALE,"593,219",19636500
"755,046",1,27.0,1.0,Large passenger vehicle,2,"294,159",True,WHITE,2.0,FEMALE,"593,228",19636510
"755,216",1,39.0,1.0,Large passenger vehicle,2,"294,244",True,WHITE,2.0,FEMALE,"593,407",19638119
"755,336",4,43.0,2.0,Motor vehicle – other,4,"294,305",True,HISPANIC,2.0,FEMALE,"593,538",19638935
"755,374",1,24.0,1.0,Passenger car,1,"294,324",True,WHITE,2.0,FEMALE,"593,580",19639412
"755,971",1,29.0,1.0,Motorcycle,3,"294,643",True,WHITE,1.0,MALE,"594,225",19646044
"756,001",1,20.0,1.0,Motorcycle,3,"294,660",True,WHITE,1.0,MALE,"594,260",19646095
"756,098",1,26.0,1.0,Passenger car,1,"294,706",True,WHITE,2.0,FEMALE,"594,360",19646408
"756,555",4,38.0,1.0,Pedestrian,7,"294,956",True,WHITE,1.0,MALE,"594,849",19653622
"756,609",1,47.0,2.0,Passenger car,1,"294,987",True,HISPANIC,2.0,FEMALE,"594,913",19653744
"756,758",4,65.0,1.0,Motorcycle,3,"295,056",True,WHITE,1.0,MALE,"595,070",19653973
"756,791",1,19.0,1.0,Passenger car,1,"295,074",True,WHITE,1.0,MALE,"595,105",19653992
"756,817",1,19.0,1.0,Bicycle,5,"295,089",True,WHITE,1.0,MALE,"595,132",19654044
"756,842",1,46.0,2.0,Passenger car,1,"295,100",True,HISPANIC,1.0,MALE,"595,157",19654055
"756,847",1,49.0,3.0,Passenger car,1,"295,105",True,BLACK,1.0,MALE,"595,164",19654089
"756,889",1,45.0,2.0,Passenger car,1,"295,125",True,HISPANIC,1.0,MALE,"595,206",19654627
"757,583",1,20.0,2.0,Passenger car,1,"295,488",True,HISPANIC,1.0,MALE,"595,966",19662002
"757,625",1,71.0,3.0,Pedestrian,7,"295,508",True,BLACK,1.0,MALE,"596,012",19662038
"758,225",1,43.0,1.0,Bicycle,5,"295,830",True,WHITE,1.0,MALE,"596,658",19667356
"758,694",1,42.0,1.0,Passenger car,1,"296,066",True,WHITE,1.0,MALE,"597,160",19673166
"759,051",1,65.0,2.0,Passenger car,1,"296,263",True,HISPANIC,1.0,MALE,"597,555",19677572
"759,131",1,42.0,2.0,Pedestrian,7,"296,305",True,HISPANIC,1.0,MALE,"597,647",19677639
"759,154",1,39.0,2.0,Passenger car,1,"296,318",True,HISPANIC,1.0,MALE,"597,671",19677708
"759,242",4,39.0,3.0,Motorcycle,3,"296,363",True,BLACK,1.0,MALE,"597,763",19677784
"759,264",1,41.0,2.0,Passenger car,1,"296,375",True,HISPANIC,1.0,MALE,"597,787",19677832
"759,623",4,77.0,1.0,Large passenger vehicle,2,"296,562",True,WHITE,1.0,MALE,"598,165",19681868
"759,794",1,64.0,4.0,Passenger car,1,"296,650",True,ASIAN,1.0,MALE,"598,348",19683734
"759,901",1,25.0,3.0,Passenger car,1,"296,707",True,BLACK,2.0,FEMALE,"598,468",19684965
"760,296",1,19.0,1.0,Passenger car,1,"296,914",True,WHITE,1.0,MALE,"598,902",19690290
"760,297",1,20.0,1.0,Passenger car,1,"296,914",True,WHITE,2.0,FEMALE,"598,903",19690290
"760,377",4,30.0,3.0,Pedestrian,7,"296,958",True,BLACK,2.0,FEMALE,"598,991",19691631
"760,398",1,22.0,1.0,Passenger car,1,"296,968",True,WHITE,2.0,FEMALE,"599,015",19691641
"760,420",1,34.0,1.0,Motorcycle,3,"296,980",True,WHITE,2.0,FEMALE,"599,038",19691688
"760,495",1,24.0,1.0,Motorcycle,3,"297,014",True,WHITE,1.0,MALE,"599,119",19691746
"760,635",1,31.0,2.0,Passenger car,1,"297,085",True,HISPANIC,1.0,MALE,"599,272",19691926
"760,637",1,58.0,1.0,Bicycle,5,"297,086",True,WHITE,1.0,MALE,"599,274",19691927
"760,842",1,29.0,1.0,Motorcycle,3,"297,189",True,WHITE,1.0,MALE,"599,490",19693170
"760,946",1,69.0,3.0,Large passenger vehicle,2,"297,242",True,BLACK,1.0,MALE,"599,597",19695080
"761,122",1,34.0,1.0,Motorcycle,3,"297,332",True,WHITE,1.0,MALE,"599,780",19696922
"761,163",1,21.0,2.0,Large passenger vehicle,2,"297,355",True,HISPANIC,1.0,MALE,"599,824",19697533
"761,164",1,57.0,1.0,Large passenger vehicle,2,"297,355",True,WHITE,1.0,MALE,"599,825",19697533
"761,559",1,53.0,1.0,Passenger car,1,"297,555",True,WHITE,2.0,FEMALE,"600,240",19701510
"761,561",1,26.0,1.0,Passenger car,1,"297,556",True,WHITE,1.0,MALE,"600,242",19701511
"761,610",1,46.0,2.0,Large passenger vehicle,2,"297,582",True,HISPANIC,1.0,MALE,"600,296",19701574
"761,889",4,50.0,2.0,Passenger car,1,"297,725",True,HISPANIC,2.0,FEMALE,"600,601",19704670
"762,014",1,27.0,2.0,Motorcycle,3,"297,790",True,HISPANIC,1.0,MALE,"600,734",19705673
"762,017",1,25.0,1.0,Large passenger vehicle,2,"297,792",True,WHITE,2.0,FEMALE,"600,737",19705675
"762,244",1,72.0,1.0,Motorcycle,3,"297,905",True,WHITE,1.0,MALE,"600,976",19707479
"762,871",1,36.0,1.0,Motorcycle,3,"298,230",True,WHITE,1.0,MALE,"601,661",19713574
"762,909",1,26.0,3.0,Passenger car,1,"298,252",True,BLACK,2.0,FEMALE,"601,702",19713626
"763,513",1,25.0,2.0,Passenger car,1,"298,561",True,HISPANIC,1.0,MALE,"602,349",19720651
"763,569",1,78.0,1.0,Passenger car,1,"298,588",True,WHITE,1.0,MALE,"602,406",19720705
"764,016",1,42.0,1.0,Bicycle,5,"298,810",True,WHITE,1.0,MALE,"602,885",19724626
"764,029",1,52.0,2.0,Motorcycle,3,"298,818",True,HISPANIC,1.0,MALE,"602,899",19724636
"764,037",1,26.0,1.0,Bicycle,5,"298,822",True,WHITE,1.0,MALE,"602,908",19724659
"764,052",1,38.0,2.0,Passenger car,1,"298,829",True,HISPANIC,1.0,MALE,"602,923",19724765
"764,096",1,44.0,1.0,Pedestrian,7,"298,852",True,WHITE,1.0,MALE,"602,973",19724856
"764,116",1,25.0,3.0,Passenger car,1,"298,861",True,BLACK,1.0,MALE,"602,997",19724875
"764,127",1,46.0,1.0,Bicycle,5,"298,867",True,WHITE,1.0,MALE,"603,008",19724941
"764,230",1,40.0,1.0,Pedestrian,7,"298,920",True,WHITE,2.0,FEMALE,"603,120",19726777
"764,418",1,48.0,2.0,Large passenger vehicle,2,"299,014",True,HISPANIC,1.0,MALE,"603,324",19728965
"765,331",1,38.0,1.0,Pedestrian,7,"299,499",True,WHITE,1.0,MALE,"604,306",19738425
"765,336",1,74.0,1.0,Passenger car,1,"299,502",True,WHITE,1.0,MALE,"604,311",19738428
"765,664",4,39.0,1.0,Pedestrian,7,"299,671",True,WHITE,1.0,MALE,"604,668",19741315
"765,676",4,25.0,2.0,Large passenger vehicle,2,"299,677",True,HISPANIC,2.0,FEMALE,"604,680",19741326
"765,837",4,46.0,3.0,Pedestrian,7,"299,759",True,BLACK,1.0,MALE,"604,848",19742998
"766,457",1,52.0,1.0,Motorcycle,3,"300,081",True,WHITE,1.0,MALE,"605,516",19749081
"766,471",1,24.0,1.0,Passenger car,1,"300,088",True,WHITE,1.0,MALE,"605,532",19749088
"766,473",1,29.0,2.0,Pedestrian,7,"300,089",True,HISPANIC,1.0,MALE,"605,534",19749089
"766,474",1,21.0,2.0,Pedestrian,7,"300,089",True,HISPANIC,2.0,FEMALE,"605,535",19749089
"766,487",4,37.0,1.0,Large passenger vehicle,2,"300,098",True,WHITE,1.0,MALE,"605,552",19749149
"766,493",1,51.0,4.0,Bicycle,5,"300,102",True,ASIAN,2.0,FEMALE,"605,559",19749153
"766,766",1,35.0,2.0,Pedestrian,7,"300,240",True,HISPANIC,1.0,MALE,"605,846",19753459
"766,768",1,60.0,1.0,Pedestrian,7,"300,240",True,WHITE,2.0,FEMALE,"605,848",19753459
"766,837",1,52.0,2.0,Large passenger vehicle,2,"300,276",True,HISPANIC,1.0,MALE,"605,919",19753573
"767,165",1,48.0,1.0,Bicycle,5,"300,449",True,WHITE,1.0,MALE,"606,275",19757203
"767,213",1,28.0,2.0,Passenger car,1,"300,475",True,HISPANIC,1.0,MALE,"606,328",19757576
"767,383",1,27.0,3.0,Motorcycle,3,"300,561",True,BLACK,1.0,MALE,"606,510",19758765
"767,649",1,28.0,1.0,Motorcycle,3,"300,705",True,WHITE,1.0,MALE,"606,793",19761578
"768,014",1,59.0,1.0,Large passenger vehicle,2,"300,897",True,WHITE,1.0,MALE,"607,185",19767695
"768,052",1,23.0,2.0,Passenger car,1,"300,917",True,HISPANIC,1.0,MALE,"607,225",19767736
"768,080",1,40.0,6.0,Pedestrian,7,"300,930",True,AMER. INDIAN/ALASKAN NATIVE,1.0,MALE,"607,256",19767749
"768,103",1,20.0,2.0,E-scooter,11,"300,943",True,HISPANIC,1.0,MALE,"607,281",19767793
"768,353",1,63.0,1.0,Motorcycle,3,"301,069",True,WHITE,1.0,MALE,"607,551",19769982
"768,508",1,21.0,2.0,Passenger car,1,"301,156",True,HISPANIC,1.0,MALE,"607,717",19772178
"768,769",1,26.0,3.0,Large passenger vehicle,2,"301,291",True,BLACK,2.0,FEMALE,"607,993",19774404
"768,785",4,46.0,1.0,Motorcycle,3,"301,301",True,WHITE,1.0,MALE,"608,011",19774459
"768,815",1,55.0,3.0,Motorcycle,3,"301,313",True,BLACK,1.0,MALE,"608,044",19774471
"768,819",1,49.0,2.0,Bicycle,5,"301,315",True,HISPANIC,1.0,MALE,"608,048",19774557
"768,986",1,29.0,2.0,Motorcycle,3,"301,401",True,HISPANIC,1.0,MALE,"608,230",19776431
"769,288",1,20.0,1.0,Motorcycle,3,"301,554",True,WHITE,1.0,MALE,"608,557",19778858
"769,628",4,26.0,3.0,Passenger car,1,"301,727",True,BLACK,1.0,MALE,"608,922",19782230
"769,967",1,31.0,1.0,Passenger car,1,"301,899",True,WHITE,1.0,MALE,"609,279",19786711
"769,972",1,25.0,1.0,Motorcycle,3,"301,901",True,WHITE,1.0,MALE,"609,284",19786713
"769,986",1,31.0,2.0,Passenger car,1,"301,909",True,HISPANIC,2.0,FEMALE,"609,298",19786721
"769,988",1,32.0,2.0,Pedestrian,7,"301,910",True,HISPANIC,2.0,FEMALE,"609,300",19786722
"770,076",4,21.0,1.0,Passenger car,1,"301,959",True,WHITE,1.0,MALE,"609,400",19786884
"770,187",1,48.0,1.0,Pedestrian,7,"302,016",True,WHITE,1.0,MALE,"609,518",19788247
"770,498",1,39.0,1.0,Passenger car,1,"302,180",True,WHITE,2.0,FEMALE,"609,853",19792637
"770,553",1,66.0,1.0,Pedestrian,7,"302,209",True,WHITE,1.0,MALE,"609,911",19792774
"770,746",1,71.0,3.0,Large passenger vehicle,2,"302,314",True,BLACK,1.0,MALE,"610,113",19795281
"770,762",1,46.0,2.0,Passenger car,1,"302,319",True,HISPANIC,2.0,FEMALE,"610,129",19795286
"771,035",4,27.0,1.0,Large passenger vehicle,2,"302,473",True,WHITE,1.0,MALE,"610,428",19799385
"771,040",1,35.0,1.0,Pedestrian,7,"302,475",True,WHITE,1.0,MALE,"610,434",19799387
"771,075",1,32.0,3.0,Passenger car,1,"302,490",True,BLACK,1.0,MALE,"610,470",19799402
"771,126",1,22.0,2.0,Motorcycle,3,"302,519",True,HISPANIC,1.0,MALE,"610,525",19799492
"771,142",1,42.0,1.0,Motorcycle,3,"302,529",True,WHITE,1.0,MALE,"610,542",19799502
"771,149",1,40.0,1.0,Passenger car,1,"302,532",True,WHITE,2.0,FEMALE,"610,549",19799505
"771,286",1,31.0,1.0,Pedestrian,7,"302,606",True,WHITE,1.0,MALE,"610,694",19801009
"771,781",1,30.0,3.0,Bicycle,5,"302,866",True,BLACK,2.0,FEMALE,"611,239",19806153
"771,800",1,60.0,2.0,Large passenger vehicle,2,"302,875",True,HISPANIC,1.0,MALE,"611,258",19806338
"771,879",1,31.0,2.0,Pedestrian,7,"302,917",True,HISPANIC,2.0,FEMALE,"611,345",19807537
"771,975",1,67.0,1.0,Bicycle,5,"302,965",True,WHITE,2.0,FEMALE,"611,452",19808146
"771,983",1,29.0,2.0,Passenger car,1,"302,968",True,HISPANIC,1.0,MALE,"611,460",19808244
"772,459",1,40.0,0.0,Large passenger vehicle,2,"303,225",True,UNKNOWN,2.0,FEMALE,"611,971",19814797
"772,485",1,65.0,1.0,Pedestrian,7,"303,238",True,WHITE,2.0,FEMALE,"611,998",19814861
"772,522",1,18.0,1.0,Passenger car,1,"303,255",True,WHITE,1.0,MALE,"612,035",19814917
"772,625",1,19.0,3.0,E-scooter,11,"303,305",True,BLACK,1.0,MALE,"612,149",19815065
"772,643",1,67.0,1.0,Motorcycle,3,"303,316",True,WHITE,1.0,MALE,"612,168",19815078
"772,644",1,36.0,1.0,Passenger car,1,"303,317",True,WHITE,2.0,FEMALE,"612,169",19815079
"772,661",1,52.0,1.0,Passenger car,1,"303,325",True,WHITE,1.0,MALE,"612,188",19815088
"772,867",1,25.0,1.0,Pedestrian,7,"303,432",True,WHITE,1.0,MALE,"612,415",19816506
"773,776",4,28.0,1.0,Pedestrian,7,"303,900",True,WHITE,1.0,MALE,"613,385",19827195
"773,828",1,21.0,1.0,E-scooter,11,"303,930",True,WHITE,2.0,FEMALE,"613,449",19827301
"773,900",4,37.0,1.0,Pedestrian,7,"303,966",True,WHITE,2.0,FEMALE,"613,524",19827379
"774,308",1,31.0,2.0,Passenger car,1,"304,190",True,HISPANIC,2.0,FEMALE,"613,963",19831489
"774,342",1,38.0,3.0,Passenger car,1,"304,211",True,BLACK,2.0,FEMALE,"614,000",19831543
"774,358",1,36.0,1.0,Passenger car,1,"304,221",True,WHITE,1.0,MALE,"614,018",19831554
"774,388",1,57.0,3.0,Pedestrian,7,"304,235",True,BLACK,1.0,MALE,"614,049",19831672
"774,592",1,21.0,1.0,Motorcycle,3,"304,349",True,WHITE,2.0,FEMALE,"614,259",19833605
"774,979",4,48.0,2.0,Pedestrian,7,"304,561",True,HISPANIC,2.0,FEMALE,"614,672",19838268
"775,079",1,43.0,1.0,Pedestrian,7,"304,621",True,WHITE,1.0,MALE,"614,790",19838494
"775,519",1,69.0,1.0,Passenger car,1,"304,862",True,WHITE,1.0,MALE,"615,252",19843466
"775,732",1,31.0,2.0,Passenger car,1,"304,969",True,HISPANIC,1.0,MALE,"615,478",19845703
"776,257",1,56.0,1.0,Pedestrian,7,"305,245",True,WHITE,1.0,MALE,"616,048",19851129
"776,337",1,60.0,3.0,Bicycle,5,"305,283",True,BLACK,1.0,MALE,"616,137",19851296
"776,573",1,23.0,2.0,Passenger car,1,"305,399",True,HISPANIC,1.0,MALE,"616,386",19854366
"776,574",1,27.0,2.0,Passenger car,1,"305,399",True,HISPANIC,2.0,FEMALE,"616,387",19854366
"776,578",4,27.0,2.0,Pedestrian,7,"305,401",True,HISPANIC,2.0,FEMALE,"616,392",19854368
"776,579",1,26.0,2.0,Pedestrian,7,"305,401",True,HISPANIC,1.0,MALE,"616,393",19854368
"776,726",1,33.0,2.0,Motor vehicle – other,4,"305,477",True,HISPANIC,1.0,MALE,"616,549",19855758
"776,768",4,29.0,4.0,Pedestrian,7,"305,498",True,ASIAN,1.0,MALE,"616,591",19855975
"776,913",1,51.0,1.0,Motorcycle,3,"305,576",True,WHITE,1.0,MALE,"616,744",19857703
"776,940",1,64.0,1.0,Large passenger vehicle,2,"305,589",True,WHITE,1.0,MALE,"616,773",19857716
"776,947",4,29.0,3.0,Large passenger vehicle,2,"305,594",True,BLACK,2.0,FEMALE,"616,780",19857721
"777,824",1,28.0,4.0,Large passenger vehicle,2,"306,073",True,ASIAN,2.0,FEMALE,"617,722",19867328
"777,901",4,68.0,3.0,Pedestrian,7,"306,113",True,BLACK,1.0,MALE,"617,805",19867777
"778,091",4,19.0,2.0,Motorcycle,3,"306,212",True,HISPANIC,1.0,MALE,"618,009",19869540
"778,238",1,25.0,4.0,Passenger car,1,"306,285",True,ASIAN,2.0,FEMALE,"618,159",19871423
"778,409",1,35.0,4.0,Passenger car,1,"306,372",True,ASIAN,2.0,FEMALE,"618,342",19873195
"778,918",1,19.0,1.0,Pedestrian,7,"306,631",True,WHITE,2.0,FEMALE,"618,873",19877491
"779,250",4,63.0,3.0,Pedestrian,7,"306,807",True,BLACK,1.0,MALE,"619,229",19880694
"779,255",1,28.0,2.0,Motorcycle,3,"306,810",True,HISPANIC,1.0,MALE,"619,234",19880697
"779,805",1,18.0,2.0,Passenger car,1,"307,099",True,HISPANIC,1.0,MALE,"619,822",19888323
"779,806",1,49.0,2.0,Large passenger vehicle,2,"307,099",True,HISPANIC,1.0,MALE,"619,823",19888323
"779,946",1,51.0,1.0,Passenger car,1,"307,170",True,WHITE,1.0,MALE,"619,972",19889192
"779,972",4,71.0,1.0,Pedestrian,7,"307,182",True,WHITE,1.0,MALE,"620,000",19889230
"780,130",1,40.0,2.0,Passenger car,1,"307,264",True,HISPANIC,2.0,FEMALE,"620,166",19890612
"780,138",1,69.0,1.0,Passenger car,1,"307,268",True,WHITE,1.0,MALE,"620,176",19890618
"780,143",1,44.0,2.0,Passenger car,1,"307,271",True,HISPANIC,1.0,MALE,"620,181",19890656
"780,150",1,20.0,1.0,Passenger car,1,"307,275",True,WHITE,2.0,FEMALE,"620,190",19890660
"780,540",4,35.0,3.0,Passenger car,1,"307,471",True,BLACK,1.0,MALE,"620,608",19895543
"780,641",1,20.0,3.0,Motorcycle,3,"307,525",True,BLACK,2.0,FEMALE,"620,723",19895727
"780,710",1,36.0,2.0,Pedestrian,7,"307,560",True,HISPANIC,2.0,FEMALE,"620,797",19896236
"781,175",1,28.0,2.0,Passenger car,1,"307,802",True,HISPANIC,1.0,MALE,"621,295",19900809
"781,397",4,37.0,2.0,Pedestrian,7,"307,913",True,HISPANIC,1.0,MALE,"621,533",19904266
"781,544",1,17.0,1.0,Passenger car,1,"307,987",True,WHITE,1.0,MALE,"621,688",19904599
"781,545",1,28.0,2.0,Large passenger vehicle,2,"307,987",True,HISPANIC,1.0,MALE,"621,689",19904599
"781,919",1,52.0,2.0,Large passenger vehicle,2,"308,179",True,HISPANIC,1.0,MALE,"622,093",19907855
"782,000",1,,2.0,Pedestrian,7,"308,224",True,HISPANIC,1.0,MALE,"622,181",19908224
"782,140",1,59.0,2.0,Pedestrian,7,"308,298",True,HISPANIC,1.0,MALE,"622,330",19909738
"782,182",1,64.0,1.0,Pedestrian,7,"308,321",True,WHITE,1.0,MALE,"622,374",19909944
"782,504",1,32.0,1.0,Passenger car,1,"308,493",True,WHITE,1.0,MALE,"622,719",19914326
"782,543",1,26.0,2.0,Pedestrian,7,"308,511",True,HISPANIC,1.0,MALE,"622,760",19914396
"782,593",1,50.0,2.0,Pedestrian,7,"308,541",True,HISPANIC,2.0,FEMALE,"622,815",19914552
"782,597",1,30.0,1.0,Motorcycle,3,"308,544",True,WHITE,2.0,FEMALE,"622,820",19914555
"782,612",1,37.0,1.0,Motorcycle,3,"308,551",True,WHITE,1.0,MALE,"622,835",19914562
"782,615",1,24.0,3.0,Passenger car,1,"308,552",True,BLACK,1.0,MALE,"622,838",19914563
"782,849",1,37.0,0.0,Motorcycle,3,"308,679",True,UNKNOWN,1.0,MALE,"623,099",19917284
"783,494",1,24.0,3.0,Pedestrian,7,"309,006",True,BLACK,2.0,FEMALE,"623,795",19924361
"783,902",1,44.0,1.0,Large passenger vehicle,2,"309,223",True,WHITE,2.0,FEMALE,"624,221",19929074
"784,150",1,17.0,2.0,Motorcycle,3,"309,343",True,HISPANIC,1.0,MALE,"624,482",19930672
"784,225",4,68.0,0.0,Pedestrian,7,"309,380",True,UNKNOWN,1.0,MALE,"624,560",19931222
"784,228",4,62.0,1.0,Pedestrian,7,"309,382",True,WHITE,1.0,MALE,"624,564",19931224
"784,230",4,32.0,1.0,Bicycle,5,"309,383",True,WHITE,1.0,MALE,"624,566",19931225
"784,529",1,53.0,1.0,Pedestrian,7,"309,533",True,WHITE,1.0,MALE,"624,879",19934897
"784,603",1,33.0,1.0,Pedestrian,7,"309,572",True,WHITE,2.0,FEMALE,"624,956",19935712
"784,866",1,34.0,1.0,Pedestrian,7,"309,720",True,WHITE,1.0,MALE,"625,241",19937518
"785,154",1,46.0,1.0,Passenger car,1,"309,878",True,WHITE,2.0,FEMALE,"625,551",19941430
"785,219",1,47.0,2.0,Motorcycle,3,"309,918",True,HISPANIC,1.0,MALE,"625,622",19941474
"785,447",4,63.0,1.0,Pedestrian,7,"310,044",True,WHITE,1.0,MALE,"625,874",19945139
"785,461",4,59.0,1.0,Pedestrian,7,"310,051",True,WHITE,1.0,MALE,"625,889",19945147
"785,997",1,18.0,2.0,Passenger car,1,"310,339",True,HISPANIC,1.0,MALE,"626,461",19952716
"786,150",4,20.0,2.0,Passenger car,1,"310,417",True,HISPANIC,1.0,MALE,"626,625",19954063
"786,331",1,54.0,1.0,Passenger car,1,"310,509",True,WHITE,1.0,MALE,"626,817",19957573
"786,333",1,25.0,1.0,Pedestrian,7,"310,510",True,WHITE,2.0,FEMALE,"626,819",19957574
"786,460",1,29.0,2.0,Large passenger vehicle,2,"310,575",True,HISPANIC,1.0,MALE,"626,949",19963833
"786,550",1,45.0,2.0,Large passenger vehicle,2,"310,620",True,HISPANIC,1.0,MALE,"627,047",19968150
"786,586",4,76.0,1.0,Passenger car,1,"310,642",True,WHITE,2.0,FEMALE,"627,093",19975957
"786,642",4,44.0,1.0,Large passenger vehicle,2,"310,670",True,WHITE,2.0,FEMALE,"627,153",19992362
"786,654",1,34.0,2.0,Passenger car,1,"310,676",True,HISPANIC,2.0,FEMALE,"627,168",19998761
"786,797",1,19.0,1.0,Motorcycle,3,"310,747",True,WHITE,1.0,MALE,"627,314",20136085
"787,477",1,28.0,2.0,Large passenger vehicle,2,"287,353",False,HISPANIC,1.0,MALE,"579,151",19493502
"787,478",1,19.0,2.0,Large passenger vehicle,2,"287,353",False,HISPANIC,1.0,MALE,"579,151",19493502
"787,610",1,40.0,2.0,Passenger car,1,"287,532",False,HISPANIC,2.0,FEMALE,"579,518",19494052
"787,765",1,31.0,2.0,Large passenger vehicle,2,"287,742",False,HISPANIC,1.0,MALE,"579,947",19499968
"788,025",1,25.0,3.0,Passenger car,1,"288,103",False,BLACK,1.0,MALE,"580,663",19508800
"788,026",1,33.0,3.0,Passenger car,1,"288,103",False,BLACK,2.0,FEMALE,"580,663",19508800
"788,027",1,16.0,3.0,Passenger car,1,"288,103",False,BLACK,2.0,FEMALE,"580,663",19508800
"788,028",1,41.0,3.0,Passenger car,1,"288,103",False,BLACK,2.0,FEMALE,"580,663",19508800
"788,818",1,18.0,2.0,Passenger car,1,"289,237",False,HISPANIC,1.0,MALE,"583,019",19531255
"788,939",1,40.0,2.0,Passenger car,1,"289,415",False,HISPANIC,1.0,MALE,"583,382",19534562
"788,965",1,50.0,4.0,Passenger car,1,"289,497",False,ASIAN,2.0,FEMALE,"583,546",19535909
"789,204",1,17.0,3.0,Large passenger vehicle,2,"289,877",False,BLACK,1.0,MALE,"584,358",19545793
"789,281",1,23.0,,Passenger car,1,"290,000",False,,2.0,FEMALE,"584,598",19546584
"789,340",1,51.0,1.0,Passenger car,1,"290,112",False,WHITE,2.0,FEMALE,"584,809",19548132
"789,372",1,33.0,1.0,Large passenger vehicle,2,"290,176",False,WHITE,2.0,FEMALE,"584,946",19550488
"789,521",1,35.0,2.0,Large passenger vehicle,2,"290,368",False,HISPANIC,1.0,MALE,"585,354",19555123
"789,742",1,30.0,2.0,Large passenger vehicle,2,"290,633",False,HISPANIC,2.0,FEMALE,"585,895",19559960
"790,307",1,28.0,2.0,Passenger car,1,"291,302",False,HISPANIC,2.0,FEMALE,"587,272",19574734
"790,331",1,60.0,2.0,Passenger car,1,"291,325",False,HISPANIC,2.0,FEMALE,"587,314",19574790
"790,709",1,55.0,2.0,Passenger car,1,"291,840",False,HISPANIC,2.0,FEMALE,"588,385",19585019
"791,090",1,33.0,2.0,Passenger car,1,"292,311",False,HISPANIC,2.0,FEMALE,"589,389",19595407
"791,447",1,25.0,2.0,Passenger car,1,"292,838",False,HISPANIC,1.0,MALE,"590,467",19609570
"791,539",1,39.0,2.0,Large passenger vehicle,2,"292,963",False,HISPANIC,1.0,MALE,"590,733",19609906
"791,907",1,,,Motor vehicle – other,4,"293,485",False,,0.0,UNKNOWN,"591,837",19619639
"792,085",1,18.0,2.0,Passenger car,1,"293,785",False,HISPANIC,2.0,FEMALE,"592,467",19627604
"793,253",1,39.0,2.0,Passenger car,1,"295,378",False,HISPANIC,1.0,MALE,"595,745",19659622
"793,920",1,64.0,2.0,Passenger car,1,"296,263",False,HISPANIC,2.0,FEMALE,"597,555",19677572
"793,924",1,29.0,2.0,Passenger car,1,"296,282",False,HISPANIC,1.0,MALE,"597,593",19677616
"794,036",1,26.0,3.0,Passenger car,1,"296,434",False,BLACK,1.0,MALE,"597,905",19679108
"794,356",1,20.0,3.0,Passenger car,1,"296,914",False,BLACK,1.0,MALE,"598,903",19690290
"794,910",4,27.0,4.0,Passenger car,1,"297,725",False,ASIAN,1.0,MALE,"600,601",19704670
"794,911",4,26.0,1.0,Passenger car,1,"297,725",False,WHITE,2.0,FEMALE,"600,601",19704670
"794,912",4,26.0,3.0,Passenger car,1,"297,725",False,BLACK,1.0,MALE,"600,601",19704670
"795,301",1,26.0,3.0,Passenger car,1,"298,252",False,BLACK,2.0,FEMALE,"601,702",19713626
"795,528",1,,2.0,Passenger car,1,"298,561",False,HISPANIC,1.0,MALE,"602,349",19720651
"795,529",1,,2.0,Passenger car,1,"298,561",False,HISPANIC,1.0,MALE,"602,349",19720651
"796,244",1,29.0,2.0,Large passenger vehicle,2,"299,502",False,HISPANIC,1.0,MALE,"604,312",19738428
"796,673",1,24.0,1.0,Passenger car,1,"300,088",False,WHITE,2.0,FEMALE,"605,532",19749088
"796,890",1,28.0,2.0,Passenger car,1,"300,475",False,HISPANIC,1.0,MALE,"606,328",19757576
"797,233",1,54.0,1.0,Large passenger vehicle,2,"300,944",False,WHITE,2.0,FEMALE,"607,283",19767794
"797,234",1,48.0,1.0,Large passenger vehicle,2,"300,944",False,WHITE,2.0,FEMALE,"607,283",19767794
"797,309",1,44.0,2.0,Motorcycle,3,"301,069",False,HISPANIC,2.0,FEMALE,"607,551",19769982
"797,463",1,57.0,1.0,Motorcycle,3,"301,313",False,WHITE,2.0,FEMALE,"608,044",19774471
"797,503",1,35.0,2.0,Large passenger vehicle,2,"301,367",False,HISPANIC,2.0,FEMALE,"608,156",19775695
"797,667",4,99.0,2.0,Passenger car,1,"301,638",False,HISPANIC,2.0,FEMALE,"608,734",19780870
"798,040",1,17.0,2.0,Passenger car,1,"302,198",False,HISPANIC,1.0,MALE,"609,891",19792762
"798,089",1,19.0,3.0,Passenger car,1,"302,314",False,BLACK,1.0,MALE,"610,116",19795281
"798,796",1,29.0,3.0,Passenger car,1,"303,532",False,BLACK,2.0,FEMALE,"612,634",19818664
"799,089",1,23.0,1.0,E-scooter,11,"303,930",False,WHITE,1.0,MALE,"613,449",19827301
"799,113",1,27.0,1.0,Other/Unknown,9,"303,977",False,WHITE,1.0,MALE,"613,546",19827422
"799,323",1,84.0,1.0,Passenger car,1,"304,360",False,WHITE,1.0,MALE,"614,281",19833617
"799,731",1,42.0,2.0,Large passenger vehicle,2,"304,969",False,HISPANIC,2.0,FEMALE,"615,479",19845703
"799,986",1,26.0,2.0,Passenger car,1,"305,399",False,HISPANIC,2.0,FEMALE,"616,387",19854366
"800,476",1,29.0,2.0,Passenger car,1,"306,285",False,HISPANIC,2.0,FEMALE,"618,159",19871423
"800,840",1,56.0,1.0,Large passenger vehicle,2,"306,767",False,WHITE,2.0,FEMALE,"619,143",19879903
"801,235",1,11.0,3.0,Passenger car,1,"307,315",False,BLACK,2.0,FEMALE,"620,281",19890757
"801,428",1,40.0,1.0,Passenger car,1,"307,515",False,WHITE,1.0,MALE,"620,701",19895712
"801,431",1,,2.0,Passenger car,1,"307,535",False,HISPANIC,2.0,FEMALE,"620,742",19895788
"801,434",1,10.0,2.0,Passenger car,1,"307,535",False,HISPANIC,2.0,FEMALE,"620,742",19895788
"801,990",4,21.0,2.0,Large passenger vehicle,2,"308,306",False,HISPANIC,1.0,MALE,"622,343",19909756
"802,560",1,50.0,1.0,Large passenger vehicle,2,"309,223",False,WHITE,2.0,FEMALE,"624,221",19929074
"802,561",1,51.0,3.0,Large passenger vehicle,2,"309,223",False,BLACK,1.0,MALE,"624,221",19929074
"802,562",4,50.0,1.0,Large passenger vehicle,2,"309,223",False,WHITE,2.0,FEMALE,"624,221",19929074
"803,310",1,15.0,2.0,Passenger car,1,"310,339",False,HISPANIC,2.0,FEMALE,"626,461",19952716
"803,311",1,15.0,2.0,Passenger car,1,"310,339",False,HISPANIC,1.0,MALE,"626,461",19952716
"803,391",4,30.0,2.0,Passenger car,1,"310,417",False,HISPANIC,1.0,MALE,"626,625",19954063
"803,522",1,22.0,2.0,Large passenger vehicle,2,"310,575",False,HISPANIC,1.0,MALE,"626,949",19963833
"803,669",1,25.0,2.0,Passenger car,1,"310,800",True,HISPANIC,1.0,MALE,"627,420",19954136
"803,695",4,51.0,2.0,Pedestrian,7,"310,816",True,HISPANIC,1.0,MALE,"627,448",19954181
"804,177",1,17.0,1.0,Bicycle,5,"311,088",True,WHITE,1.0,MALE,"627,969",19963733
"804,290",1,21.0,2.0,Passenger car,1,"311,147",True,HISPANIC,1.0,MALE,"628,087",19964009
"804,509",1,24.0,1.0,Motorcycle,3,"311,264",True,WHITE,1.0,MALE,"628,318",19966531
"804,513",1,75.0,1.0,Pedestrian,7,"311,266",True,WHITE,1.0,MALE,"628,322",19966533
"804,763",1,54.0,0.0,Passenger car,1,"311,395",True,UNKNOWN,2.0,FEMALE,"628,587",19969709
"804,868",1,36.0,1.0,Large passenger vehicle,2,"311,451",True,WHITE,2.0,FEMALE,"628,699",19971084
"804,869",1,78.0,1.0,Passenger car,1,"311,451",True,WHITE,2.0,FEMALE,"628,700",19971084
"805,269",1,15.0,2.0,Pedestrian,7,"311,657",True,HISPANIC,1.0,MALE,"629,128",19976051
"805,270",1,17.0,2.0,Pedestrian,7,"311,657",True,HISPANIC,1.0,MALE,"629,129",19976051
"805,298",1,28.0,3.0,Passenger car,1,"311,674",True,BLACK,1.0,MALE,"629,164",19976137
"805,462",4,52.0,1.0,Large passenger vehicle,2,"311,760",True,WHITE,1.0,MALE,"629,343",19979079
"805,633",1,19.0,2.0,Large passenger vehicle,2,"311,847",True,HISPANIC,1.0,MALE,"629,527",19980951
"805,756",1,29.0,1.0,Passenger car,1,"311,913",True,WHITE,2.0,FEMALE,"629,661",19982429
"805,810",1,26.0,2.0,Large passenger vehicle,2,"311,939",True,HISPANIC,1.0,MALE,"629,716",19983051
"805,819",1,21.0,2.0,Large passenger vehicle,2,"311,943",True,HISPANIC,1.0,MALE,"629,725",19983055
"806,203",1,13.0,1.0,Pedestrian,7,"312,146",True,WHITE,1.0,MALE,"630,137",19988557
"806,312",1,29.0,2.0,Pedestrian,7,"312,205",True,HISPANIC,2.0,FEMALE,"630,258",19988702
"806,329",1,49.0,3.0,Passenger car,1,"312,217",True,BLACK,1.0,MALE,"630,276",19988743
"806,330",1,46.0,2.0,Passenger car,1,"312,217",True,HISPANIC,1.0,MALE,"630,277",19988743
"806,378",1,45.0,1.0,Pedestrian,7,"312,244",True,WHITE,1.0,MALE,"630,327",19988794
"806,454",1,44.0,2.0,Large passenger vehicle,2,"312,288",True,HISPANIC,2.0,FEMALE,"630,407",19989964
"806,655",1,36.0,3.0,Large passenger vehicle,2,"312,401",True,BLACK,1.0,MALE,"630,622",19992394
"806,779",1,53.0,1.0,Passenger car,1,"312,469",True,WHITE,1.0,MALE,"630,753",19994042
"807,240",1,18.0,2.0,Pedestrian,7,"312,707",True,HISPANIC,1.0,MALE,"631,240",19998864
"807,294",1,62.0,2.0,Passenger car,1,"312,733",True,HISPANIC,2.0,FEMALE,"631,298",19998984
"807,295",1,38.0,4.0,Large passenger vehicle,2,"312,733",True,ASIAN,2.0,FEMALE,"631,299",19998984
"807,430",1,28.0,1.0,Passenger car,1,"312,811",True,WHITE,1.0,MALE,"631,453",20000714
"807,684",1,74.0,3.0,Passenger car,1,"312,939",True,BLACK,1.0,MALE,"631,728",20003212
"807,788",1,31.0,1.0,Pedestrian,7,"312,987",True,WHITE,1.0,MALE,"631,837",20004259
"807,839",4,39.0,1.0,Pedestrian,7,"313,014",True,WHITE,1.0,MALE,"631,890",20004960
"807,976",1,63.0,1.0,Large passenger vehicle,2,"313,084",True,WHITE,2.0,FEMALE,"632,035",20006129
"808,226",1,31.0,2.0,Passenger car,1,"313,212",True,HISPANIC,1.0,MALE,"632,305",20010086
"808,506",4,43.0,2.0,Large passenger vehicle,2,"313,362",True,HISPANIC,1.0,MALE,"632,607",20012689
"808,531",1,33.0,2.0,Passenger car,1,"313,374",True,HISPANIC,1.0,MALE,"632,633",20012729
"808,546",1,,2.0,Pedestrian,7,"313,382",True,HISPANIC,2.0,FEMALE,"632,648",20012737
"808,717",1,70.0,1.0,Pedestrian,7,"313,468",True,WHITE,1.0,MALE,"632,837",20015090
"809,244",1,44.0,2.0,Passenger car,1,"313,745",True,HISPANIC,2.0,FEMALE,"633,399",20021220
"809,345",1,26.0,1.0,E-scooter,11,"313,805",True,WHITE,1.0,MALE,"633,506",20021355
"809,361",1,31.0,1.0,E-scooter,11,"313,817",True,WHITE,2.0,FEMALE,"633,525",20021369
"809,966",1,30.0,1.0,Pedestrian,7,"314,137",True,WHITE,2.0,FEMALE,"634,162",20027632
"809,971",4,54.0,1.0,Pedestrian,7,"314,139",True,WHITE,1.0,MALE,"634,167",20027634
"811,267",4,35.0,1.0,Motorcycle,3,"314,816",True,WHITE,1.0,MALE,"635,571",20046726
"811,370",1,75.0,1.0,Large passenger vehicle,2,"314,867",True,WHITE,1.0,MALE,"635,685",20046934
"811,542",1,22.0,2.0,Passenger car,1,"314,949",True,HISPANIC,1.0,MALE,"635,867",20047239
"811,846",1,26.0,1.0,Passenger car,1,"315,104",True,WHITE,1.0,MALE,"636,190",20047626
"811,855",1,27.0,2.0,Bicycle,5,"315,111",True,HISPANIC,1.0,MALE,"636,204",20047661
"811,863",1,67.0,1.0,Bicycle,5,"315,115",True,WHITE,1.0,MALE,"636,212",20047665
"811,869",1,19.0,2.0,Large passenger vehicle,2,"315,119",True,HISPANIC,2.0,FEMALE,"636,219",20047670
"811,925",4,38.0,1.0,Pedestrian,7,"315,148",True,WHITE,1.0,MALE,"636,281",20047757
"812,031",1,25.0,3.0,Passenger car,1,"315,198",True,BLACK,1.0,MALE,"636,393",20049320
"812,204",1,43.0,2.0,Pedestrian,7,"315,288",True,HISPANIC,1.0,MALE,"636,577",20051868
"812,636",1,26.0,2.0,Passenger car,1,"315,514",True,HISPANIC,2.0,FEMALE,"637,042",20056138
"812,662",1,25.0,1.0,Large passenger vehicle,2,"315,524",True,WHITE,2.0,FEMALE,"637,070",20056148
"812,665",1,67.0,1.0,Motorcycle,3,"315,526",True,WHITE,1.0,MALE,"637,073",20056150
"812,671",1,36.0,2.0,Bicycle,5,"315,528",True,HISPANIC,1.0,MALE,"637,079",20056152
"812,764",1,53.0,1.0,Bicycle,5,"315,575",True,WHITE,1.0,MALE,"637,173",20056263
"812,768",1,23.0,2.0,Large passenger vehicle,2,"315,577",True,HISPANIC,2.0,FEMALE,"637,177",20056265
"812,769",1,43.0,2.0,Large passenger vehicle,2,"315,577",True,HISPANIC,1.0,MALE,"637,178",20056265
"812,880",1,58.0,2.0,Passenger car,1,"315,641",True,HISPANIC,1.0,MALE,"637,298",20057166
"812,884",1,33.0,1.0,Large passenger vehicle,2,"315,643",True,WHITE,1.0,MALE,"637,303",20057169
"813,141",1,70.0,1.0,Pedestrian,7,"315,775",True,WHITE,2.0,FEMALE,"637,578",20060124
"813,440",1,55.0,1.0,Passenger car,1,"315,937",True,WHITE,2.0,FEMALE,"637,897",20063366
"813,572",1,20.0,1.0,Bicycle,5,"316,000",True,WHITE,1.0,MALE,"638,036",20065205
"813,603",1,30.0,2.0,Passenger car,1,"316,018",True,HISPANIC,1.0,MALE,"638,069",20065336
"814,883",1,57.0,1.0,Pedestrian,7,"316,724",True,WHITE,1.0,MALE,"639,440",20083181
"815,035",1,34.0,1.0,Pedestrian,7,"316,804",True,WHITE,1.0,MALE,"639,615",20083434
"815,179",4,26.0,3.0,Pedestrian,7,"316,882",True,BLACK,1.0,MALE,"639,776",20083635
"815,180",1,34.0,1.0,Pedestrian,7,"316,882",True,WHITE,1.0,MALE,"639,777",20083635
"815,216",4,63.0,1.0,Pedestrian,7,"316,898",True,WHITE,1.0,MALE,"639,817",20083651
"815,219",4,30.0,3.0,Passenger car,1,"316,900",True,BLACK,1.0,MALE,"639,820",20083653
"815,310",4,88.0,1.0,Passenger car,1,"316,955",True,WHITE,1.0,MALE,"639,930",20083812
"815,368",1,26.0,2.0,Large passenger vehicle,2,"316,986",True,HISPANIC,1.0,MALE,"639,993",20083891
"815,493",1,27.0,2.0,Passenger car,1,"317,046",True,HISPANIC,2.0,FEMALE,"640,123",20085483
"815,494",1,27.0,2.0,Passenger car,1,"317,046",True,HISPANIC,2.0,FEMALE,"640,124",20085483
"815,530",1,32.0,5.0,Passenger car,1,"317,067",True,OTHER,1.0,MALE,"640,164",20085529
"815,685",1,34.0,2.0,Passenger car,1,"317,153",True,HISPANIC,1.0,MALE,"640,327",20087605
"815,805",1,22.0,3.0,Passenger car,1,"317,216",True,BLACK,1.0,MALE,"640,457",20088732
"816,209",1,27.0,4.0,Bicycle,5,"317,430",True,ASIAN,1.0,MALE,"640,894",20093620
"816,223",4,32.0,1.0,Pedestrian,7,"317,438",True,WHITE,1.0,MALE,"640,908",20093628
"816,324",1,25.0,1.0,Passenger car,1,"317,491",True,WHITE,1.0,MALE,"641,018",20094097
"816,391",1,53.0,4.0,Passenger car,1,"317,530",True,ASIAN,1.0,MALE,"641,090",20095302
"816,466",1,33.0,1.0,Motorcycle,3,"317,573",True,WHITE,1.0,MALE,"641,174",20096325
"816,563",4,40.0,2.0,Pedestrian,7,"317,624",True,HISPANIC,1.0,MALE,"641,275",20097715
"816,567",4,60.0,1.0,Large passenger vehicle,2,"317,627",True,WHITE,2.0,FEMALE,"641,280",20097876
"816,568",1,48.0,1.0,Large passenger vehicle,2,"317,627",True,WHITE,1.0,MALE,"641,281",20097876
"816,626",1,39.0,1.0,Bicycle,5,"317,656",True,WHITE,1.0,MALE,"641,346",20098427
"816,753",1,52.0,1.0,Motorcycle,3,"317,715",True,WHITE,1.0,MALE,"641,477",20099902
"817,285",1,30.0,1.0,Passenger car,1,"317,998",True,WHITE,1.0,MALE,"642,040",20105011
"817,286",1,30.0,2.0,Large passenger vehicle,2,"317,998",True,HISPANIC,1.0,MALE,"642,041",20105011
"818,003",1,8.0,2.0,Pedestrian,7,"318,368",True,HISPANIC,2.0,FEMALE,"642,812",20112244
"818,015",1,52.0,1.0,Motorcycle,3,"318,373",True,WHITE,1.0,MALE,"642,824",20112252
"818,562",1,40.0,2.0,Bicycle,5,"318,656",True,HISPANIC,1.0,MALE,"643,418",20117561
"818,584",1,44.0,3.0,Bicycle,5,"318,668",True,BLACK,1.0,MALE,"643,442",20117687
"818,638",4,24.0,2.0,Passenger car,1,"318,699",True,HISPANIC,1.0,MALE,"643,501",20117822
"819,334",4,31.0,1.0,Pedestrian,7,"319,075",True,WHITE,1.0,MALE,"644,249",20125801
"819,363",4,37.0,1.0,Pedestrian,7,"319,090",True,WHITE,1.0,MALE,"644,282",20125816
"819,427",1,73.0,1.0,Passenger car,1,"319,125",True,WHITE,2.0,FEMALE,"644,349",20126190
"819,462",1,55.0,1.0,Motorcycle,3,"319,142",True,WHITE,1.0,MALE,"644,385",20126761
"819,543",1,43.0,2.0,Motorcycle,3,"319,187",True,HISPANIC,1.0,MALE,"644,473",20127758
"819,884",1,18.0,1.0,Motorcycle,3,"319,371",True,WHITE,1.0,MALE,"644,843",20130102
"819,896",1,68.0,1.0,Bicycle,5,"319,378",True,WHITE,1.0,MALE,"644,855",20130109
"820,037",1,37.0,3.0,Passenger car,1,"319,448",True,BLACK,1.0,MALE,"645,007",20131981
"820,197",1,26.0,4.0,Passenger car,1,"319,525",True,ASIAN,2.0,FEMALE,"645,184",20134091
"820,237",1,,1.0,Bicycle,5,"319,544",True,WHITE,1.0,MALE,"645,228",20134176
"820,544",1,25.0,3.0,Passenger car,1,"319,702",True,BLACK,2.0,FEMALE,"645,558",20138246
"820,921",1,42.0,1.0,Passenger car,1,"319,908",True,WHITE,1.0,MALE,"645,961",20144539
"820,975",1,48.0,0.0,Passenger car,1,"319,939",True,UNKNOWN,2.0,FEMALE,"646,023",20145304
"821,017",1,33.0,2.0,Passenger car,1,"319,962",True,HISPANIC,2.0,FEMALE,"646,067",20145389
"821,076",1,38.0,3.0,Pedestrian,7,"319,992",True,BLACK,1.0,MALE,"646,131",20145542
"821,165",1,37.0,1.0,Passenger car,1,"320,038",True,WHITE,1.0,MALE,"646,225",20145626
"821,222",1,11.0,1.0,Bicycle,5,"320,068",True,WHITE,1.0,MALE,"646,283",20145683
"821,325",1,33.0,1.0,Large passenger vehicle,2,"320,117",True,WHITE,1.0,MALE,"646,391",20146440
"821,341",1,55.0,1.0,Motorcycle,3,"320,127",True,WHITE,1.0,MALE,"646,408",20146744
"821,391",1,29.0,4.0,Large passenger vehicle,2,"320,155",True,ASIAN,1.0,MALE,"646,462",20147503
"822,187",1,39.0,2.0,Pedestrian,7,"320,579",True,HISPANIC,1.0,MALE,"647,317",20157475
"822,345",1,74.0,1.0,Passenger car,1,"320,665",True,WHITE,2.0,FEMALE,"647,487",20158940
"822,637",1,44.0,3.0,Passenger car,1,"320,818",True,BLACK,2.0,FEMALE,"647,791",20162304
"822,678",1,19.0,2.0,Passenger car,1,"320,834",True,HISPANIC,2.0,FEMALE,"647,833",20162321
"822,680",1,60.0,3.0,Motorcycle,3,"320,835",True,BLACK,1.0,MALE,"647,835",20162322
"822,736",1,53.0,2.0,Large passenger vehicle,2,"320,866",True,HISPANIC,1.0,MALE,"647,894",20162784
"822,751",1,42.0,2.0,Motorcycle,3,"320,873",True,HISPANIC,1.0,MALE,"647,910",20162810
"823,094",1,43.0,1.0,Motorcycle,3,"321,057",True,WHITE,1.0,MALE,"648,278",20167073
"823,168",1,19.0,2.0,Passenger car,1,"321,099",True,HISPANIC,1.0,MALE,"648,361",20167175
"823,175",1,30.0,2.0,Passenger car,1,"321,103",True,HISPANIC,2.0,FEMALE,"648,368",20167179
"823,500",1,32.0,2.0,Passenger car,1,"321,274",True,HISPANIC,2.0,FEMALE,"648,709",20170907
"823,691",1,58.0,2.0,Motorcycle,3,"321,372",True,HISPANIC,1.0,MALE,"648,919",20172516
"823,702",1,22.0,3.0,Motorcycle,3,"321,377",True,BLACK,1.0,MALE,"648,931",20172521
"823,767",1,30.0,2.0,Motorcycle,3,"321,410",True,HISPANIC,1.0,MALE,"649,000",20173285
"823,893",1,22.0,4.0,Motorcycle,3,"321,482",True,ASIAN,1.0,MALE,"649,142",20174349
"823,977",1,22.0,3.0,Large passenger vehicle,2,"321,526",True,BLACK,2.0,FEMALE,"649,233",20175109
"823,982",1,55.0,1.0,Motorcycle,3,"321,528",True,WHITE,1.0,MALE,"649,238",20175111
"824,219",1,37.0,1.0,Passenger car,1,"321,664",True,WHITE,2.0,FEMALE,"649,499",20179352
"824,301",1,19.0,2.0,Passenger car,1,"321,706",True,HISPANIC,2.0,FEMALE,"649,588",20179476
"824,419",1,48.0,2.0,Large passenger vehicle,2,"321,770",True,HISPANIC,1.0,MALE,"649,710",20181034
"824,484",1,53.0,1.0,Large passenger vehicle,2,"321,804",True,WHITE,1.0,MALE,"649,789",20181815
"824,485",1,45.0,2.0,Large passenger vehicle,2,"321,804",True,HISPANIC,1.0,MALE,"649,790",20181815
"824,618",1,25.0,1.0,Motorcycle,3,"321,873",True,WHITE,1.0,MALE,"649,931",20182872
"824,768",1,62.0,1.0,Pedestrian,7,"321,950",True,WHITE,1.0,MALE,"650,092",20184776
"824,771",1,26.0,2.0,Motorcycle,3,"321,952",True,HISPANIC,1.0,MALE,"650,095",20184778
"824,864",4,53.0,3.0,Motorcycle,3,"322,002",True,BLACK,1.0,MALE,"650,191",20185517
"824,870",1,42.0,2.0,Large passenger vehicle,2,"322,005",True,HISPANIC,1.0,MALE,"650,198",20185520
"824,880",4,24.0,2.0,Pedestrian,7,"322,010",True,HISPANIC,1.0,MALE,"650,208",20185682
"824,995",1,22.0,2.0,Passenger car,1,"322,072",True,HISPANIC,2.0,FEMALE,"650,329",20186593
"824,999",4,15.0,1.0,Passenger car,1,"322,074",True,WHITE,2.0,FEMALE,"650,333",20186595
"825,279",1,43.0,1.0,Passenger car,1,"322,227",True,WHITE,1.0,MALE,"650,642",20190927
"825,280",1,45.0,1.0,Passenger car,1,"322,227",True,WHITE,1.0,MALE,"650,643",20190927
"825,341",1,27.0,2.0,Passenger car,1,"322,256",True,HISPANIC,2.0,FEMALE,"650,708",20191046
"825,449",1,28.0,1.0,Passenger car,1,"322,311",True,WHITE,2.0,FEMALE,"650,826",20191199
"825,610",1,32.0,2.0,Passenger car,1,"322,395",True,HISPANIC,1.0,MALE,"651,006",20192423
"825,965",1,27.0,1.0,Pedestrian,7,"322,582",True,WHITE,2.0,FEMALE,"651,383",20195752
"825,978",4,71.0,1.0,Large passenger vehicle,2,"322,588",True,WHITE,1.0,MALE,"651,396",20195758
"826,319",1,33.0,2.0,Large passenger vehicle,2,"322,771",True,HISPANIC,1.0,MALE,"651,763",20199481
"826,747",1,59.0,,Pedestrian,7,"322,989",True,,1.0,MALE,"652,224",20206179
"826,752",4,41.0,1.0,Pedestrian,7,"322,992",True,WHITE,1.0,MALE,"652,229",20206182
"826,795",1,38.0,1.0,Large passenger vehicle,2,"323,011",True,WHITE,2.0,FEMALE,"652,276",20206242
"826,834",1,22.0,2.0,Motorcycle,3,"323,033",True,HISPANIC,2.0,FEMALE,"652,318",20206309
"826,846",1,81.0,1.0,Passenger car,1,"323,039",True,WHITE,1.0,MALE,"652,332",20206315
"826,911",1,63.0,1.0,Motorcycle,3,"323,075",True,WHITE,1.0,MALE,"652,406",20206453
"826,930",1,23.0,1.0,Motorcycle,3,"323,086",True,WHITE,1.0,MALE,"652,425",20206465
"827,101",1,78.0,1.0,Bicycle,5,"323,175",True,WHITE,1.0,MALE,"652,605",20208159
"827,106",1,58.0,3.0,Bicycle,5,"323,178",True,BLACK,2.0,FEMALE,"652,611",20208162
"827,113",1,31.0,2.0,Large passenger vehicle,2,"323,182",True,HISPANIC,2.0,FEMALE,"652,618",20208166
"827,466",1,31.0,1.0,Passenger car,1,"323,368",True,WHITE,1.0,MALE,"652,999",20211834
"827,510",1,35.0,2.0,Passenger car,1,"323,394",True,HISPANIC,1.0,MALE,"653,047",20212275
"827,873",4,61.0,3.0,Passenger car,1,"323,590",True,BLACK,2.0,FEMALE,"653,439",20216750
"827,876",4,32.0,2.0,Passenger car,1,"323,591",True,HISPANIC,2.0,FEMALE,"653,443",20216751
"827,930",1,26.0,1.0,Motorcycle,3,"323,616",True,WHITE,1.0,MALE,"653,498",20216806
"827,946",1,18.0,2.0,Passenger car,1,"323,623",True,HISPANIC,1.0,MALE,"653,514",20216813
"827,949",1,19.0,3.0,Motorcycle,3,"323,626",True,BLACK,1.0,MALE,"653,517",20216820
"828,034",1,21.0,2.0,Large passenger vehicle,2,"323,673",True,HISPANIC,2.0,FEMALE,"653,614",20217847
"828,095",1,26.0,1.0,Bicycle,5,"323,703",True,WHITE,1.0,MALE,"653,677",20217926
"828,330",1,36.0,2.0,Bicycle,5,"323,828",True,HISPANIC,1.0,MALE,"653,927",20221522
"828,412",1,21.0,1.0,Motorcycle,3,"323,869",True,WHITE,1.0,MALE,"654,017",20222686
"828,905",4,27.0,1.0,Motorcycle,3,"324,127",True,WHITE,1.0,MALE,"654,551",20228657
"829,278",1,45.0,5.0,Passenger car,1,"324,327",True,OTHER,1.0,MALE,"654,964",20232293
"829,363",1,30.0,1.0,Passenger car,1,"324,369",True,WHITE,1.0,MALE,"655,052",20232847
"829,515",4,,3.0,Pedestrian,7,"324,448",True,BLACK,2.0,FEMALE,"655,222",20234653
"829,900",1,28.0,3.0,Passenger car,1,"324,657",True,BLACK,1.0,MALE,"655,640",20240927
"830,332",1,13.0,2.0,Passenger car,1,"324,876",True,HISPANIC,1.0,MALE,"656,109",20245004
"831,103",1,32.0,1.0,Passenger car,1,"325,275",True,WHITE,1.0,MALE,"656,927",20252236
"831,533",1,52.0,2.0,Large passenger vehicle,2,"325,500",True,HISPANIC,1.0,MALE,"657,399",20256049
"831,582",4,75.0,1.0,Pedestrian,7,"325,526",True,WHITE,1.0,MALE,"657,451",20256496
"831,586",1,42.0,1.0,Pedestrian,7,"325,528",True,WHITE,1.0,MALE,"657,455",20256652
"831,683",1,41.0,1.0,Large passenger vehicle,2,"325,578",True,WHITE,2.0,FEMALE,"657,560",20258297
"831,697",1,33.0,3.0,Pedestrian,7,"325,585",True,BLACK,1.0,MALE,"657,576",20258305
"831,857",1,16.0,0.0,Large passenger vehicle,2,"325,665",True,UNKNOWN,1.0,MALE,"657,745",20260149
"832,239",1,19.0,2.0,Passenger car,1,"325,865",True,HISPANIC,1.0,MALE,"658,154",20263634
"832,247",4,29.0,1.0,Passenger car,1,"325,869",True,WHITE,1.0,MALE,"658,162",20263639
"832,267",1,24.0,1.0,E-scooter,11,"325,879",True,WHITE,2.0,FEMALE,"658,183",20263713
"832,328",4,44.0,1.0,Motorcycle,3,"325,912",True,WHITE,1.0,MALE,"658,247",20263833
"832,352",1,28.0,2.0,Passenger car,1,"325,926",True,HISPANIC,1.0,MALE,"658,275",20263856
"832,377",4,42.0,3.0,Pedestrian,7,"325,939",True,BLACK,1.0,MALE,"658,301",20264308
"832,383",1,20.0,1.0,Passenger car,1,"325,943",True,WHITE,1.0,MALE,"658,307",20264312
"832,420",1,48.0,1.0,Passenger car,1,"325,961",True,WHITE,2.0,FEMALE,"658,346",20264341
"832,568",1,45.0,1.0,Motorcycle,3,"326,038",True,WHITE,1.0,MALE,"658,507",20266008
"832,617",1,25.0,1.0,Passenger car,1,"326,066",True,WHITE,1.0,MALE,"658,564",20266457
"832,735",1,22.0,2.0,Passenger car,1,"326,130",True,HISPANIC,2.0,FEMALE,"658,692",20267887
"832,736",1,22.0,2.0,Passenger car,1,"326,131",True,HISPANIC,2.0,FEMALE,"658,694",20267889
"832,764",1,26.0,1.0,Large passenger vehicle,2,"326,143",True,WHITE,1.0,MALE,"658,724",20268041
"833,056",1,21.0,2.0,Passenger car,1,"326,303",True,HISPANIC,2.0,FEMALE,"659,050",20271110
"833,253",1,27.0,1.0,Motorcycle,3,"326,417",True,WHITE,1.0,MALE,"659,264",20274203
"833,336",1,69.0,2.0,Motorcycle,3,"326,466",True,HISPANIC,1.0,MALE,"659,353",20274350
"833,515",1,33.0,2.0,Passenger car,1,"326,567",True,HISPANIC,1.0,MALE,"659,543",20276271
"833,543",1,20.0,2.0,Pedestrian,7,"326,581",True,HISPANIC,1.0,MALE,"659,572",20276285
"833,555",4,86.0,4.0,Passenger car,1,"326,587",True,ASIAN,2.0,FEMALE,"659,584",20276574
"833,557",4,30.0,1.0,Motorcycle,3,"326,588",True,WHITE,2.0,FEMALE,"659,586",20276576
"833,579",1,21.0,2.0,Passenger car,1,"326,599",True,HISPANIC,1.0,MALE,"659,609",20276678
"833,739",1,45.0,1.0,Pedestrian,7,"326,685",True,WHITE,1.0,MALE,"659,779",20279364
"833,760",1,31.0,1.0,Passenger car,1,"326,695",True,WHITE,2.0,FEMALE,"659,801",20279422
"833,776",4,45.0,4.0,Motorcycle,3,"326,703",True,ASIAN,1.0,MALE,"659,818",20279440
"833,918",1,36.0,2.0,Pedestrian,7,"326,777",True,HISPANIC,2.0,FEMALE,"659,975",20281371
"834,246",1,26.0,2.0,Motorcycle,3,"326,953",True,HISPANIC,1.0,MALE,"660,324",20285396
"834,588",1,18.0,2.0,Motorcycle,3,"327,135",True,HISPANIC,1.0,MALE,"660,693",20288874
"834,624",1,47.0,3.0,Pedestrian,7,"327,149",True,BLACK,1.0,MALE,"660,730",20288894
"834,808",1,32.0,1.0,Motorcycle,3,"327,244",True,WHITE,2.0,FEMALE,"660,921",20290905
"835,206",1,47.0,1.0,Motorcycle,3,"327,456",True,WHITE,1.0,MALE,"661,340",20295877
"835,211",1,37.0,2.0,Passenger car,1,"327,458",True,HISPANIC,2.0,FEMALE,"661,345",20295879
"835,265",1,34.0,2.0,Passenger car,1,"327,490",True,HISPANIC,1.0,MALE,"661,406",20295967
"835,489",1,26.0,1.0,Passenger car,1,"327,610",True,WHITE,2.0,FEMALE,"661,644",20297830
"835,754",4,39.0,3.0,Pedestrian,7,"327,757",True,BLACK,1.0,MALE,"661,931",20301030
"835,864",1,31.0,1.0,Pedestrian,7,"327,818",True,WHITE,2.0,FEMALE,"662,066",20302435
"835,908",1,54.0,3.0,Pedestrian,7,"327,839",True,BLACK,2.0,FEMALE,"662,113",20302736
"836,007",1,31.0,3.0,Pedestrian,7,"327,897",True,BLACK,2.0,FEMALE,"662,224",20303996
"836,014",1,43.0,1.0,Passenger car,1,"327,902",True,WHITE,1.0,MALE,"662,231",20304123
"836,264",1,22.0,1.0,Pedestrian,7,"328,038",True,WHITE,1.0,MALE,"662,504",20307972
"836,287",1,34.0,1.0,Passenger car,1,"328,050",True,WHITE,2.0,FEMALE,"662,527",20308134
"836,348",1,20.0,4.0,Passenger car,1,"328,083",True,ASIAN,2.0,FEMALE,"662,595",20308267
"837,388",1,16.0,2.0,Large passenger vehicle,2,"312,401",False,HISPANIC,1.0,MALE,"630,621",19992394
"837,886",1,18.0,2.0,Passenger car,1,"313,256",False,HISPANIC,2.0,FEMALE,"632,394",20010182
"838,260",4,26.0,2.0,Passenger car,1,"313,825",False,HISPANIC,1.0,MALE,"633,538",20021414
"838,911",1,51.0,2.0,Passenger car,1,"314,796",False,HISPANIC,1.0,MALE,"635,524",20046656
"838,944",4,10.0,3.0,Passenger car,1,"314,851",False,BLACK,1.0,MALE,"635,647",20046911
"838,950",1,68.0,1.0,Large passenger vehicle,2,"314,867",False,WHITE,2.0,FEMALE,"635,685",20046934
"838,951",1,76.0,1.0,Large passenger vehicle,2,"314,867",False,WHITE,1.0,MALE,"635,685",20046934
"839,092",4,19.0,1.0,Large passenger vehicle,2,"315,101",False,WHITE,1.0,MALE,"636,183",20047623
"839,421",1,37.0,1.0,Large passenger vehicle,2,"315,595",False,WHITE,2.0,FEMALE,"637,211",20056296
"839,728",1,22.0,2.0,Passenger car,1,"316,018",False,HISPANIC,1.0,MALE,"638,069",20065336
"840,564",1,24.0,3.0,Passenger car,1,"317,216",False,BLACK,2.0,FEMALE,"640,457",20088732
"840,836",1,55.0,2.0,Passenger car,1,"317,608",False,HISPANIC,2.0,FEMALE,"641,244",20097402
"841,428",1,16.0,3.0,Passenger car,1,"318,508",False,BLACK,2.0,FEMALE,"643,114",20115026
"841,429",1,16.0,2.0,Passenger car,1,"318,508",False,HISPANIC,2.0,FEMALE,"643,114",20115026
"841,553",1,30.0,1.0,Large passenger vehicle,2,"318,674",False,WHITE,2.0,FEMALE,"643,456",20117712
"841,654",1,53.0,1.0,Large passenger vehicle,2,"318,764",False,WHITE,2.0,FEMALE,"643,636",20119872
"841,725",4,67.0,3.0,Large passenger vehicle,2,"318,842",False,BLACK,1.0,MALE,"643,782",20121824
"842,077",1,20.0,6.0,Passenger car,1,"319,355",False,AMER. INDIAN/ALASKAN NATIVE,2.0,FEMALE,"644,816",20130028
"842,148",1,25.0,2.0,Passenger car,1,"319,448",False,HISPANIC,2.0,FEMALE,"645,006",20131981
"842,180",1,26.0,4.0,Passenger car,1,"319,525",False,ASIAN,1.0,MALE,"645,184",20134091
"842,182",1,26.0,4.0,Passenger car,1,"319,525",False,ASIAN,1.0,MALE,"645,184",20134091
"842,207",4,91.0,2.0,Passenger car,1,"319,561",False,HISPANIC,2.0,FEMALE,"645,270",20134782
"842,485",1,36.0,2.0,Passenger car,1,"319,962",False,HISPANIC,1.0,MALE,"646,067",20145389
"843,228",1,59.0,1.0,Passenger car,1,"321,093",False,WHITE,2.0,FEMALE,"648,349",20167169
"843,341",1,39.0,2.0,Large passenger vehicle,2,"321,274",False,HISPANIC,2.0,FEMALE,"648,708",20170907
"843,343",1,8.0,2.0,Passenger car,1,"321,274",False,HISPANIC,1.0,MALE,"648,709",20170907
"843,344",1,5.0,2.0,Passenger car,1,"321,274",False,HISPANIC,1.0,MALE,"648,709",20170907
"843,345",1,10.0,2.0,Passenger car,1,"321,274",False,HISPANIC,1.0,MALE,"648,709",20170907
"843,670",1,31.0,3.0,Passenger car,1,"321,804",False,BLACK,2.0,FEMALE,"649,791",20181815
"843,830",1,1.0,2.0,Passenger car,1,"322,072",False,HISPANIC,1.0,MALE,"650,329",20186593
"843,922",1,42.0,1.0,Passenger car,1,"322,227",False,WHITE,2.0,FEMALE,"650,642",20190927
"844,317",1,32.0,1.0,Motor vehicle – other,4,"322,812",False,WHITE,2.0,FEMALE,"651,851",20201177
"844,867",1,17.0,1.0,Passenger car,1,"323,590",False,WHITE,2.0,FEMALE,"653,439",20216750
"844,868",4,19.0,3.0,Passenger car,1,"323,590",False,BLACK,2.0,FEMALE,"653,439",20216750
"844,869",1,33.0,3.0,Passenger car,1,"323,591",False,BLACK,1.0,MALE,"653,443",20216751
"844,870",1,11.0,3.0,Passenger car,1,"323,591",False,BLACK,1.0,MALE,"653,443",20216751
"844,880",1,18.0,2.0,Passenger car,1,"323,604",False,HISPANIC,2.0,FEMALE,"653,466",20216764
"845,281",1,27.0,2.0,Passenger car,1,"324,157",False,HISPANIC,1.0,MALE,"654,609",20228711
"845,620",1,47.0,2.0,Passenger car,1,"324,661",False,HISPANIC,2.0,FEMALE,"655,648",20240931
"846,970",4,26.0,4.0,Passenger car,1,"326,567",False,ASIAN,1.0,MALE,"659,543",20276271
"846,980",4,80.0,4.0,Passenger car,1,"326,587",False,ASIAN,2.0,FEMALE,"659,584",20276574
"847,021",1,30.0,2.0,Passenger car,1,"326,648",False,HISPANIC,2.0,FEMALE,"659,693",20278836
"847,590",1,25.0,2.0,Motorcycle,3,"327,460",False,HISPANIC,2.0,FEMALE,"661,348",20295882
"847,654",1,25.0,2.0,Other/Unknown,9,"327,479",False,HISPANIC,2.0,FEMALE,"661,387",20295956
"847,870",1,74.0,1.0,Passenger car,1,"327,808",False,WHITE,2.0,FEMALE,"662,043",20302191
"848,081",4,23.0,1.0,Motorcycle,3,"328,128",True,WHITE,1.0,MALE,"662,687",20307979
"848,169",1,18.0,2.0,Passenger car,1,"328,177",True,HISPANIC,1.0,MALE,"662,784",20310003
"848,183",1,43.0,5.0,Bicycle,5,"328,183",True,OTHER,1.0,MALE,"662,798",20310011
"848,364",4,43.0,1.0,Pedestrian,7,"328,238",True,WHITE,1.0,MALE,"662,918",20310062
"848,460",1,33.0,3.0,E-scooter,11,"328,288",True,BLACK,1.0,MALE,"663,023",20312075
"848,685",1,37.0,2.0,Passenger car,1,"328,355",True,HISPANIC,2.0,FEMALE,"663,157",20312116
"848,686",1,31.0,1.0,Passenger car,1,"328,355",True,WHITE,1.0,MALE,"663,158",20312116
"848,755",1,34.0,1.0,Passenger car,1,"328,389",True,WHITE,1.0,MALE,"663,233",20313531
"848,978",4,19.0,3.0,Large passenger vehicle,2,"328,460",True,BLACK,1.0,MALE,"663,389",20312059
"848,979",4,43.0,1.0,Large passenger vehicle,2,"328,460",True,WHITE,1.0,MALE,"663,390",20312059
"848,997",1,34.0,1.0,Motorcycle,3,"328,470",True,WHITE,1.0,MALE,"663,409",20313540
"849,094",1,42.0,3.0,Large passenger vehicle,2,"328,522",True,BLACK,1.0,MALE,"663,509",20315295
"849,336",1,47.0,2.0,Large passenger vehicle,2,"328,522",False,HISPANIC,1.0,MALE,"663,509",20315295
"849,459",1,34.0,1.0,Large passenger vehicle,2,"328,649",True,WHITE,2.0,FEMALE,"663,780",20315254
"849,846",1,45.0,1.0,Large passenger vehicle,2,"328,810",True,WHITE,1.0,MALE,"664,093",20320909
"849,859",1,20.0,1.0,Motorcycle,3,"328,818",True,WHITE,1.0,MALE,"664,106",20320936
"849,934",1,22.0,1.0,Passenger car,1,"328,856",True,WHITE,1.0,MALE,"664,187",20321131
"849,947",1,41.0,2.0,Passenger car,1,"328,864",True,HISPANIC,1.0,MALE,"664,201",20321169
"850,136",4,49.0,1.0,Pedestrian,7,"328,921",True,WHITE,2.0,FEMALE,"664,322",20321062
"850,146",1,21.0,2.0,Motorcycle,3,"328,928",True,HISPANIC,1.0,MALE,"664,332",20321078
"850,157",1,57.0,3.0,Pedestrian,7,"328,936",True,BLACK,2.0,FEMALE,"664,346",20321123
"850,241",1,17.0,3.0,Pedestrian,7,"328,981",True,BLACK,1.0,MALE,"664,437",20323567
"850,261",1,48.0,3.0,Pedestrian,7,"328,992",True,BLACK,1.0,MALE,"664,459",20323587
"850,304",1,21.0,2.0,Motorcycle,3,"328,928",False,HISPANIC,2.0,FEMALE,"664,332",20321078
"850,442",1,48.0,2.0,Motorcycle,3,"329,050",True,HISPANIC,1.0,MALE,"664,594",20323584
"850,451",1,19.0,4.0,Passenger car,1,"329,055",True,ASIAN,1.0,MALE,"664,603",20323646
"850,687",1,53.0,1.0,Large passenger vehicle,2,"329,145",True,WHITE,1.0,MALE,"664,790",20324944
"850,692",4,65.0,1.0,Pedestrian,7,"329,148",True,WHITE,2.0,FEMALE,"664,795",20325372
"850,693",1,66.0,1.0,Pedestrian,7,"329,148",True,WHITE,1.0,MALE,"664,796",20325372
"850,757",1,34.0,2.0,Passenger car,1,"329,182",True,HISPANIC,1.0,MALE,"664,871",20326935
"851,086",1,22.0,1.0,Motorcycle,3,"329,306",True,WHITE,1.0,MALE,"665,126",20326991
"851,518",4,22.0,2.0,Pedestrian,7,"329,468",True,HISPANIC,1.0,MALE,"665,443",20330674
"851,540",4,62.0,1.0,Motorcycle,3,"329,481",True,WHITE,2.0,FEMALE,"665,467",20330815
"851,596",1,36.0,2.0,Passenger car,1,"329,510",True,HISPANIC,1.0,MALE,"665,525",20333141
"852,393",1,43.0,0.0,Passenger car,1,"329,798",True,UNKNOWN,1.0,MALE,"666,134",20337166
"852,751",1,37.0,6.0,Bicycle,5,"329,916",True,AMER. INDIAN/ALASKAN NATIVE,1.0,MALE,"666,377",20337960
"852,796",1,29.0,2.0,Pedestrian,7,"329,942",True,HISPANIC,1.0,MALE,"666,428",20338971
"852,925",1,23.0,4.0,Passenger car,1,"329,914",False,ASIAN,1.0,MALE,"666,371",20337805
"853,822",1,39.0,2.0,Large passenger vehicle,2,"330,309",True,HISPANIC,1.0,MALE,"667,178",20341733
"854,069",1,21.0,2.0,Passenger car,1,"330,432",True,HISPANIC,1.0,MALE,"667,444",20345392
"854,070",1,34.0,2.0,Passenger car,1,"330,432",True,HISPANIC,2.0,FEMALE,"667,445",20345392
"854,533",1,58.0,1.0,Pedestrian,7,"330,606",True,WHITE,1.0,MALE,"667,795",20347740
"855,137",1,23.0,2.0,Large passenger vehicle,2,"330,827",True,HISPANIC,1.0,MALE,"668,238",20345402
"855,145",1,70.0,4.0,Passenger car,1,"330,831",True,ASIAN,1.0,MALE,"668,247",20345478
"855,174",4,49.0,4.0,Pedestrian,7,"330,841",True,ASIAN,1.0,MALE,"668,276",20346102
"855,234",4,30.0,2.0,Large passenger vehicle,2,"330,874",True,HISPANIC,1.0,MALE,"668,341",20348208
"855,366",1,71.0,2.0,Passenger car,1,"330,939",True,HISPANIC,1.0,MALE,"668,485",20349754
"1,110,582",1,58.0,1.0,Motorcycle,3,"427,447",True,WHITE,1.0,MALE,"859,152",20360212
"1,112,920",1,45.0,2.0,Passenger car,1,"427,424",False,HISPANIC,2.0,FEMALE,"859,105",20359263
"1,112,921",1,15.0,2.0,Passenger car,1,"427,424",False,HISPANIC,2.0,FEMALE,"859,105",20359263
"1,118,647",4,21.0,1.0,Pedestrian,7,"430,590",True,WHITE,1.0,MALE,"865,578",20359210
"1,118,648",4,50.0,2.0,Pedestrian,7,"430,590",True,HISPANIC,1.0,MALE,"865,579",20359210
"1,118,711",1,52.0,2.0,Passenger car,1,"430,622",True,HISPANIC,1.0,MALE,"865,648",20363158
"1,120,897",1,31.0,2.0,Large passenger vehicle,2,"430,592",False,HISPANIC,2.0,FEMALE,"865,582",20359221
"1,126,219",1,40.0,3.0,Passenger car,1,"433,462",True,BLACK,1.0,MALE,"871,471",20361359
"1,126,401",1,66.0,2.0,Large passenger vehicle,2,"433,555",True,HISPANIC,2.0,FEMALE,"871,665",20371838
"1,133,300",1,32.0,3.0,Passenger car,1,"436,208",True,BLACK,2.0,FEMALE,"877,109",20373823
"1,169,788",4,42.0,3.0,Passenger car,1,"450,547",True,BLACK,1.0,MALE,"906,135",20372344
"1,169,804",1,60.0,1.0,Passenger car,1,"450,555",True,WHITE,2.0,FEMALE,"906,151",20373884
"1,181,618",4,65.0,3.0,Pedestrian,7,"455,637",True,BLACK,1.0,MALE,"916,504",20372299
"1,181,628",4,34.0,2.0,Pedestrian,7,"455,643",True,HISPANIC,2.0,FEMALE,"916,515",20373817
"1,181,635",1,27.0,1.0,Motorcycle,3,"455,646",True,WHITE,1.0,MALE,"916,522",20373828
"1,181,665",1,26.0,2.0,Passenger car,1,"455,661",True,HISPANIC,1.0,MALE,"916,553",20375700
"1,181,671",4,58.0,6.0,Pedestrian,7,"455,665",True,AMER. INDIAN/ALASKAN NATIVE,1.0,MALE,"916,561",20375713
"1,198,108",1,73.0,2.0,Large passenger vehicle,2,"462,532",True,HISPANIC,1.0,MALE,"930,631",20381828
"1,198,109",1,73.0,2.0,Pedestrian,7,"462,532",True,HISPANIC,1.0,MALE,"930,632",20381828
"1,198,167",1,55.0,1.0,Pedestrian,7,"462,562",True,WHITE,1.0,MALE,"930,697",20381956
"1,198,180",1,62.0,3.0,Large passenger vehicle,2,"462,569",True,BLACK,1.0,MALE,"930,710",20381990
"1,198,186",1,28.0,1.0,Motorcycle,3,"462,571",True,WHITE,1.0,MALE,"930,716",20381993
"1,216,479",1,64.0,1.0,Passenger car,1,"469,712",True,WHITE,2.0,FEMALE,"945,546",20384061
"1,221,699",1,27.0,2.0,Passenger car,1,"469,711",False,HISPANIC,2.0,FEMALE,"945,544",20384058
"1,239,501",1,66.0,4.0,Passenger car,1,"478,145",True,ASIAN,1.0,MALE,"962,845",20381883
"1,369,723",1,27.0,0.0,Bicycle,5,"527,609",True,UNKNOWN,2.0,FEMALE,"1,063,396",20387947
"1,369,877",1,19.0,2.0,Passenger car,1,"527,604",False,HISPANIC,2.0,FEMALE,"1,063,383",20387941
"1,392,402",1,41.0,2.0,Large passenger vehicle,2,"536,664",True,HISPANIC,1.0,MALE,"1,081,594",20387996
"1,438,588",1,24.0,2.0,Motorcycle,3,"554,655",True,HISPANIC,1.0,MALE,"1,118,016",20392454
"1,438,731",1,42.0,1.0,Large passenger vehicle,2,"554,732",True,WHITE,2.0,FEMALE,"1,118,178",20394444
"1,438,785",1,34.0,3.0,Motorcycle,3,"554,654",False,BLACK,2.0,FEMALE,"1,118,014",20392423
"1,457,669",1,24.0,1.0,Motorcycle,3,"562,128",True,WHITE,1.0,MALE,"1,133,110",20392545
"1,523,730",1,29.0,2.0,Passenger car,1,"589,251",True,HISPANIC,1.0,MALE,"1,187,157",20399413
"1,539,605",1,28.0,2.0,Passenger car,1,"595,926",True,HISPANIC,1.0,MALE,"1,200,282",20403721
"1,539,616",1,20.0,3.0,Passenger car,1,"595,932",True,BLACK,1.0,MALE,"1,200,293",20403733
"1,559,165",1,33.0,1.0,Motorcycle,3,"603,743",True,WHITE,1.0,MALE,"1,215,988",20404970
"1,559,167",1,21.0,2.0,Motorcycle,3,"603,744",True,HISPANIC,1.0,MALE,"1,215,990",20404972
"1,581,540",1,29.0,4.0,Passenger car,1,"612,400",True,ASIAN,2.0,FEMALE,"1,233,566",20404965
"1,581,587",1,16.0,2.0,Pedestrian,7,"612,424",True,HISPANIC,1.0,MALE,"1,233,620",20406556
"1,581,603",1,31.0,,Motorcycle,3,"612,432",True,,1.0,MALE,"1,233,636",20406611
"1,581,918",1,28.0,4.0,Large passenger vehicle,2,"612,400",False,ASIAN,1.0,MALE,"1,233,565",20404965
"1,605,412",4,66.0,1.0,Bicycle,5,"621,517",True,WHITE,1.0,MALE,"1,252,341",20408815
"1,605,430",1,60.0,1.0,Bicycle,5,"621,525",True,WHITE,2.0,FEMALE,"1,252,359",20409168
"1,677,905",4,28.0,3.0,Pedestrian,7,"649,392",True,BLACK,1.0,MALE,"1,308,935",20410840
"1,678,108",1,1.0,3.0,Large passenger vehicle,2,"649,372",False,BLACK,2.0,FEMALE,"1,308,895",20408814
"1,700,185",4,33.0,1.0,Motorcycle,3,"657,861",True,WHITE,1.0,MALE,"1,326,154",20406935
"1,700,191",4,39.0,1.0,Bicycle,5,"657,865",True,WHITE,1.0,MALE,"1,326,163",20410824
"1,721,632",1,20.0,2.0,Passenger car,1,"665,990",True,HISPANIC,1.0,MALE,"1,342,720",20417261
"1,721,783",1,71.0,3.0,Pedestrian,7,"666,072",True,BLACK,2.0,FEMALE,"1,342,884",20418896
"1,721,942",1,33.0,1.0,Large passenger vehicle,2,"665,990",False,WHITE,2.0,FEMALE,"1,342,719",20417261
"2,988,529",1,21.0,1.0,Large passenger vehicle,2,"1,159,347",True,WHITE,2.0,FEMALE,"2,339,764",20417139
"2,988,555",1,31.0,1.0,Pedestrian,7,"1,159,361",True,WHITE,2.0,FEMALE,"2,339,790",20417263
"2,988,558",4,21.0,2.0,Motorcycle,3,"1,159,362",True,HISPANIC,1.0,MALE,"2,339,793",20417264
"2,988,833",4,90.0,3.0,Passenger car,1,"1,159,351",False,BLACK,2.0,FEMALE,"2,339,770",20417185
"2,988,929",4,58.0,2.0,Bicycle,5,"1,159,489",True,HISPANIC,1.0,MALE,"2,340,069",
"3,011,632",1,33.0,2.0,Large passenger vehicle,2,"1,168,099",False,HISPANIC,1.0,MALE,"2,357,637",20423494
"3,077,956",1,55.0,0.0,Large passenger vehicle,2,"1,193,537",True,UNKNOWN,1.0,MALE,"2,408,861",20423448
"3,078,053",1,31.0,1.0,Motorcycle,3,"1,193,588",True,WHITE,1.0,MALE,"2,408,961",20425528
"3,113,091",4,71.0,2.0,Large passenger vehicle,2,"1,206,713",True,HISPANIC,1.0,MALE,"2,435,615",20430584
"3,113,298",1,11.0,2.0,Passenger car,1,"1,206,741",False,HISPANIC,1.0,MALE,"2,435,673",20430932
"3,131,004",1,45.0,2.0,Large passenger vehicle,2,"1,213,465",True,HISPANIC,2.0,FEMALE,"2,449,183",20430587
"3,131,161",1,,2.0,Bicycle,5,"1,213,548",True,HISPANIC,1.0,MALE,"2,449,346",20434467
"3,131,304",1,41.0,3.0,Passenger car,1,"1,213,530",False,BLACK,1.0,MALE,"2,449,308",20434375
"3,205,508",1,34.0,2.0,Large passenger vehicle,2,"1,241,725",True,HISPANIC,1.0,MALE,"2,506,057",20438711
"3,221,812",1,18.0,2.0,Large passenger vehicle,2,"1,247,797",False,HISPANIC,1.0,MALE,"2,518,116",20438125
"3,238,788",1,20.0,2.0,Motorcycle,3,"1,254,439",True,HISPANIC,1.0,MALE,"2,531,321",20440372
"3,238,919",1,44.0,1.0,Motorcycle,3,"1,254,508",True,WHITE,1.0,MALE,"2,531,459",20443292
"3,268,159",1,49.0,2.0,Large passenger vehicle,2,"1,266,639",True,HISPANIC,2.0,FEMALE,"2,555,957",20444351
"3,268,185",1,62.0,3.0,Large passenger vehicle,2,"1,266,651",True,BLACK,2.0,FEMALE,"2,555,983",20444828
"3,312,565",4,23.0,3.0,Passenger car,1,"1,284,837",True,BLACK,1.0,MALE,"2,593,156",20446610
"3,312,740",1,72.0,1.0,Bicycle,5,"1,284,930",True,WHITE,1.0,MALE,"2,593,343",20449244
"3,419,683",1,21.0,2.0,Motorcycle,3,"1,323,711",True,HISPANIC,1.0,MALE,"2,671,431",20438142
"3,419,727",1,22.0,2.0,Bicycle,5,"1,323,734",True,HISPANIC,1.0,MALE,"2,671,481",20448848
"3,419,886",1,42.0,3.0,Large passenger vehicle,2,"1,323,817",True,BLACK,2.0,FEMALE,"2,671,650",20451090
"3,429,679",1,34.0,2.0,Passenger car,1,"1,327,565",True,HISPANIC,1.0,MALE,"2,679,370",20454845
"3,429,680",1,26.0,2.0,Passenger car,1,"1,327,565",True,HISPANIC,2.0,FEMALE,"2,679,371",20454845
"3,429,822",1,33.0,2.0,Passenger car,1,"1,327,565",False,HISPANIC,2.0,FEMALE,"2,679,370",20454845
"3,429,823",1,0.0,2.0,Passenger car,1,"1,327,565",False,HISPANIC,1.0,MALE,"2,679,370",20454845
"3,453,257",1,44.0,1.0,Pedestrian,7,"1,337,102",True,WHITE,1.0,MALE,"2,698,449",20454713
"3,453,274",1,33.0,1.0,Passenger car,1,"1,337,113",True,WHITE,2.0,FEMALE,"2,698,467",20454859
"3,460,411",1,49.0,1.0,Motorcycle,3,"1,340,809",True,WHITE,1.0,MALE,"2,706,021",20454871
"3,460,469",1,36.0,5.0,Passenger car,1,"1,340,841",True,OTHER,1.0,MALE,"2,706,083",20458180
"3,460,476",1,20.0,2.0,Motorcycle,3,"1,340,845",True,HISPANIC,1.0,MALE,"2,706,090",20458188
"3,460,615",1,53.0,1.0,Passenger car,1,"1,340,918",True,WHITE,1.0,MALE,"2,706,241",20459525
"3,463,152",1,37.0,1.0,Motorcycle,3,"1,340,912",False,WHITE,2.0,FEMALE,"2,706,228",20459517
"3,463,255",4,59.0,1.0,Large passenger vehicle,2,"1,340,998",True,WHITE,1.0,MALE,"2,706,410",20460300
"3,463,440",4,16.0,2.0,Passenger car,1,"329,056",False,HISPANIC,1.0,MALE,"664,605",20323647
"3,463,464",4,26.0,1.0,Large passenger vehicle,2,"1,340,998",False,WHITE,1.0,MALE,"2,706,410",20460300
"3,464,622",1,40.0,1.0,Motorcycle,3,"1,341,554",True,WHITE,1.0,MALE,"2,707,574",20468897
"3,464,674",1,31.0,1.0,Pedestrian,7,"1,341,581",True,WHITE,2.0,FEMALE,"2,707,627",20468992
"3,464,686",1,35.0,1.0,Passenger car,1,"1,341,589",True,WHITE,2.0,FEMALE,"2,707,639",20469057
"3,464,696",1,32.0,2.0,Passenger car,1,"1,341,593",True,HISPANIC,2.0,FEMALE,"2,707,649",20469061
"3,464,721",4,47.0,2.0,Pedestrian,7,"1,341,604",True,HISPANIC,2.0,FEMALE,"2,707,674",20469074
"3,464,757",1,,5.0,Pedestrian,7,"1,341,622",True,OTHER,1.0,MALE,"2,707,712",20469145
"3,465,119",1,53.0,1.0,Passenger car,1,"1,341,810",True,WHITE,1.0,MALE,"2,708,096",20473772
"3,465,503",1,19.0,2.0,Passenger car,1,"1,341,866",True,HISPANIC,1.0,MALE,"2,708,214",20471775
"3,465,515",4,29.0,6.0,Pedestrian,7,"1,341,872",True,AMER. INDIAN/ALASKAN NATIVE,1.0,MALE,"2,708,226",20471848
"3,466,004",1,62.0,1.0,Bicycle,5,"1,342,071",True,WHITE,1.0,MALE,"2,708,642",20477522
"3,466,039",1,45.0,3.0,Bicycle,5,"1,342,090",True,BLACK,1.0,MALE,"2,708,677",20477759
"3,466,267",1,24.0,2.0,Motorcycle,3,"1,342,159",True,HISPANIC,1.0,MALE,"2,708,816",20473789
"3,466,299",1,22.0,2.0,Passenger car,1,"1,342,177",True,HISPANIC,1.0,MALE,"2,708,851",20476932
"3,466,719",4,42.0,2.0,Pedestrian,7,"1,342,371",True,HISPANIC,2.0,FEMALE,"2,709,244",20482727
"3,466,740",1,33.0,2.0,Passenger car,1,"1,342,382",True,HISPANIC,1.0,MALE,"2,709,266",20482756
"3,467,053",4,18.0,1.0,Motorcycle,3,"1,342,488",True,WHITE,1.0,MALE,"2,709,475",20482577
"3,467,119",1,22.0,3.0,Passenger car,1,"1,342,525",True,BLACK,2.0,FEMALE,"2,709,547",20483884
"3,467,330",1,8.0,3.0,Passenger car,1,"1,342,498",False,BLACK,1.0,MALE,"2,709,498",20482634
"3,467,504",1,52.0,1.0,Passenger car,1,"1,342,667",True,WHITE,1.0,MALE,"2,709,835",20486529
"3,467,743",1,37.0,3.0,Large passenger vehicle,2,"1,342,716",False,BLACK,2.0,FEMALE,"2,709,941",20488270
"3,468,858",1,63.0,1.0,Large passenger vehicle,2,"1,343,194",True,WHITE,2.0,FEMALE,"2,710,922",20497764
"3,468,896",1,59.0,1.0,Large passenger vehicle,2,"1,343,212",True,WHITE,1.0,MALE,"2,710,961",20497889
"3,469,022",1,35.0,4.0,Passenger car,1,"1,343,277",True,ASIAN,1.0,MALE,"2,711,096",20499321
"3,469,045",1,27.0,2.0,Motor vehicle – other,4,"1,343,289",True,HISPANIC,1.0,MALE,"2,711,120",20499348
"3,469,284",4,66.0,3.0,Pedestrian,7,"1,343,353",True,BLACK,2.0,FEMALE,"2,711,261",20499335
"3,469,455",4,34.0,4.0,Passenger car,1,"1,343,445",True,ASIAN,2.0,FEMALE,"2,711,448",20501707
"3,469,713",1,24.0,2.0,Motorcycle,3,"1,343,511",True,HISPANIC,1.0,MALE,"2,711,600",20499913
"3,470,187",1,39.0,2.0,Large passenger vehicle,2,"1,343,587",False,HISPANIC,2.0,FEMALE,"2,711,759",20503652
"3,470,306",4,39.0,1.0,Pedestrian,7,"1,343,729",True,WHITE,2.0,FEMALE,"2,712,052",20503657
"3,471,105",4,53.0,1.0,Bicycle,5,"1,344,045",True,WHITE,1.0,MALE,"2,712,706",20507785
"3,471,248",1,39.0,2.0,Passenger car,1,"1,344,123",True,HISPANIC,1.0,MALE,"2,712,868",20513085
"3,471,669",1,31.0,1.0,Passenger car,1,"1,344,238",False,WHITE,2.0,FEMALE,"2,713,110",20514992
"3,471,759",1,73.0,1.0,Passenger car,1,"1,344,299",True,WHITE,2.0,FEMALE,"2,713,245",20514991
"3,472,123",4,63.0,3.0,Large passenger vehicle,2,"1,344,450",True,BLACK,1.0,MALE,"2,713,549",20517061
"3,472,124",1,43.0,2.0,Passenger car,1,"1,344,450",True,HISPANIC,2.0,FEMALE,"2,713,550",20517061
"3,472,252",1,58.0,1.0,Pedestrian,7,"1,344,515",True,WHITE,1.0,MALE,"2,713,684",20521489
"3,472,317",4,81.0,1.0,Pedestrian,7,"1,344,548",True,WHITE,1.0,MALE,"2,713,751",20521627
"3,472,359",1,45.0,1.0,Passenger car,1,"1,344,571",True,WHITE,1.0,MALE,"2,713,794",20521745
"3,472,430",1,14.0,2.0,Passenger car,1,"1,344,450",False,HISPANIC,1.0,MALE,"2,713,550",20517061
"3,472,651",1,45.0,2.0,Passenger car,1,"1,344,636",True,HISPANIC,1.0,MALE,"2,713,932",20522696
"3,472,850",1,24.0,1.0,Passenger car,1,"1,344,703",True,WHITE,1.0,MALE,"2,714,062",20521305
"3,473,317",1,57.0,3.0,Pedestrian,7,"1,344,944",True,BLACK,1.0,MALE,"2,714,563",20529754
"3,474,030",1,26.0,1.0,Passenger car,1,"1,345,023",False,WHITE,1.0,MALE,"2,714,726",20524607
"3,474,223",4,26.0,3.0,Passenger car,1,"1,345,230",True,BLACK,1.0,MALE,"2,715,144",20531606
"3,474,224",1,33.0,1.0,Passenger car,1,"1,345,230",True,WHITE,1.0,MALE,"2,715,145",20531606
"3,474,265",1,38.0,3.0,Pedestrian,7,"1,345,253",True,BLACK,2.0,FEMALE,"2,715,187",20533268
"3,474,300",1,41.0,2.0,Motorcycle,3,"1,345,267",True,HISPANIC,1.0,MALE,"2,715,222",20533973
"3,474,399",1,56.0,2.0,Passenger car,1,"1,345,317",True,HISPANIC,2.0,FEMALE,"2,715,330",20535661
"3,474,420",1,33.0,1.0,Passenger car,1,"1,345,230",False,WHITE,2.0,FEMALE,"2,715,145",20531606
"3,474,727",1,19.0,2.0,Motorcycle,3,"1,345,456",True,HISPANIC,1.0,MALE,"2,715,613",20537113
"3,475,069",1,33.0,1.0,Motorcycle,3,"1,345,542",True,WHITE,1.0,MALE,"2,715,799",20533277
"3,475,518",1,13.0,2.0,Pedestrian,7,"1,345,755",True,HISPANIC,2.0,FEMALE,"2,716,218",20542282
"3,475,594",1,19.0,2.0,Passenger car,1,"1,345,793",True,HISPANIC,1.0,MALE,"2,716,296",20543432
"3,475,912",4,43.0,2.0,Pedestrian,7,"1,345,896",True,HISPANIC,2.0,FEMALE,"2,716,493",20543463
"3,476,052",1,19.0,2.0,Passenger car,1,"1,345,969",True,HISPANIC,1.0,MALE,"2,716,638",20546180
"3,476,203",1,43.0,2.0,Passenger car,1,"1,345,998",True,HISPANIC,1.0,MALE,"2,716,695",20543430
"3,476,251",1,25.0,2.0,Passenger car,1,"1,346,024",True,HISPANIC,1.0,MALE,"2,716,745",20546178
"3,476,606",1,26.0,2.0,Pedestrian,7,"1,346,152",True,HISPANIC,1.0,MALE,"2,717,003",20546179
"3,476,856",1,75.0,2.0,Passenger car,1,"1,346,274",True,HISPANIC,2.0,FEMALE,"2,717,264",20550738
"3,476,858",1,95.0,1.0,Passenger car,1,"1,346,275",True,WHITE,2.0,FEMALE,"2,717,266",20550772
"3,477,112",4,37.0,1.0,Large passenger vehicle,2,"1,346,319",True,WHITE,2.0,FEMALE,"2,717,366",20550223
"3,477,152",4,34.0,2.0,Large passenger vehicle,2,"1,346,340",True,HISPANIC,1.0,MALE,"2,717,407",20550707
"3,477,282",1,54.0,3.0,Large passenger vehicle,2,"1,346,325",False,BLACK,2.0,FEMALE,"2,717,378",20550295
"3,477,297",4,54.0,2.0,Passenger car,1,"1,346,342",False,HISPANIC,2.0,FEMALE,"2,717,409",20550710
"3,478,275",1,77.0,1.0,Pedestrian,7,"1,346,791",True,WHITE,2.0,FEMALE,"2,718,309",20559686
"3,478,309",1,42.0,2.0,Large passenger vehicle,2,"1,346,810",True,HISPANIC,1.0,MALE,"2,718,344",20559763
"3,478,368",1,35.0,2.0,Passenger car,1,"1,346,842",True,HISPANIC,1.0,MALE,"2,718,409",20559932
"3,478,510",1,,2.0,Large passenger vehicle,2,"1,346,810",False,HISPANIC,2.0,FEMALE,"2,718,344",20559763
"3,478,655",1,56.0,1.0,Large passenger vehicle,2,"1,346,941",True,WHITE,1.0,MALE,"2,718,616",20559771
"3,478,669",4,73.0,1.0,Passenger car,1,"1,346,948",True,WHITE,1.0,MALE,"2,718,630",20559841
"3,478,684",1,23.0,2.0,Passenger car,1,"1,346,956",True,HISPANIC,1.0,MALE,"2,718,645",20559906
"3,478,685",4,75.0,2.0,Large passenger vehicle,2,"1,346,956",True,HISPANIC,1.0,MALE,"2,718,646",20559906
"3,478,690",1,20.0,1.0,Large passenger vehicle,2,"1,346,959",True,WHITE,1.0,MALE,"2,718,651",20559912
"3,478,698",4,68.0,3.0,Pedestrian,7,"1,346,962",True,BLACK,1.0,MALE,"2,718,659",20560047
"3,478,895",4,18.0,2.0,Passenger car,1,"1,346,956",False,HISPANIC,1.0,MALE,"2,718,645",20559906
"3,478,899",1,19.0,1.0,Large passenger vehicle,2,"1,346,959",False,WHITE,1.0,MALE,"2,718,651",20559912
"3,482,497",1,48.0,1.0,Pedestrian,7,"1,348,460",True,WHITE,1.0,MALE,"2,721,729",20592913
"3,482,918",1,33.0,3.0,Pedestrian,7,"1,348,648",True,BLACK,1.0,MALE,"2,722,116",20595143
"3,482,967",1,16.0,2.0,Pedestrian,7,"1,348,674",True,HISPANIC,1.0,MALE,"2,722,169",20595240
"3,483,599",1,32.0,3.0,Passenger car,1,"1,348,921",True,BLACK,1.0,MALE,"2,722,675",20595151
"3,483,706",4,38.0,1.0,Pedestrian,7,"1,348,972",True,WHITE,1.0,MALE,"2,722,792",20595846
"3,484,139",1,28.0,1.0,Large passenger vehicle,2,"1,349,130",True,WHITE,2.0,FEMALE,"2,723,111",20595455
"3,484,163",4,25.0,2.0,Motorcycle,3,"1,349,143",True,HISPANIC,1.0,MALE,"2,723,136",20597449
"3,484,215",1,29.0,2.0,Motorcycle,3,"1,349,168",True,HISPANIC,1.0,MALE,"2,723,190",20598880
"3,484,941",1,82.0,1.0,Pedestrian,7,"1,349,450",True,WHITE,2.0,FEMALE,"2,723,751",20604361
"3,485,057",4,31.0,1.0,Pedestrian,7,"1,349,470",True,WHITE,2.0,FEMALE,"2,723,787",20600429
"3,485,640",4,47.0,2.0,Pedestrian,7,"1,349,683",True,HISPANIC,1.0,MALE,"2,724,222",20605957
"3,485,642",4,44.0,3.0,Motorcycle,3,"1,349,684",True,BLACK,1.0,MALE,"2,724,224",20606559
"3,485,643",4,27.0,3.0,Pedestrian,7,"1,349,684",True,BLACK,1.0,MALE,"2,724,225",20606559
"3,485,882",1,34.0,1.0,Passenger car,1,"1,349,776",True,WHITE,2.0,FEMALE,"2,724,424",20608125
"3,486,025",1,40.0,3.0,Pedestrian,7,"1,349,850",True,BLACK,2.0,FEMALE,"2,724,573",20611400
"3,486,104",1,37.0,3.0,Motorcycle,3,"1,349,893",True,BLACK,2.0,FEMALE,"2,724,663",20612974
"3,486,129",1,20.0,2.0,Passenger car,1,"1,349,907",True,HISPANIC,1.0,MALE,"2,724,690",20613028
"3,486,449",4,36.0,2.0,Large passenger vehicle,2,"1,350,002",True,HISPANIC,1.0,MALE,"2,724,894",20611682
"3,486,602",1,23.0,1.0,Motorcycle,3,"1,350,083",True,WHITE,1.0,MALE,"2,725,057",20615987
"3,486,874",1,42.0,5.0,Pedestrian,7,"1,350,157",True,OTHER,2.0,FEMALE,"2,725,199",20609696
"3,487,242",1,31.0,1.0,Pedestrian,7,"1,350,307",True,WHITE,2.0,FEMALE,"2,725,498",20618126
"3,489,447",1,23.0,2.0,Large passenger vehicle,2,"1,351,215",True,HISPANIC,1.0,MALE,"2,727,315",20625490
"3,490,106",4,47.0,1.0,Passenger car,1,"1,351,476",True,WHITE,1.0,MALE,"2,727,829",20627212
"3,490,279",1,34.0,1.0,Large passenger vehicle,2,"1,351,573",True,WHITE,1.0,MALE,"2,728,017",20632750
"3,490,338",1,28.0,2.0,Large passenger vehicle,2,"1,351,573",False,HISPANIC,2.0,FEMALE,"2,728,016",20632750
"3,490,377",4,50.0,1.0,Pedestrian,7,"1,351,603",True,WHITE,1.0,MALE,"2,728,072",20631183
"3,490,436",1,24.0,2.0,Passenger car,1,"1,351,639",True,HISPANIC,1.0,MALE,"2,728,139",20632816
"3,490,654",1,17.0,1.0,Passenger car,1,"1,351,718",True,WHITE,1.0,MALE,"2,728,305",20631142
"3,490,655",1,28.0,2.0,Motor vehicle – other,4,"1,351,718",True,HISPANIC,1.0,MALE,"2,728,306",20631142
"3,490,657",1,,2.0,Pedestrian,7,"1,351,718",True,HISPANIC,1.0,MALE,"2,728,308",20631142
"3,490,812",1,57.0,2.0,Passenger car,1,"1,351,806",True,HISPANIC,1.0,MALE,"2,728,470",20636510
"3,491,609",1,25.0,1.0,Motorcycle,3,"1,352,104",True,WHITE,2.0,FEMALE,"2,729,099",20641056
"3,491,612",1,61.0,2.0,Bicycle,5,"1,352,105",True,HISPANIC,1.0,MALE,"2,729,102",20641098
"3,491,659",1,41.0,1.0,Motorcycle,3,"1,352,128",True,WHITE,1.0,MALE,"2,729,150",20642082
"3,492,213",4,63.0,1.0,Pedestrian,7,"1,352,326",True,WHITE,2.0,FEMALE,"2,729,548",20643066
"3,492,279",1,48.0,1.0,Motorcycle,3,"1,352,359",True,WHITE,1.0,MALE,"2,729,614",20644933
"3,492,302",1,55.0,2.0,Large passenger vehicle,2,"1,352,372",True,HISPANIC,1.0,MALE,"2,729,639",20645705
"3,492,330",1,28.0,2.0,Passenger car,1,"1,352,388",True,HISPANIC,1.0,MALE,"2,729,673",20645731
"3,492,448",1,39.0,2.0,Passenger car,1,"1,352,365",False,HISPANIC,1.0,MALE,"2,729,626",20645690
"3,492,546",1,66.0,1.0,Pedestrian,7,"1,352,460",True,WHITE,1.0,MALE,"2,729,818",20647538
"3,492,581",1,67.0,1.0,Pedestrian,7,"1,352,479",True,WHITE,1.0,MALE,"2,729,855",20648106
"3,492,593",1,30.0,3.0,Pedestrian,7,"1,352,487",True,BLACK,1.0,MALE,"2,729,868",20648119
"3,492,597",1,39.0,3.0,Passenger car,1,"1,352,490",True,BLACK,1.0,MALE,"2,729,872",20648141
"3,492,599",1,34.0,1.0,Motorcycle,3,"1,352,491",True,WHITE,1.0,MALE,"2,729,874",20648145
"3,492,607",1,53.0,2.0,Pedestrian,7,"1,352,495",True,HISPANIC,1.0,MALE,"2,729,882",20648157
"3,492,836",1,48.0,2.0,Pedestrian,7,"1,352,582",True,HISPANIC,1.0,MALE,"2,730,047",20648112
"3,493,217",1,59.0,2.0,Large passenger vehicle,2,"1,352,689",False,HISPANIC,2.0,FEMALE,"2,730,261",20651166
"3,493,413",1,35.0,2.0,Pedestrian,7,"1,352,803",True,HISPANIC,1.0,MALE,"2,730,493",20653194
"3,493,450",1,20.0,2.0,Passenger car,1,"1,352,822",True,HISPANIC,1.0,MALE,"2,730,533",20653769
"3,493,455",1,34.0,3.0,Passenger car,1,"1,352,825",True,BLACK,1.0,MALE,"2,730,539",20653780
"3,494,161",1,23.0,1.0,Large passenger vehicle,2,"1,353,131",True,WHITE,1.0,MALE,"2,731,128",20660343
"3,494,192",1,49.0,1.0,Large passenger vehicle,2,"1,353,146",True,WHITE,2.0,FEMALE,"2,731,159",20660424
"3,494,227",1,41.0,6.0,Motorcycle,3,"1,353,163",True,AMER. INDIAN/ALASKAN NATIVE,1.0,MALE,"2,731,194",20660491
"3,494,544",4,22.0,1.0,Passenger car,1,"1,353,264",True,WHITE,2.0,FEMALE,"2,731,413",20660640
"3,494,556",4,29.0,3.0,Pedestrian,7,"1,353,271",True,BLACK,1.0,MALE,"2,731,427",20661144
"3,494,789",1,48.0,1.0,Passenger car,1,"1,353,349",True,WHITE,2.0,FEMALE,"2,731,581",20654826
"3,494,853",1,33.0,1.0,Motorcycle,3,"1,353,386",True,WHITE,1.0,MALE,"2,731,656",20660515
"3,494,940",1,24.0,2.0,Other/Unknown,9,"1,353,431",True,HISPANIC,1.0,MALE,"2,731,748",20663225
"3,495,966",1,25.0,1.0,Passenger car,1,"1,354,020",True,WHITE,1.0,MALE,"2,732,545",20672639
"3,495,981",1,41.0,1.0,Passenger car,1,"1,354,029",True,WHITE,1.0,MALE,"2,732,561",20672663
"3,495,983",1,31.0,2.0,Pedestrian,7,"1,354,030",True,HISPANIC,1.0,MALE,"2,732,563",20672667
"3,496,197",1,22.0,1.0,Passenger car,1,"1,354,018",False,WHITE,1.0,MALE,"2,732,543",20672637
"3,497,857",1,20.0,2.0,Large passenger vehicle,2,"1,354,695",False,HISPANIC,2.0,FEMALE,"2,733,876",20672648
"3,498,173",1,58.0,1.0,Passenger car,1,"1,354,958",True,WHITE,1.0,MALE,"2,734,414",20681346
"3,498,526",4,33.0,1.0,Motorcycle,3,"1,355,083",True,WHITE,1.0,MALE,"2,734,681",20681354
"3,498,804",1,20.0,2.0,Large passenger vehicle,2,"1,355,150",False,HISPANIC,1.0,MALE,"2,734,810",20683809
"3,498,848",4,24.0,2.0,Passenger car,1,"1,355,186",True,HISPANIC,2.0,FEMALE,"2,734,883",20682791
"3,499,963",4,40.0,1.0,Pedestrian,7,"1,355,627",True,WHITE,1.0,MALE,"2,735,801",20686709
"3,500,284",1,27.0,3.0,Passenger car,1,"1,355,756",True,BLACK,2.0,FEMALE,"2,736,061",20688860
"3,500,307",1,26.0,1.0,Motorcycle,3,"1,355,769",True,WHITE,1.0,MALE,"2,736,086",20688958
"3,500,494",4,29.0,3.0,Passenger car,1,"1,355,756",False,BLACK,2.0,FEMALE,"2,736,061",20688860
"3,500,874",1,28.0,1.0,Motor vehicle – other,4,"1,356,037",True,WHITE,1.0,MALE,"2,736,646",20696048
"3,501,056",4,4.0,2.0,Passenger car,1,"1,356,037",False,HISPANIC,2.0,FEMALE,"2,736,645",20696048
"3,501,177",1,25.0,1.0,Pedestrian,7,"1,356,096",True,WHITE,1.0,MALE,"2,736,781",20695210
"3,501,780",1,51.0,1.0,Large passenger vehicle,2,"1,356,364",True,WHITE,2.0,FEMALE,"2,737,317",20702379
"3,502,118",1,47.0,1.0,Passenger car,1,"1,356,502",True,WHITE,1.0,MALE,"2,737,602",20705222
"3,502,408",4,43.0,1.0,Passenger car,1,"1,356,591",True,WHITE,1.0,MALE,"2,737,789",20704856
"3,502,411",4,26.0,3.0,Passenger car,1,"1,356,592",True,BLACK,2.0,FEMALE,"2,737,792",20704860
"3,502,412",1,40.0,2.0,Large passenger vehicle,2,"1,356,592",True,HISPANIC,2.0,FEMALE,"2,737,793",20704860
"3,502,453",4,64.0,2.0,Passenger car,1,"1,356,614",True,HISPANIC,1.0,MALE,"2,737,836",20705178
"3,502,454",1,38.0,2.0,Large passenger vehicle,2,"1,356,614",True,HISPANIC,2.0,FEMALE,"2,737,837",20705178
"3,502,546",1,52.0,4.0,Passenger car,1,"1,356,659",True,ASIAN,1.0,MALE,"2,737,934",20705459
"3,502,636",1,54.0,1.0,Pedestrian,7,"1,356,708",True,WHITE,1.0,MALE,"2,738,033",20706711
"3,502,981",1,41.0,3.0,Motorcycle,3,"1,356,804",True,BLACK,1.0,MALE,"2,738,251",20706700
"3,503,062",1,30.0,2.0,Passenger car,1,"1,356,849",True,HISPANIC,1.0,MALE,"2,738,336",20708680
"3,503,393",1,30.0,4.0,Motor vehicle – other,4,"1,356,954",True,ASIAN,1.0,MALE,"2,738,582",20708631
"3,503,910",1,45.0,1.0,Large passenger vehicle,2,"1,357,158",True,WHITE,2.0,FEMALE,"2,739,003",20713028
"3,504,251",4,72.0,2.0,Passenger car,1,"1,357,268",True,HISPANIC,1.0,MALE,"2,739,221",20712638
"3,504,667",1,49.0,1.0,Passenger car,1,"1,357,430",True,WHITE,2.0,FEMALE,"2,739,547",20715017
"3,504,958",4,32.0,2.0,Motorcycle,3,"1,357,541",True,HISPANIC,1.0,MALE,"2,739,780",20718006
"3,505,190",1,39.0,2.0,Passenger car,1,"1,357,640",True,HISPANIC,1.0,MALE,"2,739,981",20719088
"3,506,446",1,35.0,2.0,Passenger car,1,"1,358,294",True,HISPANIC,2.0,FEMALE,"2,741,029",20730088
"3,506,473",1,33.0,1.0,Motorcycle,3,"1,358,309",True,WHITE,1.0,MALE,"2,741,057",20730203
"3,506,585",1,47.0,2.0,Passenger car,1,"1,358,370",True,HISPANIC,1.0,MALE,"2,741,173",20732196
"3,506,632",1,59.0,1.0,Pedestrian,7,"1,358,393",True,WHITE,2.0,FEMALE,"2,741,223",20732332
"3,506,991",4,32.0,2.0,Passenger car,1,"1,358,519",True,HISPANIC,1.0,MALE,"2,741,474",20732264
"3,506,992",1,60.0,2.0,Large passenger vehicle,2,"1,358,519",True,HISPANIC,1.0,MALE,"2,741,475",20732264
"3,506,993",1,29.0,2.0,Passenger car,1,"1,358,519",True,HISPANIC,1.0,MALE,"2,741,476",20732264
"3,507,001",1,39.0,1.0,Passenger car,1,"1,358,519",True,WHITE,1.0,MALE,"2,741,485",20732264
"3,507,225",4,25.0,2.0,Passenger car,1,"1,358,519",False,HISPANIC,2.0,FEMALE,"2,741,474",20732264
"3,507,226",4,0.0,2.0,Passenger car,1,"1,358,519",False,HISPANIC,1.0,MALE,"2,741,474",20732264
"3,507,227",4,6.0,2.0,Passenger car,1,"1,358,519",False,HISPANIC,2.0,FEMALE,"2,741,474",20732264
"3,507,229",4,78.0,2.0,Large passenger vehicle,2,"1,358,519",False,HISPANIC,2.0,FEMALE,"2,741,475",20732264
"3,507,230",1,24.0,2.0,Passenger car,1,"1,358,519",False,HISPANIC,2.0,FEMALE,"2,741,476",20732264
"3,508,542",4,62.0,1.0,Pedestrian,7,"1,359,073",True,WHITE,1.0,MALE,"2,742,644",20738144
"3,510,048",4,37.0,1.0,Motorcycle,3,"1,359,701",True,WHITE,1.0,MALE,"2,743,909",20745359
"3,510,142",1,30.0,2.0,Pedestrian,7,"1,359,752",True,HISPANIC,1.0,MALE,"2,744,011",20748873
"3,510,164",1,20.0,2.0,Passenger car,1,"1,359,763",True,HISPANIC,1.0,MALE,"2,744,033",20748899
"3,510,395",1,17.0,4.0,Large passenger vehicle,2,"1,359,852",True,ASIAN,2.0,FEMALE,"2,744,217",20748832
"3,510,419",4,17.0,1.0,Passenger car,1,"1,359,864",True,WHITE,1.0,MALE,"2,744,241",20748940
"3,510,444",4,24.0,2.0,Pedestrian,7,"1,359,878",True,HISPANIC,1.0,MALE,"2,744,269",20749382
"3,510,649",1,18.0,4.0,Passenger car,1,"1,359,864",False,ASIAN,1.0,MALE,"2,744,241",20748940
"3,511,026",1,62.0,3.0,Pedestrian,7,"1,360,129",True,BLACK,1.0,MALE,"2,744,786",20755224
"3,511,724",1,43.0,1.0,Passenger car,1,"1,360,345",True,WHITE,1.0,MALE,"2,745,233",20756906
"3,511,874",1,65.0,1.0,Passenger car,1,"1,360,345",False,WHITE,1.0,MALE,"2,745,233",20756906
"3,511,875",4,62.0,1.0,Passenger car,1,"1,360,345",False,WHITE,2.0,FEMALE,"2,745,233",20756906
"3,511,877",1,15.0,2.0,Passenger car,1,"1,360,351",False,HISPANIC,1.0,MALE,"2,745,245",20756920
"3,512,061",1,26.0,2.0,Passenger car,1,"1,360,478",True,HISPANIC,2.0,FEMALE,"2,745,514",20760979
"3,512,063",1,60.0,1.0,Passenger car,1,"1,360,479",True,WHITE,1.0,MALE,"2,745,516",20760980
"3,512,093",1,43.0,3.0,Passenger car,1,"1,360,496",True,BLACK,1.0,MALE,"2,745,551",20761912
"3,513,129",1,35.0,2.0,Passenger car,1,"1,360,897",True,HISPANIC,1.0,MALE,"2,746,359",20769030
"3,513,621",1,,2.0,Pedestrian,7,"1,361,078",True,HISPANIC,1.0,MALE,"2,746,725",20769434
"3,513,625",1,23.0,2.0,Passenger car,1,"1,361,081",True,HISPANIC,2.0,FEMALE,"2,746,730",20769509
"3,513,714",1,23.0,2.0,Large passenger vehicle,2,"1,361,129",True,HISPANIC,2.0,FEMALE,"2,746,829",20771572
"3,513,814",1,29.0,2.0,Passenger car,1,"1,361,064",False,HISPANIC,2.0,FEMALE,"2,746,697",20769274
"3,514,612",1,49.0,1.0,Large passenger vehicle,2,"1,361,454",True,WHITE,1.0,MALE,"2,747,500",20779058
"3,514,767",1,17.0,1.0,Large passenger vehicle,2,"1,361,454",False,WHITE,1.0,MALE,"2,747,500",20779058
"3,515,195",4,35.0,1.0,Pedestrian,7,"1,361,674",True,WHITE,1.0,MALE,"2,747,939",20779102
"3,516,054",1,25.0,1.0,Passenger car,1,"1,362,019",True,WHITE,2.0,FEMALE,"2,748,661",20787385
"3,516,430",1,39.0,2.0,Passenger car,1,"1,362,161",True,HISPANIC,1.0,MALE,"2,748,947",20779186
"3,516,648",4,66.0,2.0,Passenger car,1,"1,362,279",True,HISPANIC,1.0,MALE,"2,749,178",20794117
"3,516,920",1,54.0,1.0,Passenger car,1,"1,362,361",True,WHITE,2.0,FEMALE,"2,749,347",20793916
"3,517,031",1,24.0,1.0,Large passenger vehicle,2,"1,362,425",True,WHITE,1.0,MALE,"2,749,463",20795788
"3,517,240",4,51.0,2.0,Motorcycle,3,"1,362,486",True,HISPANIC,1.0,MALE,"2,749,595",20787492
"3,517,281",1,31.0,2.0,Passenger car,1,"1,362,507",True,HISPANIC,2.0,FEMALE,"2,749,643",20796207
"3,517,289",4,47.0,1.0,Motorcycle,3,"1,362,512",True,WHITE,1.0,MALE,"2,749,653",20796270
"3,517,476",1,48.0,1.0,Large passenger vehicle,2,"1,362,536",False,WHITE,2.0,FEMALE,"2,749,710",20798062
"3,517,811",1,47.0,1.0,Large passenger vehicle,2,"1,362,722",True,WHITE,1.0,MALE,"2,750,109",20799541
"3,517,814",1,25.0,2.0,Passenger car,1,"1,362,724",True,HISPANIC,1.0,MALE,"2,750,112",20799573
"3,517,957",1,28.0,4.0,Passenger car,1,"1,362,798",True,ASIAN,1.0,MALE,"2,750,264",20801308
"3,517,974",1,22.0,2.0,Large passenger vehicle,2,"1,362,810",True,HISPANIC,2.0,FEMALE,"2,750,285",20801364
"3,518,091",1,18.0,1.0,Passenger car,1,"1,362,738",False,WHITE,2.0,FEMALE,"2,750,141",20800064
"3,518,120",1,37.0,1.0,Passenger car,1,"1,362,798",False,WHITE,2.0,FEMALE,"2,750,265",20801308
"3,518,257",4,28.0,4.0,Motorcycle,3,"1,362,883",True,ASIAN,1.0,MALE,"2,750,438",20799512
"3,518,290",1,41.0,1.0,Passenger car,1,"1,362,900",True,WHITE,1.0,MALE,"2,750,474",20800060
"3,518,435",4,20.0,2.0,Pedestrian,7,"1,362,976",True,HISPANIC,0.0,UNKNOWN,"2,750,629",20803350
"3,519,094",1,48.0,2.0,Passenger car,1,"1,363,117",False,HISPANIC,1.0,MALE,"2,750,928",20803463
"3,519,352",1,48.0,1.0,Pedestrian,7,"1,363,387",True,WHITE,1.0,MALE,"2,751,289",20805924
"3,519,899",1,28.0,1.0,Bicycle,5,"1,363,627",True,WHITE,2.0,FEMALE,"2,751,771",20810638
"3,520,370",1,62.0,1.0,Passenger car,1,"1,363,801",True,WHITE,2.0,FEMALE,"2,752,131",20811903
"3,520,378",1,27.0,1.0,Large passenger vehicle,2,"1,363,805",True,WHITE,1.0,MALE,"2,752,139",20811908
"3,520,386",1,,1.0,Pedestrian,7,"1,363,809",True,WHITE,1.0,MALE,"2,752,147",20811916
"3,520,673",1,,2.0,Passenger car,1,"1,363,902",True,HISPANIC,1.0,MALE,"2,752,344",20811829
"3,520,843",1,34.0,4.0,Motorcycle,3,"1,363,995",True,ASIAN,1.0,MALE,"2,752,526",20815008
"3,521,562",1,31.0,1.0,Passenger car,1,"1,364,257",True,WHITE,2.0,FEMALE,"2,753,070",20816779
"3,521,563",1,35.0,1.0,Passenger car,1,"1,364,257",True,WHITE,1.0,MALE,"2,753,071",20816779
"3,521,711",4,65.0,1.0,Bicycle,5,"1,364,341",True,WHITE,1.0,MALE,"2,753,229",20820570
"3,521,940",1,18.0,2.0,Passenger car,1,"1,364,423",True,HISPANIC,1.0,MALE,"2,753,408",20820566
"3,521,941",1,60.0,2.0,Large passenger vehicle,2,"1,364,423",True,HISPANIC,1.0,MALE,"2,753,409",20820566
"3,522,126",4,18.0,2.0,Passenger car,1,"1,364,423",False,HISPANIC,2.0,FEMALE,"2,753,408",20820566
"3,522,127",1,61.0,2.0,Large passenger vehicle,2,"1,364,423",False,HISPANIC,1.0,MALE,"2,753,409",20820566
"3,522,500",1,59.0,2.0,Passenger car,1,"1,364,672",True,HISPANIC,2.0,FEMALE,"2,753,930",20826212
"3,522,563",4,68.0,6.0,Passenger car,1,"1,364,538",False,AMER. INDIAN/ALASKAN NATIVE,2.0,FEMALE,"2,753,646",20820690
"3,522,744",4,45.0,1.0,Large passenger vehicle,2,"1,364,746",True,WHITE,1.0,MALE,"2,754,087",20826194
"3,522,749",4,36.0,2.0,Pedestrian,7,"1,364,749",True,HISPANIC,1.0,MALE,"2,754,094",20826230
"3,522,997",1,55.0,3.0,Passenger car,1,"1,364,846",True,BLACK,2.0,FEMALE,"2,754,279",20826222
"3,522,998",1,18.0,4.0,Passenger car,1,"1,364,847",True,ASIAN,1.0,MALE,"2,754,280",20826228
"3,523,532",1,50.0,2.0,Pedestrian,7,"1,365,060",True,HISPANIC,1.0,MALE,"2,754,710",20829906
"3,523,646",1,34.0,3.0,Bicycle,5,"1,365,120",True,BLACK,1.0,MALE,"2,754,827",20832346
"3,523,802",4,45.0,0.0,Pedestrian,7,"1,365,202",True,UNKNOWN,2.0,FEMALE,"2,754,990",20835226
"3,524,899",4,55.0,3.0,Motorcycle,3,"1,365,596",True,BLACK,1.0,MALE,"2,755,800",20830136
"3,525,255",1,26.0,1.0,E-scooter,11,"1,365,750",True,WHITE,1.0,MALE,"2,756,107",20841556
"3,525,378",1,21.0,2.0,Passenger car,1,"1,365,780",False,HISPANIC,2.0,FEMALE,"2,756,167",20842376
"3,525,478",1,55.0,1.0,Large passenger vehicle,2,"1,365,831",True,WHITE,1.0,MALE,"2,756,277",20843531
"3,525,479",1,37.0,2.0,Large passenger vehicle,2,"1,365,831",True,HISPANIC,2.0,FEMALE,"2,756,278",20843531
"3,525,663",4,24.0,1.0,Pedestrian,7,"1,365,891",True,WHITE,1.0,MALE,"2,756,404",20843525
"3,525,709",4,29.0,2.0,Motorcycle,3,"1,365,916",True,HISPANIC,1.0,MALE,"2,756,451",20845505
"3,525,723",1,63.0,2.0,Large passenger vehicle,2,"1,365,925",True,HISPANIC,1.0,MALE,"2,756,467",20845526
"3,525,868",1,28.0,1.0,E-scooter,11,"1,365,974",True,WHITE,1.0,MALE,"2,756,568",20839593
"3,526,036",1,33.0,2.0,Passenger car,1,"1,365,978",False,HISPANIC,2.0,FEMALE,"2,756,575",20839606
"3,526,116",1,36.0,2.0,Pedestrian,7,"1,366,067",True,HISPANIC,2.0,FEMALE,"2,756,753",20839419
"3,526,158",4,66.0,1.0,Passenger car,1,"1,366,095",True,WHITE,2.0,FEMALE,"2,756,803",20847298
"3,526,640",1,51.0,4.0,Passenger car,1,"1,366,321",True,ASIAN,1.0,MALE,"2,757,237",20854498
"3,526,672",1,26.0,1.0,Large passenger vehicle,2,"1,366,335",True,WHITE,1.0,MALE,"2,757,271",20854703
"3,526,915",4,43.0,1.0,Pedestrian,7,"1,366,407",True,WHITE,1.0,MALE,"2,757,433",20851266
"3,526,968",1,47.0,1.0,Pedestrian,7,"1,366,437",True,WHITE,1.0,MALE,"2,757,496",20853799
"3,527,056",1,46.0,2.0,Passenger car,1,"1,366,488",True,HISPANIC,1.0,MALE,"2,757,596",20854481
"3,527,086",1,56.0,1.0,Passenger car,1,"1,366,501",True,WHITE,1.0,MALE,"2,757,632",20854702
"3,527,090",1,31.0,3.0,Pedestrian,7,"1,366,503",True,BLACK,1.0,MALE,"2,757,636",20854705
"3,527,161",1,61.0,1.0,Passenger car,1,"1,366,543",True,WHITE,1.0,MALE,"2,757,709",20856723
"3,527,218",1,23.0,2.0,Large passenger vehicle,2,"1,366,414",False,HISPANIC,2.0,FEMALE,"2,757,446",20851346
"3,527,222",4,4.0,2.0,Large passenger vehicle,2,"1,366,414",False,HISPANIC,1.0,MALE,"2,757,446",20851346
"3,527,625",1,37.0,1.0,Motor vehicle – other,4,"1,366,593",False,WHITE,1.0,MALE,"2,757,818",20847290
"3,528,086",1,61.0,1.0,Pedestrian,7,"1,366,894",True,WHITE,2.0,FEMALE,"2,758,427",20861192
"3,528,103",1,37.0,3.0,Pedestrian,7,"1,366,902",True,BLACK,1.0,MALE,"2,758,444",20861203
"3,528,159",1,37.0,3.0,Passenger car,1,"1,366,933",True,BLACK,2.0,FEMALE,"2,758,503",20861279
"3,528,235",1,30.0,1.0,Passenger car,1,"1,366,982",True,WHITE,1.0,MALE,"2,758,584",20861382
"3,528,736",4,34.0,2.0,Passenger car,1,"1,367,112",True,HISPANIC,1.0,MALE,"2,758,832",20859577
"3,528,740",4,34.0,1.0,Motorcycle,3,"1,367,114",True,WHITE,1.0,MALE,"2,758,836",20859596
"3,528,744",1,32.0,2.0,Passenger car,1,"1,367,116",True,HISPANIC,2.0,FEMALE,"2,758,840",20859652
"3,528,772",1,29.0,2.0,Passenger car,1,"1,367,132",True,HISPANIC,2.0,FEMALE,"2,758,870",20861187
"3,529,034",1,54.0,2.0,Bicycle,5,"1,367,217",True,HISPANIC,1.0,MALE,"2,759,045",20855668
"3,529,148",1,26.0,1.0,Pedestrian,7,"1,367,278",True,WHITE,2.0,FEMALE,"2,759,176",20864132
"3,529,331",1,18.0,,Passenger car,1,"1,363,414",False,,2.0,FEMALE,"2,751,343",20807867
"3,529,576",1,21.0,1.0,E-scooter,11,"1,367,445",True,WHITE,2.0,FEMALE,"2,759,507",20867431
"3,529,577",1,33.0,3.0,E-scooter,11,"1,367,445",True,BLACK,1.0,MALE,"2,759,508",20867431
"3,529,606",1,61.0,1.0,Bicycle,5,"1,367,458",True,WHITE,1.0,MALE,"2,759,537",20867552
"3,529,752",1,23.0,2.0,Large passenger vehicle,2,"1,367,510",True,HISPANIC,1.0,MALE,"2,759,647",20861065
"3,529,925",1,20.0,2.0,Large passenger vehicle,2,"1,367,510",False,HISPANIC,1.0,MALE,"2,759,647",20861065
"3,529,926",1,21.0,2.0,Large passenger vehicle,2,"1,367,510",False,HISPANIC,1.0,MALE,"2,759,647",20861065
"3,559,873",1,39.0,3.0,Large passenger vehicle,2,"1,381,638",True,BLACK,1.0,MALE,"2,788,215",20871346
"3,559,889",4,72.0,1.0,Pedestrian,7,"1,381,645",True,WHITE,2.0,FEMALE,"2,788,231",20871548
"3,590,929",4,15.0,1.0,Pedestrian,7,"1,394,996",True,WHITE,1.0,MALE,"2,815,649",20870944
"3,590,932",1,25.0,2.0,Passenger car,1,"1,394,998",True,HISPANIC,1.0,MALE,"2,815,652",20871006
"3,635,556",1,19.0,2.0,Pedestrian,7,"1,413,720",True,HISPANIC,1.0,MALE,"2,853,760",20874498
"3,635,587",1,34.0,2.0,Passenger car,1,"1,413,735",True,HISPANIC,1.0,MALE,"2,853,791",20874609
"3,635,765",1,62.0,1.0,Large passenger vehicle,2,"1,413,830",True,WHITE,2.0,FEMALE,"2,853,980",20877504
"3,687,279",4,52.0,2.0,Pedestrian,7,"1,434,196",True,HISPANIC,1.0,MALE,"2,895,885",20874504
"3,687,280",4,27.0,2.0,Large passenger vehicle,2,"1,434,197",True,HISPANIC,1.0,MALE,"2,895,886",20874593
"3,687,288",1,23.0,2.0,Passenger car,1,"1,434,202",True,HISPANIC,2.0,FEMALE,"2,895,894",20874753
"3,701,347",1,71.0,,Passenger car,1,"1,434,219",False,,1.0,MALE,"2,895,928",20877470
"3,748,250",1,41.0,2.0,Passenger car,1,"1,453,846",True,HISPANIC,1.0,MALE,"2,935,735",20867452
"3,748,251",1,38.0,3.0,Passenger car,1,"1,453,846",True,BLACK,1.0,MALE,"2,935,736",20867452
"3,748,322",1,25.0,2.0,Pedestrian,7,"1,453,884",True,HISPANIC,1.0,MALE,"2,935,818",20879356
"3,748,358",1,34.0,1.0,Pedestrian,7,"1,453,904",True,WHITE,1.0,MALE,"2,935,854",20880577
"3,837,107",1,43.0,1.0,Pedestrian,7,"1,488,792",True,WHITE,1.0,MALE,"3,006,518",18260927
"4,425,121",1,33.0,1.0,Motorcycle,3,"1,717,966",True,WHITE,1.0,MALE,"3,468,611",20897964
"4,425,196",1,43.0,1.0,Passenger car,1,"1,718,005",True,WHITE,1.0,MALE,"3,468,690",20898172
"4,475,559",1,58.0,3.0,Large passenger vehicle,2,"1,736,885",True,BLACK,1.0,MALE,"3,506,827",20897909
"4,475,574",4,61.0,3.0,Pedestrian,7,"1,736,892",True,BLACK,1.0,MALE,"3,506,842",20897953
"4,475,600",1,24.0,1.0,Large passenger vehicle,2,"1,736,907",True,WHITE,2.0,FEMALE,"3,506,869",20898100
"4,526,300",4,19.0,2.0,Large passenger vehicle,2,"1,756,203",True,HISPANIC,1.0,MALE,"3,545,782",20900865
"4,571,160",4,41.0,2.0,Pedestrian,7,"1,773,219",True,HISPANIC,1.0,MALE,"3,579,657",20900737
"4,571,181",1,81.0,1.0,Pedestrian,7,"1,773,231",True,WHITE,1.0,MALE,"3,579,679",20902195
"4,571,644",4,49.0,2.0,Bicycle,5,"1,773,431",True,HISPANIC,1.0,MALE,"3,580,080",20907590
"4,572,146",4,56.0,2.0,Passenger car,1,"1,773,601",True,HISPANIC,1.0,MALE,"3,580,420",20909717
"4,572,724",1,73.0,1.0,Passenger car,1,"1,773,856",True,WHITE,2.0,FEMALE,"3,580,914",20916993
"4,572,804",1,43.0,1.0,Motorcycle,3,"1,773,896",True,WHITE,1.0,MALE,"3,580,995",20917082
"4,572,813",1,29.0,2.0,Motorcycle,3,"1,773,901",True,HISPANIC,1.0,MALE,"3,581,005",20917100
"4,572,825",1,35.0,2.0,Motorcycle,3,"1,773,910",True,HISPANIC,1.0,MALE,"3,581,020",20917115
"4,573,063",4,68.0,2.0,Large passenger vehicle,2,"1,773,971",True,HISPANIC,2.0,FEMALE,"3,581,143",20916931
"4,573,094",1,53.0,2.0,Pedestrian,7,"1,773,985",True,HISPANIC,1.0,MALE,"3,581,174",20916973
"4,573,101",1,22.0,1.0,Passenger car,1,"1,773,988",True,WHITE,1.0,MALE,"3,581,181",20917000
"4,573,143",4,50.0,3.0,Pedestrian,7,"1,774,009",True,BLACK,1.0,MALE,"3,581,225",20917070
"4,573,285",1,70.0,1.0,Pedestrian,7,"1,774,084",True,WHITE,1.0,MALE,"3,581,378",20919647
"4,573,298",1,59.0,3.0,Large passenger vehicle,2,"1,774,091",True,BLACK,1.0,MALE,"3,581,393",20919694
"4,573,372",1,25.0,1.0,Passenger car,1,"1,774,014",False,WHITE,2.0,FEMALE,"3,581,235",20917094
"4,573,441",1,48.0,3.0,Large passenger vehicle,2,"1,774,091",False,BLACK,2.0,FEMALE,"3,581,393",20919694
"4,573,713",1,26.0,1.0,Bicycle,5,"1,774,241",True,WHITE,1.0,MALE,"3,581,708",20921287
"4,573,970",1,45.0,1.0,Large passenger vehicle,2,"1,774,334",True,WHITE,2.0,FEMALE,"3,581,902",20923184
"4,575,078",4,68.0,1.0,Pedestrian,7,"1,774,780",True,WHITE,1.0,MALE,"3,582,805",20930005
"4,575,097",4,61.0,1.0,Passenger car,1,"1,774,790",True,WHITE,1.0,MALE,"3,582,824",20930133
"4,575,150",1,42.0,1.0,Motorcycle,3,"1,774,814",True,WHITE,1.0,MALE,"3,582,879",20931924
"4,575,152",1,67.0,1.0,Large passenger vehicle,2,"1,774,815",True,WHITE,1.0,MALE,"3,582,881",20931926
"4,575,937",1,30.0,3.0,Motorcycle,3,"1,775,138",True,BLACK,1.0,MALE,"3,583,540",20935676
"4,575,947",4,24.0,1.0,Motorcycle,3,"1,775,143",True,WHITE,1.0,MALE,"3,583,550",20935687
"4,576,035",1,45.0,1.0,Bicycle,5,"1,775,196",True,WHITE,2.0,FEMALE,"3,583,650",20937648
"4,576,061",1,32.0,2.0,Large passenger vehicle,2,"1,775,209",True,HISPANIC,1.0,MALE,"3,583,676",20937687
"4,576,066",1,48.0,2.0,Pedestrian,7,"1,775,212",True,HISPANIC,1.0,MALE,"3,583,682",20937698
"4,576,319",1,54.0,1.0,Pedestrian,7,"1,775,288",True,WHITE,1.0,MALE,"3,583,837",20937643
"4,576,488",4,35.0,3.0,Pedestrian,7,"1,775,380",True,BLACK,1.0,MALE,"3,584,021",20941896
"4,576,508",1,33.0,1.0,Pedestrian,7,"1,775,393",True,WHITE,1.0,MALE,"3,584,047",20941948
"4,576,558",1,75.0,2.0,Large passenger vehicle,2,"1,775,291",False,HISPANIC,1.0,MALE,"3,583,841",20937651
"4,576,715",4,19.0,4.0,Pedestrian,7,"1,775,421",True,ASIAN,1.0,MALE,"3,584,108",20927000
"4,576,774",1,22.0,1.0,Motorcycle,3,"1,775,456",True,WHITE,1.0,MALE,"3,584,179",20941844
"4,576,806",4,62.0,1.0,Motorcycle,3,"1,775,472",True,WHITE,1.0,MALE,"3,584,214",20941906
"4,578,923",1,35.0,2.0,Passenger car,1,"1,776,312",True,HISPANIC,2.0,FEMALE,"3,585,915",20943234
"4,578,933",1,32.0,1.0,Motorcycle,3,"1,776,317",True,WHITE,1.0,MALE,"3,585,925",20943244
"4,579,183",1,34.0,1.0,Bicycle,5,"1,776,416",True,WHITE,1.0,MALE,"3,586,131",20945028
"4,579,468",4,49.0,5.0,Pedestrian,7,"1,776,526",True,OTHER,1.0,MALE,"3,586,359",20946800
"4,579,549",1,,2.0,Bicycle,5,"1,776,568",True,HISPANIC,1.0,MALE,"3,586,444",20948559
"4,579,574",1,36.0,3.0,Bicycle,5,"1,776,579",True,BLACK,2.0,FEMALE,"3,586,469",20948573
"4,579,742",1,25.0,2.0,Passenger car,1,"1,776,589",False,HISPANIC,1.0,MALE,"3,586,488",20948628
"4,579,945",1,58.0,6.0,Pedestrian,7,"1,776,731",True,AMER. INDIAN/ALASKAN NATIVE,1.0,MALE,"3,586,776",20950876
"4,580,193",4,28.0,1.0,Passenger car,1,"1,776,808",True,WHITE,1.0,MALE,"3,586,940",20950817
"4,580,202",1,23.0,1.0,Motorcycle,3,"1,776,813",True,WHITE,2.0,FEMALE,"3,586,949",20950848
"4,580,460",1,48.0,1.0,Passenger car,1,"1,776,952",True,WHITE,2.0,FEMALE,"3,587,222",20954839
"4,580,714",1,37.0,5.0,Large passenger vehicle,2,"1,777,023",True,OTHER,1.0,MALE,"3,587,367",20954294
"4,580,715",4,47.0,1.0,Passenger car,1,"1,777,023",True,WHITE,1.0,MALE,"3,587,368",20954294
"4,580,716",1,50.0,1.0,Pedestrian,7,"1,777,023",True,WHITE,1.0,MALE,"3,587,369",20954294
"4,580,747",1,26.0,2.0,Passenger car,1,"1,777,040",True,HISPANIC,1.0,MALE,"3,587,401",20954634
"4,580,980",4,34.0,3.0,Motorcycle,3,"1,777,125",True,BLACK,1.0,MALE,"3,587,578",20952687
"4,581,091",4,54.0,1.0,Motorcycle,3,"1,777,183",True,WHITE,1.0,MALE,"3,587,695",20958760
"4,581,113",1,44.0,2.0,Pedestrian,7,"1,777,194",True,HISPANIC,1.0,MALE,"3,587,721",20958808
"4,581,132",1,18.0,2.0,Large passenger vehicle,2,"1,777,205",True,HISPANIC,2.0,FEMALE,"3,587,740",20958952
"4,581,221",1,27.0,1.0,Passenger car,1,"1,777,210",False,WHITE,1.0,MALE,"3,587,751",20959066
"4,581,427",4,75.0,1.0,Passenger car,1,"1,777,325",True,WHITE,2.0,FEMALE,"3,587,983",20960473
"4,581,792",1,,1.0,Pedestrian,7,"1,777,451",True,WHITE,2.0,FEMALE,"3,588,258",20961040
"4,581,992",1,27.0,1.0,Passenger car,1,"1,777,556",True,WHITE,2.0,FEMALE,"3,588,470",20964544
"4,582,224",4,90.0,1.0,Passenger car,1,"1,777,611",True,WHITE,2.0,FEMALE,"3,588,584",20964509
"4,582,450",4,64.0,1.0,E-scooter,11,"1,777,688",True,WHITE,1.0,MALE,"3,588,748",20964987
"4,582,460",1,52.0,1.0,Large passenger vehicle,2,"1,777,694",True,WHITE,1.0,MALE,"3,588,759",20965477
"4,582,564",1,33.0,2.0,Motorcycle,3,"1,777,746",True,HISPANIC,1.0,MALE,"3,588,871",20967583
"4,582,574",1,36.0,1.0,Pedestrian,7,"1,777,752",True,WHITE,1.0,MALE,"3,588,883",20967633
"4,582,883",1,30.0,3.0,E-scooter,11,"1,777,872",True,BLACK,1.0,MALE,"3,589,139",20967635
"4,583,357",1,37.0,1.0,Passenger car,1,"1,778,057",True,WHITE,1.0,MALE,"3,589,515",20972737
"4,583,738",4,32.0,2.0,Passenger car,1,"1,778,172",True,HISPANIC,1.0,MALE,"3,589,759",20964455
"4,584,185",1,20.0,2.0,Pedestrian,7,"1,778,351",True,HISPANIC,1.0,MALE,"3,590,112",20976954
"4,584,887",1,55.0,1.0,Bicycle,5,"1,778,626",True,WHITE,1.0,MALE,"3,590,676",20977057
"4,585,179",4,22.0,1.0,Passenger car,1,"1,778,768",True,WHITE,1.0,MALE,"3,590,967",20982659
"4,586,332",4,29.0,3.0,Pedestrian,7,"1,779,210",True,BLACK,1.0,MALE,"3,591,870",20989929
"4,586,381",4,24.0,2.0,Motorcycle,3,"1,779,236",True,HISPANIC,1.0,MALE,"3,591,921",20990746
"4,586,602",4,21.0,2.0,Passenger car,1,"1,779,227",False,HISPANIC,2.0,FEMALE,"3,591,901",20990142
"4,586,677",4,22.0,1.0,Motorcycle,3,"1,779,330",True,WHITE,1.0,MALE,"3,592,109",20989935
"4,586,985",1,33.0,1.0,Motorcycle,3,"1,779,453",True,WHITE,1.0,MALE,"3,592,374",20971818
"4,587,093",1,21.0,2.0,Passenger car,1,"1,779,508",True,HISPANIC,2.0,FEMALE,"3,592,491",20995975
"4,587,094",1,34.0,1.0,Large passenger vehicle,2,"1,779,508",True,WHITE,1.0,MALE,"3,592,492",20995975
"4,587,142",1,19.0,3.0,Large passenger vehicle,2,"1,779,533",True,BLACK,2.0,FEMALE,"3,592,542",20996484
"4,587,345",1,21.0,3.0,Large passenger vehicle,2,"1,779,533",False,BLACK,2.0,FEMALE,"3,592,542",20996484
"4,587,346",1,23.0,3.0,Large passenger vehicle,2,"1,779,533",False,BLACK,2.0,FEMALE,"3,592,542",20996484
"4,587,415",1,35.0,2.0,Large passenger vehicle,2,"1,779,613",True,HISPANIC,1.0,MALE,"3,592,702",20976859
"4,587,623",1,44.0,2.0,Pedestrian,7,"1,777,194",True,HISPANIC,1.0,MALE,"3,587,720",20958808
"4,588,784",1,70.0,2.0,Motor vehicle – other,4,"1,780,184",True,HISPANIC,1.0,MALE,"3,593,889",21006735
"4,589,275",4,33.0,1.0,Passenger car,1,"1,780,378",True,WHITE,2.0,FEMALE,"3,594,304",21008012
"4,589,287",1,45.0,2.0,Large passenger vehicle,2,"1,780,384",True,HISPANIC,1.0,MALE,"3,594,316",21008263
"4,590,791",1,37.0,2.0,Large passenger vehicle,2,"1,780,958",True,HISPANIC,2.0,FEMALE,"3,595,496",21018573
"4,591,203",1,14.0,1.0,Bicycle,5,"1,781,098",True,WHITE,1.0,MALE,"3,595,795",21018766
"4,591,644",1,52.0,1.0,Motorcycle,3,"1,781,267",True,WHITE,1.0,MALE,"3,596,137",21020304
"4,591,982",1,33.0,1.0,Passenger car,1,"1,781,405",True,WHITE,1.0,MALE,"3,596,409",21025337
"4,591,985",1,59.0,2.0,Pedestrian,7,"1,781,406",True,HISPANIC,2.0,FEMALE,"3,596,412",21025339
"4,592,007",1,58.0,1.0,Bicycle,5,"1,781,417",True,WHITE,1.0,MALE,"3,596,435",21025392
"4,592,031",1,18.0,3.0,Motorcycle,3,"1,781,429",True,BLACK,1.0,MALE,"3,596,460",21025454
"4,592,394",4,,2.0,Pedestrian,7,"1,781,570",True,HISPANIC,1.0,MALE,"3,596,771",21025531
"4,592,434",4,23.0,3.0,Passenger car,1,"1,781,591",True,BLACK,1.0,MALE,"3,596,811",21027446
"4,592,654",1,36.0,2.0,Large passenger vehicle,2,"1,781,551",False,HISPANIC,1.0,MALE,"3,596,731",21025399
"4,592,860",1,34.0,1.0,Passenger car,1,"1,781,751",True,WHITE,2.0,FEMALE,"3,597,146",21029817
"4,592,920",1,40.0,1.0,Bicycle,5,"1,781,783",True,WHITE,1.0,MALE,"3,597,212",21030793
"4,592,957",1,48.0,1.0,Passenger car,1,"1,781,805",True,WHITE,1.0,MALE,"3,597,252",21031137
"4,593,872",1,27.0,2.0,Large passenger vehicle,2,"1,782,149",True,HISPANIC,1.0,MALE,"3,597,955",21033402
"4,595,048",1,65.0,1.0,Pedestrian,7,"1,782,634",True,WHITE,2.0,FEMALE,"3,598,964",21049463
"4,595,428",1,44.0,1.0,Passenger car,1,"1,782,773",True,WHITE,2.0,FEMALE,"3,599,246",21049399
"4,595,678",1,20.0,2.0,Motorcycle,3,"1,782,904",True,HISPANIC,1.0,MALE,"3,599,521",21050747
"4,595,710",1,71.0,1.0,Pedestrian,7,"1,782,919",True,WHITE,1.0,MALE,"3,599,557",21050839
"4,596,109",1,46.0,3.0,Passenger car,1,"1,783,030",True,BLACK,1.0,MALE,"3,599,780",21051876
"4,596,469",1,47.0,4.0,Motor vehicle – other,4,"1,783,216",True,ASIAN,2.0,FEMALE,"3,600,166",21055445
"4,596,719",1,34.0,2.0,Passenger car,1,"1,783,289",True,HISPANIC,1.0,MALE,"3,600,312",21056083
"4,596,750",1,46.0,0.0,Bicycle,5,"1,783,304",True,UNKNOWN,1.0,MALE,"3,600,345",21056376
"4,596,775",1,17.0,2.0,Passenger car,1,"1,783,319",True,HISPANIC,1.0,MALE,"3,600,374",21056677
"4,596,956",1,25.0,2.0,Motorcycle,3,"1,783,379",True,HISPANIC,1.0,MALE,"3,600,499",21056389
"4,597,069",1,18.0,2.0,Motorcycle,3,"1,783,439",True,HISPANIC,1.0,MALE,"3,600,613",21058343
"4,597,285",4,75.0,1.0,Pedestrian,7,"1,783,510",True,WHITE,1.0,MALE,"3,600,760",21058328
"4,597,298",1,32.0,2.0,Passenger car,1,"1,783,517",True,HISPANIC,2.0,FEMALE,"3,600,773",21058346
"4,597,578",1,34.0,1.0,Motorcycle,3,"1,783,627",True,WHITE,1.0,MALE,"3,601,005",21058293
"4,597,785",1,28.0,4.0,Passenger car,1,"612,400",False,ASIAN,1.0,MALE,"1,233,566",20404965
"4,598,057",1,27.0,2.0,Motor vehicle – other,4,"1,783,837",True,HISPANIC,1.0,MALE,"3,601,424",21065423
"4,598,058",1,26.0,2.0,Large passenger vehicle,2,"1,783,837",True,HISPANIC,1.0,MALE,"3,601,425",21065423
"4,598,070",1,27.0,2.0,E-scooter,11,"1,783,843",True,HISPANIC,1.0,MALE,"3,601,438",21065441
"4,598,102",1,22.0,2.0,Motorcycle,3,"1,783,858",True,HISPANIC,1.0,MALE,"3,601,474",21065552
"4,598,218",1,18.0,1.0,Passenger car,1,"1,783,918",True,WHITE,1.0,MALE,"3,601,597",21066729
"4,598,409",1,25.0,1.0,Passenger car,1,"1,783,969",True,WHITE,2.0,FEMALE,"3,601,699",21065317
"4,598,427",4,42.0,1.0,Bicycle,5,"1,783,975",True,WHITE,1.0,MALE,"3,601,717",21065334
"4,598,454",1,24.0,2.0,Passenger car,1,"1,783,991",True,HISPANIC,2.0,FEMALE,"3,601,747",21065430
"4,598,462",1,65.0,3.0,Passenger car,1,"1,783,996",True,BLACK,2.0,FEMALE,"3,601,757",21065439
"4,598,475",1,73.0,1.0,Pedestrian,7,"1,784,001",True,WHITE,2.0,FEMALE,"3,601,770",21065534
"4,598,539",1,59.0,2.0,Passenger car,1,"1,784,035",True,HISPANIC,1.0,MALE,"3,601,838",21066730
"4,598,966",4,27.0,0.0,Passenger car,1,"1,784,190",True,UNKNOWN,1.0,MALE,"3,602,171",21068952
"4,599,094",1,39.0,2.0,Pedestrian,7,"1,784,259",True,HISPANIC,2.0,FEMALE,"3,602,306",21070969
"4,599,392",1,18.0,1.0,Motorcycle,3,"1,784,351",True,WHITE,1.0,MALE,"3,602,493",21071122
"4,599,549",4,33.0,5.0,E-scooter,11,"1,784,437",True,OTHER,1.0,MALE,"3,602,664",21074890
"4,599,849",1,18.0,2.0,Motorcycle,3,"1,784,542",True,HISPANIC,1.0,MALE,"3,602,875",21075160
"4,599,855",1,29.0,3.0,Bicycle,5,"1,784,544",True,BLACK,1.0,MALE,"3,602,881",21075163
"4,600,372",4,22.0,2.0,Pedestrian,7,"1,784,743",True,HISPANIC,1.0,MALE,"3,603,288",21077387
"4,600,408",1,40.0,3.0,E-scooter,11,"1,784,760",True,BLACK,1.0,MALE,"3,603,327",21078119
"4,600,518",1,44.0,1.0,Motorcycle,3,"1,784,818",True,WHITE,1.0,MALE,"3,603,443",21079821
"4,600,530",1,23.0,4.0,Motorcycle,3,"1,784,824",True,ASIAN,1.0,MALE,"3,603,455",21080005
"4,600,783",1,36.0,1.0,Motorcycle,3,"1,784,871",True,WHITE,1.0,MALE,"3,603,549",21075084
"4,600,854",4,,0.0,Passenger car,1,"1,784,905",True,UNKNOWN,1.0,MALE,"3,603,627",21079776
"4,600,883",1,29.0,2.0,Passenger car,1,"1,784,919",True,HISPANIC,1.0,MALE,"3,603,657",21080381
"4,601,911",1,38.0,2.0,Passenger car,1,"1,785,350",True,HISPANIC,1.0,MALE,"3,604,545",21088527
"4,602,191",1,86.0,1.0,Passenger car,1,"1,785,416",True,WHITE,2.0,FEMALE,"3,604,670",21088190
"4,602,196",1,57.0,2.0,Pedestrian,7,"1,785,419",True,HISPANIC,1.0,MALE,"3,604,676",21088200
"4,602,415",1,29.0,2.0,Motorcycle,3,"1,785,529",True,HISPANIC,1.0,MALE,"3,604,906",21090784
"4,603,516",1,71.0,2.0,Passenger car,1,"1,785,932",True,HISPANIC,2.0,FEMALE,"3,605,753",21095449
"4,603,650",1,33.0,1.0,Bicycle,5,"1,786,003",True,WHITE,1.0,MALE,"3,605,890",21097175
"4,603,812",1,44.0,1.0,Bicycle,5,"1,786,042",True,WHITE,1.0,MALE,"3,605,971",21095373
"4,604,331",1,,1.0,Pedestrian,7,"1,786,270",True,WHITE,1.0,MALE,"3,606,427",21102057
"4,604,708",4,59.0,2.0,Large passenger vehicle,2,"1,786,389",True,HISPANIC,1.0,MALE,"3,606,671",21101664
"4,604,867",1,70.0,3.0,Motorcycle,3,"1,786,472",True,BLACK,1.0,MALE,"3,606,840",21104570
"4,604,989",1,76.0,1.0,Passenger car,1,"1,786,536",True,WHITE,2.0,FEMALE,"3,606,968",21106599
"4,605,238",1,68.0,1.0,Passenger car,1,"1,786,584",False,WHITE,2.0,FEMALE,"3,607,067",21107505
"4,605,416",1,42.0,2.0,Bicycle,5,"1,786,689",True,HISPANIC,1.0,MALE,"3,607,281",21107509
"4,605,469",1,73.0,1.0,Pedestrian,7,"1,786,720",True,WHITE,2.0,FEMALE,"3,607,337",21109014
"4,605,473",1,39.0,5.0,Bicycle,5,"1,786,722",True,OTHER,1.0,MALE,"3,607,341",21109017
"4,605,475",1,50.0,3.0,Passenger car,1,"1,786,723",True,BLACK,1.0,MALE,"3,607,343",21109020
"4,605,686",1,29.0,2.0,Passenger car,1,"1,786,795",True,HISPANIC,2.0,FEMALE,"3,607,489",21102054
"4,605,715",1,26.0,3.0,Passenger car,1,"1,786,810",True,BLACK,2.0,FEMALE,"3,607,521",21109018
"4,605,867",4,79.0,1.0,Passenger car,1,"1,786,892",True,WHITE,2.0,FEMALE,"3,607,682",21111056
"4,606,229",1,,1.0,Pedestrian,7,"1,787,021",True,WHITE,2.0,FEMALE,"3,607,962",21113491
"4,606,342",1,20.0,1.0,Passenger car,1,"1,787,083",True,WHITE,1.0,MALE,"3,608,079",21114913
"4,606,411",1,21.0,2.0,Large passenger vehicle,2,"1,787,123",True,HISPANIC,1.0,MALE,"3,608,155",21115418
"4,607,265",1,58.0,1.0,Large passenger vehicle,2,"1,787,417",True,WHITE,1.0,MALE,"3,608,756",21120126
"4,607,266",1,35.0,2.0,Passenger car,1,"1,787,418",True,HISPANIC,2.0,FEMALE,"3,608,758",21120128
"4,607,298",1,63.0,2.0,Passenger car,1,"1,787,435",True,HISPANIC,2.0,FEMALE,"3,608,793",21120196
"4,607,547",1,60.0,1.0,Large passenger vehicle,2,"1,787,417",False,WHITE,2.0,FEMALE,"3,608,756",21120126
"4,607,550",1,68.0,2.0,Large passenger vehicle,2,"1,787,436",False,HISPANIC,1.0,MALE,"3,608,794",21120200
"4,607,640",1,29.0,1.0,Passenger car,1,"1,787,558",True,WHITE,1.0,MALE,"3,609,043",21120177
"4,607,742",1,37.0,1.0,Large passenger vehicle,2,"1,787,610",True,WHITE,1.0,MALE,"3,609,154",21123416
"4,607,848",1,34.0,1.0,Pedestrian,7,"1,787,664",True,WHITE,2.0,FEMALE,"3,609,264",21124307
"4,608,498",1,22.0,1.0,Motorcycle,3,"1,787,924",True,WHITE,1.0,MALE,"3,609,805",21128742
"4,608,616",1,29.0,3.0,Passenger car,1,"1,787,980",True,BLACK,1.0,MALE,"3,609,928",21129023
"4,608,642",1,20.0,1.0,Pedestrian,7,"1,787,994",True,WHITE,1.0,MALE,"3,609,957",21129097
"4,608,937",4,56.0,1.0,Pedestrian,7,"1,788,074",True,WHITE,2.0,FEMALE,"3,610,124",21128844
"4,609,549",1,19.0,4.0,Motorcycle,3,"1,788,346",True,ASIAN,1.0,MALE,"3,610,692",21135416
"4,609,754",1,48.0,1.0,Motorcycle,3,"1,788,399",True,WHITE,1.0,MALE,"3,610,798",21133632
"4,609,827",4,22.0,2.0,E-scooter,11,"1,788,436",True,HISPANIC,1.0,MALE,"3,610,880",21135404
"4,610,001",1,39.0,1.0,Motorcycle,3,"1,788,526",True,WHITE,1.0,MALE,"3,611,064",21137397
"4,610,241",1,38.0,1.0,Motorcycle,3,"1,788,526",False,WHITE,2.0,FEMALE,"3,611,064",21137397
"4,610,841",1,19.0,1.0,Pedestrian,7,"1,788,837",True,WHITE,1.0,MALE,"3,611,690",21144406
"4,611,333",1,26.0,4.0,Bicycle,5,"1,789,031",True,ASIAN,2.0,FEMALE,"3,612,085",21144112
"4,611,608",1,60.0,2.0,Passenger car,1,"1,789,175",True,HISPANIC,1.0,MALE,"3,612,381",21146753
"4,611,613",1,39.0,3.0,Pedestrian,7,"1,789,176",True,BLACK,1.0,MALE,"3,612,386",21146754
"4,611,698",1,44.0,1.0,E-scooter,11,"1,789,219",True,WHITE,1.0,MALE,"3,612,476",21146826
"4,612,239",1,42.0,3.0,Motorcycle,3,"1,789,516",True,BLACK,1.0,MALE,"3,613,063",21155372
"4,612,352",1,31.0,1.0,Motorcycle,3,"1,789,575",True,WHITE,1.0,MALE,"3,613,181",21155646
"4,612,362",1,52.0,2.0,Large passenger vehicle,2,"1,789,580",True,HISPANIC,1.0,MALE,"3,613,191",21155652
"4,612,384",1,22.0,4.0,Pedestrian,7,"1,789,589",True,ASIAN,1.0,MALE,"3,613,216",21155708
"4,612,484",1,27.0,2.0,Passenger car,1,"1,789,649",True,HISPANIC,2.0,FEMALE,"3,613,327",21155874
"4,612,567",4,26.0,1.0,Passenger car,1,"1,789,691",True,WHITE,2.0,FEMALE,"3,613,416",21156219
"4,612,673",4,34.0,2.0,Motorcycle,3,"1,789,745",True,HISPANIC,1.0,MALE,"3,613,530",21157736
"4,612,707",1,29.0,1.0,Motorcycle,3,"1,789,762",True,WHITE,1.0,MALE,"3,613,566",21157767
"4,613,864",1,26.0,2.0,Large passenger vehicle,2,"1,789,905",False,HISPANIC,2.0,FEMALE,"3,613,861",21155710
"4,614,381",1,28.0,1.0,Passenger car,1,"1,790,234",True,WHITE,2.0,FEMALE,"3,614,514",21166236
"4,614,394",1,73.0,3.0,Large passenger vehicle,2,"1,790,240",True,BLACK,2.0,FEMALE,"3,614,527",21166305
"4,614,409",1,26.0,2.0,Passenger car,1,"1,790,249",True,HISPANIC,1.0,MALE,"3,614,544",21166396
"4,615,622",1,34.0,2.0,Passenger car,1,"1,790,724",True,HISPANIC,1.0,MALE,"3,615,550",21172195
"4,615,641",4,38.0,3.0,Passenger car,1,"1,790,733",True,BLACK,1.0,MALE,"3,615,570",21172800
"4,615,770",1,37.0,,Passenger car,1,"1,790,801",True,,1.0,MALE,"3,615,706",21175452
"4,616,134",1,12.0,1.0,Bicycle,5,"1,790,957",True,WHITE,1.0,MALE,"3,616,014",21178301
"4,617,163",1,61.0,1.0,Bicycle,5,"1,791,328",True,WHITE,1.0,MALE,"3,616,768",21182928
"4,617,184",1,53.0,2.0,Pedestrian,7,"1,791,338",True,HISPANIC,2.0,FEMALE,"3,616,789",21182958
"4,617,476",4,74.0,3.0,Pedestrian,7,"1,791,472",True,BLACK,1.0,MALE,"3,617,050",21184098
"4,618,066",1,32.0,2.0,Passenger car,1,"1,791,708",True,HISPANIC,2.0,FEMALE,"3,617,575",21185567
"4,618,648",1,67.0,3.0,Pedestrian,7,"1,791,934",True,BLACK,1.0,MALE,"3,618,027",21192976
"4,619,447",1,10.0,3.0,Large passenger vehicle,2,"1,792,073",False,BLACK,1.0,MALE,"3,618,307",21188182
"4,619,828",4,34.0,1.0,Large passenger vehicle,2,"1,792,400",True,WHITE,1.0,MALE,"3,618,985",21193472
"4,620,241",4,19.0,2.0,Passenger car,1,"1,792,553",True,HISPANIC,1.0,MALE,"3,619,281",21186334
"4,620,905",4,35.0,4.0,Pedestrian,7,"1,792,819",True,ASIAN,1.0,MALE,"3,619,830",21199323
"4,621,464",4,73.0,1.0,Passenger car,1,"1,793,056",True,WHITE,2.0,FEMALE,"3,620,295",21204742
"4,621,561",4,32.0,3.0,Large passenger vehicle,2,"1,793,069",False,BLACK,2.0,FEMALE,"3,620,323",21206708
"4,623,273",4,58.0,1.0,Bicycle,5,"1,793,727",True,WHITE,1.0,MALE,"3,621,632",21213889
"4,624,685",4,48.0,2.0,Bicycle,5,"1,794,273",True,HISPANIC,1.0,MALE,"3,622,767",21219451
"4,634,840",4,35.0,3.0,Pedestrian,7,"1,798,290",True,BLACK,2.0,FEMALE,"3,630,860",21252539
"4,635,465",1,20.0,4.0,Pedestrian,7,"1,798,554",False,ASIAN,1.0,MALE,"3,631,411",21261379
"4,647,416",1,24.0,1.0,E-scooter,11,"1,803,307",True,WHITE,2.0,FEMALE,"3,641,106",21344318
"4,649,989",1,31.0,2.0,Pedestrian,7,"1,804,366",True,HISPANIC,2.0,FEMALE,"3,643,214",21368164
"4,650,799",1,20.0,3.0,Motorcycle,3,"1,804,704",True,BLACK,1.0,MALE,"3,643,880",21364937
"4,664,751",1,16.0,2.0,Pedestrian,7,"1,810,334",True,HISPANIC,1.0,MALE,"3,655,264",21448931
"4,672,477",1,31.0,2.0,Passenger car,1,"1,813,459",True,HISPANIC,1.0,MALE,"3,661,560",21494203
"4,672,478",1,,2.0,Passenger car,1,"1,813,460",True,HISPANIC,1.0,MALE,"3,661,561",21494207
"4,675,645",1,25.0,1.0,Motorcycle,3,"1,814,778",True,WHITE,1.0,MALE,"3,664,176",21501214
